task_id,deadline_days,effort,impact,workload,priority_score,priority_label
2,17,1,9,6,6.064705882,High
5,6,8,5,6,5.9,High
6,9,2,7,2,6.433333333,High
8,7,6,9,4,7.585714286,High
13,25,2,9,5,5.3,High
14,12,7,9,9,5.6,High
17,3,2,3,2,11.1,High
19,5,10,5,2,6.5,High
24,4,11,3,6,6.8,High
28,6,6,6,9,6.8,High
30,2,16,2,4,12.8,High
33,8,9,9,8,6.45,High
42,2,12,1,1,13.1,High
46,3,11,4,1,9.8,High
54,4,5,1,6,7,High
56,1,11,1,7,28.3,
62,10,3,6,2,5.4,High
63,5,4,4,1,7.2,High
65,11,8,8,7,5.127272727,High
69,5,8,5,1,6.9,High
70,3,13,6,4,10.4,High
80,9,3,9,2,7.233333333,High
85,4,14,6,5,7.7,High
88,3,9,7,8,11.7,High
91,6,4,8,6,8.2,High
95,3,7,9,1,13.1,High
97,4,10,1,7,6,High
99,1,3,8,8,33.4,
102,3,7,4,6,10.6,High
103,3,17,1,4,7.1,High
108,2,19,1,5,11.7,High
111,5,7,5,2,7.1,High
116,7,18,9,6,5.185714286,High
128,10,7,7,5,5.1,High
131,3,5,3,8,10.5,High
132,8,5,9,7,7.25,High
133,4,19,8,6,7.7,High
136,6,11,8,4,6.8,High
139,8,9,7,9,5.45,High
141,3,4,6,7,12.2,High
143,7,12,9,5,6.385714286,High
156,2,19,7,7,14.7,High
157,6,11,7,9,6.3,High
161,3,14,1,6,7.7,High
162,2,7,4,5,15.6,High
163,5,16,6,8,5.8,High
169,15,3,8,8,5.4,High
170,6,1,5,7,7.3,High
175,5,7,7,7,8.1,High
180,3,7,2,6,9.6,High
181,4,4,8,2,10.7,High
183,3,7,4,4,10.6,High
184,2,19,1,4,11.7,High
187,14,2,7,9,5.242857143,High
197,2,9,7,5,16.7,High
200,4,12,7,1,8.6,High
201,10,4,8,2,6.2,High
209,2,7,6,7,16.6,High
212,6,11,6,3,5.8,High
221,3,13,6,8,10.4,High
228,2,10,3,6,14.5,High
229,1,7,4,7,30.6,
234,1,5,1,1,29.5,
240,7,3,3,4,5.185714286,High
242,7,1,5,1,6.585714286,High
247,1,4,4,2,31.2,
251,9,8,7,8,5.233333333,High
252,2,12,3,2,14.1,High
255,4,8,5,1,8.4,High
257,1,2,5,1,32.1,
262,4,7,9,9,10.6,High
265,7,1,9,9,8.585714286,High
270,13,1,7,9,5.607692308,High
273,2,8,3,2,14.9,High
282,8,10,8,3,5.75,High
286,8,3,9,4,7.65,High
289,1,10,9,7,32.5,
294,1,16,6,4,29.8,
296,7,3,5,4,6.185714286,High
302,2,2,8,5,18.6,High
304,9,7,8,6,5.933333333,High
307,6,8,9,1,7.9,High
309,8,1,9,8,8.05,High
311,3,12,9,2,12.1,High
315,4,10,8,6,9.5,High
317,4,3,7,9,10.4,High
321,4,11,1,3,5.8,High
323,11,3,8,5,6.127272727,High
330,8,1,7,7,7.05,High
332,4,16,4,3,6.3,High
336,11,7,8,6,5.327272727,High
345,1,19,3,6,27.7,
350,4,12,6,6,8.1,High
356,20,4,9,6,5.2,High
359,8,5,8,7,6.75,High
360,4,6,9,7,10.8,High
361,3,15,5,7,9.5,High
366,3,11,6,9,10.8,High
369,14,8,9,6,5.042857143,High
374,6,5,4,4,6,High
384,2,17,5,1,14.1,High
386,4,9,4,6,7.7,High
387,9,2,8,8,6.933333333,High
391,15,2,8,6,5.6,High
393,3,10,5,2,10.5,High
394,6,3,5,1,6.9,High
395,6,2,6,3,7.6,High
408,7,13,7,6,5.185714286,High
411,1,4,5,8,31.7,
416,8,12,9,4,5.85,High
422,3,7,4,5,10.6,High
424,2,14,8,9,16.2,High
432,2,9,1,4,13.7,High
436,10,7,9,9,6.1,High
439,4,14,9,2,9.2,High
446,3,19,1,2,6.7,High
452,5,15,7,9,6.5,High
456,5,6,4,7,6.8,High
458,2,14,5,8,14.7,High
460,6,9,8,7,7.2,High
463,5,17,7,1,6.1,High
464,6,7,3,7,5.1,High
475,5,9,6,5,7.2,High
482,1,9,4,1,30.2,
483,4,16,6,9,7.3,High
485,1,15,3,9,28.5,
487,9,9,9,8,6.033333333,High
491,13,4,9,8,6.007692308,High
506,13,1,8,9,6.107692308,High
510,8,9,9,6,6.45,High
512,7,1,5,6,6.585714286,High
518,3,4,8,6,13.2,High
524,5,16,8,4,6.8,High
535,4,13,3,3,6.4,High
549,7,1,8,6,8.085714286,High
552,4,17,4,9,6.1,High
555,5,7,2,6,5.6,High
556,2,10,1,9,13.5,High
561,5,13,9,7,7.9,High
564,6,1,1,9,5.3,High
568,9,4,5,6,5.033333333,High
569,1,1,3,9,31.3,
570,11,8,8,9,5.127272727,High
571,2,15,1,3,12.5,High
575,1,11,7,1,31.3,
577,3,8,1,7,8.9,High
578,2,10,6,2,16,High
585,1,17,4,2,28.6,
591,22,1,9,4,5.663636364,High
596,12,6,8,7,5.3,High
597,2,16,8,1,15.8,High
598,3,12,5,7,10.1,High
602,4,12,4,7,7.1,High
607,3,14,1,9,7.7,High
608,13,3,9,8,6.207692308,High
609,5,6,6,2,7.8,High
613,1,17,2,4,27.6,
617,2,11,3,1,14.3,High
618,3,8,8,8,12.4,High
619,4,9,7,4,9.2,High
621,10,2,7,8,6.1,High
622,7,6,6,7,6.085714286,High
624,4,17,2,8,5.1,High
626,1,11,3,2,29.3,
627,1,19,5,6,28.7,
631,1,16,3,3,28.3,
638,1,18,2,9,27.4,
640,1,10,8,1,32,
642,6,1,1,3,5.3,High
644,5,3,4,9,7.4,High
645,6,12,9,2,7.1,High
646,2,9,5,9,15.7,High
650,3,4,4,6,11.2,High
653,5,19,7,7,5.7,High
655,9,9,9,3,6.033333333,High
656,2,18,6,7,14.4,High
671,5,14,5,6,5.7,High
672,5,10,4,7,6,High
692,9,2,9,6,7.433333333,High
694,4,5,6,8,9.5,High
697,6,14,6,5,5.2,High
698,1,8,1,7,28.9,
699,6,10,7,8,6.5,High
709,7,1,2,3,5.085714286,High
719,2,9,7,9,16.7,High
721,11,1,7,2,6.027272727,High
723,4,6,8,6,10.3,High
728,1,18,4,6,28.4,
729,5,12,3,6,5.1,High
730,3,14,6,9,10.2,High
738,5,7,6,7,7.6,High
742,10,1,6,8,5.8,High
746,6,4,4,6,6.2,High
748,14,1,8,5,5.942857143,High
750,14,3,9,2,6.042857143,High
752,3,7,8,3,12.6,High
765,3,7,6,5,11.6,High
769,5,12,5,4,6.1,High
772,7,4,5,1,5.985714286,High
779,7,11,9,7,6.585714286,High
789,2,7,4,3,15.6,High
790,2,19,8,2,15.2,High
794,6,16,9,8,6.3,High
801,3,13,8,3,11.4,High
802,3,14,6,4,10.2,High
803,4,4,7,9,10.2,High
804,4,14,2,2,5.7,High
806,9,7,7,1,5.433333333,High
814,4,16,5,4,6.8,High
815,19,1,8,2,5.378947368,High
816,11,4,8,4,5.927272727,High
818,7,2,9,1,8.385714286,High
819,13,5,8,6,5.307692308,High
820,2,8,9,4,17.9,High
829,10,8,8,3,5.4,High
830,4,2,5,8,9.6,High
831,8,2,5,3,5.85,High
832,19,2,8,5,5.178947368,High
835,7,2,3,2,5.385714286,High
843,2,18,4,4,13.4,High
844,3,8,3,7,9.9,High
846,2,9,9,3,17.7,High
851,1,12,1,4,28.1,
856,2,6,7,9,17.3,High
857,4,15,9,2,9,High
863,2,9,6,2,16.2,High
866,1,11,7,1,31.3,
871,1,1,8,2,33.8,
872,3,18,6,7,9.4,High
875,2,2,1,3,15.1,High
879,20,3,9,1,5.4,High
880,3,15,3,4,8.5,High
881,5,5,6,8,8,High
882,1,6,2,4,29.8,
889,2,14,5,6,14.7,High
890,13,5,8,2,5.307692308,High
893,5,19,8,7,6.2,High
898,4,6,8,4,10.3,High
909,7,5,9,2,7.785714286,High
911,8,6,9,8,7.05,High
914,4,8,6,3,8.9,High
916,7,5,4,6,5.285714286,High
917,1,15,4,9,29,
921,4,2,9,9,11.6,High
923,5,9,5,1,6.7,High
926,20,2,9,9,5.6,High
928,3,7,4,1,10.6,High
930,1,14,2,8,28.2,
936,1,18,2,3,27.4,
938,1,19,9,3,30.7,
940,1,11,3,6,29.3,
942,3,7,2,6,9.6,High
947,2,4,6,3,17.2,High
948,2,11,4,1,14.8,High
950,4,4,5,3,9.2,High
952,3,12,8,5,11.6,High
955,6,14,8,3,6.2,High
958,10,1,8,1,6.8,High
959,2,8,3,6,14.9,High
962,2,10,4,9,15,High
963,2,11,8,1,16.8,High
965,1,15,2,9,28,
980,4,10,5,6,8,High
988,2,11,3,5,14.3,High
990,1,1,4,6,31.8,
991,4,3,1,8,7.4,High
998,5,9,5,4,6.7,High
999,1,13,1,4,27.9,
1009,5,6,1,9,5.3,High
1012,3,19,3,2,7.7,High
1020,5,17,5,3,5.1,High
1029,19,1,8,7,5.378947368,High
1030,2,12,5,8,15.1,High
1032,13,3,9,3,6.207692308,High
1041,13,2,7,7,5.407692308,High
1044,2,7,8,7,17.6,High
1045,15,1,7,1,5.3,High
1046,3,5,6,4,12,High
1050,9,1,9,9,7.633333333,High
1054,3,11,9,9,12.3,High
1066,10,6,8,7,5.8,High
1067,2,17,7,9,15.1,High
1068,3,19,6,2,9.2,High
1075,3,3,8,1,13.4,High
1078,1,15,7,2,30.5,
1079,5,4,1,2,5.7,High
1080,12,2,6,9,5.1,High
1084,3,13,3,4,8.9,High
1087,4,7,3,5,7.6,High
1092,1,9,1,6,28.7,
1095,3,19,6,8,9.2,High
1096,8,11,9,7,6.05,High
1097,24,1,8,7,5.05,High
1106,6,18,8,9,5.4,High
1107,4,1,8,7,11.3,High
1108,2,1,8,5,18.8,High
1110,1,17,8,5,30.6,
1115,2,3,6,2,17.4,High
1120,5,3,6,3,8.4,High
1122,5,12,6,3,6.6,High
1124,5,16,9,8,7.3,High
1130,4,6,4,7,8.3,High
1138,4,5,4,6,8.5,High
1140,3,10,8,5,12,High
1142,4,6,7,3,9.8,High
1145,14,7,9,7,5.242857143,High
1153,8,6,7,2,6.05,High
1154,2,14,9,7,16.7,High
1157,8,11,7,7,5.05,High
1162,7,11,9,3,6.585714286,High
1180,18,3,8,1,5.066666667,High
1193,4,3,9,3,11.4,High
1194,10,1,8,1,6.8,High
1197,1,16,6,2,29.8,
1203,7,1,7,9,7.585714286,High
1205,11,3,8,8,6.127272727,High
1206,2,6,8,3,17.8,High
1215,5,1,4,6,7.8,High
1224,7,4,6,2,6.485714286,High
1227,4,6,9,2,10.8,High
1229,1,13,4,5,29.4,
1231,2,18,5,8,13.9,High
1236,7,9,8,5,6.485714286,High
1243,1,7,8,2,32.6,
1244,4,10,4,9,7.5,High
1246,16,2,8,3,5.475,High
1260,4,12,1,1,5.6,High
1265,4,3,8,8,10.9,High
1270,8,1,4,7,5.55,High
1278,2,10,5,9,15.5,High
1280,6,2,5,2,7.1,High
1282,4,16,2,5,5.3,High
1289,4,4,2,1,7.7,High
1290,13,8,9,8,5.207692308,High
1299,4,14,9,3,9.2,High
1302,4,19,8,9,7.7,High
1303,2,6,7,1,17.3,High
1304,5,17,6,8,5.6,High
1315,2,3,7,7,17.9,High
1316,1,6,8,6,32.8,
1317,1,12,7,7,31.1,
1322,4,15,2,6,5.5,High
1325,5,11,3,2,5.3,High
1326,2,1,7,2,18.3,High
1333,9,1,8,2,7.133333333,High
1334,8,3,8,1,7.15,High
1338,2,17,1,3,12.1,High
1341,5,9,7,4,7.7,High
1342,28,2,9,6,5.171428571,High
1343,1,3,1,8,29.9,
1344,5,11,9,8,8.3,High
1349,4,15,3,6,6,High
1352,5,5,1,4,5.5,High
1353,1,14,6,9,30.2,
1355,3,17,1,1,7.1,High
1357,12,5,8,6,5.5,High
1363,1,5,7,5,32.5,
1364,1,9,4,3,30.2,
1368,6,11,8,1,6.8,High
1372,1,12,6,1,30.6,
1373,4,8,1,6,6.4,High
1377,8,6,7,1,6.05,High
1388,11,4,7,1,5.427272727,High
1390,1,5,4,8,31,
1392,2,17,3,5,13.1,High
1394,7,1,8,3,8.085714286,High
1396,7,2,5,3,6.385714286,High
1398,5,6,5,8,7.3,High
1406,2,18,3,8,12.9,High
1409,8,1,7,4,7.05,High
1413,9,3,6,9,5.733333333,High
1424,4,5,1,3,7,High
1427,1,13,1,6,27.9,
1429,3,6,8,3,12.8,High
1432,12,5,9,2,6,High
1442,7,9,8,1,6.485714286,High
1444,12,4,7,7,5.2,High
1448,11,6,8,4,5.527272727,High
1449,9,8,9,9,6.233333333,High
1454,1,10,2,7,29,
1455,2,15,1,1,12.5,High
1456,14,2,7,8,5.242857143,High
1459,3,14,9,4,11.7,High
1461,1,4,4,3,31.2,
1463,2,16,6,7,14.8,High
1465,4,11,6,2,8.3,High
1468,7,1,6,7,7.085714286,High
1472,3,16,6,9,9.8,High
1477,2,4,3,6,15.7,High
1479,5,15,5,2,5.5,High
1480,2,14,5,7,14.7,High
1488,4,15,5,8,7,High
1492,3,7,6,2,11.6,High
1495,2,1,5,7,17.3,High
1498,2,6,6,5,16.8,High
1504,6,2,8,9,8.6,High
1511,4,7,6,4,9.1,High
1519,5,17,7,7,6.1,High
1524,10,6,7,3,5.3,High
1526,15,4,8,8,5.2,High
1532,2,14,7,5,15.7,High
1538,4,11,4,3,7.3,High
1546,2,12,8,9,16.6,High
1547,3,16,1,7,7.3,High
1548,1,2,8,8,33.6,
1549,7,12,9,9,6.385714286,High
1554,6,14,9,8,6.7,High
1561,1,11,4,5,29.8,
1566,2,4,9,2,18.7,High
1570,7,6,9,6,7.585714286,High
1571,8,4,8,8,6.95,High
1577,10,8,9,3,5.9,High
1589,15,2,7,8,5.1,High
1590,5,1,4,5,7.8,High
1595,4,10,5,3,8,High
1598,5,2,2,8,6.6,High
1599,1,2,8,6,33.6,
1601,2,16,8,5,15.8,High
1604,4,18,8,8,7.9,High
1605,6,4,6,4,7.2,High
1610,2,12,3,1,14.1,High
1612,2,17,1,8,12.1,High
1618,8,1,8,4,7.55,High
1624,2,5,6,2,17,High
1645,7,8,7,8,6.185714286,High
1651,5,19,8,8,6.2,High
1652,11,6,8,6,5.527272727,High
1659,12,2,6,3,5.1,High
1661,4,10,9,4,10,High
1670,5,19,7,4,5.7,High
1676,2,14,2,5,13.2,High
1677,3,14,5,3,9.7,High
1684,23,3,9,7,5.204347826,High
1686,13,6,8,8,5.107692308,High
1691,3,10,3,4,9.5,High
1693,4,1,1,9,7.8,High
1698,2,11,9,8,17.3,High
1703,2,3,2,1,15.4,High
1706,9,7,8,9,5.933333333,High
1707,10,2,8,9,6.6,High
1708,2,12,1,5,13.1,High
1710,9,12,9,5,5.433333333,High
1716,7,4,6,7,6.485714286,High
1719,1,11,8,4,31.8,
1721,13,1,8,1,6.107692308,High
1722,3,4,1,4,9.7,High
1728,2,14,8,1,16.2,High
1731,7,2,8,7,7.885714286,High
1734,13,9,9,8,5.007692308,High
1737,7,6,7,8,6.585714286,High
1738,11,5,7,1,5.227272727,High
1741,5,1,8,9,9.8,High
1742,7,3,7,8,7.185714286,High
1743,3,7,4,7,10.6,High
1747,7,5,9,9,7.785714286,High
1750,7,10,8,5,6.285714286,High
1755,3,5,5,7,11.5,High
1759,1,15,1,2,27.5,
1761,5,14,6,7,6.2,High
1765,5,9,5,8,6.7,High
1768,5,1,9,7,10.3,High
1774,3,4,5,9,11.7,High
1787,2,7,8,7,17.6,High
1798,4,3,7,4,10.4,High
1799,3,6,1,4,9.3,High
1801,24,2,9,2,5.35,High
1805,6,6,3,6,5.3,High
1806,2,3,4,4,16.4,High
1807,2,6,8,1,17.8,High
1808,1,5,4,1,31,
1811,6,4,3,4,5.7,High
1816,3,6,2,1,9.8,High
1817,3,14,9,2,11.7,High
1819,8,1,8,9,7.55,High
1824,1,12,3,2,29.1,
1827,1,1,7,4,33.3,
1845,14,3,7,4,5.042857143,High
1847,3,6,6,8,11.8,High
1848,3,17,1,1,7.1,High
1849,6,15,7,6,5.5,High
1853,5,4,8,5,9.2,High
1854,1,4,5,8,31.7,
1856,6,4,5,8,6.7,High
1858,6,8,5,9,5.9,High
1862,3,8,5,4,10.9,High
1863,6,14,8,3,6.2,High
1869,2,12,6,9,15.6,High
1872,20,3,9,8,5.4,High
1874,6,10,6,7,6,High
1877,1,6,1,5,29.3,
1885,12,2,9,9,6.6,High
1888,1,6,2,9,29.8,
1898,9,1,9,6,7.633333333,High
1901,1,6,5,3,31.3,
1911,10,9,8,3,5.2,High
1913,2,10,7,2,16.5,High
1922,1,6,2,4,29.8,
1926,2,7,6,2,16.6,High
1932,3,18,7,2,9.9,High
1936,4,17,9,4,8.6,High
1949,1,18,5,6,28.9,
1950,4,13,5,5,7.4,High
1952,2,6,9,1,18.3,High
1953,10,3,6,2,5.4,High
1955,4,19,9,5,8.2,High
1956,1,5,1,2,29.5,
1960,15,2,8,1,5.6,High
1961,4,10,1,4,6,High
1964,2,7,1,2,14.1,High
1977,2,15,7,4,15.5,High
1983,8,6,7,3,6.05,High
1984,3,15,4,6,9,High
1986,4,14,4,5,6.7,High
1999,2,15,3,1,13.5,High
2002,9,4,7,5,6.033333333,High
2004,1,1,1,9,30.3,
2005,1,9,4,6,30.2,
2006,8,7,7,8,5.85,High
2007,2,11,6,3,15.8,High
2009,6,16,8,2,5.8,High
2011,1,4,1,5,29.7,
2013,1,7,9,9,33.1,
2031,3,14,3,3,8.7,High
2038,5,13,9,2,7.9,High
2040,9,7,7,4,5.433333333,High
2042,17,4,9,3,5.464705882,High
2045,23,4,9,9,5.004347826,High
2047,4,2,8,5,11.1,High
2048,9,6,8,9,6.133333333,High
2049,1,2,2,6,30.6,
2052,9,3,6,7,5.733333333,High
2055,3,17,9,4,11.1,High
2059,9,3,8,2,6.733333333,High
2071,4,14,2,1,5.7,High
2074,18,2,9,7,5.766666667,High
2075,4,19,7,5,7.2,High
2078,17,6,9,3,5.064705882,High
2081,6,1,2,1,5.8,High
2086,19,4,9,5,5.278947368,High
2087,9,9,8,8,5.533333333,High
2092,28,1,9,6,5.371428571,High
2095,6,14,9,5,6.7,High
2097,11,2,6,9,5.327272727,High
2101,18,5,9,1,5.166666667,High
2102,7,2,5,4,6.385714286,High
2103,7,13,7,9,5.185714286,High
2111,29,2,9,9,5.134482759,High
2113,8,9,9,2,6.45,High
2114,6,11,9,9,7.3,High
2127,2,19,2,4,12.2,High
2140,12,3,9,2,6.4,High
2141,4,13,8,5,8.9,High
2147,1,9,7,4,31.7,
2151,5,16,6,8,5.8,High
2154,1,7,9,7,33.1,
2156,1,15,6,1,30,
2163,4,14,7,1,8.2,High
2164,2,8,3,8,14.9,High
2168,5,4,4,7,7.2,High
2175,3,19,7,1,9.7,High
2179,16,4,9,1,5.575,High
2183,6,17,7,5,5.1,High
2191,8,6,9,6,7.05,High
2204,1,18,8,8,30.4,
2205,2,18,4,9,13.4,High
2213,4,3,4,1,8.9,High
2214,3,14,2,1,8.2,High
2218,4,14,5,6,7.2,High
2221,1,12,8,4,31.6,
2222,7,13,8,8,5.685714286,High
2229,1,8,9,2,32.9,
2234,5,16,9,5,7.3,High
2235,24,1,9,6,5.55,High
2237,5,9,4,8,6.2,High
2243,7,4,8,4,7.485714286,High
2244,7,1,9,9,8.585714286,High
2245,11,10,9,7,5.227272727,High
2246,4,14,6,7,7.7,High
2247,3,1,4,3,11.8,High
2248,2,6,8,3,17.8,High
2249,2,11,9,5,17.3,High
2251,6,6,4,7,5.8,High
2253,5,9,2,3,5.2,High
2254,3,11,7,4,11.3,High
2255,2,11,8,8,16.8,High
2256,2,13,1,4,12.9,High
2259,13,2,7,7,5.407692308,High
2263,11,3,9,6,6.627272727,High
2266,3,1,3,5,11.3,High
2274,2,5,2,2,15,High
2279,4,1,7,4,10.8,High
2286,15,2,8,3,5.6,High
2289,14,6,9,7,5.442857143,High
2292,3,4,2,7,10.2,High
2293,4,10,2,8,6.5,High
2295,1,1,2,4,30.8,
2296,4,14,8,4,8.7,High
2298,7,18,9,9,5.185714286,High
2300,4,18,4,2,5.9,High
2301,10,1,7,7,6.3,High
2302,1,9,2,6,29.2,
2310,1,14,5,3,29.7,
2323,4,12,2,4,6.1,High
2328,8,7,9,9,6.85,High
2333,6,14,6,7,5.2,High
2337,6,9,6,8,6.2,High
2341,7,6,7,2,6.585714286,High
2342,2,19,4,6,13.2,High
2343,8,10,8,9,5.75,High
2344,8,4,8,6,6.95,High
2345,6,13,7,4,5.9,High
2346,14,8,9,8,5.042857143,High
2347,4,11,1,2,5.8,High
2348,4,9,3,6,7.2,High
2358,2,16,4,8,13.8,High
2359,4,10,7,4,9,High
2366,1,18,1,3,26.9,
2369,4,6,6,7,9.3,High
2377,4,4,1,9,7.2,High
2379,1,8,7,7,31.9,
2383,4,14,9,3,9.2,High
2390,4,18,4,1,5.9,High
2391,14,8,9,6,5.042857143,High
2404,9,4,6,3,5.533333333,High
2406,2,2,2,3,15.6,High
2410,4,6,6,5,9.3,High
2414,8,2,8,8,7.35,High
2415,2,6,1,6,14.3,High
2422,4,4,1,7,7.2,High
2423,7,2,3,4,5.385714286,High
2437,3,16,6,3,9.8,High
2438,6,2,6,7,7.6,High
2444,9,9,9,7,6.033333333,High
2445,10,6,9,7,6.3,High
2451,6,3,4,2,6.4,High
2457,2,10,1,7,13.5,High
2459,5,4,9,8,9.7,High
2465,8,7,8,6,6.35,High
2467,28,2,9,6,5.171428571,High
2469,5,14,9,2,7.7,High
2470,2,2,7,9,18.1,High
2472,29,1,9,1,5.334482759,High
2474,1,9,2,7,29.2,
2477,13,4,8,2,5.507692308,High
2481,8,2,6,4,6.35,High
2482,3,19,6,2,9.2,High
2483,8,3,4,9,5.15,High
2489,6,6,4,1,5.8,High
2491,2,17,6,2,14.6,High
2495,3,5,4,9,11,High
2498,14,2,7,1,5.242857143,High
2503,1,6,6,1,31.8,
2505,10,9,9,3,5.7,High
2506,2,7,4,2,15.6,High
2507,9,2,7,9,6.433333333,High
2509,3,17,7,5,10.1,High
2511,14,6,9,7,5.442857143,High
2512,4,5,4,8,8.5,High
2513,4,10,1,8,6,High
2514,4,13,2,2,5.9,High
2517,11,3,8,7,6.127272727,High
2519,2,13,4,3,14.4,High
2522,1,19,6,9,29.2,
2524,7,11,6,2,5.085714286,High
2529,17,1,9,6,6.064705882,High
2531,7,16,8,6,5.085714286,High
2533,8,1,7,8,7.05,High
2536,4,19,5,9,6.2,High
2538,4,18,5,8,6.4,High
2545,3,2,7,5,13.1,High
2549,8,11,9,2,6.05,High
2550,3,15,2,5,8,High
2551,4,2,1,6,7.6,High
2552,12,2,9,4,6.6,High
2555,4,6,3,6,7.8,High
2561,4,19,8,5,7.7,High
2563,7,1,4,7,6.085714286,High
2564,3,17,6,8,9.6,High
2567,22,3,9,1,5.263636364,High
2574,12,2,7,2,5.6,High
2580,5,8,2,9,5.4,High
2581,8,2,9,4,7.85,High
2583,3,1,7,7,13.3,High
2587,2,11,1,1,13.3,High
2588,14,7,9,2,5.242857143,High
2591,1,15,1,3,27.5,
2593,3,18,3,6,7.9,High
2599,6,5,4,4,6,High
2602,8,5,5,6,5.25,High
2604,2,10,1,7,13.5,High
2609,3,11,6,4,10.8,High
2612,7,12,7,3,5.385714286,High
2613,1,4,2,7,30.2,
2621,4,1,6,9,10.3,High
2627,4,6,6,7,9.3,High
2629,2,16,3,6,13.3,High
2633,1,1,4,4,31.8,
2640,8,10,9,3,6.25,High
2642,3,9,5,8,10.7,High
2647,3,5,2,5,10,High
2661,2,14,1,6,12.7,High
2665,4,8,9,9,10.4,High
2668,1,17,8,7,30.6,
2669,2,17,3,1,13.1,High
2670,5,5,2,7,6,High
2671,2,2,3,4,16.1,High
2672,4,5,4,6,8.5,High
2678,3,11,7,6,11.3,High
2681,8,14,9,7,5.45,High
2683,5,13,6,2,6.4,High
2684,8,4,7,6,6.45,High
2695,1,16,2,5,27.8,
2701,4,9,7,2,9.2,High
2710,7,11,8,5,6.085714286,High
2713,2,19,7,5,14.7,High
2717,5,9,3,3,5.7,High
2718,4,3,8,9,10.9,High
2720,5,5,8,4,9,High
2723,6,13,9,7,6.9,High
2726,3,11,6,2,10.8,High
2727,1,1,7,5,33.3,
2729,3,1,3,6,11.3,High
2733,14,1,7,5,5.442857143,High
2739,10,5,8,8,6,High
2743,6,4,7,1,7.7,High
2744,6,7,8,4,7.6,High
2752,4,6,8,6,10.3,High
2753,3,16,6,5,9.8,High
2756,14,2,7,4,5.242857143,High
2758,10,9,9,9,5.7,High
2762,4,11,8,4,9.3,High
2763,1,9,7,1,31.7,
2765,10,2,5,6,5.1,High
2766,1,3,8,8,33.4,
2773,6,4,4,4,6.2,High
2776,3,9,3,3,9.7,High
2781,7,4,9,3,7.985714286,High
2782,9,3,6,8,5.733333333,High
2786,2,5,8,9,18,High
2787,1,5,3,1,30.5,
2798,9,3,9,2,7.233333333,High
2809,5,5,6,3,8,High
2810,14,2,8,5,5.742857143,High
2815,4,5,1,9,7,High
2816,10,9,9,3,5.7,High
2818,1,19,1,8,26.7,
2819,5,6,9,5,9.3,High
2820,9,4,5,5,5.033333333,High
2832,5,6,8,6,8.8,High
2836,4,3,5,7,9.4,High
2837,2,9,8,2,17.2,High
2843,3,1,2,8,10.8,High
2851,5,16,6,2,5.8,High
2852,6,5,5,9,6.5,High
2860,13,3,9,5,6.207692308,High
2864,8,3,5,7,5.65,High
2866,1,4,7,8,32.7,
2871,14,6,9,3,5.442857143,High
2872,11,2,8,6,6.327272727,High
2875,8,6,9,6,7.05,High
2876,6,5,5,6,6.5,High
2879,1,11,9,6,32.3,
2880,9,9,8,4,5.533333333,High
2884,1,18,9,9,30.9,
2885,4,4,4,8,8.7,High
2887,3,14,8,7,11.2,High
2892,6,9,8,7,7.2,High
2893,14,2,9,6,6.242857143,High
2897,4,9,4,1,7.7,High
2899,5,12,8,6,7.6,High
2907,6,10,5,3,5.5,High
2910,6,3,8,9,8.4,High
2915,3,12,5,5,10.1,High
2916,9,14,9,7,5.033333333,High
2918,5,8,5,8,6.9,High
2919,2,6,1,5,14.3,High
2927,4,16,9,2,8.8,High
2938,7,2,9,9,8.385714286,High
2940,4,7,8,4,10.1,High
2942,3,15,3,5,8.5,High
2947,2,8,8,4,17.4,High
2950,12,3,9,6,6.4,High
2953,1,19,2,7,27.2,
2956,2,12,1,3,13.1,High
2961,6,19,9,8,5.7,High
2965,7,7,5,7,5.385714286,High
2974,4,11,7,1,8.8,High
2978,7,10,8,4,6.285714286,High
2989,5,5,4,5,7,High
3000,7,2,4,4,5.885714286,High
3009,3,14,5,9,9.7,High
3011,1,3,2,4,30.4,
3012,3,6,1,6,9.3,High
3016,26,2,9,7,5.253846154,High
3019,1,6,9,2,33.3,
3020,4,7,7,4,9.6,High
3021,7,8,5,6,5.185714286,High
3023,4,7,9,5,10.6,High
3025,1,15,2,9,28,
3029,4,8,3,2,7.4,High
3030,4,3,5,9,9.4,High
3031,10,4,9,4,6.7,High
3034,5,6,4,6,6.8,High
3036,22,1,8,4,5.163636364,High
3041,5,2,5,5,8.1,High
3045,24,1,9,5,5.55,High
3050,3,7,6,5,11.6,High
3058,4,3,3,2,8.4,High
3060,5,5,2,4,6,High
3065,2,1,5,8,17.3,High
3067,6,11,6,7,5.8,High
3078,14,2,9,4,6.242857143,High
3079,7,7,7,6,6.385714286,High
3082,2,10,1,7,13.5,High
3085,16,6,9,4,5.175,High
3092,4,5,6,4,9.5,High
3097,10,2,9,1,7.1,High
3100,2,14,8,1,16.2,High
3103,5,4,1,6,5.7,High
3106,2,7,2,6,14.6,High
3107,2,14,4,7,14.2,High
3109,22,1,8,9,5.163636364,High
3110,6,8,8,5,7.4,High
3120,5,4,8,3,9.2,High
3130,4,5,9,7,11,High
3133,1,11,9,7,32.3,
3135,1,8,9,6,32.9,
3137,8,3,4,6,5.15,High
3140,3,5,8,9,13,High
3147,12,1,7,8,5.8,High
3148,1,1,2,2,30.8,
3149,6,15,8,7,6,High
3154,5,14,6,7,6.2,High
3160,5,12,4,4,5.6,High
3172,6,14,6,6,5.2,High
3173,2,7,5,1,16.1,High
3174,1,10,1,3,28.5,
3207,3,2,4,6,11.6,High
3209,8,6,9,5,7.05,High
3214,2,17,4,5,13.6,High
3220,4,6,9,5,10.8,High
3223,12,4,8,2,5.7,High
3228,9,8,7,8,5.233333333,High
3229,4,14,4,7,6.7,High
3247,4,9,3,2,7.2,High
3253,9,2,6,5,5.933333333,High
3256,4,18,7,1,7.4,High
3259,12,9,9,1,5.2,High
3270,2,14,2,6,13.2,High
3287,2,12,9,6,17.1,High
3290,7,12,7,7,5.385714286,High
3298,1,8,6,1,31.4,
3299,4,9,9,2,10.2,High
3304,6,1,2,1,5.8,High
3305,3,12,3,5,9.1,High
3309,16,4,8,4,5.075,High
3315,4,15,5,8,7,High
3319,11,2,7,7,5.827272727,High
3324,12,2,6,6,5.1,High
3327,6,14,7,7,5.7,High
3329,4,3,5,6,9.4,High
3342,3,15,1,4,7.5,High
3347,5,1,9,8,10.3,High
3348,8,4,8,5,6.95,High
3352,8,1,8,1,7.55,High
3365,4,5,9,2,11,High
3366,5,10,5,8,6.5,High
3370,9,3,8,2,6.733333333,High
3372,5,17,9,1,7.1,High
3377,3,5,8,8,13,High
3381,10,9,9,4,5.7,High
3382,6,16,7,4,5.3,High
3384,11,3,6,3,5.127272727,High
3398,8,5,7,1,6.25,High
3399,8,11,9,1,6.05,High
3400,4,14,5,6,7.2,High
3403,19,1,9,6,5.878947368,High
3404,2,13,4,4,14.4,High
3405,6,9,4,5,5.2,High
3420,5,6,5,6,7.3,High
3425,9,11,9,3,5.633333333,High
3430,5,4,1,5,5.7,High
3432,2,16,3,2,13.3,High
3435,14,7,9,1,5.242857143,High
3444,4,7,6,8,9.1,High
3449,7,16,8,4,5.085714286,High
3451,6,9,4,2,5.2,High
3453,1,6,3,1,30.3,
3454,5,19,7,2,5.7,High
3458,2,3,4,2,16.4,High
3460,5,17,9,1,7.1,High
3466,7,4,4,7,5.485714286,High
3484,16,2,9,9,5.975,High
3497,4,4,2,5,7.7,High
3501,3,3,4,2,11.4,High
3502,2,9,7,3,16.7,High
3513,2,17,1,4,12.1,High
3514,1,11,8,7,31.8,
3517,23,2,9,2,5.404347826,High
3519,1,3,4,5,31.4,
3520,14,6,9,8,5.442857143,High
3525,5,17,7,8,6.1,High
3529,1,15,5,3,29.5,
3530,3,12,9,6,12.1,High
3533,9,9,9,6,6.033333333,High
3536,5,14,7,1,6.7,High
3538,5,13,8,5,7.4,High
3541,1,3,4,1,31.4,
3548,2,9,4,8,15.2,High
3550,25,1,9,9,5.5,High
3551,14,3,7,4,5.042857143,High
3554,7,5,7,6,6.785714286,High
3557,1,7,4,4,30.6,
3559,7,9,9,6,6.985714286,High
3564,8,6,8,2,6.55,High
3565,4,18,3,1,5.4,High
3570,5,6,7,9,8.3,High
3573,1,9,5,2,30.7,
3576,3,9,2,1,9.2,High
3585,3,10,6,2,11,High
3587,4,11,6,8,8.3,High
3594,1,17,8,9,30.6,
3596,14,4,9,4,5.842857143,High
3599,14,4,9,1,5.842857143,High
3602,1,7,4,8,30.6,
3610,3,8,1,5,8.9,High
3612,1,2,4,8,31.6,
3613,6,6,7,1,7.3,High
3616,1,5,3,8,30.5,
3627,10,2,9,7,7.1,High
3628,18,2,9,1,5.766666667,High
3631,9,11,8,9,5.133333333,High
3632,2,3,7,4,17.9,High
3633,13,3,9,9,6.207692308,High
3636,6,4,3,2,5.7,High
3640,2,6,3,1,15.3,High
3647,5,1,5,1,8.3,High
3655,5,2,5,3,8.1,High
3657,17,6,9,4,5.064705882,High
3661,9,9,9,4,6.033333333,High
3673,2,4,3,1,15.7,High
3674,8,15,9,8,5.25,High
3682,19,3,9,6,5.478947368,High
3685,5,18,8,3,6.4,High
3686,5,11,6,4,6.8,High
3688,8,6,5,5,5.05,High
3690,11,6,9,7,6.027272727,High
3693,3,1,5,6,12.3,High
3704,4,17,3,1,5.6,High
3711,5,12,3,9,5.1,High
3713,1,16,9,4,31.3,
3715,9,2,9,1,7.433333333,High
3716,13,2,7,1,5.407692308,High
3727,7,8,8,7,6.685714286,High
3730,10,2,8,4,6.6,High
3739,1,5,5,6,31.5,
3740,20,2,9,6,5.6,High
3745,6,9,8,7,7.2,High
3749,1,5,1,6,29.5,
3751,1,4,1,7,29.7,
3753,4,4,5,8,9.2,High
3759,19,3,9,7,5.478947368,High
3760,5,5,7,8,8.5,High
3762,1,18,9,4,30.9,
3763,1,7,6,6,31.6,
3764,3,19,5,9,8.7,High
3780,1,8,8,7,32.4,
3782,24,1,9,9,5.55,High
3783,7,4,9,8,7.985714286,High
3786,1,16,7,8,30.3,
3790,6,4,8,5,8.2,High
3796,2,19,7,5,14.7,High
3806,16,4,9,1,5.575,High
3807,2,12,7,5,16.1,High
3811,4,5,3,6,8,High
3813,18,2,9,8,5.766666667,High
3815,14,8,9,8,5.042857143,High
3823,3,18,1,3,6.9,High
3827,4,18,8,2,7.9,High
3830,4,12,2,2,6.1,High
3832,1,9,5,3,30.7,
3833,7,14,9,9,5.985714286,High
3836,2,13,7,2,15.9,High
3849,12,5,8,4,5.5,High
3850,3,5,2,9,10,High
3851,13,9,9,8,5.007692308,High
3853,4,17,4,6,6.1,High
3860,13,4,8,1,5.507692308,High
3869,5,1,4,5,7.8,High
3870,1,6,4,5,30.8,
3873,4,4,9,1,11.2,High
3875,5,6,6,8,7.8,High
3876,8,7,7,3,5.85,High
3877,13,1,6,4,5.107692308,High
3878,6,4,4,9,6.2,High
3879,4,6,4,3,8.3,High
3881,23,1,8,4,5.104347826,High
3885,6,14,9,4,6.7,High
3887,3,7,2,1,9.6,High
3892,5,6,3,8,6.3,High
3894,7,1,8,2,8.085714286,High
3896,3,13,9,6,11.9,High
3905,1,17,1,1,27.1,
3907,12,9,9,1,5.2,High
3916,2,5,6,5,17,High
3920,2,8,8,9,17.4,High
3927,4,4,7,9,10.2,High
3929,2,5,8,2,18,High
3936,17,1,8,4,5.564705882,High
3938,2,15,2,9,13,High
3956,9,6,7,3,5.633333333,High
3970,13,9,9,3,5.007692308,High
3983,2,4,9,4,18.7,High
3984,2,8,1,7,13.9,High
3988,7,13,8,3,5.685714286,High
3992,4,4,7,7,10.2,High
3999,14,4,9,4,5.842857143,High
4004,24,1,9,9,5.55,High
4005,7,2,3,2,5.385714286,High
4007,4,9,1,6,6.2,High
4009,6,12,9,2,7.1,High
4020,19,1,9,1,5.878947368,High
4027,2,8,7,7,16.9,High
4028,2,15,4,9,14,High
4030,22,3,9,8,5.263636364,High
4034,11,6,9,2,6.027272727,High
4035,8,7,9,9,6.85,High
4036,4,3,5,9,9.4,High
4039,7,10,7,3,5.785714286,High
4041,4,7,3,8,7.6,High
4054,9,6,6,3,5.133333333,High
4057,3,18,3,5,7.9,High
4059,5,5,6,4,8,High
4061,2,14,1,5,12.7,High
4062,7,11,7,3,5.585714286,High
4072,10,6,8,6,5.8,High
4073,8,7,8,8,6.35,High
4080,3,5,6,7,12,High
4089,4,11,3,7,6.8,High
4090,3,8,5,2,10.9,High
4095,6,4,6,5,7.2,High
4102,4,6,9,7,10.8,High
4103,5,13,8,7,7.4,High
4113,3,8,9,1,12.9,High
4115,9,5,6,5,5.333333333,High
4117,4,11,4,9,7.3,High
4119,2,19,5,5,13.7,High
4124,8,5,6,3,5.75,High
4141,13,8,9,1,5.207692308,High
4151,3,13,2,1,8.4,High
4152,11,9,9,8,5.427272727,High
4158,4,4,1,3,7.2,High
4165,4,18,7,2,7.4,High
4166,3,2,4,1,11.6,High
4167,1,18,9,1,30.9,
4170,21,2,8,1,5.028571429,High
4172,5,13,9,3,7.9,High
4173,9,11,8,4,5.133333333,High
4183,1,8,5,6,30.9,
4185,1,10,5,5,30.5,
4188,3,12,9,2,12.1,High
4189,2,6,5,3,16.3,High
4191,2,17,3,1,13.1,High
4194,1,4,2,1,30.2,
4205,4,14,4,8,6.7,High
4209,6,9,8,3,7.2,High
4212,4,17,9,2,8.6,High
4213,3,15,9,7,11.5,High
4228,2,6,4,3,15.8,High
4229,16,3,9,8,5.775,High
4234,4,15,8,7,8.5,High
4241,2,9,8,4,17.2,High
4244,19,2,9,6,5.678947368,High
4248,1,6,8,9,32.8,
4260,3,6,3,9,10.3,High
4268,9,7,7,3,5.433333333,High
4269,1,7,2,7,29.6,
4273,3,8,9,4,12.9,High
4275,3,11,5,6,10.3,High
4280,1,14,6,4,30.2,
4284,12,4,7,7,5.2,High
4295,3,5,4,5,11,High
4299,4,6,6,8,9.3,High
4302,15,1,9,7,6.3,High
4304,3,18,6,9,9.4,High
4322,3,3,2,2,10.4,High
4324,6,1,3,8,6.3,High
4326,7,3,3,5,5.185714286,High
4328,17,2,8,2,5.364705882,High
4332,5,7,4,7,6.6,High
4336,4,18,5,9,6.4,High
4342,11,4,9,4,6.427272727,High
4346,2,2,3,1,16.1,High
4350,15,3,8,3,5.4,High
4352,12,2,7,5,5.6,High
4358,1,16,2,7,27.8,
4359,1,14,4,2,29.2,
4363,2,14,5,4,14.7,High
4370,4,2,5,3,9.6,High
4371,15,2,8,8,5.6,High
4374,2,5,5,5,16.5,High
4377,15,3,8,1,5.4,High
4379,1,2,3,1,31.1,
4380,2,17,1,4,12.1,High
4384,2,4,9,7,18.7,High
4385,4,16,6,5,7.3,High
4388,15,3,9,6,5.9,High
4390,17,3,8,8,5.164705882,High
4397,4,14,4,8,6.7,High
4398,2,12,5,4,15.1,High
4404,6,8,7,5,6.9,High
4407,3,4,1,3,9.7,High
4408,13,2,9,5,6.407692308,High
4411,2,15,2,4,13,High
4420,21,2,9,3,5.528571429,High
4422,6,6,5,7,6.3,High
4431,3,8,4,5,10.4,High
4438,1,19,4,9,28.2,
4439,2,4,4,8,16.2,High
4441,5,18,8,6,6.4,High
4442,6,16,7,6,5.3,High
4444,11,5,8,1,5.727272727,High
4445,3,18,9,2,10.9,High
4446,5,8,9,6,8.9,High
4449,4,17,4,4,6.1,High
4455,1,15,3,4,28.5,
4456,6,16,7,3,5.3,High
4458,4,10,9,6,10,High
4460,8,1,6,2,6.55,High
4461,2,13,2,7,13.4,High
4463,16,5,9,3,5.375,High
4464,2,5,7,1,17.5,High
4472,1,1,4,1,31.8,
4476,3,3,6,5,12.4,High
4479,4,9,1,5,6.2,High
4482,7,7,9,6,7.385714286,High
4485,4,14,8,8,8.7,High
4486,4,17,4,5,6.1,High
4487,8,15,9,7,5.25,High
4492,5,2,2,9,6.6,High
4494,9,8,9,6,6.233333333,High
4496,9,9,9,3,6.033333333,High
4500,7,7,7,8,6.385714286,High
4501,4,18,8,1,7.9,High
4509,1,9,8,3,32.2,
4511,3,8,8,7,12.4,High
4514,8,3,6,6,6.15,High
4522,2,18,1,8,11.9,High
4526,2,5,4,1,16,High
4529,11,7,8,8,5.327272727,High
4532,8,3,7,6,6.65,High
4533,3,15,3,8,8.5,High
4535,3,7,7,9,12.1,High
4540,14,3,9,3,6.042857143,High
4545,15,3,9,8,5.9,High
4551,8,2,4,8,5.35,High
4559,4,12,9,5,9.6,High
4560,28,1,9,3,5.371428571,High
4563,4,13,7,1,8.4,High
4565,5,1,2,6,6.8,High
4568,10,2,9,1,7.1,High
4570,6,3,6,5,7.4,High
4571,9,5,6,3,5.333333333,High
4576,4,14,4,9,6.7,High
4577,5,2,8,6,9.6,High
4582,3,15,5,3,9.5,High
4592,3,16,5,8,9.3,High
4594,1,5,8,8,33,
4601,5,15,7,3,6.5,High
4604,1,7,7,6,32.1,
4608,4,5,5,2,9,High
4611,8,11,7,6,5.05,High
4613,1,14,1,4,27.7,
4616,7,5,7,9,6.785714286,High
4617,10,3,9,2,6.9,High
4618,3,10,7,6,11.5,High
4619,2,16,9,4,16.3,High
4624,10,8,8,2,5.4,High
4627,4,11,9,1,9.8,High
4628,2,19,3,7,12.7,High
4631,1,7,1,1,29.1,
4637,11,3,9,8,6.627272727,High
4638,6,8,4,9,5.4,High
4643,1,8,6,1,31.4,
4644,2,19,9,2,15.7,High
4646,3,15,2,5,8,High
4650,5,17,6,9,5.6,High
4661,2,11,4,6,14.8,High
4662,3,2,8,2,13.6,High
4667,8,1,8,9,7.55,High
4672,3,6,2,3,9.8,High
4673,6,8,5,2,5.9,High
4678,5,15,6,4,6,High
4680,3,2,5,4,12.1,High
4683,6,19,9,9,5.7,High
4684,4,19,4,2,5.7,High
4689,4,3,8,8,10.9,High
4691,4,12,9,8,9.6,High
4700,2,7,6,7,16.6,High
4705,4,13,8,7,8.9,High
4709,5,5,6,2,8,High
4710,4,5,8,4,10.5,High
4712,8,2,6,9,6.35,High
4722,1,2,8,3,33.6,
4723,13,3,9,2,6.207692308,High
4726,12,2,8,8,6.1,High
4731,1,6,9,1,33.3,
4736,6,12,9,4,7.1,High
4740,5,10,6,6,7,High
4743,1,7,3,1,30.1,
4745,5,4,5,4,7.7,High
4746,3,2,6,3,12.6,High
4747,9,4,8,2,6.533333333,High
4749,2,1,9,4,19.3,High
4752,8,5,7,2,6.25,High
4756,6,1,8,8,8.8,High
4760,5,7,8,4,8.6,High
4769,3,9,7,9,11.7,High
4770,6,4,5,5,6.7,High
4772,5,15,7,8,6.5,High
4774,8,13,8,8,5.15,High
4784,3,4,1,8,9.7,High
4787,25,2,9,9,5.3,High
4788,1,11,4,2,29.8,
4800,4,13,6,6,7.9,High
4802,2,2,9,5,19.1,High
4808,2,15,2,6,13,High
4809,1,13,5,4,29.9,
4815,2,2,4,3,16.6,High
4818,2,10,5,1,15.5,High
4819,8,8,9,4,6.65,High
4823,1,14,6,9,30.2,
4825,3,7,2,4,9.6,High
4834,3,13,6,1,10.4,High
4835,3,12,3,8,9.1,High
4838,6,2,1,2,5.1,High
4840,8,9,9,6,6.45,High
4841,11,3,9,1,6.627272727,High
4845,7,6,7,1,6.585714286,High
4846,2,17,1,2,12.1,High
4847,2,6,1,4,14.3,High
4848,1,18,8,7,30.4,
4854,2,10,7,9,16.5,High
4856,2,1,1,9,15.3,High
4862,3,18,6,2,9.4,High
4876,5,7,2,4,5.6,High
4877,2,9,3,4,14.7,High
4881,3,17,7,3,10.1,High
4882,4,14,4,1,6.7,High
4883,6,8,8,5,7.4,High
4884,6,6,7,4,7.3,High
4885,6,8,5,8,5.9,High
4890,2,9,2,5,14.2,High
4894,7,1,8,9,8.085714286,High
4898,2,8,8,4,17.4,High
4900,11,1,5,8,5.027272727,High
4901,7,17,9,9,5.385714286,High
4909,3,11,6,6,10.8,High
4914,7,12,7,8,5.385714286,High
4917,5,8,4,3,6.4,High
4920,22,2,9,2,5.463636364,High
4922,5,7,5,3,7.1,High
4924,1,15,9,1,31.5,
4928,6,7,5,9,6.1,High
4930,4,19,3,8,5.2,High
4931,2,7,2,6,14.6,High
4932,1,11,1,6,28.3,
4933,15,2,9,5,6.1,High
4934,8,6,9,1,7.05,High
4948,4,10,7,9,9,High
4951,3,17,9,7,11.1,High
4954,10,7,9,9,6.1,High
4955,6,10,6,9,6,High
4956,5,3,4,4,7.4,High
4958,16,3,9,5,5.775,High
4959,2,14,5,6,14.7,High
4973,2,19,8,6,15.2,High
4978,3,2,5,2,12.1,High
4979,5,1,1,2,6.3,High
4982,3,3,1,2,9.9,High
4983,5,6,3,4,6.3,High
4985,8,2,6,2,6.35,High
4992,3,8,2,1,9.4,High
4994,8,7,6,3,5.35,High
4997,1,3,5,9,31.9,
4999,2,13,8,2,16.4,High
5016,4,14,4,4,6.7,High
5018,6,6,4,3,5.8,High
5022,10,4,9,5,6.7,High
5026,5,6,9,1,9.3,High
5028,2,1,6,1,17.8,High
5030,4,16,3,7,5.8,High
5031,3,9,1,3,8.7,High
5041,4,10,9,7,10,High
5044,2,19,9,8,15.7,High
5048,17,1,9,9,6.064705882,High
5051,2,5,9,2,18.5,High
5053,5,13,9,8,7.9,High
5055,23,3,9,8,5.204347826,High
5056,3,15,1,3,7.5,High
5058,12,1,7,8,5.8,High
5060,8,9,8,8,5.95,High
5061,4,12,1,9,5.6,High
5063,6,2,2,5,5.6,High
5064,4,15,3,1,6,High
5066,10,6,9,8,6.3,High
5076,1,16,8,6,30.8,
5078,4,12,4,2,7.1,High
5081,3,6,7,5,12.3,High
5082,4,18,3,9,5.4,High
5083,7,7,5,8,5.385714286,High
5085,1,5,9,7,33.5,
5098,2,8,4,5,15.4,High
5100,4,10,1,7,6,High
5101,2,5,2,3,15,High
5106,6,6,6,6,6.8,High
5108,8,2,8,2,7.35,High
5114,10,1,9,4,7.3,High
5116,1,13,4,6,29.4,
5123,5,8,7,3,7.9,High
5132,5,1,6,9,8.8,High
5140,10,3,7,8,5.9,High
5141,5,8,2,8,5.4,High
5145,3,3,8,4,13.4,High
5155,6,11,8,6,6.8,High
5156,3,18,9,9,10.9,High
5157,2,11,2,7,13.8,High
5159,4,13,5,2,7.4,High
5162,2,2,6,5,17.6,High
5164,8,1,6,2,6.55,High
5166,2,15,1,4,12.5,High
5172,5,13,7,9,6.9,High
5173,3,13,5,2,9.9,High
5175,2,8,8,9,17.4,High
5177,2,10,8,7,17,High
5179,4,12,3,6,6.6,High
5184,1,17,8,9,30.6,
5186,13,6,8,2,5.107692308,High
5187,4,5,4,9,8.5,High
5191,6,4,6,4,7.2,High
5192,6,1,6,7,7.8,High
5198,6,7,8,8,7.6,High
5208,11,3,8,4,6.127272727,High
5209,3,12,7,1,11.1,High
5213,9,5,9,5,6.833333333,High
5214,10,4,6,3,5.2,High
5215,4,1,9,9,11.8,High
5216,17,6,9,2,5.064705882,High
5223,3,5,3,8,10.5,High
5227,4,9,4,6,7.7,High
5228,5,13,7,4,6.9,High
5231,11,3,9,2,6.627272727,High
5234,5,4,6,9,8.2,High
5245,13,7,9,1,5.407692308,High
5248,7,10,8,9,6.285714286,High
5250,12,1,8,2,6.3,High
5253,5,11,7,8,7.3,High
5255,1,6,6,2,31.8,
5259,6,13,9,1,6.9,High
5264,9,7,7,1,5.433333333,High
5265,8,3,4,4,5.15,High
5266,11,3,6,8,5.127272727,High
5269,1,17,9,7,31.1,
5270,1,5,4,3,31,
5271,2,12,3,7,14.1,High
5273,1,18,5,7,28.9,
5276,1,2,2,6,30.6,
5281,3,17,7,7,10.1,High
5284,1,1,3,2,31.3,
5285,1,9,8,5,32.2,
5290,10,3,8,6,6.4,High
5291,5,15,8,7,7,High
5292,18,1,9,3,5.966666667,High
5301,2,10,5,1,15.5,High
5303,3,14,2,7,8.2,High
5309,7,2,6,2,6.885714286,High
5323,20,2,8,7,5.1,High
5324,6,1,5,4,7.3,High
5328,6,9,7,2,6.7,High
5332,8,12,9,1,5.85,High
5338,15,2,8,1,5.6,High
5340,6,8,6,8,6.4,High
5347,3,18,7,3,9.9,High
5352,7,1,6,6,7.085714286,High
5356,2,16,1,7,12.3,High
5371,9,4,5,5,5.033333333,High
5373,1,19,3,3,27.7,
5375,8,2,6,9,6.35,High
5376,9,6,8,4,6.133333333,High
5377,3,19,4,4,8.2,High
5378,16,3,8,9,5.275,High
5381,9,3,8,5,6.733333333,High
5384,16,3,8,5,5.275,High
5387,21,1,8,5,5.228571429,High
5395,10,1,5,3,5.3,High
5397,1,4,7,3,32.7,
5401,6,4,8,4,8.2,High
5404,2,14,3,3,13.7,High
5405,5,9,8,7,8.2,High
5414,3,1,4,4,11.8,High
5415,6,8,8,8,7.4,High
5416,1,5,5,7,31.5,
5417,2,13,4,9,14.4,High
5418,3,2,2,3,10.6,High
5424,21,2,9,6,5.528571429,High
5429,4,1,6,3,10.3,High
5430,1,11,6,9,30.8,
5437,10,7,8,1,5.6,High
5438,1,19,3,8,27.7,
5441,12,3,8,7,5.9,High
5442,8,7,9,7,6.85,High
5445,5,9,2,7,5.2,High
5447,3,13,5,3,9.9,High
5448,14,1,7,1,5.442857143,High
5454,6,5,7,9,7.5,High
5456,14,2,7,4,5.242857143,High
5459,20,1,8,1,5.3,High
5468,2,15,4,7,14,High
5470,4,12,3,7,6.6,High
5472,20,2,8,7,5.1,High
5473,1,1,5,7,32.3,
5476,1,13,9,9,31.9,
5503,3,11,3,8,9.3,High
5505,2,4,6,3,17.2,High
5510,3,6,6,6,11.8,High
5511,3,8,9,1,12.9,High
5512,8,1,4,5,5.55,High
5517,4,8,7,3,9.4,High
5524,1,5,4,7,31,
5533,5,19,7,7,5.7,High
5543,1,15,1,5,27.5,
5545,2,3,5,7,16.9,High
5548,8,3,7,1,6.65,High
5549,4,11,3,5,6.8,High
5551,1,12,2,3,28.6,
5552,1,2,7,3,33.1,
5554,8,12,8,7,5.35,High
5555,2,11,6,9,15.8,High
5557,6,11,5,8,5.3,High
5558,13,6,8,7,5.107692308,High
5560,3,2,7,2,13.1,High
5562,1,14,5,9,29.7,
5566,16,1,8,1,5.675,High
5570,7,12,9,6,6.385714286,High
5580,3,8,4,2,10.4,High
5591,2,9,1,4,13.7,High
5597,3,10,3,1,9.5,High
5599,8,9,7,4,5.45,High
5600,5,3,6,3,8.4,High
5602,6,13,8,6,6.4,High
5608,6,2,2,3,5.6,High
5609,7,8,5,2,5.185714286,High
5614,3,3,3,7,10.9,High
5616,3,13,1,7,7.9,High
5617,1,12,7,8,31.1,
5619,5,15,7,8,6.5,High
5620,1,9,6,8,31.2,
5622,4,7,1,9,6.6,High
5623,4,10,4,5,7.5,High
5628,2,4,8,2,18.2,High
5634,17,1,7,7,5.064705882,High
5646,6,2,2,5,5.6,High
5652,4,7,3,8,7.6,High
5653,5,15,9,5,7.5,High
5658,7,1,6,3,7.085714286,High
5662,3,2,4,8,11.6,High
5668,1,5,4,7,31,
5669,1,14,6,6,30.2,
5683,4,4,1,2,7.2,High
5689,7,2,5,4,6.385714286,High
5695,9,1,7,1,6.633333333,High
5696,3,3,2,7,10.4,High
5698,1,14,1,4,27.7,
5704,5,12,7,9,7.1,High
5712,1,5,1,1,29.5,
5713,15,1,8,4,5.8,High
5714,5,11,8,7,7.8,High
5715,11,8,8,5,5.127272727,High
5716,10,9,8,6,5.2,High
5719,1,6,3,4,30.3,
5722,6,1,4,5,6.8,High
5725,2,12,3,8,14.1,High
5727,6,4,2,2,5.2,High
5728,4,4,6,4,9.7,High
5729,4,12,4,1,7.1,High
5733,11,8,9,8,5.627272727,High
5737,1,14,9,7,31.7,
5742,3,8,9,7,12.9,High
5745,1,4,6,1,32.2,
5747,1,15,8,2,31,
5753,6,13,6,8,5.4,High
5754,9,2,9,6,7.433333333,High
5757,9,2,5,3,5.433333333,High
5758,12,3,8,6,5.9,High
5760,16,5,9,1,5.375,High
5761,9,4,7,9,6.033333333,High
5762,3,7,9,2,13.1,High
5764,5,9,3,8,5.7,High
5766,3,9,1,7,8.7,High
5771,4,15,6,9,7.5,High
5777,3,16,7,1,10.3,High
5779,3,5,6,2,12,High
5781,3,6,9,2,13.3,High
5784,4,3,5,8,9.4,High
5785,3,9,9,4,12.7,High
5788,3,19,6,3,9.2,High
5793,1,11,1,1,28.3,
5802,20,4,9,3,5.2,High
5804,7,6,5,8,5.585714286,High
5805,7,10,6,4,5.285714286,High
5808,1,3,8,9,33.4,
5809,5,5,6,5,8,High
5810,1,12,2,9,28.6,
5814,1,17,1,9,27.1,
5816,1,2,1,7,30.1,
5822,26,3,9,3,5.053846154,High
5824,1,1,9,7,34.3,
5825,1,4,7,5,32.7,
5828,3,14,1,1,7.7,High
5834,16,5,9,8,5.375,High
5836,5,8,2,5,5.4,High
5837,6,1,2,4,5.8,High
5844,7,2,9,6,8.385714286,High
5852,7,7,7,2,6.385714286,High
5863,9,2,7,3,6.433333333,High
5866,2,14,5,2,14.7,High
5868,8,1,6,4,6.55,High
5876,2,3,4,8,16.4,High
5883,6,7,7,1,7.1,High
5884,2,2,9,6,19.1,High
5898,1,11,3,6,29.3,
5900,1,15,3,6,28.5,
5903,6,16,9,5,6.3,High
5905,2,17,3,2,13.1,High
5915,7,17,9,6,5.385714286,High
5917,2,16,2,3,12.8,High
5927,4,11,9,4,9.8,High
5934,10,1,9,9,7.3,High
5937,4,7,5,1,8.6,High
5938,4,2,4,1,9.1,High
5955,3,1,5,6,12.3,High
5962,6,18,9,7,5.9,High
5963,10,10,9,5,5.5,High
5967,14,3,9,2,6.042857143,High
5983,5,10,7,1,7.5,High
5984,3,2,9,5,14.1,High
5995,6,5,9,2,8.5,High
6003,4,4,2,3,7.7,High
6004,25,1,9,9,5.5,High
6006,5,1,6,8,8.8,High
6007,8,4,9,8,7.45,High
6009,2,11,4,3,14.8,High
6010,4,15,4,8,6.5,High
6011,5,10,3,9,5.5,High
6012,10,1,7,3,6.3,High
6016,2,14,5,7,14.7,High
6018,2,13,8,1,16.4,High
6023,1,18,8,4,30.4,
6027,4,13,1,6,5.4,High
6028,7,11,9,9,6.585714286,High
6030,2,8,8,5,17.4,High
6031,5,5,5,1,7.5,High
6033,6,16,8,7,5.8,High
6034,4,14,8,8,8.7,High
6042,14,3,9,4,6.042857143,High
6045,2,4,8,3,18.2,High
6046,8,6,9,7,7.05,High
6048,2,1,6,4,17.8,High
6054,2,14,6,4,15.2,High
6058,3,4,1,7,9.7,High
6060,5,11,5,9,6.3,High
6061,4,2,9,5,11.6,High
6064,3,12,5,3,10.1,High
6068,2,17,9,8,16.1,High
6069,12,4,9,6,6.2,High
6072,8,5,9,3,7.25,High
6073,1,17,9,5,31.1,
6078,3,15,2,7,8,High
6083,5,3,9,4,9.9,High
6089,8,4,8,5,6.95,High
6090,3,11,8,5,11.8,High
6093,2,5,6,1,17,High
6095,10,1,5,9,5.3,High
6098,5,12,8,3,7.6,High
6099,17,1,9,3,6.064705882,High
6110,7,6,8,7,7.085714286,High
6111,7,5,5,5,5.785714286,High
6112,7,18,9,3,5.185714286,High
6118,6,8,9,2,7.9,High
6120,7,4,9,8,7.985714286,High
6123,4,2,2,4,8.1,High
6124,1,2,1,1,30.1,
6127,4,5,1,9,7,High
6128,7,12,8,5,5.885714286,High
6131,5,5,3,8,6.5,High
6136,6,2,9,5,9.1,High
6138,7,2,5,9,6.385714286,High
6141,5,12,6,8,6.6,High
6142,3,11,8,6,11.8,High
6145,6,3,7,1,7.9,High
6146,4,11,7,8,8.8,High
6147,4,10,5,4,8,High
6148,3,3,4,9,11.4,High
6154,2,13,5,3,14.9,High
6157,3,18,7,1,9.9,High
6158,2,6,8,7,17.8,High
6160,5,15,9,4,7.5,High
6164,4,6,3,7,7.8,High
6168,5,8,7,9,7.9,High
6176,5,6,5,1,7.3,High
6179,6,12,6,5,5.6,High
6182,1,9,6,4,31.2,
6184,2,12,9,9,17.1,High
6186,1,12,4,3,29.6,
6187,5,4,3,9,6.7,High
6193,1,9,2,7,29.2,
6196,2,5,2,3,15,High
6211,2,18,5,7,13.9,High
6212,10,3,6,6,5.4,High
6217,5,3,6,3,8.4,High
6219,2,7,6,8,16.6,High
6224,13,4,8,3,5.507692308,High
6225,21,2,8,2,5.028571429,High
6230,5,10,7,3,7.5,High
6232,2,13,4,1,14.4,High
6238,2,3,4,2,16.4,High
6242,2,19,2,5,12.2,High
6249,2,8,8,5,17.4,High
6253,1,1,7,5,33.3,
6254,4,18,7,7,7.4,High
6255,2,12,6,4,15.6,High
6258,3,3,1,8,9.9,High
6264,1,16,3,6,28.3,
6267,4,4,5,1,9.2,High
6273,1,13,7,3,30.9,
6274,1,6,1,8,29.3,
6277,1,5,9,1,33.5,
6278,2,17,6,6,14.6,High
6280,3,1,2,4,10.8,High
6281,2,18,5,5,13.9,High
6282,3,19,7,9,9.7,High
6283,1,11,2,9,28.8,
6284,9,2,6,5,5.933333333,High
6287,4,13,6,3,7.9,High
6290,3,1,9,7,14.3,High
6291,3,3,4,8,11.4,High
6292,8,6,8,3,6.55,High
6293,8,6,6,7,5.55,High
6294,6,13,6,8,5.4,High
6312,11,1,6,8,5.527272727,High
6313,3,11,6,4,10.8,High
6315,6,10,9,7,7.5,High
6316,6,4,3,7,5.7,High
6317,5,7,2,8,5.6,High
6318,1,2,1,5,30.1,
6319,2,1,3,6,16.3,High
6320,6,5,3,7,5.5,High
6323,1,6,9,2,33.3,
6325,5,3,4,7,7.4,High
6328,4,14,3,2,6.2,High
6332,1,4,1,9,29.7,
6334,13,9,9,5,5.007692308,High
6338,17,1,9,9,6.064705882,High
6347,4,18,7,2,7.4,High
6358,7,16,8,3,5.085714286,High
6361,11,6,8,5,5.527272727,High
6363,3,16,2,5,7.8,High
6364,4,1,4,9,9.3,High
6366,3,13,1,4,7.9,High
6370,3,19,9,4,10.7,High
6375,5,8,3,1,5.9,High
6382,15,4,8,1,5.2,High
6387,5,16,6,8,5.8,High
6390,2,12,1,5,13.1,High
6392,9,1,7,9,6.633333333,High
6396,5,10,4,4,6,High
6397,10,2,7,2,6.1,High
6400,3,2,4,3,11.6,High
6407,3,1,6,5,12.8,High
6416,5,11,7,6,7.3,High
6424,2,2,1,5,15.1,High
6425,1,9,6,4,31.2,
6426,9,4,5,8,5.033333333,High
6446,10,7,7,1,5.1,High
6450,7,1,8,8,8.085714286,High
6456,4,18,9,6,8.4,High
6464,3,1,9,2,14.3,High
6466,5,6,7,2,8.3,High
6467,2,11,2,9,13.8,High
6468,2,19,4,9,13.2,High
6470,2,6,7,6,17.3,High
6471,4,16,4,2,6.3,High
6473,3,8,9,9,12.9,High
6490,7,3,3,3,5.185714286,High
6495,1,5,5,5,31.5,
6497,8,2,8,9,7.35,High
6499,4,8,7,5,9.4,High
6501,4,4,3,4,8.2,High
6504,1,10,3,3,29.5,
6513,1,5,3,9,30.5,
6515,2,4,9,4,18.7,High
6517,8,8,6,1,5.15,High
6527,2,1,4,4,16.8,High
6531,3,14,4,7,9.2,High
6539,3,8,6,6,11.4,High
6553,2,16,5,5,14.3,High
6555,7,10,6,6,5.285714286,High
6560,17,1,7,6,5.064705882,High
6562,5,16,7,6,6.3,High
6563,7,8,6,6,5.685714286,High
6568,4,6,5,4,8.8,High
6569,14,3,9,7,6.042857143,High
6574,1,3,7,6,32.9,
6580,3,6,9,9,13.3,High
6589,3,7,3,6,10.1,High
6596,12,5,8,6,5.5,High
6601,4,7,7,5,9.6,High
6602,7,13,9,3,6.185714286,High
6611,15,7,9,7,5.1,High
6612,15,1,9,3,6.3,High
6615,2,6,4,3,15.8,High
6618,5,3,5,3,7.9,High
6619,7,1,5,8,6.585714286,High
6627,17,1,8,9,5.564705882,High
6628,20,1,8,3,5.3,High
6629,5,1,5,4,8.3,High
6630,14,1,8,8,5.942857143,High
6633,14,5,9,7,5.642857143,High
6638,11,3,8,5,6.127272727,High
6642,2,8,8,8,17.4,High
6643,5,2,7,8,9.1,High
6645,23,4,9,5,5.004347826,High
6646,2,5,2,3,15,High
6650,4,14,4,9,6.7,High
6651,1,11,2,7,28.8,
6652,2,17,8,3,15.6,High
6656,10,6,9,6,6.3,High
6661,1,3,6,1,32.4,
6664,16,4,9,3,5.575,High
6670,14,1,8,6,5.942857143,High
6673,28,2,9,6,5.171428571,High
6679,3,16,4,6,8.8,High
6680,14,2,7,7,5.242857143,High
6682,4,6,5,6,8.8,High
6684,5,2,8,5,9.6,High
6689,7,2,6,8,6.885714286,High
6695,4,5,3,6,8,High
6700,6,4,3,8,5.7,High
6704,1,14,5,5,29.7,
6705,2,16,9,9,16.3,High
6706,4,13,8,9,8.9,High
6708,8,12,9,8,5.85,High
6709,7,12,9,9,6.385714286,High
6711,8,2,8,9,7.35,High
6717,10,6,8,1,5.8,High
6718,14,4,8,7,5.342857143,High
6723,1,2,2,1,30.6,
6727,5,11,3,7,5.3,High
6729,4,6,7,8,9.8,High
6731,5,13,6,6,6.4,High
6736,21,2,9,5,5.528571429,High
6744,10,3,7,4,5.9,High
6751,5,7,8,6,8.6,High
6753,6,10,7,5,6.5,High
6758,29,2,9,2,5.134482759,High
6759,1,7,5,2,31.1,
6764,17,1,7,3,5.064705882,High
6768,6,3,9,1,8.9,High
6769,3,19,2,4,7.2,High
6775,10,5,7,3,5.5,High
6777,2,12,9,6,17.1,High
6782,3,10,6,3,11,High
6794,7,2,5,3,6.385714286,High
6802,8,3,5,3,5.65,High
6806,9,6,7,5,5.633333333,High
6810,11,3,6,3,5.127272727,High
6813,4,14,9,7,9.2,High
6814,16,5,9,7,5.375,High
6815,1,2,6,3,32.6,
6829,1,7,5,7,31.1,
6831,2,16,2,9,12.8,High
6836,6,14,8,5,6.2,High
6838,21,2,9,3,5.528571429,High
6840,6,17,8,1,5.6,High
6859,1,10,6,7,31,
6860,3,8,8,5,12.4,High
6861,2,7,6,6,16.6,High
6874,10,8,9,5,5.9,High
6876,2,18,2,3,12.4,High
6877,7,4,6,7,6.485714286,High
6883,13,4,9,9,6.007692308,High
6884,4,1,1,2,7.8,High
6885,2,10,6,9,16,High
6888,4,5,4,3,8.5,High
6889,1,9,7,2,31.7,
6895,4,2,2,3,8.1,High
6898,1,19,9,4,30.7,
6906,5,18,9,6,6.9,High
6907,12,1,8,3,6.3,High
6915,2,11,8,5,16.8,High
6916,5,1,2,9,6.8,High
6920,4,11,3,9,6.8,High
6925,5,9,2,9,5.2,High
6927,11,4,7,3,5.427272727,High
6929,6,10,7,6,6.5,High
6931,2,6,3,4,15.3,High
6932,13,2,9,3,6.407692308,High
6941,2,9,2,4,14.2,High
6944,3,5,8,4,13,High
6946,3,17,3,6,8.1,High
6949,3,18,8,9,10.4,High
6953,16,2,9,4,5.975,High
6962,3,18,8,7,10.4,High
6976,1,5,4,2,31,
6979,4,11,3,8,6.8,High
6980,4,2,6,4,10.1,High
6983,20,1,9,5,5.8,High
6994,2,5,1,9,14.5,High
6995,4,2,3,3,8.6,High
6998,6,16,7,6,5.3,High
7001,11,3,8,3,6.127272727,High
7007,6,5,6,5,7,High
7009,5,11,3,1,5.3,High
7012,10,1,5,6,5.3,High
7025,1,7,2,9,29.6,
7027,11,3,7,1,5.627272727,High
7029,7,7,5,8,5.385714286,High
7032,1,1,1,3,30.3,
7033,2,8,9,6,17.9,High
7037,4,6,2,8,7.3,High
7042,4,2,7,8,10.6,High
7044,16,4,9,4,5.575,High
7050,1,7,8,5,32.6,
7057,3,13,3,8,8.9,High
7059,7,8,6,5,5.685714286,High
7066,1,10,9,4,32.5,
7076,3,13,1,5,7.9,High
7077,8,13,9,6,5.65,High
7079,2,12,6,1,15.6,High
7080,5,13,7,5,6.9,High
7081,14,1,8,7,5.942857143,High
7083,4,19,8,1,7.7,High
7085,10,10,9,8,5.5,High
7088,2,5,3,9,15.5,High
7104,5,1,6,8,8.8,High
7106,3,1,2,7,10.8,High
7108,18,5,9,9,5.166666667,High
7109,4,12,8,5,9.1,High
7113,4,9,6,1,8.7,High
7114,9,1,5,7,5.633333333,High
7116,3,8,3,4,9.9,High
7117,13,1,9,2,6.607692308,High
7118,1,17,4,7,28.6,
7121,7,11,7,4,5.585714286,High
7125,3,5,2,1,10,High
7126,3,10,8,5,12,High
7128,14,2,9,3,6.242857143,High
7129,2,9,4,2,15.2,High
7135,5,1,5,1,8.3,High
7140,6,4,2,4,5.2,High
7147,5,7,7,6,8.1,High
7150,3,4,2,5,10.2,High
7153,7,3,7,8,7.185714286,High
7158,4,15,9,7,9,High
7162,5,14,7,6,6.7,High
7163,3,16,7,2,10.3,High
7164,1,2,4,7,31.6,
7166,4,5,5,9,9,High
7170,10,1,9,4,7.3,High
7173,1,19,9,9,30.7,
7179,3,12,7,5,11.1,High
7186,2,13,1,6,12.9,High
7191,2,3,5,1,16.9,High
7196,2,18,8,2,15.4,High
7202,1,17,9,8,31.1,
7205,3,10,1,9,8.5,High
7206,6,2,7,4,8.1,High
7210,6,11,6,5,5.8,High
7211,2,6,4,4,15.8,High
7212,4,6,9,6,10.8,High
7214,5,5,9,6,9.5,High
7215,6,5,5,6,6.5,High
7224,4,3,3,4,8.4,High
7229,16,3,8,3,5.275,High
7233,11,2,7,3,5.827272727,High
7237,5,1,2,9,6.8,High
7238,3,17,5,2,9.1,High
7245,1,3,2,1,30.4,
7248,1,14,5,7,29.7,
7251,1,13,3,1,28.9,
7252,10,2,7,1,6.1,High
7256,11,3,8,2,6.127272727,High
7261,1,18,2,8,27.4,
7263,2,3,1,5,14.9,High
7264,6,11,8,4,6.8,High
7265,21,4,9,9,5.128571429,High
7267,7,5,5,8,5.785714286,High
7277,12,3,8,6,5.9,High
7279,9,5,9,5,6.833333333,High
7281,7,17,9,2,5.385714286,High
7286,2,8,3,6,14.9,High
7289,3,12,6,1,10.6,High
7293,2,3,7,9,17.9,High
7302,6,9,9,5,7.7,High
7309,5,1,2,1,6.8,High
7315,4,4,1,1,7.2,High
7317,6,1,5,7,7.3,High
7319,2,9,8,1,17.2,High
7321,9,1,4,4,5.133333333,High
7329,2,11,3,1,14.3,High
7331,8,2,7,3,6.85,High
7335,3,13,9,9,11.9,High
7336,4,15,6,1,7.5,High
7337,3,18,2,6,7.4,High
7338,5,2,9,9,10.1,High
7342,3,14,7,6,10.7,High
7346,2,6,1,4,14.3,High
7348,2,9,5,5,15.7,High
7350,6,2,2,5,5.6,High
7353,6,3,7,5,7.9,High
7354,3,7,7,6,12.1,High
7356,7,6,5,6,5.585714286,High
7362,8,13,8,5,5.15,High
7366,10,1,9,1,7.3,High
7367,6,4,8,9,8.2,High
7373,5,19,6,8,5.2,High
7378,4,6,8,7,10.3,High
7380,1,10,7,9,31.5,
7389,7,5,6,9,6.285714286,High
7390,10,9,9,7,5.7,High
7399,1,9,9,7,32.7,
7400,4,4,2,2,7.7,High
7402,3,2,3,8,11.1,High
7403,5,16,7,9,6.3,High
7408,3,8,8,7,12.4,High
7417,3,15,3,7,8.5,High
7418,2,3,5,6,16.9,High
7421,8,7,6,9,5.35,High
7422,3,3,3,1,10.9,High
7425,4,7,2,9,7.1,High
7428,1,11,2,8,28.8,
7437,7,3,5,5,6.185714286,High
7441,14,3,8,4,5.542857143,High
7442,2,11,2,4,13.8,High
7443,11,10,9,7,5.227272727,High
7444,11,6,7,3,5.027272727,High
7450,13,8,9,4,5.207692308,High
7457,2,2,8,5,18.6,High
7460,5,15,5,8,5.5,High
7462,5,4,5,6,7.7,High
7464,4,3,3,1,8.4,High
7465,5,16,6,9,5.8,High
7469,1,10,6,9,31,
7470,7,12,8,3,5.885714286,High
7478,2,9,2,9,14.2,High
7480,11,5,8,8,5.727272727,High
7484,5,6,7,2,8.3,High
7506,20,2,8,4,5.1,High
7509,1,2,3,3,31.1,
7514,1,19,1,8,26.7,
7519,4,19,3,2,5.2,High
7520,2,11,9,4,17.3,High
7530,1,17,7,7,30.1,
7533,9,2,6,9,5.933333333,High
7540,2,15,5,7,14.5,High
7543,12,8,9,7,5.4,High
7549,4,1,4,2,9.3,High
7551,7,2,8,7,7.885714286,High
7555,8,4,5,5,5.45,High
7558,7,4,5,9,5.985714286,High
7569,8,5,9,5,7.25,High
7581,6,7,3,3,5.1,High
7597,3,18,8,2,10.4,High
7610,7,8,5,4,5.185714286,High
7614,6,7,8,5,7.6,High
7627,4,8,9,8,10.4,High
7628,2,19,8,9,15.2,High
7629,2,5,7,2,17.5,High
7631,2,8,8,9,17.4,High
7632,1,17,3,8,28.1,
7644,2,7,8,5,17.6,High
7645,4,17,2,8,5.1,High
7647,3,14,2,1,8.2,High
7655,9,10,8,2,5.333333333,High
7659,7,11,7,8,5.585714286,High
7660,1,8,9,9,32.9,
7662,7,8,6,3,5.685714286,High
7664,12,5,8,4,5.5,High
7669,7,8,9,2,7.185714286,High
7670,7,2,5,2,6.385714286,High
7673,3,16,7,2,10.3,High
7674,13,4,8,7,5.507692308,High
7675,3,5,4,2,11,High
7682,7,1,7,9,7.585714286,High
7685,3,2,2,4,10.6,High
7686,2,11,1,7,13.3,High
7689,10,6,8,2,5.8,High
7694,17,3,9,1,5.664705882,High
7695,2,1,7,7,18.3,High
7697,13,2,7,4,5.407692308,High
7698,12,4,8,1,5.7,High
7702,7,2,6,3,6.885714286,High
7704,3,10,8,2,12,High
7708,2,13,8,5,16.4,High
7709,28,2,9,9,5.171428571,High
7711,5,17,5,1,5.1,High
7712,9,8,7,7,5.233333333,High
7715,19,1,9,6,5.878947368,High
7716,20,3,9,3,5.4,High
7717,3,2,4,2,11.6,High
7718,2,6,8,4,17.8,High
7722,3,4,8,3,13.2,High
7723,2,15,1,3,12.5,High
7726,5,6,5,6,7.3,High
7727,7,6,4,9,5.085714286,High
7728,3,8,3,6,9.9,High
7730,2,13,1,6,12.9,High
7731,4,8,3,6,7.4,High
7737,3,11,2,7,8.8,High
7738,1,19,9,9,30.7,
7741,4,5,4,3,8.5,High
7742,4,16,6,5,7.3,High
7743,16,5,9,4,5.375,High
7746,1,4,5,7,31.7,
7747,2,8,7,9,16.9,High
7749,5,1,7,9,9.3,High
7759,2,19,7,4,14.7,High
7762,13,5,9,3,5.807692308,High
7763,1,19,8,4,30.2,
7764,7,3,4,8,5.685714286,High
7769,3,15,9,9,11.5,High
7771,4,6,3,8,7.8,High
7773,6,11,9,2,7.3,High
7779,4,11,8,9,9.3,High
7789,1,15,5,7,29.5,
7790,1,11,1,2,28.3,
7794,1,10,2,5,29,
7798,16,3,9,5,5.775,High
7800,23,1,9,7,5.604347826,High
7802,2,4,6,5,17.2,High
7803,11,1,5,5,5.027272727,High
7813,2,1,2,3,15.8,High
7814,3,1,6,9,12.8,High
7816,2,14,7,3,15.7,High
7819,9,4,5,9,5.033333333,High
7827,7,5,6,3,6.285714286,High
7831,10,3,9,1,6.9,High
7836,3,16,4,5,8.8,High
7851,2,9,1,4,13.7,High
7854,1,2,6,1,32.6,
7855,2,8,8,1,17.4,High
7860,2,13,9,7,16.9,High
7863,2,4,9,7,18.7,High
7870,1,17,1,7,27.1,
7871,6,1,9,1,9.3,High
7873,4,2,4,2,9.1,High
7881,4,6,8,4,10.3,High
7886,1,19,7,6,29.7,
7888,3,9,5,9,10.7,High
7889,4,15,4,6,6.5,High
7893,13,1,8,1,6.107692308,High
7896,3,4,8,8,13.2,High
7897,6,8,7,9,6.9,High
7903,1,9,7,7,31.7,
7908,13,2,8,6,5.907692308,High
7911,11,3,7,6,5.627272727,High
7913,3,10,1,2,8.5,High
7914,6,18,8,4,5.4,High
7918,3,12,6,8,10.6,High
7919,5,14,5,7,5.7,High
7923,5,13,6,8,6.4,High
7928,3,7,9,5,13.1,High
7931,4,2,1,8,7.6,High
7936,18,5,9,5,5.166666667,High
7937,2,16,2,9,12.8,High
7941,3,11,3,4,9.3,High
7942,8,15,9,8,5.25,High
7944,3,9,1,3,8.7,High
7946,8,11,8,2,5.55,High
7950,1,4,8,2,33.2,
7954,5,1,2,3,6.8,High
7957,8,10,7,6,5.25,High
7958,4,11,9,5,9.8,High
7959,12,4,9,8,6.2,High
7961,3,15,4,3,9,High
7963,2,12,7,2,16.1,High
7965,19,1,9,7,5.878947368,High
7967,5,7,4,6,6.6,High
7968,6,1,8,6,8.8,High
7974,6,2,2,7,5.6,High
7975,9,1,5,3,5.633333333,High
7982,1,17,1,1,27.1,
7986,1,7,1,5,29.1,
7994,6,13,8,9,6.4,High
8004,4,5,5,9,9,High
8006,11,1,6,2,5.527272727,High
8010,4,1,5,7,9.8,High
8013,1,13,5,8,29.9,
8014,7,3,6,7,6.685714286,High
8015,5,8,7,1,7.9,High
8019,1,13,2,2,28.4,
8025,6,3,2,6,5.4,High
8029,4,1,6,8,10.3,High
8035,26,1,9,2,5.453846154,High
8036,3,3,1,2,9.9,High
8043,2,5,4,9,16,High
8050,3,18,9,5,10.9,High
8055,5,3,3,9,6.9,High
8057,22,1,8,2,5.163636364,High
8060,14,3,8,9,5.542857143,High
8068,4,4,2,4,7.7,High
8071,3,11,1,6,8.3,High
8077,20,2,8,7,5.1,High
8078,5,11,5,8,6.3,High
8080,7,5,5,8,5.785714286,High
8082,8,7,7,5,5.85,High
8085,1,5,5,4,31.5,
8086,2,19,2,1,12.2,High
8091,2,14,7,2,15.7,High
8092,8,3,6,3,6.15,High
8096,9,6,8,1,6.133333333,High
8097,1,13,4,8,29.4,
8100,1,3,3,6,30.9,
8102,6,6,4,9,5.8,High
8103,1,1,8,2,33.8,
8110,9,13,9,3,5.233333333,High
8111,6,8,4,7,5.4,High
8115,8,11,8,2,5.55,High
8119,4,16,7,3,7.8,High
8121,8,11,7,5,5.05,High
8124,3,7,3,2,10.1,High
8127,3,16,4,2,8.8,High
8132,14,4,8,4,5.342857143,High
8133,8,2,4,3,5.35,High
8136,4,6,8,2,10.3,High
8138,1,3,4,3,31.4,
8141,2,15,5,6,14.5,High
8142,3,15,4,1,9,High
8144,11,8,8,8,5.127272727,High
8156,3,2,5,7,12.1,High
8157,18,5,9,9,5.166666667,High
8161,4,8,2,9,6.9,High
8163,7,3,7,5,7.185714286,High
8168,11,4,8,2,5.927272727,High
8170,1,9,6,5,31.2,
8172,1,15,6,5,30,
8173,5,4,1,5,5.7,High
8184,2,14,8,1,16.2,High
8186,2,18,7,8,14.9,High
8189,8,9,7,3,5.45,High
8197,1,12,2,9,28.6,
8198,8,9,7,1,5.45,High
8199,9,4,9,5,7.033333333,High
8203,2,3,7,3,17.9,High
8207,3,8,6,3,11.4,High
8215,3,11,3,1,9.3,High
8229,13,7,9,3,5.407692308,High
8232,1,16,8,7,30.8,
8236,5,1,1,2,6.3,High
8238,3,16,5,9,9.3,High
8241,1,7,2,6,29.6,
8242,5,12,6,9,6.6,High
8243,6,4,2,6,5.2,High
8244,5,12,7,4,7.1,High
8245,4,19,3,9,5.2,High
8247,4,14,6,3,7.7,High
8248,27,1,9,4,5.411111111,High
8259,5,15,5,6,5.5,High
8261,4,9,4,3,7.7,High
8265,2,17,2,9,12.6,High
8282,1,16,7,3,30.3,
8283,4,13,6,5,7.9,High
8284,1,14,5,1,29.7,
8297,5,16,5,4,5.3,High
8298,5,1,4,3,7.8,High
8299,3,15,2,9,8,High
8304,6,19,8,7,5.2,High
8305,5,2,3,4,7.1,High
8308,7,14,8,9,5.485714286,High
8312,2,14,1,7,12.7,High
8313,3,19,8,4,10.2,High
8314,5,15,9,2,7.5,High
8315,3,9,3,2,9.7,High
8316,1,19,6,9,29.2,
8317,2,15,3,9,13.5,High
8321,18,5,9,1,5.166666667,High
8324,2,15,3,3,13.5,High
8325,5,11,9,5,8.3,High
8332,3,5,1,1,9.5,High
8335,14,1,7,3,5.442857143,High
8341,6,9,4,5,5.2,High
8343,7,15,9,1,5.785714286,High
8346,2,6,8,1,17.8,High
8350,10,6,8,1,5.8,High
8352,24,2,9,1,5.35,High
8356,6,2,2,5,5.6,High
8357,3,6,1,3,9.3,High
8363,2,12,4,7,14.6,High
8368,17,2,9,1,5.864705882,High
8375,6,4,6,9,7.2,High
8380,2,11,2,7,13.8,High
8386,1,11,5,1,30.3,
8391,1,6,1,6,29.3,
8395,8,3,8,8,7.15,High
8399,3,18,4,9,8.4,High
8404,5,12,3,2,5.1,High
8405,9,3,5,9,5.233333333,High
8407,9,4,7,6,6.033333333,High
8408,13,2,7,8,5.407692308,High
8425,7,4,8,1,7.485714286,High
8427,3,19,3,5,7.7,High
8429,2,2,1,2,15.1,High
8431,27,2,9,5,5.211111111,High
8435,6,10,5,1,5.5,High
8446,3,2,1,6,10.1,High
8447,5,2,8,3,9.6,High
8450,2,5,7,3,17.5,High
8455,1,3,6,4,32.4,
8457,1,5,4,1,31,
8459,6,3,5,4,6.9,High
8463,15,4,9,2,5.7,High
8468,3,11,9,6,12.3,High
8470,10,2,6,8,5.6,High
8482,7,14,9,9,5.985714286,High
8483,4,11,7,9,8.8,High
8493,1,18,2,9,27.4,
8494,6,18,8,8,5.4,High
8502,6,2,4,8,6.6,High
8504,1,5,2,3,30,
8510,3,6,4,5,10.8,High
8512,3,9,6,6,11.2,High
8516,3,6,7,6,12.3,High
8518,5,3,3,8,6.9,High
8520,10,4,6,2,5.2,High
8533,3,12,7,8,11.1,High
8540,10,9,9,1,5.7,High
8541,5,1,2,1,6.8,High
8542,7,11,9,4,6.585714286,High
8544,8,4,6,5,5.95,High
8551,4,4,8,1,10.7,High
8558,3,16,9,6,11.3,High
8562,2,14,2,5,13.2,High
8563,5,4,9,4,9.7,High
8565,10,3,8,9,6.4,High
8573,3,14,7,8,10.7,High
8574,18,2,8,5,5.266666667,High
8581,4,16,4,1,6.3,High
8582,1,1,8,4,33.8,
8585,4,19,8,4,7.7,High
8588,1,5,2,2,30,
8589,7,6,4,4,5.085714286,High
8590,22,2,9,6,5.463636364,High
8596,5,7,1,3,5.1,High
8606,14,1,9,9,6.442857143,High
8612,3,8,8,8,12.4,High
8614,3,1,2,4,10.8,High
8616,1,11,1,6,28.3,
8618,1,7,8,8,32.6,
8626,15,1,7,6,5.3,High
8627,3,17,7,9,10.1,High
8634,9,11,9,5,5.633333333,High
8635,1,19,8,4,30.2,
8638,10,5,9,7,6.5,High
8647,1,9,9,8,32.7,
8651,11,4,9,1,6.427272727,High
8655,6,2,6,5,7.6,High
8657,2,6,8,9,17.8,High
8662,3,17,3,4,8.1,High
8663,2,12,7,4,16.1,High
8664,10,9,8,2,5.2,High
8667,2,10,9,6,17.5,High
8671,3,9,5,8,10.7,High
8674,7,4,9,7,7.985714286,High
8677,1,14,5,3,29.7,
8683,8,4,5,4,5.45,High
8685,11,1,5,6,5.027272727,High
8686,5,12,4,5,5.6,High
8689,4,3,3,4,8.4,High
8690,1,5,4,3,31,
8691,1,10,5,2,30.5,
8692,6,17,7,4,5.1,High
8693,1,11,8,8,31.8,
8697,6,7,7,8,7.1,High
8704,2,5,4,6,16,High
8706,20,3,9,5,5.4,High
8709,5,10,3,6,5.5,High
8711,1,6,3,8,30.3,
8717,3,1,8,5,13.8,High
8718,5,2,8,4,9.6,High
8722,6,17,9,3,6.1,High
8724,5,3,1,4,5.9,High
8727,1,13,2,5,28.4,
8728,2,9,9,9,17.7,High
8731,5,11,8,6,7.8,High
8733,1,6,8,5,32.8,
8739,2,4,4,7,16.2,High
8744,4,8,6,5,8.9,High
8749,4,6,2,8,7.3,High
8755,3,16,5,9,9.3,High
8756,10,7,7,5,5.1,High
8757,5,4,3,9,6.7,High
8766,5,1,8,7,9.8,High
8774,2,18,4,3,13.4,High
8782,16,3,9,5,5.775,High
8787,4,5,9,8,11,High
8796,1,19,7,4,29.7,
8805,1,4,8,8,33.2,
8806,4,3,9,8,11.4,High
8807,19,5,9,7,5.078947368,High
8808,3,5,4,6,11,High
8816,2,18,1,5,11.9,High
8818,9,6,7,4,5.633333333,High
8820,1,4,8,3,33.2,
8834,7,3,3,7,5.185714286,High
8835,2,13,4,6,14.4,High
8841,3,7,9,2,13.1,High
8842,5,5,6,7,8,High
8845,2,17,9,3,16.1,High
8848,2,3,7,2,17.9,High
8849,4,7,8,5,10.1,High
8851,1,16,7,9,30.3,
8861,7,8,5,6,5.185714286,High
8864,2,1,2,5,15.8,High
8870,5,8,4,4,6.4,High
8872,4,7,7,6,9.6,High
8873,6,3,7,2,7.9,High
8876,1,9,3,5,29.7,
8885,1,3,9,7,33.9,
8887,20,1,9,7,5.8,High
8888,1,15,5,9,29.5,
8891,13,4,9,7,6.007692308,High
8892,3,14,6,4,10.2,High
8900,7,16,9,2,5.585714286,High
8904,2,8,8,3,17.4,High
8907,1,17,8,4,30.6,
8915,8,12,9,2,5.85,High
8918,4,7,5,4,8.6,High
8921,7,5,7,2,6.785714286,High
8922,5,14,9,5,7.7,High
8927,1,8,1,3,28.9,
8931,5,1,3,9,7.3,High
8932,3,1,9,5,14.3,High
8933,5,6,2,7,5.8,High
8938,3,19,3,2,7.7,High
8947,1,17,2,6,27.6,
8954,1,4,8,2,33.2,
8957,10,4,8,8,6.2,High
8960,6,5,8,7,8,High
8961,2,15,7,2,15.5,High
8967,1,17,6,9,29.6,
8968,7,5,6,4,6.285714286,High
8969,2,3,9,2,18.9,High
8971,9,8,8,5,5.733333333,High
8976,7,5,5,5,5.785714286,High
8982,14,4,9,2,5.842857143,High
8984,5,7,5,5,7.1,High
8989,6,9,9,8,7.7,High
8990,2,16,5,2,14.3,High
8991,11,3,6,9,5.127272727,High
8993,2,11,5,7,15.3,High
8995,15,3,8,1,5.4,High
9004,11,10,9,8,5.227272727,High
9010,7,1,5,9,6.585714286,High
9012,3,16,1,7,7.3,High
9014,7,6,8,7,7.085714286,High
9024,1,13,5,5,29.9,
9027,17,4,9,8,5.464705882,High
9029,1,18,8,5,30.4,
9035,11,9,9,3,5.427272727,High
9040,4,11,8,2,9.3,High
9042,2,17,1,4,12.1,High
9043,3,10,2,3,9,High
9045,5,11,6,1,6.8,High
9048,2,3,4,4,16.4,High
9049,7,1,3,3,5.585714286,High
9050,7,18,9,5,5.185714286,High
9052,1,17,4,9,28.6,
9056,6,15,8,7,6,High
9057,5,2,5,5,8.1,High
9061,1,6,8,1,32.8,
9062,11,8,9,4,5.627272727,High
9064,2,14,6,9,15.2,High
9078,3,18,1,5,6.9,High
9079,3,8,7,3,11.9,High
9087,5,3,9,3,9.9,High
9089,4,13,7,4,8.4,High
9090,4,3,3,9,8.4,High
9092,8,2,4,5,5.35,High
9096,16,3,8,8,5.275,High
9101,8,2,5,2,5.85,High
9105,2,18,4,1,13.4,High
9112,15,1,9,4,6.3,High
9119,1,18,3,5,27.9,
9128,8,7,9,5,6.85,High
9132,7,2,5,3,6.385714286,High
9135,7,6,7,5,6.585714286,High
9136,7,15,8,6,5.285714286,High
9138,21,3,9,6,5.328571429,High
9140,8,5,7,8,6.25,High
9154,1,17,8,8,30.6,
9156,1,10,1,1,28.5,
9161,1,14,8,4,31.2,
9162,2,5,6,2,17,High
9164,5,6,1,7,5.3,High
9165,2,7,3,4,15.1,High
9166,2,15,8,5,16,High
9169,2,7,4,2,15.6,High
9170,25,1,9,5,5.5,High
9174,3,11,5,8,10.3,High
9178,15,1,9,4,6.3,High
9186,6,7,4,2,5.6,High
9191,1,12,5,5,30.1,
9192,14,1,8,7,5.942857143,High
9194,4,11,7,4,8.8,High
9195,2,1,5,1,17.3,High
9199,2,7,5,1,16.1,High
9205,1,9,3,4,29.7,
9206,3,9,9,1,12.7,High
9207,3,17,4,3,8.6,High
9210,7,3,7,9,7.185714286,High
9214,2,13,2,6,13.4,High
9217,2,17,3,7,13.1,High
9220,5,3,3,9,6.9,High
9222,7,11,7,2,5.585714286,High
9233,5,9,8,8,8.2,High
9234,1,15,4,8,29,
9236,4,16,3,9,5.8,High
9237,2,16,1,4,12.3,High
9238,12,1,9,5,6.8,High
9240,6,16,8,6,5.8,High
9253,3,2,8,1,13.6,High
9256,3,7,5,6,11.1,High
9260,10,8,8,3,5.4,High
9264,2,5,8,7,18,High
9268,3,15,2,1,8,High
9270,17,4,9,2,5.464705882,High
9272,3,2,4,2,11.6,High
9274,18,2,9,4,5.766666667,High
9279,3,15,7,3,10.5,High
9283,4,7,2,9,7.1,High
9285,11,7,9,5,5.827272727,High
9291,6,10,5,1,5.5,High
9292,6,7,4,6,5.6,High
9300,13,2,7,5,5.407692308,High
9301,8,6,9,4,7.05,High
9302,6,3,7,9,7.9,High
9304,6,1,7,6,8.3,High
9308,8,1,3,5,5.05,High
9312,7,13,7,1,5.185714286,High
9315,4,12,2,9,6.1,High
9326,4,8,4,4,7.9,High
9328,2,14,7,3,15.7,High
9331,12,1,6,8,5.3,High
9342,19,2,9,3,5.678947368,High
9343,1,13,7,1,30.9,
9344,8,13,8,6,5.15,High
9346,2,14,4,6,14.2,High
9352,8,15,9,3,5.25,High
9363,2,3,1,9,14.9,High
9366,4,3,2,9,7.9,High
9368,4,13,4,4,6.9,High
9384,3,17,2,2,7.6,High
9385,1,11,6,5,30.8,
9386,16,4,9,7,5.575,High
9387,4,3,8,8,10.9,High
9390,4,9,3,1,7.2,High
9393,5,12,5,1,6.1,High
9397,12,1,6,5,5.3,High
9401,1,8,5,9,30.9,
9405,2,9,8,5,17.2,High
9410,3,7,4,1,10.6,High
9411,7,7,8,3,6.885714286,High
9422,2,18,7,1,14.9,High
9423,4,14,8,9,8.7,High
9431,2,17,2,3,12.6,High
9432,5,4,2,1,6.2,High
9433,1,2,4,7,31.6,
9435,5,9,6,6,7.2,High
9436,6,4,6,4,7.2,High
9437,9,9,9,4,6.033333333,High
9443,11,9,9,3,5.427272727,High
9449,4,10,6,5,8.5,High
9450,4,9,6,3,8.7,High
9454,1,5,4,3,31,
9455,4,9,8,2,9.7,High
9457,3,6,4,6,10.8,High
9458,10,7,7,3,5.1,High
9459,1,8,1,3,28.9,
9469,11,4,8,9,5.927272727,High
9471,6,13,9,8,6.9,High
9474,4,12,3,3,6.6,High
9481,15,2,7,2,5.1,High
9483,3,9,1,9,8.7,High
9484,1,11,8,3,31.8,
9487,4,17,5,9,6.6,High
9488,4,4,7,3,10.2,High
9489,5,5,2,2,6,High
9505,1,15,9,2,31.5,
9506,6,1,1,4,5.3,High
9507,9,1,8,8,7.133333333,High
9508,1,11,7,8,31.3,
9509,6,7,5,6,6.1,High
9513,3,8,3,3,9.9,High
9515,3,2,2,2,10.6,High
9517,3,12,6,3,10.6,High
9522,7,2,3,1,5.385714286,High
9529,3,16,3,8,8.3,High
9530,2,7,9,1,18.1,High
9541,1,8,2,6,29.4,
9548,10,4,8,1,6.2,High
9550,3,9,5,3,10.7,High
9557,1,13,4,2,29.4,
9558,11,1,7,9,6.027272727,High
9559,5,5,8,3,9,High
9562,3,12,9,8,12.1,High
9566,3,3,9,2,13.9,High
9573,4,5,5,1,9,High
9579,5,1,5,4,8.3,High
9581,4,12,1,5,5.6,High
9585,1,13,4,9,29.4,
9588,12,3,9,7,6.4,High
9595,1,16,4,3,28.8,
9608,4,7,5,1,8.6,High
9610,4,2,5,2,9.6,High
9616,7,1,9,7,8.585714286,High
9618,4,2,6,2,10.1,High
9625,5,12,4,4,5.6,High
9635,1,2,9,6,34.1,
9641,1,10,4,1,30,
9645,12,3,7,8,5.4,High
9647,8,4,6,8,5.95,High
9648,2,13,2,6,13.4,High
9658,4,17,9,3,8.6,High
9661,2,14,3,9,13.7,High
9662,4,1,6,4,10.3,High
9667,5,2,2,2,6.6,High
9671,1,5,1,4,29.5,
9672,13,1,7,8,5.607692308,High
9673,4,4,2,3,7.7,High
9682,6,12,9,8,7.1,High
9691,18,1,8,4,5.466666667,High
9702,12,3,7,7,5.4,High
9708,4,12,9,1,9.6,High
9710,4,5,9,1,11,High
9712,3,2,8,6,13.6,High
9721,3,16,2,9,7.8,High
9723,3,12,4,8,9.6,High
9732,1,2,8,4,33.6,
9733,2,4,4,1,16.2,High
9734,4,13,6,9,7.9,High
9737,1,11,4,4,29.8,
9747,3,17,7,9,10.1,High
9750,3,7,2,3,9.6,High
9751,2,11,1,5,13.3,High
9758,2,16,5,8,14.3,High
9759,3,6,1,5,9.3,High
9763,1,17,4,3,28.6,
9766,5,2,9,3,10.1,High
9769,1,7,4,8,30.6,
9770,2,1,3,4,16.3,High
9771,1,5,9,1,33.5,
9777,2,5,3,9,15.5,High
9781,1,17,3,9,28.1,
9784,6,2,8,1,8.6,High
9786,6,11,8,3,6.8,High
9788,5,1,2,3,6.8,High
9793,3,11,6,6,10.8,High
9794,4,14,7,4,8.2,High
9795,2,8,5,7,15.9,High
9799,7,9,9,7,6.985714286,High
9801,1,13,6,3,30.4,
9814,8,1,7,8,7.05,High
9816,3,2,9,8,14.1,High
9822,11,4,9,4,6.427272727,High
9823,2,16,2,3,12.8,High
9826,2,16,9,3,16.3,High
9827,1,15,5,8,29.5,
9828,2,19,6,8,14.2,High
9835,1,18,3,6,27.9,
9843,7,4,5,5,5.985714286,High
9844,18,4,9,9,5.366666667,High
9845,3,14,9,6,11.7,High
9847,5,3,1,6,5.9,High
9850,2,18,6,6,14.4,High
9851,2,7,7,6,17.1,High
9856,9,2,6,1,5.933333333,High
9860,14,3,7,2,5.042857143,High
9864,2,16,9,3,16.3,High
9865,4,6,7,5,9.8,High
9869,9,1,7,3,6.633333333,High
9876,5,3,9,1,9.9,High
9877,13,1,6,5,5.107692308,High
9879,7,4,8,3,7.485714286,High
9884,1,4,1,2,29.7,
9887,2,5,9,6,18.5,High
9889,3,7,2,3,9.6,High
9892,24,1,8,9,5.05,High
9893,6,1,3,6,6.3,High
9895,4,3,2,4,7.9,High
9899,1,4,3,3,30.7,
9901,6,6,8,1,7.8,High
9904,4,13,3,5,6.4,High
9913,9,11,9,8,5.633333333,High
9914,10,1,6,2,5.8,High
9918,3,1,7,7,13.3,High
9920,6,4,2,9,5.2,High
9922,6,3,2,8,5.4,High
9923,2,15,2,4,13,High
9924,5,1,9,6,10.3,High
9925,2,15,7,4,15.5,High
9927,3,4,8,9,13.2,High
9928,1,18,5,9,28.9,
9930,6,13,8,1,6.4,High
9931,13,2,7,8,5.407692308,High
9932,8,8,9,3,6.65,High
9933,8,12,9,7,5.85,High
9936,4,3,1,8,7.4,High
9940,4,17,9,7,8.6,High
9941,2,1,5,8,17.3,High
9945,4,5,9,5,11,High
9947,1,3,4,4,31.4,
9951,6,14,9,8,6.7,High
9954,5,9,8,9,8.2,High
9955,23,1,9,8,5.604347826,High
9956,18,4,9,2,5.366666667,High
9960,5,13,4,4,5.4,High
9963,1,13,9,3,31.9,
9964,4,4,7,1,10.2,High
9972,1,7,7,5,32.1,
9973,1,3,2,2,30.4,
9974,13,3,8,6,5.707692308,High
9983,5,2,8,3,9.6,High
9986,5,10,9,2,8.5,High
9987,9,1,7,7,6.633333333,High
9992,9,9,8,6,5.533333333,High
9993,8,8,7,5,5.65,High
10003,3,18,4,2,8.4,High
10007,4,10,8,6,9.5,High
10013,5,8,7,2,7.9,High
10014,2,15,6,5,15,High
10015,4,9,4,1,7.7,High
10018,2,7,6,4,16.6,High
10026,8,11,9,3,6.05,High
10028,2,2,1,9,15.1,High
10030,2,2,1,3,15.1,High
10032,8,13,9,1,5.65,High
10033,2,12,2,9,13.6,High
10038,2,13,6,7,15.4,High
10039,6,2,9,8,9.1,High
10040,8,2,8,2,7.35,High
10041,7,3,7,5,7.185714286,High
10049,5,18,8,9,6.4,High
10058,3,19,1,9,6.7,High
10066,1,18,7,8,29.9,
10070,1,12,8,2,31.6,
10071,6,12,8,7,6.6,High
10073,1,8,7,8,31.9,
10081,2,19,6,8,14.2,High
10083,1,16,6,3,29.8,
10087,6,11,5,6,5.3,High
10089,14,1,9,6,6.442857143,High
10091,1,9,6,1,31.2,
10092,7,8,5,3,5.185714286,High
10095,7,6,7,1,6.585714286,High
10096,8,11,9,9,6.05,High
10100,2,2,7,8,18.1,High
10115,3,14,2,8,8.2,High
10122,3,15,6,5,10,High
10124,3,5,6,3,12,High
10127,6,2,7,1,8.1,High
10129,1,9,8,2,32.2,
10137,1,5,7,7,32.5,
10145,4,3,9,4,11.4,High
10147,12,2,7,4,5.6,High
10151,2,10,6,1,16,High
10153,1,11,3,8,29.3,
10158,9,3,8,3,6.733333333,High
10159,2,14,9,6,16.7,High
10160,5,13,7,7,6.9,High
10161,1,15,9,1,31.5,
10162,7,10,9,1,6.785714286,High
10163,7,2,9,9,8.385714286,High
10167,5,4,8,3,9.2,High
10194,8,1,6,7,6.55,High
10195,7,11,7,5,5.585714286,High
10197,5,7,5,8,7.1,High
10200,22,1,8,4,5.163636364,High
10201,10,8,8,1,5.4,High
10205,1,1,1,4,30.3,
10207,7,2,4,7,5.885714286,High
10211,5,1,6,7,8.8,High
10212,7,9,7,8,5.985714286,High
10216,5,9,7,2,7.7,High
10225,3,10,9,9,12.5,High
10228,10,6,8,2,5.8,High
10231,9,5,7,8,5.833333333,High
10236,3,19,4,4,8.2,High
10250,3,8,7,4,11.9,High
10255,6,16,8,9,5.8,High
10258,6,6,3,1,5.3,High
10261,3,14,7,6,10.7,High
10263,13,9,9,4,5.007692308,High
10266,29,1,9,4,5.334482759,High
10267,1,8,9,9,32.9,
10270,3,1,2,3,10.8,High
10271,3,1,5,4,12.3,High
10275,2,12,3,9,14.1,High
10278,4,19,4,2,5.7,High
10280,16,4,8,8,5.075,High
10282,9,14,9,9,5.033333333,High
10284,10,1,9,7,7.3,High
10287,5,16,8,1,6.8,High
10291,5,9,6,2,7.2,High
10296,9,9,7,9,5.033333333,High
10300,8,1,5,2,6.05,High
10302,7,11,8,6,6.085714286,High
10309,11,5,9,2,6.227272727,High
10312,5,1,2,4,6.8,High
10321,10,4,6,2,5.2,High
10323,8,2,6,3,6.35,High
10324,5,4,3,7,6.7,High
10325,1,17,5,2,29.1,
10328,11,4,7,4,5.427272727,High
10331,10,1,5,6,5.3,High
10333,2,14,8,8,16.2,High
10335,4,1,4,9,9.3,High
10337,1,2,5,3,32.1,
10340,7,4,6,4,6.485714286,High
10341,3,4,2,9,10.2,High
10343,6,6,6,3,6.8,High
10344,3,14,3,1,8.7,High
10345,9,4,5,7,5.033333333,High
10355,4,15,7,4,8,High
10356,5,12,8,6,7.6,High
10358,9,14,9,5,5.033333333,High
10367,3,17,2,6,7.6,High
10369,2,4,9,5,18.7,High
10370,4,8,2,4,6.9,High
10372,2,17,4,6,13.6,High
10375,9,1,5,8,5.633333333,High
10384,7,11,8,3,6.085714286,High
10388,3,1,8,2,13.8,High
10396,4,14,8,5,8.7,High
10407,3,11,1,8,8.3,High
10413,18,3,9,7,5.566666667,High
10416,3,10,8,2,12,High
10417,3,5,8,5,13,High
10420,7,1,8,1,8.085714286,High
10422,7,3,5,5,6.185714286,High
10423,5,12,5,9,6.1,High
10424,5,13,7,8,6.9,High
10425,1,19,9,4,30.7,
10431,6,1,6,1,7.8,High
10436,11,10,9,1,5.227272727,High
10437,2,15,5,1,14.5,High
10438,8,6,7,2,6.05,High
10440,15,2,7,4,5.1,High
10444,4,12,8,2,9.1,High
10445,5,17,7,9,6.1,High
10449,3,10,6,1,11,High
10457,1,3,8,2,33.4,
10458,10,3,6,7,5.4,High
10462,6,1,2,5,5.8,High
10463,3,8,8,8,12.4,High
10466,6,8,4,2,5.4,High
10470,5,11,4,7,5.8,High
10471,2,7,7,2,17.1,High
10472,11,2,8,6,6.327272727,High
10475,2,16,4,8,13.8,High
10478,11,1,8,8,6.527272727,High
10482,2,17,7,7,15.1,High
10489,1,1,6,2,32.8,
10494,3,7,4,8,10.6,High
10496,3,16,3,4,8.3,High
10503,2,13,4,3,14.4,High
10513,5,4,2,8,6.2,High
10514,2,15,2,9,13,High
10515,23,1,8,7,5.104347826,High
10516,6,11,8,3,6.8,High
10517,7,7,9,5,7.385714286,High
10518,3,19,9,1,10.7,High
10523,5,14,8,3,7.2,High
10529,9,2,8,3,6.933333333,High
10531,2,12,6,9,15.6,High
10540,5,9,9,5,8.7,High
10550,7,18,9,7,5.185714286,High
10562,6,9,9,5,7.7,High
10566,3,11,5,9,10.3,High
10576,1,17,5,5,29.1,
10578,3,19,7,9,9.7,High
10585,4,18,3,6,5.4,High
10589,6,3,4,3,6.4,High
10591,28,1,9,7,5.371428571,High
10593,6,4,4,1,6.2,High
10595,17,1,7,3,5.064705882,High
10596,3,18,9,7,10.9,High
10600,4,18,8,8,7.9,High
10603,5,2,2,4,6.6,High
10609,4,5,5,3,9,High
10612,1,17,9,6,31.1,
10620,5,16,6,9,5.8,High
10624,1,15,2,1,28,
10625,6,1,8,9,8.8,High
10627,6,15,7,5,5.5,High
10632,1,19,7,2,29.7,
10634,4,1,6,3,10.3,High
10636,5,14,6,9,6.2,High
10641,5,5,7,9,8.5,High
10644,2,10,5,1,15.5,High
10654,3,14,4,6,9.2,High
10659,20,1,8,8,5.3,High
10660,3,16,9,5,11.3,High
10663,14,1,7,9,5.442857143,High
10664,10,4,6,5,5.2,High
10671,4,17,5,5,6.6,High
10681,3,10,2,2,9,High
10688,7,8,6,8,5.685714286,High
10691,16,3,8,4,5.275,High
10692,5,14,9,9,7.7,High
10695,5,3,1,9,5.9,High
10698,3,4,5,9,11.7,High
10699,8,3,4,8,5.15,High
10707,3,9,5,3,10.7,High
10709,4,3,5,3,9.4,High
10711,2,17,7,9,15.1,High
10716,9,2,9,5,7.433333333,High
10720,5,6,6,3,7.8,High
10729,18,5,9,3,5.166666667,High
10732,6,6,9,4,8.3,High
10733,3,8,3,4,9.9,High
10747,1,2,8,3,33.6,
10749,1,14,2,7,28.2,
10750,6,15,7,6,5.5,High
10757,2,18,6,5,14.4,High
10767,1,18,1,1,26.9,
10769,1,1,5,6,32.3,
10779,8,2,9,7,7.85,High
10782,3,4,2,9,10.2,High
10785,5,8,4,9,6.4,High
10801,5,4,5,6,7.7,High
10804,13,4,8,7,5.507692308,High
10805,2,4,5,4,16.7,High
10813,12,5,8,9,5.5,High
10817,4,2,6,6,10.1,High
10820,2,5,3,1,15.5,High
10830,5,8,6,6,7.4,High
10832,5,6,9,8,9.3,High
10841,5,5,4,7,7,High
10846,7,12,8,6,5.885714286,High
10850,4,3,2,1,7.9,High
10857,1,18,9,3,30.9,
10859,1,4,3,2,30.7,
10862,5,2,5,5,8.1,High
10866,4,6,9,8,10.8,High
10879,5,14,9,1,7.7,High
10881,7,4,9,8,7.985714286,High
10882,7,10,6,9,5.285714286,High
10884,7,8,7,5,6.185714286,High
10896,5,3,4,9,7.4,High
10897,8,10,7,9,5.25,High
10898,7,4,4,9,5.485714286,High
10899,3,8,9,4,12.9,High
10901,1,15,9,2,31.5,
10904,4,11,1,1,5.8,High
10908,1,3,9,6,33.9,
10909,12,6,8,4,5.3,High
10914,3,6,5,9,11.3,High
10917,10,3,7,1,5.9,High
10922,3,5,4,6,11,High
10924,4,3,6,5,9.9,High
10926,6,11,9,6,7.3,High
10927,1,10,3,9,29.5,
10928,15,2,7,1,5.1,High
10935,11,3,7,6,5.627272727,High
10943,9,13,9,7,5.233333333,High
10945,6,16,7,6,5.3,High
10947,8,1,3,5,5.05,High
10958,6,1,7,1,8.3,High
10960,10,7,9,7,6.1,High
10961,2,12,6,8,15.6,High
10962,3,18,8,8,10.4,High
10963,6,13,8,3,6.4,High
10966,8,5,7,7,6.25,High
10973,9,9,7,4,5.033333333,High
10974,2,11,5,3,15.3,High
10976,11,2,7,4,5.827272727,High
10980,1,8,5,6,30.9,
10995,7,10,7,4,5.785714286,High
10997,6,4,7,4,7.7,High
11000,7,2,5,2,6.385714286,High
11007,2,18,8,7,15.4,High
11008,3,13,5,5,9.9,High
11013,11,1,9,7,7.027272727,High
11017,6,11,9,9,7.3,High
11019,1,2,6,5,32.6,
11028,7,9,7,7,5.985714286,High
11029,3,10,6,9,11,High
11030,1,11,8,8,31.8,
11034,7,5,6,2,6.285714286,High
11036,3,4,5,2,11.7,High
11044,5,2,1,7,6.1,High
11049,3,18,3,7,7.9,High
11054,7,9,6,7,5.485714286,High
11057,2,7,8,7,17.6,High
11062,6,3,5,4,6.9,High
11069,7,15,9,9,5.785714286,High
11077,17,2,8,6,5.364705882,High
11081,7,6,9,2,7.585714286,High
11082,4,7,6,6,9.1,High
11084,2,8,3,6,14.9,High
11090,3,18,5,8,8.9,High
11091,11,4,9,5,6.427272727,High
11093,6,5,3,1,5.5,High
11101,2,4,8,3,18.2,High
11102,6,3,9,4,8.9,High
11103,10,8,9,6,5.9,High
11105,11,8,8,9,5.127272727,High
11112,5,16,5,7,5.3,High
11113,25,1,9,4,5.5,High
11114,4,3,7,1,10.4,High
11129,4,2,1,1,7.6,High
11134,7,16,9,3,5.585714286,High
11137,3,17,8,4,10.6,High
11140,1,5,1,9,29.5,
11142,2,18,2,9,12.4,High
11145,12,2,7,4,5.6,High
11150,4,2,2,6,8.1,High
11152,16,4,8,4,5.075,High
11158,3,11,8,7,11.8,High
11170,5,6,1,6,5.3,High
11175,4,11,1,1,5.8,High
11178,9,6,9,9,6.633333333,High
11183,3,4,9,2,13.7,High
11186,8,1,5,6,6.05,High
11187,12,3,8,1,5.9,High
11195,2,2,9,5,19.1,High
11204,5,16,8,8,6.8,High
11205,2,14,8,4,16.2,High
11206,3,13,8,5,11.4,High
11207,2,9,5,5,15.7,High
11210,1,7,2,1,29.6,
11220,1,15,7,9,30.5,
11224,1,17,5,8,29.1,
11225,16,5,9,9,5.375,High
11226,5,10,3,8,5.5,High
11230,4,10,1,5,6,High
11231,5,19,6,6,5.2,High
11232,6,6,4,7,5.8,High
11233,14,5,9,1,5.642857143,High
11237,7,10,8,6,6.285714286,High
11239,3,11,6,4,10.8,High
11240,2,17,4,5,13.6,High
11245,6,11,5,6,5.3,High
11250,2,16,7,4,15.3,High
11252,6,13,9,9,6.9,High
11256,3,18,1,4,6.9,High
11259,2,5,2,7,15,High
11260,3,19,3,4,7.7,High
11261,4,8,3,6,7.4,High
11264,3,7,9,8,13.1,High
11282,5,17,7,1,6.1,High
11291,8,1,5,5,6.05,High
11293,6,16,8,8,5.8,High
11295,5,1,9,4,10.3,High
11298,2,3,7,7,17.9,High
11303,4,11,1,8,5.8,High
11308,3,12,3,7,9.1,High
11311,4,9,8,4,9.7,High
11326,3,7,8,3,12.6,High
11327,3,4,1,8,9.7,High
11329,2,2,9,7,19.1,High
11336,2,3,8,3,18.4,High
11339,3,19,6,7,9.2,High
11341,5,7,4,4,6.6,High
11342,4,12,7,7,8.6,High
11343,3,9,1,2,8.7,High
11345,17,4,9,7,5.464705882,High
11346,3,7,7,9,12.1,High
11357,14,5,8,3,5.142857143,High
11362,12,3,7,1,5.4,High
11364,10,2,8,1,6.6,High
11365,4,11,4,3,7.3,High
11366,3,10,8,1,12,High
11372,2,9,6,1,16.2,High
11373,4,17,5,4,6.6,High
11374,1,1,4,2,31.8,
11376,4,5,7,6,10,High
11377,2,6,2,2,14.8,High
11379,6,3,6,7,7.4,High
11384,10,3,6,1,5.4,High
11387,1,7,1,8,29.1,
11390,8,7,8,5,6.35,High
11391,9,6,7,7,5.633333333,High
11393,1,13,6,7,30.4,
11397,5,3,2,3,6.4,High
11401,4,7,8,1,10.1,High
11403,8,7,9,1,6.85,High
11409,13,3,7,1,5.207692308,High
11410,9,1,4,1,5.133333333,High
11413,2,5,2,6,15,High
11416,1,6,9,7,33.3,
11422,4,18,5,1,6.4,High
11423,4,4,7,4,10.2,High
11425,2,5,2,5,15,High
11429,6,3,3,5,5.9,High
11439,1,13,7,9,30.9,
11440,26,1,9,9,5.453846154,High
11441,3,14,3,4,8.7,High
11446,10,5,9,3,6.5,High
11450,1,5,4,8,31,
11452,1,7,7,7,32.1,
11460,2,16,5,4,14.3,High
11461,7,8,7,8,6.185714286,High
11464,9,11,8,4,5.133333333,High
11468,3,7,6,5,11.6,High
11471,3,5,7,6,12.5,High
11473,17,4,9,5,5.464705882,High
11480,8,4,5,3,5.45,High
11482,5,9,7,9,7.7,High
11483,10,10,9,5,5.5,High
11485,1,8,5,2,30.9,
11487,1,10,2,8,29,
11491,11,3,7,5,5.627272727,High
11521,4,7,8,7,10.1,High
11524,11,2,7,3,5.827272727,High
11525,5,9,5,1,6.7,High
11527,1,15,5,8,29.5,
11529,17,3,9,7,5.664705882,High
11540,4,11,2,4,6.3,High
11541,3,1,2,4,10.8,High
11546,1,3,9,7,33.9,
11551,21,2,8,9,5.028571429,High
11558,3,9,7,4,11.7,High
11561,9,7,8,5,5.933333333,High
11563,1,14,1,9,27.7,
11564,4,5,2,4,7.5,High
11565,6,17,9,2,6.1,High
11567,3,14,5,2,9.7,High
11570,8,9,9,3,6.45,High
11572,2,1,8,8,18.8,High
11577,9,2,8,6,6.933333333,High
11578,8,4,9,8,7.45,High
11580,7,5,4,5,5.285714286,High
11583,4,2,5,7,9.6,High
11584,12,1,8,5,6.3,High
11593,11,1,9,1,7.027272727,High
11599,3,17,1,7,7.1,High
11602,13,3,9,2,6.207692308,High
11604,7,13,7,9,5.185714286,High
11606,1,8,7,6,31.9,
11608,2,15,7,9,15.5,High
11609,5,5,4,6,7,High
11622,6,15,7,5,5.5,High
11627,5,11,8,9,7.8,High
11630,3,6,5,8,11.3,High
11633,12,2,6,7,5.1,High
11639,2,19,6,4,14.2,High
11641,6,1,9,1,9.3,High
11645,4,9,2,8,6.7,High
11648,5,6,5,4,7.3,High
11652,1,7,9,2,33.1,
11658,4,1,3,7,8.8,High
11660,4,7,7,4,9.6,High
11678,3,14,7,4,10.7,High
11683,6,3,5,1,6.9,High
11685,2,17,4,9,13.6,High
11686,3,13,1,1,7.9,High
11687,9,6,7,3,5.633333333,High
11693,3,12,7,8,11.1,High
11703,3,3,8,1,13.4,High
11710,5,3,2,2,6.4,High
11711,4,19,4,3,5.7,High
11712,24,1,8,6,5.05,High
11713,3,12,3,7,9.1,High
11715,2,4,4,1,16.2,High
11718,2,12,9,8,17.1,High
11730,2,7,1,4,14.1,High
11735,4,2,1,2,7.6,High
11743,6,6,4,3,5.8,High
11746,8,3,9,7,7.65,High
11747,2,8,6,2,16.4,High
11750,2,11,3,4,14.3,High
11752,3,7,4,3,10.6,High
11758,6,6,4,3,5.8,High
11760,3,5,2,9,10,High
11761,8,5,9,8,7.25,High
11763,2,13,8,5,16.4,High
11767,2,14,6,7,15.2,High
11770,1,5,8,4,33,
11774,6,2,3,6,6.1,High
11780,4,5,8,8,10.5,High
11783,2,17,2,1,12.6,High
11789,2,5,2,6,15,High
11803,5,15,5,8,5.5,High
11806,7,6,7,6,6.585714286,High
11810,8,10,8,1,5.75,High
11813,3,16,5,7,9.3,High
11814,4,4,5,7,9.2,High
11815,6,2,8,9,8.6,High
11816,3,11,3,4,9.3,High
11819,9,11,8,8,5.133333333,High
11825,2,6,2,9,14.8,High
11826,6,2,2,8,5.6,High
11827,2,9,3,6,14.7,High
11829,20,4,9,2,5.2,High
11834,1,14,1,2,27.7,
11836,3,12,1,7,8.1,High
11837,2,7,8,3,17.6,High
11840,2,19,2,7,12.2,High
11841,10,4,6,8,5.2,High
11844,2,14,7,7,15.7,High
11849,6,12,8,2,6.6,High
11861,12,2,9,7,6.6,High
11865,3,7,5,6,11.1,High
11870,15,4,9,7,5.7,High
11872,2,2,9,1,19.1,High
11873,1,14,3,1,28.7,
11882,10,2,8,8,6.6,High
11883,11,3,9,8,6.627272727,High
11884,4,2,5,6,9.6,High
11893,2,15,3,9,13.5,High
11896,1,7,3,7,30.1,
11911,2,2,5,8,17.1,High
11913,2,14,4,5,14.2,High
11914,3,12,9,8,12.1,High
11918,1,11,8,9,31.8,
11919,4,1,2,8,8.3,High
11921,2,8,5,3,15.9,High
11923,20,2,8,9,5.1,High
11925,1,3,8,6,33.4,
11930,3,3,6,6,12.4,High
11933,6,11,8,2,6.8,High
11938,4,6,4,6,8.3,High
11940,6,15,9,6,6.5,High
11943,3,5,2,8,10,High
11944,7,7,9,9,7.385714286,High
11946,9,3,9,9,7.233333333,High
11948,3,3,8,3,13.4,High
11955,10,7,9,1,6.1,High
11958,6,4,6,7,7.2,High
11961,3,13,3,9,8.9,High
11964,5,15,5,7,5.5,High
11965,8,1,3,1,5.05,High
11968,2,15,9,9,16.5,High
11969,5,1,8,8,9.8,High
11974,1,15,8,8,31,
11975,2,13,2,7,13.4,High
11981,4,7,1,6,6.6,High
11983,14,1,9,9,6.442857143,High
11989,3,17,3,6,8.1,High
11997,1,9,4,4,30.2,
11998,3,3,3,6,10.9,High
11999,3,15,9,4,11.5,High
12002,1,5,6,6,32,
12009,2,16,3,3,13.3,High
12013,4,13,8,4,8.9,High
12017,2,11,6,1,15.8,High
12025,19,2,8,9,5.178947368,High
12026,7,6,9,7,7.585714286,High
12028,1,12,2,8,28.6,
12032,5,18,7,6,5.9,High
12035,5,5,3,9,6.5,High
12036,1,18,8,4,30.4,
12038,18,3,8,6,5.066666667,High
12045,2,3,1,9,14.9,High
12046,17,2,9,8,5.864705882,High
12051,4,3,1,3,7.4,High
12053,4,16,8,2,8.3,High
12058,5,4,5,2,7.7,High
12060,2,13,2,6,13.4,High
12061,6,3,5,5,6.9,High
12064,9,1,8,4,7.133333333,High
12069,3,17,9,6,11.1,High
12076,2,8,7,4,16.9,High
12084,9,2,6,8,5.933333333,High
12088,5,7,1,1,5.1,High
12090,2,9,2,6,14.2,High
12096,7,1,5,8,6.585714286,High
12098,8,6,8,7,6.55,High
12099,3,11,5,5,10.3,High
12100,26,3,9,9,5.053846154,High
12101,5,7,2,9,5.6,High
12106,6,3,5,6,6.9,High
12115,3,16,7,7,10.3,High
12120,4,14,5,9,7.2,High
12123,3,19,2,8,7.2,High
12126,8,5,9,3,7.25,High
12128,4,4,8,9,10.7,High
12135,5,12,8,7,7.6,High
12136,16,6,9,3,5.175,High
12138,4,7,5,5,8.6,High
12143,6,12,8,5,6.6,High
12157,7,4,5,4,5.985714286,High
12160,5,7,7,8,8.1,High
12162,4,2,4,1,9.1,High
12164,8,1,9,6,8.05,High
12167,4,19,3,6,5.2,High
12170,12,1,6,4,5.3,High
12172,3,7,5,6,11.1,High
12179,25,3,9,7,5.1,High
12180,4,14,3,7,6.2,High
12182,2,18,3,3,12.9,High
12183,5,2,9,3,10.1,High
12185,4,7,3,2,7.6,High
12191,7,1,8,8,8.085714286,High
12192,13,2,7,3,5.407692308,High
12196,7,1,9,1,8.585714286,High
12197,4,12,8,2,9.1,High
12200,2,10,9,4,17.5,High
12202,3,1,5,7,12.3,High
12210,3,1,8,9,13.8,High
12214,17,1,8,8,5.564705882,High
12218,2,1,9,1,19.3,High
12219,16,2,8,7,5.475,High
12223,3,6,2,5,9.8,High
12229,4,14,3,1,6.2,High
12235,5,12,9,2,8.1,High
12238,6,8,6,5,6.4,High
12243,5,10,3,3,5.5,High
12244,1,17,4,5,28.6,
12245,13,6,9,1,5.607692308,High
12246,12,3,9,9,6.4,High
12247,3,9,9,9,12.7,High
12251,8,3,7,2,6.65,High
12253,15,4,9,1,5.7,High
12255,22,2,9,1,5.463636364,High
12258,5,6,9,8,9.3,High
12259,3,6,1,3,9.3,High
12261,2,16,8,7,15.8,High
12264,3,9,6,9,11.2,High
12268,5,12,9,6,8.1,High
12271,3,10,4,2,10,High
12273,1,8,4,8,30.4,
12276,5,19,9,3,6.7,High
12278,5,16,6,8,5.8,High
12281,1,12,9,1,32.1,
12283,5,18,7,2,5.9,High
12295,1,3,5,9,31.9,
12296,3,10,7,3,11.5,High
12301,18,3,9,7,5.566666667,High
12302,2,16,4,6,13.8,High
12303,11,6,8,1,5.527272727,High
12310,1,12,2,3,28.6,
12311,2,8,4,1,15.4,High
12319,7,1,5,5,6.585714286,High
12322,1,13,9,3,31.9,
12325,9,1,7,8,6.633333333,High
12326,1,9,4,2,30.2,
12331,7,6,9,4,7.585714286,High
12332,21,4,9,2,5.128571429,High
12335,6,18,9,9,5.9,High
12337,2,9,7,9,16.7,High
12345,5,7,4,1,6.6,High
12354,6,2,1,2,5.1,High
12366,1,10,2,9,29,
12373,3,1,1,1,10.3,High
12374,3,5,8,8,13,High
12388,2,18,6,6,14.4,High
12394,2,5,7,7,17.5,High
12397,11,11,9,4,5.027272727,High
12400,8,5,9,4,7.25,High
12401,29,1,9,3,5.334482759,High
12406,7,16,8,8,5.085714286,High
12412,1,16,7,3,30.3,
12418,7,3,9,4,8.185714286,High
12425,15,2,8,5,5.6,High
12430,2,4,4,5,16.2,High
12435,3,3,1,2,9.9,High
12437,5,5,5,6,7.5,High
12440,6,19,8,4,5.2,High
12449,5,13,4,4,5.4,High
12450,11,2,7,9,5.827272727,High
12452,4,10,4,1,7.5,High
12454,2,10,6,3,16,High
12455,6,6,4,1,5.8,High
12456,3,11,6,1,10.8,High
12457,1,19,4,9,28.2,
12466,6,14,7,4,5.7,High
12469,8,10,8,5,5.75,High
12470,11,7,9,8,5.827272727,High
12473,1,3,9,1,33.9,
12476,4,14,4,5,6.7,High
12478,2,1,4,5,16.8,High
12480,4,19,3,6,5.2,High
12483,20,1,8,1,5.3,High
12487,7,3,6,5,6.685714286,High
12491,1,18,6,1,29.4,
12492,2,19,1,3,11.7,High
12493,5,18,7,6,5.9,High
12494,4,5,4,7,8.5,High
12495,3,6,9,8,13.3,High
12500,4,3,5,3,9.4,High
12502,22,2,9,5,5.463636364,High
12505,7,2,5,6,6.385714286,High
12506,4,14,3,7,6.2,High
12511,4,7,5,5,8.6,High
12512,4,11,8,2,9.3,High
12513,4,13,5,4,7.4,High
12515,13,3,9,1,6.207692308,High
12518,1,2,5,2,32.1,
12519,5,3,9,5,9.9,High
12521,4,10,6,2,8.5,High
12522,3,12,5,3,10.1,High
12524,1,11,6,6,30.8,
12525,4,7,3,7,7.6,High
12527,21,1,8,7,5.228571429,High
12530,17,3,9,9,5.664705882,High
12531,1,7,6,5,31.6,
12533,7,3,8,9,7.685714286,High
12537,21,3,9,1,5.328571429,High
12538,5,1,6,8,8.8,High
12540,8,14,9,8,5.45,High
12542,12,2,9,5,6.6,High
12543,1,2,7,7,33.1,
12544,2,3,3,1,15.9,High
12548,2,3,1,1,14.9,High
12551,7,18,9,3,5.185714286,High
12558,6,5,7,6,7.5,High
12567,12,7,9,9,5.6,High
12568,9,14,9,7,5.033333333,High
12575,6,1,3,4,6.3,High
12582,11,1,8,2,6.527272727,High
12586,1,9,7,1,31.7,
12590,1,1,4,8,31.8,
12594,3,1,6,4,12.8,High
12596,3,17,3,4,8.1,High
12600,4,9,8,6,9.7,High
12602,5,9,6,5,7.2,High
12603,12,1,9,9,6.8,High
12604,2,1,6,5,17.8,High
12607,1,15,9,6,31.5,
12610,4,4,2,7,7.7,High
12612,2,2,2,1,15.6,High
12615,3,7,9,1,13.1,High
12616,5,6,8,4,8.8,High
12620,4,15,8,8,8.5,High
12622,5,2,9,8,10.1,High
12628,1,18,2,1,27.4,
12631,8,8,9,2,6.65,High
12634,7,14,9,6,5.985714286,High
12636,15,1,7,4,5.3,High
12637,12,2,7,2,5.6,High
12641,3,7,1,2,9.1,High
12654,2,1,9,1,19.3,High
12661,9,14,9,5,5.033333333,High
12665,14,3,8,1,5.542857143,High
12672,1,19,7,9,29.7,
12677,2,11,8,7,16.8,High
12682,2,7,9,2,18.1,High
12688,1,8,8,7,32.4,
12689,3,3,1,8,9.9,High
12693,14,2,7,5,5.242857143,High
12697,2,16,5,7,14.3,High
12701,2,5,6,3,17,High
12706,10,4,6,2,5.2,High
12710,18,2,9,5,5.766666667,High
12711,8,2,4,9,5.35,High
12717,2,13,7,6,15.9,High
12720,17,3,9,9,5.664705882,High
12729,1,4,5,1,31.7,
12734,10,1,9,2,7.3,High
12738,9,4,7,5,6.033333333,High
12740,9,6,6,1,5.133333333,High
12742,4,7,2,3,7.1,High
12743,1,16,6,2,29.8,
12746,2,3,9,7,18.9,High
12748,4,8,3,7,7.4,High
12751,1,10,1,1,28.5,
12756,3,8,1,9,8.9,High
12757,9,5,8,6,6.333333333,High
12758,10,9,8,9,5.2,High
12763,9,10,8,5,5.333333333,High
12777,9,6,9,5,6.633333333,High
12779,1,9,8,1,32.2,
12785,2,15,2,4,13,High
12789,7,8,9,1,7.185714286,High
12799,19,4,9,1,5.278947368,High
12804,5,5,5,5,7.5,High
12806,7,3,8,9,7.685714286,High
12807,3,12,1,4,8.1,High
12809,4,18,3,7,5.4,High
12811,1,4,9,3,33.7,
12820,3,4,3,4,10.7,High
12831,4,11,5,4,7.8,High
12832,4,2,2,9,8.1,High
12833,9,6,6,2,5.133333333,High
12836,1,11,1,5,28.3,
12839,1,17,2,9,27.6,
12846,4,11,7,7,8.8,High
12847,12,3,8,3,5.9,High
12857,3,11,5,9,10.3,High
12858,13,7,9,5,5.407692308,High
12860,4,15,8,9,8.5,High
12863,1,10,9,1,32.5,
12866,2,11,5,5,15.3,High
12868,8,7,7,6,5.85,High
12869,5,10,6,8,7,High
12873,6,1,5,2,7.3,High
12874,8,3,8,9,7.15,High
12875,6,5,5,2,6.5,High
12878,3,2,2,6,10.6,High
12888,1,5,6,2,32,
12891,15,4,8,6,5.2,High
12894,4,7,3,9,7.6,High
12897,6,5,4,5,6,High
12898,2,7,7,5,17.1,High
12901,3,18,2,1,7.4,High
12902,3,6,7,7,12.3,High
12903,1,13,9,1,31.9,
12908,7,8,9,5,7.185714286,High
12910,11,3,7,8,5.627272727,High
12912,13,7,9,3,5.407692308,High
12915,9,1,6,8,6.133333333,High
12925,5,7,1,7,5.1,High
12926,10,5,7,2,5.5,High
12928,3,17,4,7,8.6,High
12930,4,13,6,7,7.9,High
12931,6,13,9,1,6.9,High
12932,2,9,8,6,17.2,High
12935,15,4,9,1,5.7,High
12936,9,6,9,9,6.633333333,High
12937,3,19,3,9,7.7,High
12946,29,2,9,1,5.134482759,High
12948,16,2,9,9,5.975,High
12949,3,1,2,4,10.8,High
12953,3,15,1,9,7.5,High
12960,3,6,2,2,9.8,High
12968,15,3,8,8,5.4,High
12972,6,5,4,9,6,High
12982,1,11,3,1,29.3,
12985,4,7,5,4,8.6,High
12993,11,1,7,9,6.027272727,High
12999,2,6,2,5,14.8,High
13005,2,3,9,4,18.9,High
13006,2,14,5,9,14.7,High
13010,22,1,8,1,5.163636364,High
13014,7,1,9,8,8.585714286,High
13016,2,11,8,3,16.8,High
13019,7,11,8,7,6.085714286,High
13027,9,3,7,7,6.233333333,High
13030,4,9,6,9,8.7,High
13035,3,11,6,3,10.8,High
13040,8,14,9,6,5.45,High
13041,1,18,1,2,26.9,
13042,2,11,8,3,16.8,High
13044,21,2,9,8,5.528571429,High
13047,6,17,7,4,5.1,High
13048,1,18,2,2,27.4,
13052,12,6,8,4,5.3,High
13054,2,3,3,3,15.9,High
13056,2,1,3,4,16.3,High
13059,5,18,9,3,6.9,High
13062,2,11,8,5,16.8,High
13064,3,11,3,7,9.3,High
13065,4,17,9,4,8.6,High
13066,8,1,9,4,8.05,High
13070,3,8,3,6,9.9,High
13071,3,19,7,5,9.7,High
13072,6,1,6,7,7.8,High
13073,5,17,7,2,6.1,High
13077,7,13,9,3,6.185714286,High
13087,8,6,8,5,6.55,High
13103,4,17,8,3,8.1,High
13104,16,1,7,6,5.175,High
13105,10,5,7,9,5.5,High
13108,3,2,8,2,13.6,High
13111,1,13,7,4,30.9,
13113,5,19,6,9,5.2,High
13117,17,1,8,6,5.564705882,High
13120,3,11,2,5,8.8,High
13123,8,5,7,4,6.25,High
13129,2,3,9,8,18.9,High
13130,4,5,9,9,11,High
13131,8,2,8,7,7.35,High
13138,6,1,4,2,6.8,High
13143,5,6,7,6,8.3,High
13144,8,8,8,3,6.15,High
13148,3,11,4,1,9.8,High
13150,4,8,3,2,7.4,High
13153,7,7,7,6,6.385714286,High
13158,9,3,9,6,7.233333333,High
13163,6,9,8,6,7.2,High
13165,1,5,6,1,32,
13175,5,11,7,1,7.3,High
13176,5,11,6,9,6.8,High
13182,3,13,6,5,10.4,High
13183,10,1,6,4,5.8,High
13190,6,11,6,2,5.8,High
13193,2,16,4,8,13.8,High
13199,4,19,8,8,7.7,High
13201,3,19,5,5,8.7,High
13203,2,9,4,6,15.2,High
13213,3,9,6,6,11.2,High
13216,1,17,7,5,30.1,
13218,6,2,9,6,9.1,High
13222,7,13,9,7,6.185714286,High
13234,5,2,8,2,9.6,High
13237,6,4,5,4,6.7,High
13243,12,3,7,2,5.4,High
13244,3,15,7,9,10.5,High
13248,2,13,3,4,13.9,High
13269,1,3,1,6,29.9,
13271,5,1,5,9,8.3,High
13278,3,8,5,2,10.9,High
13283,8,2,6,8,6.35,High
13284,5,13,5,4,5.9,High
13288,6,14,8,6,6.2,High
13290,23,1,8,3,5.104347826,High
13292,3,12,3,4,9.1,High
13294,1,3,2,5,30.4,
13297,2,8,8,5,17.4,High
13300,4,8,7,3,9.4,High
13306,3,19,6,6,9.2,High
13311,10,6,7,8,5.3,High
13313,3,4,5,5,11.7,High
13314,13,8,9,3,5.207692308,High
13322,1,3,1,8,29.9,
13328,4,1,7,4,10.8,High
13329,2,14,8,9,16.2,High
13332,3,9,5,6,10.7,High
13334,6,12,5,9,5.1,High
13338,1,1,2,3,30.8,
13342,20,1,8,3,5.3,High
13345,5,6,3,1,6.3,High
13351,10,3,6,4,5.4,High
13353,1,17,7,9,30.1,
13355,13,2,8,8,5.907692308,High
13356,1,11,1,6,28.3,
13357,4,7,4,1,8.1,High
13366,7,8,5,1,5.185714286,High
13373,19,2,9,4,5.678947368,High
13380,2,16,6,7,14.8,High
13382,2,17,1,3,12.1,High
13383,13,9,9,4,5.007692308,High
13387,3,7,1,7,9.1,High
13399,5,10,6,7,7,High
13400,7,6,7,1,6.585714286,High
13403,7,6,6,1,6.085714286,High
13405,7,3,6,5,6.685714286,High
13410,2,11,1,1,13.3,High
13413,3,11,8,5,11.8,High
13421,6,1,4,1,6.8,High
13437,7,1,4,6,6.085714286,High
13444,1,13,1,1,27.9,
13446,9,1,8,3,7.133333333,High
13455,2,9,1,3,13.7,High
13463,1,14,3,4,28.7,
13464,2,9,8,2,17.2,High
13468,7,7,9,8,7.385714286,High
13473,4,16,3,5,5.8,High
13477,9,3,7,4,6.233333333,High
13479,1,10,2,4,29,
13494,7,11,8,4,6.085714286,High
13496,5,4,8,4,9.2,High
13498,1,5,1,1,29.5,
13500,5,14,4,6,5.2,High
13502,7,2,4,3,5.885714286,High
13503,3,4,8,7,13.2,High
13507,3,13,5,5,9.9,High
13512,23,4,9,5,5.004347826,High
13514,4,5,3,2,8,High
13517,12,1,8,8,6.3,High
13521,9,7,8,1,5.933333333,High
13522,2,16,8,8,15.8,High
13523,4,10,5,1,8,High
13524,2,17,5,9,14.1,High
13529,1,18,3,1,27.9,
13532,22,1,9,8,5.663636364,High
13534,6,8,4,1,5.4,High
13539,11,5,7,7,5.227272727,High
13541,1,12,8,3,31.6,
13542,1,15,2,7,28,
13543,3,1,7,9,13.3,High
13547,11,3,8,3,6.127272727,High
13549,3,4,6,2,12.2,High
13555,26,2,9,1,5.253846154,High
13556,5,5,6,4,8,High
13559,5,8,5,6,6.9,High
13564,4,12,4,4,7.1,High
13565,28,2,9,6,5.171428571,High
13572,3,6,4,4,10.8,High
13573,1,7,5,8,31.1,
13574,9,6,9,2,6.633333333,High
13576,4,13,9,6,9.4,High
13577,2,17,1,4,12.1,High
13578,5,18,6,4,5.4,High
13580,1,16,6,4,29.8,
13583,9,9,9,8,6.033333333,High
13585,9,2,9,8,7.433333333,High
13588,3,10,7,2,11.5,High
13589,6,3,5,5,6.9,High
13598,2,6,8,5,17.8,High
13599,5,3,4,8,7.4,High
13602,2,4,3,8,15.7,High
13604,3,2,1,4,10.1,High
13606,3,6,8,8,12.8,High
13613,6,17,8,9,5.6,High
13630,3,4,2,3,10.2,High
13634,9,10,8,2,5.333333333,High
13635,2,17,1,5,12.1,High
13637,1,8,3,4,29.9,
13641,1,1,5,3,32.3,
13644,16,2,8,4,5.475,High
13645,1,17,3,2,28.1,
13650,3,17,3,3,8.1,High
13654,19,5,9,1,5.078947368,High
13660,8,4,6,5,5.95,High
13662,2,3,8,3,18.4,High
13674,2,17,9,8,16.1,High
13675,14,7,9,8,5.242857143,High
13682,5,6,6,5,7.8,High
13687,9,4,7,3,6.033333333,High
13688,2,8,4,8,15.4,High
13692,5,11,8,9,7.8,High
13699,1,13,5,8,29.9,
13700,2,4,7,1,17.7,High
13705,2,15,9,7,16.5,High
13707,9,10,8,9,5.333333333,High
13710,2,1,6,9,17.8,High
13712,2,4,9,5,18.7,High
13713,4,3,8,2,10.9,High
13719,2,13,6,7,15.4,High
13721,28,1,9,5,5.371428571,High
13722,3,14,1,1,7.7,High
13727,3,19,4,9,8.2,High
13728,5,9,2,4,5.2,High
13731,8,4,5,9,5.45,High
13733,10,7,7,6,5.1,High
13739,6,10,8,1,7,High
13743,7,2,3,4,5.385714286,High
13745,12,3,8,3,5.9,High
13752,5,10,9,5,8.5,High
13761,5,6,9,1,9.3,High
13765,14,6,9,3,5.442857143,High
13767,20,1,8,8,5.3,High
13769,6,14,6,8,5.2,High
13771,4,5,9,2,11,High
13772,5,6,7,3,8.3,High
13775,2,1,6,7,17.8,High
13786,2,9,2,8,14.2,High
13790,2,18,9,7,15.9,High
13795,6,6,5,3,6.3,High
13798,19,2,8,5,5.178947368,High
13800,3,4,7,4,12.7,High
13805,1,4,9,7,33.7,
13806,2,12,3,3,14.1,High
13811,2,1,6,4,17.8,High
13813,9,7,7,9,5.433333333,High
13814,9,3,9,3,7.233333333,High
13824,3,18,5,9,8.9,High
13828,1,7,5,3,31.1,
13831,9,8,7,2,5.233333333,High
13833,19,2,9,5,5.678947368,High
13834,2,6,6,2,16.8,High
13839,8,6,9,7,7.05,High
13850,20,1,9,6,5.8,High
13853,5,7,6,9,7.6,High
13854,1,3,2,8,30.4,
13856,4,17,8,4,8.1,High
13857,14,1,8,2,5.942857143,High
13861,5,1,1,3,6.3,High
13863,3,5,9,3,13.5,High
13870,6,3,2,7,5.4,High
13875,9,2,6,6,5.933333333,High
13878,4,8,5,7,8.4,High
13883,8,8,8,7,6.15,High
13894,6,5,8,8,8,High
13896,1,13,1,4,27.9,
13899,1,19,8,5,30.2,
13900,13,2,8,6,5.907692308,High
13904,28,1,9,3,5.371428571,High
13906,4,11,8,7,9.3,High
13907,3,14,4,1,9.2,High
13917,5,11,3,6,5.3,High
13923,5,11,3,1,5.3,High
13929,3,15,6,7,10,High
13930,5,16,8,1,6.8,High
13940,5,7,9,2,9.1,High
13941,7,2,5,6,6.385714286,High
13943,2,12,2,2,13.6,High
13949,4,7,6,7,9.1,High
13952,8,4,8,3,6.95,High
13954,3,5,2,1,10,High
13957,4,19,4,2,5.7,High
13960,24,1,9,2,5.55,High
13962,8,6,8,9,6.55,High
13965,20,3,9,9,5.4,High
13969,12,2,9,3,6.6,High
13970,4,13,4,8,6.9,High
13972,4,4,9,2,11.2,High
13978,13,2,7,3,5.407692308,High
13982,7,8,6,4,5.685714286,High
13983,23,1,9,8,5.604347826,High
13984,13,1,8,3,6.107692308,High
13986,2,1,5,7,17.3,High
13989,8,7,8,8,6.35,High
13991,13,6,9,4,5.607692308,High
13992,6,17,7,5,5.1,High
14001,2,17,6,4,14.6,High
14005,3,13,3,4,8.9,High
14010,3,3,4,3,11.4,High
14011,7,6,9,6,7.585714286,High
14015,15,2,9,9,6.1,High
14017,4,11,7,3,8.8,High
14023,10,4,8,9,6.2,High
14025,3,6,1,9,9.3,High
14032,4,12,4,4,7.1,High
14034,9,5,9,1,6.833333333,High
14037,1,5,2,9,30,
14039,4,5,9,1,11,High
14042,13,1,7,9,5.607692308,High
14044,4,3,3,4,8.4,High
14049,7,12,8,5,5.885714286,High
14051,6,3,5,5,6.9,High
14053,8,2,6,8,6.35,High
14055,5,3,8,2,9.4,High
14058,19,5,9,6,5.078947368,High
14070,3,17,5,2,9.1,High
14073,2,14,5,3,14.7,High
14074,7,15,9,8,5.785714286,High
14077,2,2,1,1,15.1,High
14081,2,15,9,5,16.5,High
14085,6,9,6,7,6.2,High
14094,3,5,5,1,11.5,High
14099,8,11,8,4,5.55,High
14106,7,3,6,5,6.685714286,High
14111,5,2,1,4,6.1,High
14112,4,15,2,7,5.5,High
14113,6,2,4,2,6.6,High
14115,1,17,4,7,28.6,
14116,6,13,9,7,6.9,High
14123,3,6,6,1,11.8,High
14124,4,14,3,1,6.2,High
14127,1,10,6,4,31,
14135,8,4,9,1,7.45,High
14138,6,7,7,5,7.1,High
14139,3,6,8,6,12.8,High
14142,3,10,8,7,12,High
14147,6,3,5,2,6.9,High
14148,4,7,9,9,10.6,High
14149,7,3,6,5,6.685714286,High
14153,21,1,9,7,5.728571429,High
14159,6,8,9,3,7.9,High
14163,13,5,9,2,5.807692308,High
14167,18,3,8,8,5.066666667,High
14168,4,16,5,5,6.8,High
14174,2,14,3,4,13.7,High
14175,4,1,7,9,10.8,High
14177,2,13,8,2,16.4,High
14181,8,3,4,4,5.15,High
14184,1,13,5,2,29.9,
14185,3,10,2,5,9,High
14188,3,5,6,4,12,High
14189,10,2,7,1,6.1,High
14192,3,10,9,8,12.5,High
14196,10,2,9,7,7.1,High
14198,2,19,4,5,13.2,High
14200,5,7,7,3,8.1,High
14206,4,5,8,7,10.5,High
14210,5,7,5,2,7.1,High
14211,4,11,7,2,8.8,High
14213,2,3,9,1,18.9,High
14214,1,3,2,8,30.4,
14215,7,5,9,1,7.785714286,High
14223,6,14,7,4,5.7,High
14224,8,8,6,3,5.15,High
14225,1,19,2,1,27.2,
14227,3,6,8,8,12.8,High
14233,14,1,7,1,5.442857143,High
14235,8,12,8,5,5.35,High
14238,9,7,7,7,5.433333333,High
14240,3,5,2,7,10,High
14244,2,8,4,6,15.4,High
14246,2,7,8,4,17.6,High
14250,13,4,9,4,6.007692308,High
14257,2,14,4,9,14.2,High
14258,2,1,9,5,19.3,High
14260,1,11,6,3,30.8,
14264,1,14,3,8,28.7,
14266,1,16,3,3,28.3,
14267,4,7,1,7,6.6,High
14268,1,17,6,9,29.6,
14272,8,11,8,4,5.55,High
14273,15,2,8,6,5.6,High
14274,4,4,6,4,9.7,High
14277,18,4,9,1,5.366666667,High
14286,1,14,7,4,30.7,
14289,2,14,2,7,13.2,High
14294,1,12,2,5,28.6,
14298,7,3,3,2,5.185714286,High
14306,8,12,9,6,5.85,High
14309,8,4,9,7,7.45,High
14313,6,6,4,4,5.8,High
14314,16,1,8,3,5.675,High
14317,3,10,7,8,11.5,High
14322,3,18,8,7,10.4,High
14326,1,17,3,6,28.1,
14328,8,5,7,9,6.25,High
14331,1,5,3,4,30.5,
14332,1,11,7,9,31.3,
14341,1,7,7,7,32.1,
14342,3,12,4,7,9.6,High
14348,3,3,1,4,9.9,High
14350,3,7,8,2,12.6,High
14355,12,4,9,9,6.2,High
14356,12,1,6,3,5.3,High
14369,2,6,8,3,17.8,High
14371,5,14,7,8,6.7,High
14373,5,13,6,8,6.4,High
14374,13,6,8,3,5.107692308,High
14376,6,19,9,1,5.7,High
14377,4,15,3,9,6,High
14379,4,18,7,1,7.4,High
14380,17,5,9,9,5.264705882,High
14387,5,16,5,7,5.3,High
14389,3,6,4,3,10.8,High
14391,4,8,2,6,6.9,High
14396,1,7,7,8,32.1,
14397,20,2,8,8,5.1,High
14404,6,1,5,2,7.3,High
14406,3,8,2,2,9.4,High
14410,2,19,5,2,13.7,High
14418,5,2,2,5,6.6,High
14421,2,6,9,3,18.3,High
14428,2,18,5,1,13.9,High
14444,3,5,9,4,13.5,High
14447,3,15,8,3,11,High
14457,14,8,9,9,5.042857143,High
14458,2,5,9,3,18.5,High
14464,4,6,4,6,8.3,High
14472,7,7,9,5,7.385714286,High
14477,8,10,8,2,5.75,High
14479,21,1,9,2,5.728571429,High
14480,1,6,9,3,33.3,
14481,5,5,9,9,9.5,High
14484,19,2,9,7,5.678947368,High
14488,9,7,9,3,6.433333333,High
14490,5,4,1,2,5.7,High
14497,11,4,8,3,5.927272727,High
14499,4,9,5,2,8.2,High
14505,3,16,3,7,8.3,High
14506,2,19,8,6,15.2,High
14508,3,1,7,1,13.3,High
14510,3,8,6,5,11.4,High
14511,4,8,3,1,7.4,High
14515,5,2,7,8,9.1,High
14516,1,17,5,2,29.1,
14521,1,9,3,2,29.7,
14524,8,6,9,3,7.05,High
14525,19,1,9,6,5.878947368,High
14527,8,15,9,3,5.25,High
14528,6,7,5,7,6.1,High
14532,2,19,4,2,13.2,High
14534,7,7,9,6,7.385714286,High
14538,1,15,3,6,28.5,
14539,1,1,5,5,32.3,
14540,3,19,4,2,8.2,High
14541,5,10,9,5,8.5,High
14542,12,3,7,5,5.4,High
14573,2,4,4,1,16.2,High
14577,8,5,6,3,5.75,High
14580,6,7,9,9,8.1,High
14589,2,9,3,6,14.7,High
14591,2,5,8,3,18,High
14592,5,2,9,9,10.1,High
14595,2,9,1,7,13.7,High
14596,14,3,7,8,5.042857143,High
14597,2,7,3,9,15.1,High
14599,1,4,1,7,29.7,
14602,4,12,7,3,8.6,High
14606,1,10,5,7,30.5,
14607,6,16,9,1,6.3,High
14614,2,16,5,4,14.3,High
14629,2,13,4,3,14.4,High
14631,4,15,4,8,6.5,High
14632,6,10,9,3,7.5,High
14635,4,4,7,5,10.2,High
14636,10,5,8,3,6,High
14641,1,13,1,8,27.9,
14648,8,4,7,4,6.45,High
14654,9,1,5,4,5.633333333,High
14659,15,1,9,7,6.3,High
14660,1,3,7,7,32.9,
14662,4,17,5,7,6.6,High
14665,3,14,7,7,10.7,High
14666,3,5,4,7,11,High
14668,3,12,9,8,12.1,High
14671,6,14,6,6,5.2,High
14677,3,17,4,4,8.6,High
14678,7,9,6,5,5.485714286,High
14682,6,6,8,5,7.8,High
14683,8,9,8,2,5.95,High
14686,7,1,9,6,8.585714286,High
14690,5,6,7,6,8.3,High
14691,3,1,6,7,12.8,High
14693,2,1,5,6,17.3,High
14699,9,9,9,3,6.033333333,High
14701,8,1,9,1,8.05,High
14702,2,16,4,2,13.8,High
14703,4,1,1,4,7.8,High
14713,12,6,9,9,5.8,High
14717,5,8,2,3,5.4,High
14719,12,8,9,4,5.4,High
14720,3,12,5,9,10.1,High
14722,6,1,1,4,5.3,High
14730,3,17,8,3,10.6,High
14735,7,4,9,7,7.985714286,High
14738,3,12,8,4,11.6,High
14740,26,1,9,9,5.453846154,High
14746,18,2,8,1,5.266666667,High
14748,17,6,9,3,5.064705882,High
14756,2,18,2,9,12.4,High
14769,1,14,9,2,31.7,
14770,3,16,2,7,7.8,High
14780,3,10,2,2,9,High
14789,3,19,6,8,9.2,High
14791,1,19,1,7,26.7,
14792,9,8,7,1,5.233333333,High
14793,1,9,3,3,29.7,
14797,7,12,8,4,5.885714286,High
14798,2,11,9,9,17.3,High
14799,9,5,9,9,6.833333333,High
14802,1,17,7,7,30.1,
14803,3,4,1,3,9.7,High
14807,1,8,8,6,32.4,
14810,2,14,8,5,16.2,High
14812,1,8,5,8,30.9,
14831,5,4,5,7,7.7,High
14832,1,13,8,9,31.4,
14834,2,2,3,4,16.1,High
14836,10,8,9,7,5.9,High
14838,6,5,7,5,7.5,High
14840,2,15,8,6,16,High
14847,2,17,6,6,14.6,High
14849,3,7,4,3,10.6,High
14854,2,8,1,6,13.9,High
14857,3,7,2,9,9.6,High
14858,15,1,8,7,5.8,High
14860,1,12,8,5,31.6,
14865,2,16,5,2,14.3,High
14869,3,15,6,1,10,High
14870,5,9,9,9,8.7,High
14873,1,3,1,4,29.9,
14877,8,8,9,3,6.65,High
14883,9,4,7,3,6.033333333,High
14884,5,19,9,5,6.7,High
14900,4,2,7,7,10.6,High
14920,8,6,7,5,6.05,High
14925,11,4,9,7,6.427272727,High
14929,3,8,7,4,11.9,High
14930,2,2,5,1,17.1,High
14936,3,5,2,9,10,High
14954,15,2,8,4,5.6,High
14957,6,2,3,1,6.1,High
14958,9,5,9,9,6.833333333,High
14960,2,14,4,1,14.2,High
14963,2,16,7,7,15.3,High
14980,4,12,3,9,6.6,High
14981,3,15,7,4,10.5,High
14982,7,1,4,3,6.085714286,High
14988,2,1,8,1,18.8,High
14992,15,4,9,9,5.7,High
14994,4,8,9,5,10.4,High
14997,2,16,7,9,15.3,High
14998,4,19,5,1,6.2,High
15000,4,4,5,7,9.2,High
15006,14,2,9,2,6.242857143,High
15008,11,6,9,6,6.027272727,High
15014,5,10,4,8,6,High
15026,7,8,9,9,7.185714286,High
15028,10,8,8,9,5.4,High
15032,1,1,5,1,32.3,
15034,9,12,9,7,5.433333333,High
15037,15,4,9,9,5.7,High
15038,4,9,9,7,10.2,High
15039,13,1,7,8,5.607692308,High
15045,2,19,4,4,13.2,High
15047,6,3,8,4,8.4,High
15048,5,7,9,4,9.1,High
15051,18,1,9,9,5.966666667,High
15056,1,6,9,7,33.3,
15058,8,2,5,2,5.85,High
15066,5,8,4,6,6.4,High
15081,10,9,8,3,5.2,High
15082,7,6,6,9,6.085714286,High
15086,15,5,9,5,5.5,High
15098,8,4,6,7,5.95,High
15102,4,17,3,4,5.6,High
15105,7,2,8,3,7.885714286,High
15114,8,12,9,3,5.85,High
15119,8,2,4,7,5.35,High
15123,3,18,4,2,8.4,High
15137,4,11,5,4,7.8,High
15138,1,15,7,8,30.5,
15139,5,5,5,7,7.5,High
15143,4,11,6,9,8.3,High
15145,11,4,8,3,5.927272727,High
15147,18,1,9,5,5.966666667,High
15148,6,16,8,6,5.8,High
15149,1,18,5,4,28.9,
15159,7,6,4,9,5.085714286,High
15166,19,2,9,1,5.678947368,High
15184,3,6,7,4,12.3,High
15186,6,5,5,9,6.5,High
15193,6,2,8,5,8.6,High
15194,2,14,1,9,12.7,High
15195,2,10,8,6,17,High
15204,1,16,1,5,27.3,
15206,2,5,9,4,18.5,High
15218,22,2,9,5,5.463636364,High
15221,6,12,9,3,7.1,High
15225,8,2,4,8,5.35,High
15228,5,3,9,5,9.9,High
15231,1,17,4,7,28.6,
15236,6,4,3,7,5.7,High
15237,5,9,2,3,5.2,High
15242,4,2,5,8,9.6,High
15246,11,3,9,1,6.627272727,High
15255,8,8,9,7,6.65,High
15256,2,13,6,5,15.4,High
15263,3,14,1,6,7.7,High
15269,2,16,2,6,12.8,High
15274,9,2,6,7,5.933333333,High
15285,5,3,4,6,7.4,High
15288,3,1,1,1,10.3,High
15291,6,16,7,5,5.3,High
15293,5,4,9,5,9.7,High
15294,19,1,8,3,5.378947368,High
15296,21,2,8,5,5.028571429,High
15300,2,9,5,4,15.7,High
15301,23,1,8,8,5.104347826,High
15303,5,10,7,5,7.5,High
15308,4,5,2,4,7.5,High
15314,1,7,6,5,31.6,
15315,1,12,9,9,32.1,
15316,8,4,8,9,6.95,High
15325,11,1,9,3,7.027272727,High
15334,28,1,9,7,5.371428571,High
15335,8,10,8,5,5.75,High
15337,6,2,3,6,6.1,High
15340,2,6,2,4,14.8,High
15341,1,18,5,8,28.9,
15346,4,10,8,9,9.5,High
15349,3,9,9,5,12.7,High
15351,9,3,8,7,6.733333333,High
15354,4,7,9,6,10.6,High
15359,17,1,7,8,5.064705882,High
15364,8,10,7,4,5.25,High
15366,1,14,1,1,27.7,
15368,6,10,6,6,6,High
15373,10,1,5,6,5.3,High
15387,2,7,9,6,18.1,High
15388,4,12,3,5,6.6,High
15392,2,18,9,7,15.9,High
15398,1,4,8,1,33.2,
15404,10,3,9,1,6.9,High
15408,2,5,8,1,18,High
15420,10,6,7,2,5.3,High
15423,12,3,7,7,5.4,High
15424,18,2,9,4,5.766666667,High
15428,1,4,1,9,29.7,
15429,5,3,2,4,6.4,High
15430,5,1,7,3,9.3,High
15437,4,14,9,3,9.2,High
15440,10,1,9,8,7.3,High
15442,2,3,4,4,16.4,High
15450,2,2,9,7,19.1,High
15459,12,2,7,2,5.6,High
15466,2,13,3,1,13.9,High
15474,2,5,7,3,17.5,High
15476,1,7,7,4,32.1,
15477,5,5,4,4,7,High
15480,6,7,9,9,8.1,High
15483,2,8,3,6,14.9,High
15491,1,13,4,8,29.4,
15492,1,17,8,1,30.6,
15506,11,5,8,5,5.727272727,High
15517,4,4,7,2,10.2,High
15518,4,6,4,1,8.3,High
15520,3,11,2,9,8.8,High
15531,13,4,7,3,5.007692308,High
15532,13,8,9,5,5.207692308,High
15534,8,5,9,8,7.25,High
15544,5,14,8,8,7.2,High
15548,2,11,9,5,17.3,High
15550,4,12,3,5,6.6,High
15552,3,10,5,2,10.5,High
15560,6,2,7,1,8.1,High
15563,5,9,6,2,7.2,High
15575,8,2,4,2,5.35,High
15579,4,17,2,9,5.1,High
15583,3,11,3,4,9.3,High
15585,2,14,7,9,15.7,High
15587,11,7,8,6,5.327272727,High
15588,7,3,7,5,7.185714286,High
15596,3,4,8,4,13.2,High
15599,16,5,9,4,5.375,High
15600,3,9,5,3,10.7,High
15603,1,5,6,9,32,
15605,3,14,5,3,9.7,High
15616,1,4,1,5,29.7,
15617,9,1,6,6,6.133333333,High
15624,19,3,9,4,5.478947368,High
15629,14,1,8,8,5.942857143,High
15631,7,9,8,3,6.485714286,High
15638,2,10,9,3,17.5,High
15646,6,5,3,3,5.5,High
15652,4,16,9,5,8.8,High
15653,6,1,6,7,7.8,High
15654,9,6,9,1,6.633333333,High
15664,1,6,5,4,31.3,
15665,3,17,6,6,9.6,High
15668,2,17,6,7,14.6,High
15669,1,9,1,3,28.7,
15675,2,5,9,1,18.5,High
15679,2,7,9,4,18.1,High
15683,4,7,5,3,8.6,High
15689,6,4,4,1,6.2,High
15701,12,1,6,4,5.3,High
15702,6,5,4,6,6,High
15704,4,15,9,4,9,High
15712,3,12,3,3,9.1,High
15713,4,11,7,6,8.8,High
15715,1,6,2,1,29.8,
15716,3,10,6,5,11,High
15720,1,12,1,2,28.1,
15721,7,5,6,7,6.285714286,High
15728,1,8,1,3,28.9,
15731,5,10,8,8,8,High
15732,4,17,6,2,7.1,High
15734,4,18,3,8,5.4,High
15737,2,17,1,8,12.1,High
15738,1,18,2,1,27.4,
15746,4,2,8,5,11.1,High
15747,4,16,5,1,6.8,High
15750,2,1,6,4,17.8,High
15751,2,8,6,5,16.4,High
15752,2,6,8,1,17.8,High
15753,3,12,6,2,10.6,High
15757,5,9,3,9,5.7,High
15763,1,10,5,2,30.5,
15764,3,18,1,2,6.9,High
15765,8,10,8,1,5.75,High
15772,4,7,7,6,9.6,High
15773,2,2,3,7,16.1,High
15774,1,14,5,4,29.7,
15776,4,16,4,4,6.3,High
15779,9,2,6,5,5.933333333,High
15783,2,9,3,6,14.7,High
15784,7,6,7,5,6.585714286,High
15789,6,6,8,7,7.8,High
15796,4,18,6,9,6.9,High
15799,5,19,6,8,5.2,High
15801,2,3,6,2,17.4,High
15802,13,6,8,9,5.107692308,High
15803,6,8,6,6,6.4,High
15808,5,13,5,4,5.9,High
15809,5,14,4,5,5.2,High
15812,5,2,1,4,6.1,High
15814,4,6,5,7,8.8,High
15822,8,4,8,9,6.95,High
15832,9,1,7,2,6.633333333,High
15836,2,2,2,5,15.6,High
15843,7,4,5,5,5.985714286,High
15862,1,17,5,3,29.1,
15867,2,1,3,1,16.3,High
15870,8,7,6,8,5.35,High
15875,7,2,8,7,7.885714286,High
15876,4,7,9,1,10.6,High
15890,12,6,8,1,5.3,High
15891,2,7,2,7,14.6,High
15894,2,14,8,6,16.2,High
15897,2,13,4,8,14.4,High
15900,3,19,3,1,7.7,High
15906,1,6,7,1,32.3,
15910,2,11,3,8,14.3,High
15924,8,14,9,6,5.45,High
15934,1,17,3,9,28.1,
15935,2,3,6,5,17.4,High
15937,8,6,8,4,6.55,High
15939,4,4,9,8,11.2,High
15941,9,5,8,8,6.333333333,High
15942,2,5,9,7,18.5,High
15946,5,9,7,9,7.7,High
15963,7,4,5,4,5.985714286,High
15964,2,7,1,4,14.1,High
15968,3,19,7,2,9.7,High
15980,3,7,1,9,9.1,High
15989,1,18,3,7,27.9,
15994,3,8,4,2,10.4,High
15998,4,13,3,4,6.4,High
16001,2,17,3,2,13.1,High
16003,2,5,9,8,18.5,High
16006,3,14,4,3,9.2,High
16009,3,1,6,9,12.8,High
16012,5,3,3,6,6.9,High
16016,7,12,9,6,6.385714286,High
16017,1,9,5,9,30.7,
16022,10,4,6,2,5.2,High
16025,2,3,7,2,17.9,High
16026,4,5,5,2,9,High
16028,1,5,5,5,31.5,
16029,1,2,6,3,32.6,
16030,2,12,9,5,17.1,High
16032,1,8,3,9,29.9,
16035,16,5,9,9,5.375,High
16036,17,4,9,1,5.464705882,High
16037,6,15,8,8,6,High
16038,12,2,9,5,6.6,High
16039,1,13,7,1,30.9,
16041,4,19,3,6,5.2,High
16042,2,7,2,4,14.6,High
16044,8,3,6,9,6.15,High
16046,8,16,9,9,5.05,High
16051,3,6,5,1,11.3,High
16056,3,16,9,2,11.3,High
16057,5,4,6,8,8.2,High
16063,11,3,8,7,6.127272727,High
16064,8,3,9,9,7.65,High
16065,11,5,9,9,6.227272727,High
16069,9,4,5,5,5.033333333,High
16073,1,6,3,7,30.3,
16074,3,11,4,3,9.8,High
16076,9,1,9,3,7.633333333,High
16080,3,17,5,6,9.1,High
16082,13,4,7,7,5.007692308,High
16086,2,15,8,7,16,High
16090,1,4,4,6,31.2,
16091,3,9,8,6,12.2,High
16092,3,19,5,7,8.7,High
16094,9,6,8,6,6.133333333,High
16099,4,11,8,4,9.3,High
16105,5,8,5,8,6.9,High
16107,3,2,5,4,12.1,High
16112,8,3,6,4,6.15,High
16116,5,7,5,6,7.1,High
16118,12,3,7,6,5.4,High
16123,1,12,9,3,32.1,
16126,2,18,7,3,14.9,High
16127,6,1,8,6,8.8,High
16129,6,7,8,5,7.6,High
16130,2,9,1,8,13.7,High
16135,3,11,1,2,8.3,High
16137,11,10,9,8,5.227272727,High
16139,6,1,7,6,8.3,High
16140,7,5,9,1,7.785714286,High
16141,5,15,7,4,6.5,High
16143,1,14,9,6,31.7,
16144,22,3,9,5,5.263636364,High
16151,8,16,9,2,5.05,High
16155,13,6,9,9,5.607692308,High
16157,16,4,9,4,5.575,High
16167,5,6,7,6,8.3,High
16168,4,11,1,1,5.8,High
16175,1,1,7,3,33.3,
16176,5,10,9,6,8.5,High
16177,1,7,9,4,33.1,
16181,5,11,3,3,5.3,High
16187,15,1,7,6,5.3,High
16188,15,4,9,2,5.7,High
16205,2,2,8,5,18.6,High
16212,4,18,4,7,5.9,High
16214,3,17,4,8,8.6,High
16221,3,7,9,7,13.1,High
16222,3,15,8,3,11,High
16223,7,1,6,4,7.085714286,High
16224,6,1,1,8,5.3,High
16225,4,4,6,4,9.7,High
16226,2,11,2,2,13.8,High
16228,2,17,3,6,13.1,High
16238,4,11,2,6,6.3,High
16240,4,9,5,9,8.2,High
16251,14,7,9,4,5.242857143,High
16252,1,9,2,5,29.2,
16256,1,12,1,1,28.1,
16257,15,1,7,9,5.3,High
16269,2,12,2,1,13.6,High
16271,2,2,8,5,18.6,High
16280,5,15,8,5,7,High
16285,1,10,9,3,32.5,
16286,6,9,8,5,7.2,High
16289,3,1,9,5,14.3,High
16297,7,17,9,2,5.385714286,High
16299,14,5,9,2,5.642857143,High
16300,7,13,7,5,5.185714286,High
16301,2,15,4,9,14,High
16303,4,4,7,3,10.2,High
16304,7,1,3,5,5.585714286,High
16306,6,14,7,8,5.7,High
16312,5,9,9,5,8.7,High
16315,2,19,9,3,15.7,High
16317,16,4,9,5,5.575,High
16320,10,10,9,5,5.5,High
16321,1,4,8,3,33.2,
16330,2,12,6,7,15.6,High
16335,3,12,9,1,12.1,High
16337,5,5,4,5,7,High
16341,3,18,7,4,9.9,High
16345,12,2,8,7,6.1,High
16352,4,16,5,7,6.8,High
16355,19,1,8,7,5.378947368,High
16358,1,16,3,8,28.3,
16360,5,5,2,8,6,High
16362,6,7,3,2,5.1,High
16364,1,14,4,2,29.2,
16370,4,12,8,6,9.1,High
16373,7,13,8,8,5.685714286,High
16374,1,12,3,5,29.1,
16385,5,1,1,1,6.3,High
16390,2,5,7,6,17.5,High
16391,1,10,3,6,29.5,
16395,3,7,7,4,12.1,High
16396,1,15,5,7,29.5,
16403,6,6,4,4,5.8,High
16405,4,16,7,7,7.8,High
16406,7,1,7,1,7.585714286,High
16407,10,4,8,9,6.2,High
16409,5,11,5,4,6.3,High
16413,3,4,2,9,10.2,High
16415,5,16,5,1,5.3,High
16418,25,1,9,6,5.5,High
16419,3,2,8,9,13.6,High
16423,7,3,3,3,5.185714286,High
16426,1,9,8,9,32.2,
16428,8,13,9,7,5.65,High
16429,1,8,6,8,31.4,
16432,1,4,6,6,32.2,
16433,5,4,4,5,7.2,High
16440,4,2,4,5,9.1,High
16443,6,1,8,7,8.8,High
16450,3,1,2,6,10.8,High
16457,2,11,5,3,15.3,High
16458,3,18,6,9,9.4,High
16460,2,5,9,9,18.5,High
16462,1,11,9,9,32.3,
16465,2,19,1,1,11.7,High
16466,4,8,3,4,7.4,High
16467,5,16,9,4,7.3,High
16468,12,5,8,9,5.5,High
16474,16,2,9,3,5.975,High
16475,2,10,6,1,16,High
16476,6,12,9,6,7.1,High
16479,1,16,8,7,30.8,
16480,2,9,6,7,16.2,High
16481,3,11,8,7,11.8,High
16493,4,1,9,9,11.8,High
16500,6,6,5,3,6.3,High
16502,6,2,9,7,9.1,High
16508,5,12,9,7,8.1,High
16510,5,3,7,9,8.9,High
16513,3,12,1,6,8.1,High
16517,9,4,6,4,5.533333333,High
16519,1,16,9,8,31.3,
16522,4,10,1,1,6,High
16524,4,7,6,6,9.1,High
16527,1,8,8,9,32.4,
16534,1,16,9,8,31.3,
16538,3,12,5,8,10.1,High
16542,4,15,5,4,7,High
16543,1,10,9,7,32.5,
16549,5,2,3,8,7.1,High
16559,18,5,9,9,5.166666667,High
16560,8,1,5,9,6.05,High
16563,3,18,7,3,9.9,High
16574,10,9,9,4,5.7,High
16577,12,9,9,4,5.2,High
16583,4,10,3,1,7,High
16584,4,1,4,7,9.3,High
16585,5,1,4,7,7.8,High
16589,4,10,3,4,7,High
16592,5,7,5,6,7.1,High
16594,2,10,4,8,15,High
16597,8,2,7,1,6.85,High
16604,2,18,8,6,15.4,High
16606,2,3,4,6,16.4,High
16608,1,1,1,1,30.3,
16613,6,6,3,2,5.3,High
16615,7,15,9,9,5.785714286,High
16616,9,3,5,2,5.233333333,High
16618,2,6,7,4,17.3,High
16619,14,2,9,3,6.242857143,High
16621,3,3,8,2,13.4,High
16628,3,8,3,5,9.9,High
16629,8,7,6,2,5.35,High
16636,3,1,7,5,13.3,High
16641,12,8,9,6,5.4,High
16647,5,11,7,8,7.3,High
16651,10,9,9,7,5.7,High
16652,10,4,9,5,6.7,High
16654,8,6,9,7,7.05,High
16655,4,11,3,5,6.8,High
16657,2,11,2,1,13.8,High
16658,5,19,9,6,6.7,High
16663,2,15,1,7,12.5,High
16669,6,1,3,6,6.3,High
16672,3,19,9,9,10.7,High
16673,24,1,8,5,5.05,High
16682,10,6,7,9,5.3,High
16688,3,7,5,7,11.1,High
16689,3,1,7,8,13.3,High
16690,3,15,7,4,10.5,High
16692,6,2,7,5,8.1,High
16698,8,3,4,9,5.15,High
16699,3,13,6,6,10.4,High
16702,3,12,9,3,12.1,High
16703,6,6,9,1,8.3,High
16709,4,12,1,2,5.6,High
16712,7,11,6,4,5.085714286,High
16713,1,8,8,4,32.4,
16717,13,6,9,2,5.607692308,High
16719,5,7,7,6,8.1,High
16720,3,3,5,3,11.9,High
16723,3,4,3,9,10.7,High
16728,6,1,9,2,9.3,High
16735,13,3,7,8,5.207692308,High
16737,2,11,7,7,16.3,High
16743,3,1,1,6,10.3,High
16744,8,6,5,9,5.05,High
16749,13,5,9,7,5.807692308,High
16750,4,9,2,9,6.7,High
16751,22,4,9,2,5.063636364,High
16753,2,14,8,4,16.2,High
16758,5,18,6,5,5.4,High
16761,4,13,1,5,5.4,High
16765,7,1,8,3,8.085714286,High
16767,1,17,3,9,28.1,
16770,5,19,6,7,5.2,High
16773,11,6,7,6,5.027272727,High
16784,12,8,9,5,5.4,High
16788,3,15,9,2,11.5,High
16792,1,9,4,5,30.2,
16793,4,10,7,9,9,High
16803,5,2,1,2,6.1,High
16804,6,8,6,5,6.4,High
16806,1,6,1,6,29.3,
16809,8,12,9,1,5.85,High
16813,3,6,1,1,9.3,High
16821,4,7,6,7,9.1,High
16822,2,2,9,4,19.1,High
16830,3,15,1,4,7.5,High
16831,6,3,7,5,7.9,High
16834,3,10,5,7,10.5,High
16835,1,6,7,5,32.3,
16838,6,4,3,2,5.7,High
16840,2,17,7,8,15.1,High
16846,3,13,9,2,11.9,High
16849,1,12,1,8,28.1,
16850,6,4,2,7,5.2,High
16855,2,7,5,6,16.1,High
16858,5,1,4,3,7.8,High
16859,1,13,8,6,31.4,
16867,5,10,9,3,8.5,High
16870,21,1,9,5,5.728571429,High
16873,7,1,3,9,5.585714286,High
16877,11,4,9,5,6.427272727,High
16878,1,3,1,7,29.9,
16880,4,14,7,4,8.2,High
16887,8,1,9,9,8.05,High
16888,5,2,7,7,9.1,High
16891,7,7,9,5,7.385714286,High
16898,3,15,2,1,8,High
16901,8,14,9,9,5.45,High
16905,8,1,3,7,5.05,High
16909,3,4,6,1,12.2,High
16913,8,2,8,4,7.35,High
16915,12,2,6,7,5.1,High
16916,11,1,7,9,6.027272727,High
16919,4,16,2,1,5.3,High
16923,1,9,9,3,32.7,
16927,14,5,8,4,5.142857143,High
16928,5,11,5,8,6.3,High
16931,1,14,5,5,29.7,
16936,2,2,9,4,19.1,High
16940,3,6,3,9,10.3,High
16944,9,6,7,7,5.633333333,High
16945,1,2,8,1,33.6,
16949,17,5,9,3,5.264705882,High
16959,6,11,9,9,7.3,High
16968,7,7,6,5,5.885714286,High
16971,1,8,2,3,29.4,
16974,2,1,5,1,17.3,High
16975,4,5,9,2,11,High
16977,3,10,6,6,11,High
16980,21,4,9,6,5.128571429,High
16984,5,6,6,8,7.8,High
16985,10,1,7,3,6.3,High
16989,12,7,8,5,5.1,High
16990,1,10,4,7,30,
16993,4,3,8,9,10.9,High
17000,8,13,8,1,5.15,High
17005,6,12,9,8,7.1,High
17026,3,19,9,5,10.7,High
17027,5,8,9,4,8.9,High
17032,2,8,1,2,13.9,High
17043,10,6,9,5,6.3,High
17046,1,11,2,3,28.8,
17055,2,1,5,8,17.3,High
17056,4,8,6,1,8.9,High
17061,2,10,9,2,17.5,High
17062,8,10,7,4,5.25,High
17064,3,9,8,3,12.2,High
17079,4,14,1,3,5.2,High
17086,2,7,5,6,16.1,High
17088,5,8,3,5,5.9,High
17089,4,3,4,1,8.9,High
17090,3,10,7,4,11.5,High
17092,6,3,7,3,7.9,High
17094,1,2,9,3,34.1,
17097,11,1,5,9,5.027272727,High
17098,2,17,3,6,13.1,High
17099,5,1,6,5,8.8,High
17100,16,1,7,3,5.175,High
17107,4,11,5,3,7.8,High
17108,9,4,6,7,5.533333333,High
17121,2,11,6,5,15.8,High
17124,7,3,5,6,6.185714286,High
17125,1,16,2,8,27.8,
17127,3,15,9,9,11.5,High
17128,5,3,8,1,9.4,High
17145,9,2,9,7,7.433333333,High
17147,19,3,9,1,5.478947368,High
17153,4,11,2,3,6.3,High
17161,8,7,7,2,5.85,High
17166,2,3,3,7,15.9,High
17178,9,13,9,3,5.233333333,High
17180,1,19,3,6,27.7,
17184,2,19,5,1,13.7,High
17186,2,19,4,2,13.2,High
17197,25,1,9,5,5.5,High
17205,4,17,3,5,5.6,High
17213,1,12,6,5,30.6,
17214,3,7,9,8,13.1,High
17215,4,9,1,9,6.2,High
17216,5,4,8,8,9.2,High
17219,9,3,6,1,5.733333333,High
17224,2,16,8,8,15.8,High
17229,15,4,9,7,5.7,High
17231,7,3,8,8,7.685714286,High
17237,1,19,6,3,29.2,
17239,3,12,3,4,9.1,High
17246,2,17,2,1,12.6,High
17248,1,1,1,6,30.3,
17256,14,2,8,4,5.742857143,High
17259,11,6,9,2,6.027272727,High
17260,4,4,7,9,10.2,High
17263,7,3,8,4,7.685714286,High
17264,9,2,9,6,7.433333333,High
17265,6,9,7,9,6.7,High
17268,5,13,9,5,7.9,High
17276,1,3,9,8,33.9,
17277,1,1,8,3,33.8,
17280,4,3,2,9,7.9,High
17285,1,5,4,1,31,
17289,8,7,6,3,5.35,High
17291,2,1,1,6,15.3,High
17292,5,11,3,2,5.3,High
17293,5,5,8,6,9,High
17294,4,2,8,2,11.1,High
17297,5,9,5,5,6.7,High
17298,4,9,1,3,6.2,High
17300,14,2,7,6,5.242857143,High
17305,14,2,9,2,6.242857143,High
17311,9,7,9,5,6.433333333,High
17316,3,13,9,9,11.9,High
17318,1,10,9,3,32.5,
17319,3,15,2,8,8,High
17320,3,2,6,4,12.6,High
17324,1,5,2,5,30,
17339,17,4,9,2,5.464705882,High
17341,5,6,9,5,9.3,High
17345,1,7,9,8,33.1,
17350,2,11,8,2,16.8,High
17352,5,9,8,7,8.2,High
17354,4,17,5,4,6.6,High
17363,3,10,7,4,11.5,High
17369,4,13,8,6,8.9,High
17379,3,8,1,9,8.9,High
17383,4,4,4,9,8.7,High
17384,2,10,7,9,16.5,High
17386,5,14,4,1,5.2,High
17401,13,2,8,6,5.907692308,High
17408,6,11,5,4,5.3,High
17414,2,7,3,9,15.1,High
17416,3,8,9,1,12.9,High
17427,7,5,4,5,5.285714286,High
17430,16,3,8,4,5.275,High
17435,1,3,6,8,32.4,
17440,6,1,6,6,7.8,High
17443,5,10,8,8,8,High
17446,13,5,9,5,5.807692308,High
17449,1,4,6,1,32.2,
17451,4,15,5,5,7,High
17453,3,1,3,1,11.3,High
17457,2,11,3,8,14.3,High
17461,3,6,6,9,11.8,High
17466,4,18,5,6,6.4,High
17469,1,5,9,6,33.5,
17470,16,2,9,2,5.975,High
17472,6,7,5,2,6.1,High
17487,4,16,9,2,8.8,High
17489,11,3,9,3,6.627272727,High
17490,5,5,8,3,9,High
17492,1,9,6,3,31.2,
17497,1,3,5,5,31.9,
17498,9,4,5,2,5.033333333,High
17501,4,14,6,2,7.7,High
17504,1,18,1,9,26.9,
17508,1,5,2,8,30,
17510,11,2,6,5,5.327272727,High
17512,2,17,6,5,14.6,High
17524,1,16,5,2,29.3,
17528,1,17,9,4,31.1,
17541,6,8,5,1,5.9,High
17543,3,15,5,4,9.5,High
17550,5,14,7,2,6.7,High
17557,3,17,2,4,7.6,High
17564,2,15,4,1,14,High
17567,3,1,9,9,14.3,High
17571,19,1,8,8,5.378947368,High
17582,4,17,7,8,7.6,High
17590,1,17,7,5,30.1,
17596,2,7,8,8,17.6,High
17601,7,5,6,7,6.285714286,High
17608,4,19,9,3,8.2,High
17611,27,3,9,2,5.011111111,High
17617,5,13,6,7,6.4,High
17618,2,16,1,7,12.3,High
17627,1,5,4,5,31,
17629,5,14,5,9,5.7,High
17630,4,1,5,4,9.8,High
17633,2,13,7,2,15.9,High
17636,3,10,8,3,12,High
17638,1,19,3,4,27.7,
17640,20,1,8,4,5.3,High
17644,5,7,6,9,7.6,High
17645,11,2,6,8,5.327272727,High
17648,3,8,8,6,12.4,High
17657,2,9,6,9,16.2,High
17658,1,12,5,6,30.1,
17661,5,2,6,8,8.6,High
17662,2,1,6,1,17.8,High
17665,5,15,6,9,6,High
17666,6,11,7,8,6.3,High
17673,17,3,8,7,5.164705882,High
17675,1,1,8,6,33.8,
17678,17,2,8,4,5.364705882,High
17679,7,2,4,3,5.885714286,High
17681,4,15,2,4,5.5,High
17683,20,4,9,7,5.2,High
17691,4,4,5,7,9.2,High
17693,5,11,6,8,6.8,High
17694,5,1,1,4,6.3,High
17701,6,2,1,9,5.1,High
17706,12,2,8,5,6.1,High
17709,4,15,5,6,7,High
17711,2,17,2,9,12.6,High
17713,10,8,9,5,5.9,High
17715,9,8,9,2,6.233333333,High
17716,7,3,8,1,7.685714286,High
17718,7,4,9,3,7.985714286,High
17720,4,13,5,8,7.4,High
17721,5,12,8,7,7.6,High
17725,5,4,8,5,9.2,High
17730,3,15,2,3,8,High
17742,4,11,7,4,8.8,High
17743,23,1,8,2,5.104347826,High
17746,27,2,9,2,5.211111111,High
17747,4,19,7,3,7.2,High
17748,2,2,4,4,16.6,High
17754,2,2,7,9,18.1,High
17760,4,15,3,4,6,High
17768,8,6,6,7,5.55,High
17769,10,1,5,9,5.3,High
17770,1,6,5,1,31.3,
17773,5,15,7,4,6.5,High
17779,11,1,7,7,6.027272727,High
17781,5,15,5,4,5.5,High
17787,5,1,3,9,7.3,High
17788,2,11,7,9,16.3,High
17791,16,3,9,3,5.775,High
17793,4,12,9,3,9.6,High
17795,1,1,9,2,34.3,
17797,3,15,6,9,10,High
17800,1,16,5,9,29.3,
17801,2,10,8,1,17,High
17802,4,9,4,1,7.7,High
17803,4,17,8,3,8.1,High
17805,1,6,1,3,29.3,
17810,3,12,9,7,12.1,High
17813,3,6,8,5,12.8,High
17814,6,4,7,6,7.7,High
17815,7,17,9,3,5.385714286,High
17817,1,5,6,5,32,
17818,6,13,8,7,6.4,High
17822,1,11,9,6,32.3,
17823,12,6,8,1,5.3,High
17828,14,4,8,8,5.342857143,High
17836,11,2,7,5,5.827272727,High
17845,3,5,3,4,10.5,High
17847,3,5,6,4,12,High
17851,5,11,3,9,5.3,High
17853,5,17,6,8,5.6,High
17856,7,11,9,2,6.585714286,High
17857,9,8,9,2,6.233333333,High
17859,3,3,8,8,13.4,High
17861,6,18,8,2,5.4,High
17862,20,2,9,7,5.6,High
17866,3,8,6,7,11.4,High
17867,4,7,9,1,10.6,High
17869,7,12,9,7,6.385714286,High
17870,6,1,4,1,6.8,High
17872,5,16,6,3,5.8,High
17875,4,19,3,1,5.2,High
17876,4,17,3,5,5.6,High
17888,4,5,1,1,7,High
17889,2,10,1,5,13.5,High
17890,16,4,9,3,5.575,High
17893,6,6,5,2,6.3,High
17900,14,3,9,4,6.042857143,High
17901,4,12,4,1,7.1,High
17907,9,4,7,4,6.033333333,High
17909,1,9,6,9,31.2,
17911,2,2,1,4,15.1,High
17915,5,5,5,7,7.5,High
17922,4,11,7,1,8.8,High
17925,2,15,8,1,16,High
17930,2,12,2,2,13.6,High
17932,3,17,8,8,10.6,High
17940,6,13,6,6,5.4,High
17946,3,18,1,4,6.9,High
17953,5,6,6,4,7.8,High
17956,7,13,9,3,6.185714286,High
17958,6,4,9,7,8.7,High
17963,10,4,7,7,5.7,High
17973,2,7,1,6,14.1,High
17981,5,7,9,2,9.1,High
17988,4,18,5,2,6.4,High
17989,3,11,7,9,11.3,High
17990,2,1,6,9,17.8,High
17995,4,6,9,7,10.8,High
17996,8,3,8,9,7.15,High
17998,3,2,5,5,12.1,High
17999,16,3,8,2,5.275,High
18004,2,5,9,2,18.5,High
18005,16,1,9,1,6.175,High
18006,20,3,9,1,5.4,High
18009,3,1,3,3,11.3,High
18014,6,9,9,4,7.7,High
18016,4,11,6,2,8.3,High
18026,6,9,7,8,6.7,High
18027,3,3,3,6,10.9,High
18031,5,15,8,1,7,High
18032,1,14,1,5,27.7,
18036,2,1,7,2,18.3,High
18037,3,2,3,8,11.1,High
18041,2,12,2,6,13.6,High
18042,6,2,9,7,9.1,High
18044,5,6,5,8,7.3,High
18046,5,6,7,4,8.3,High
18048,11,5,8,8,5.727272727,High
18056,1,8,2,7,29.4,
18061,2,18,4,5,13.4,High
18065,1,19,2,3,27.2,
18067,6,4,2,8,5.2,High
18070,7,1,6,5,7.085714286,High
18071,1,19,7,7,29.7,
18073,2,9,8,3,17.2,High
18079,5,14,8,4,7.2,High
18089,6,7,4,6,5.6,High
18095,2,14,2,4,13.2,High
18098,2,16,5,4,14.3,High
18103,4,7,1,9,6.6,High
18104,4,16,6,2,7.3,High
18107,1,4,6,9,32.2,
18111,2,13,4,2,14.4,High
18113,1,3,7,5,32.9,
18114,8,7,8,6,6.35,High
18116,3,8,3,2,9.9,High
18117,1,14,7,2,30.7,
18118,29,1,9,8,5.334482759,High
18125,6,6,4,5,5.8,High
18127,2,11,4,9,14.8,High
18128,4,7,9,6,10.6,High
18130,10,1,9,2,7.3,High
18131,6,2,3,8,6.1,High
18137,4,8,9,8,10.4,High
18138,3,9,6,5,11.2,High
18141,4,9,9,4,10.2,High
18142,3,14,5,5,9.7,High
18144,5,7,7,5,8.1,High
18149,25,1,9,5,5.5,High
18151,6,1,7,7,8.3,High
18156,25,3,9,4,5.1,High
18158,3,13,4,8,9.4,High
18162,5,10,4,2,6,High
18163,1,3,2,6,30.4,
18170,4,1,9,9,11.8,High
18176,5,11,3,7,5.3,High
18177,5,3,8,7,9.4,High
18180,1,8,9,3,32.9,
18182,13,5,9,1,5.807692308,High
18187,6,9,9,6,7.7,High
18190,7,13,8,4,5.685714286,High
18192,3,18,9,5,10.9,High
18198,6,11,9,3,7.3,High
18200,6,11,6,6,5.8,High
18201,20,2,9,7,5.6,High
18202,2,12,7,8,16.1,High
18208,2,14,2,5,13.2,High
18209,3,8,8,8,12.4,High
18215,18,3,9,5,5.566666667,High
18220,1,15,5,1,29.5,
18221,10,6,7,8,5.3,High
18222,4,18,3,9,5.4,High
18225,6,14,9,6,6.7,High
18226,7,3,8,8,7.685714286,High
18228,3,2,8,4,13.6,High
18230,10,3,9,4,6.9,High
18232,2,7,6,3,16.6,High
18234,1,8,5,4,30.9,
18236,1,12,4,4,29.6,
18238,12,9,9,9,5.2,High
18241,2,18,1,8,11.9,High
18243,6,2,2,2,5.6,High
18245,4,17,5,6,6.6,High
18249,4,12,7,3,8.6,High
18250,4,15,8,3,8.5,High
18260,4,10,8,9,9.5,High
18264,6,3,8,3,8.4,High
18268,4,15,4,3,6.5,High
18274,3,8,8,3,12.4,High
18275,7,1,9,9,8.585714286,High
18276,1,1,9,4,34.3,
18280,6,5,5,5,6.5,High
18281,7,3,4,5,5.685714286,High
18283,2,11,2,4,13.8,High
18289,3,18,6,7,9.4,High
18292,3,2,2,1,10.6,High
18296,2,9,5,9,15.7,High
18298,4,19,8,6,7.7,High
18301,12,3,7,7,5.4,High
18302,3,10,4,1,10,High
18311,1,3,2,5,30.4,
18312,6,16,9,3,6.3,High
18313,7,5,9,2,7.785714286,High
18316,5,4,7,5,8.7,High
18331,4,16,7,5,7.8,High
18333,1,14,6,5,30.2,
18336,3,19,3,9,7.7,High
18343,3,18,5,9,8.9,High
18346,3,16,9,9,11.3,High
18349,5,3,8,7,9.4,High
18351,2,9,8,4,17.2,High
18354,10,3,8,5,6.4,High
18355,3,16,3,4,8.3,High
18356,9,1,7,8,6.633333333,High
18358,1,19,3,7,27.7,
18360,12,8,9,4,5.4,High
18365,3,19,4,1,8.2,High
18372,9,3,5,1,5.233333333,High
18373,2,3,9,9,18.9,High
18374,9,9,7,4,5.033333333,High
18375,7,4,9,8,7.985714286,High
18385,2,1,9,9,19.3,High
18388,3,2,4,4,11.6,High
18390,7,9,8,2,6.485714286,High
18392,19,1,9,5,5.878947368,High
18393,4,6,3,1,7.8,High
18395,3,4,1,5,9.7,High
18396,3,19,3,7,7.7,High
18406,5,8,7,9,7.9,High
18409,3,8,1,5,8.9,High
18410,1,13,5,3,29.9,
18420,5,17,7,8,6.1,High
18424,22,1,8,4,5.163636364,High
18429,3,19,3,2,7.7,High
18433,1,17,7,2,30.1,
18435,3,14,7,5,10.7,High
18436,18,2,8,7,5.266666667,High
18446,7,13,7,5,5.185714286,High
18453,8,5,6,1,5.75,High
18459,5,3,4,7,7.4,High
18462,5,5,6,5,8,High
18467,9,8,7,3,5.233333333,High
18477,7,3,6,7,6.685714286,High
18479,4,10,9,8,10,High
18484,5,4,6,6,8.2,High
18489,2,8,5,2,15.9,High
18496,2,2,6,9,17.6,High
18500,20,4,9,8,5.2,High
18506,9,7,9,4,6.433333333,High
18509,3,12,2,8,8.6,High
18512,6,1,8,7,8.8,High
18513,5,10,7,8,7.5,High
18514,1,8,6,5,31.4,
18516,15,4,9,2,5.7,High
18518,2,1,7,4,18.3,High
18519,6,3,3,6,5.9,High
18524,23,2,9,5,5.404347826,High
18527,4,1,8,4,11.3,High
18535,3,3,2,2,10.4,High
18541,6,7,4,7,5.6,High
18542,3,17,2,8,7.6,High
18553,8,2,5,1,5.85,High
18554,20,4,9,5,5.2,High
18560,5,16,5,6,5.3,High
18565,1,6,7,3,32.3,
18566,2,18,2,9,12.4,High
18581,4,3,3,6,8.4,High
18583,4,4,9,7,11.2,High
18584,3,11,9,6,12.3,High
18587,3,17,9,5,11.1,High
18591,5,11,9,1,8.3,High
18596,1,4,1,1,29.7,
18606,6,6,6,9,6.8,High
18607,1,2,2,3,30.6,
18608,12,9,9,1,5.2,High
18609,2,4,8,3,18.2,High
18615,5,1,6,8,8.8,High
18616,2,19,5,2,13.7,High
18626,7,3,9,9,8.185714286,High
18629,4,8,7,9,9.4,High
18630,1,11,5,1,30.3,
18634,27,2,9,1,5.211111111,High
18641,2,16,4,7,13.8,High
18645,1,19,6,8,29.2,
18646,7,7,7,5,6.385714286,High
18650,5,5,4,3,7,High
18652,3,16,2,9,7.8,High
18657,1,9,9,4,32.7,
18659,6,13,9,9,6.9,High
18669,5,7,8,1,8.6,High
18670,1,12,4,3,29.6,
18684,13,6,8,9,5.107692308,High
18688,16,2,8,4,5.475,High
18692,7,11,6,8,5.085714286,High
18699,10,7,9,2,6.1,High
18700,4,14,5,8,7.2,High
18707,15,7,9,4,5.1,High
18708,9,3,7,5,6.233333333,High
18714,6,2,7,4,8.1,High
18716,1,5,6,6,32,
18717,9,1,5,3,5.633333333,High
18718,7,3,8,4,7.685714286,High
18725,4,6,9,4,10.8,High
18726,18,4,9,8,5.366666667,High
18732,1,7,4,5,30.6,
18733,1,9,7,5,31.7,
18744,1,12,1,5,28.1,
18746,8,10,7,7,5.25,High
18751,2,2,9,2,19.1,High
18755,4,4,5,1,9.2,High
18756,26,1,9,7,5.453846154,High
18757,11,11,9,7,5.027272727,High
18758,7,13,9,9,6.185714286,High
18765,6,7,9,3,8.1,High
18766,1,19,6,2,29.2,
18767,5,4,7,9,8.7,High
18769,2,7,4,6,15.6,High
18777,4,2,2,7,8.1,High
18778,5,19,6,6,5.2,High
18782,2,10,4,8,15,High
18785,5,14,7,2,6.7,High
18788,3,10,3,7,9.5,High
18790,4,19,3,9,5.2,High
18792,2,1,5,6,17.3,High
18800,1,8,8,2,32.4,
18803,2,15,6,1,15,High
18804,4,9,4,8,7.7,High
18805,27,2,9,7,5.211111111,High
18811,9,1,4,5,5.133333333,High
18815,5,15,5,7,5.5,High
18824,4,18,9,1,8.4,High
18825,1,9,5,5,30.7,
18828,8,12,8,7,5.35,High
18830,26,2,9,6,5.253846154,High
18831,2,19,1,7,11.7,High
18834,2,18,1,7,11.9,High
18835,1,11,1,1,28.3,
18841,4,5,3,4,8,High
18847,6,4,3,6,5.7,High
18849,26,1,9,1,5.453846154,High
18850,3,10,9,6,12.5,High
18851,1,16,4,7,28.8,
18856,9,4,9,1,7.033333333,High
18858,4,3,2,2,7.9,High
18859,1,12,2,7,28.6,
18861,9,7,8,8,5.933333333,High
18863,7,3,9,6,8.185714286,High
18866,5,6,6,2,7.8,High
18871,5,16,6,6,5.8,High
18873,16,5,9,5,5.375,High
18875,6,14,7,8,5.7,High
18876,6,6,8,9,7.8,High
18877,5,13,8,4,7.4,High
18882,3,11,5,7,10.3,High
18891,12,5,9,3,6,High
18894,6,12,5,7,5.1,High
18898,3,6,9,7,13.3,High
18899,3,8,7,6,11.9,High
18902,22,4,9,9,5.063636364,High
18909,4,14,4,2,6.7,High
18910,5,7,1,3,5.1,High
18912,3,18,2,8,7.4,High
18913,1,18,5,8,28.9,
18916,4,14,7,2,8.2,High
18917,6,17,7,5,5.1,High
18924,6,12,6,9,5.6,High
18925,2,15,7,9,15.5,High
18931,18,5,9,7,5.166666667,High
18937,2,13,4,5,14.4,High
18938,8,3,5,9,5.65,High
18939,3,15,8,8,11,High
18941,2,10,6,8,16,High
18947,5,17,8,6,6.6,High
18950,19,2,8,4,5.178947368,High
18952,7,12,8,5,5.885714286,High
18954,5,7,9,8,9.1,High
18963,1,4,8,1,33.2,
18964,5,7,6,2,7.6,High
18965,2,18,7,1,14.9,High
18982,2,9,3,1,14.7,High
18983,4,11,2,3,6.3,High
18984,2,18,3,7,12.9,High
18985,9,1,9,4,7.633333333,High
18994,2,10,1,5,13.5,High
18996,8,4,9,3,7.45,High
19011,2,16,6,2,14.8,High
19017,18,4,9,7,5.366666667,High
19018,7,6,9,4,7.585714286,High
19023,25,2,9,5,5.3,High
19034,4,13,5,8,7.4,High
19042,2,16,5,1,14.3,High
19046,9,11,9,5,5.633333333,High
19054,9,1,7,9,6.633333333,High
19055,4,13,7,6,8.4,High
19061,1,18,6,4,29.4,
19063,10,3,8,5,6.4,High
19070,3,10,9,6,12.5,High
19072,1,12,6,6,30.6,
19073,7,6,7,9,6.585714286,High
19074,6,4,4,9,6.2,High
19078,2,3,7,8,17.9,High
19080,2,14,1,4,12.7,High
19083,18,1,9,3,5.966666667,High
19084,2,17,7,4,15.1,High
19085,1,13,3,3,28.9,
19087,7,5,4,8,5.285714286,High
19096,5,5,6,4,8,High
19105,9,13,9,4,5.233333333,High
19108,1,3,6,7,32.4,
19110,3,9,5,7,10.7,High
19111,6,6,3,4,5.3,High
19114,11,3,7,1,5.627272727,High
19120,2,12,2,2,13.6,High
19122,5,2,5,5,8.1,High
19124,7,14,9,2,5.985714286,High
19125,11,1,7,2,6.027272727,High
19127,2,10,9,4,17.5,High
19129,12,3,7,3,5.4,High
19130,2,17,5,7,14.1,High
19140,5,1,6,5,8.8,High
19150,8,9,8,5,5.95,High
19152,10,5,8,7,6,High
19153,4,12,6,1,8.1,High
19154,13,3,9,4,6.207692308,High
19157,3,5,9,5,13.5,High
19158,2,6,8,3,17.8,High
19162,7,1,7,8,7.585714286,High
19166,6,9,8,7,7.2,High
19169,5,8,6,2,7.4,High
19177,7,8,6,4,5.685714286,High
19180,5,1,5,3,8.3,High
19181,4,10,9,2,10,High
19188,2,4,2,6,15.2,High
19189,12,3,9,8,6.4,High
19190,1,15,2,1,28,
19194,5,16,8,2,6.8,High
19195,2,1,7,9,18.3,High
19198,2,1,6,4,17.8,High
19201,5,14,6,7,6.2,High
19202,4,16,5,6,6.8,High
19203,4,8,4,8,7.9,High
19206,5,1,4,5,7.8,High
19207,4,16,6,5,7.3,High
19213,4,8,4,5,7.9,High
19216,3,8,4,9,10.4,High
19222,3,15,4,3,9,High
19223,3,7,2,5,9.6,High
19241,4,11,7,1,8.8,High
19252,3,11,9,5,12.3,High
19262,7,11,7,4,5.585714286,High
19268,12,7,8,6,5.1,High
19269,3,5,2,9,10,High
19270,17,1,8,7,5.564705882,High
19279,7,2,7,9,7.385714286,High
19292,1,4,4,6,31.2,
19301,4,10,5,8,8,High
19304,3,6,5,3,11.3,High
19306,25,2,9,6,5.3,High
19312,18,2,8,8,5.266666667,High
19318,3,11,2,5,8.8,High
19320,5,10,6,9,7,High
19321,3,4,7,1,12.7,High
19327,11,1,7,1,6.027272727,High
19330,4,16,4,3,6.3,High
19331,3,10,1,4,8.5,High
19337,5,5,2,6,6,High
19341,9,7,7,7,5.433333333,High
19344,3,15,2,4,8,High
19350,3,1,8,1,13.8,High
19352,3,5,7,9,12.5,High
19357,6,11,6,6,5.8,High
19358,1,19,7,2,29.7,
19359,5,8,4,4,6.4,High
19362,9,6,8,3,6.133333333,High
19366,1,14,6,7,30.2,
19369,7,4,4,4,5.485714286,High
19370,6,1,5,7,7.3,High
19379,1,13,2,2,28.4,
19381,4,17,4,6,6.1,High
19388,3,8,6,5,11.4,High
19390,3,13,9,6,11.9,High
19392,3,13,6,9,10.4,High
19402,6,16,7,1,5.3,High
19406,1,19,3,6,27.7,
19409,7,1,5,1,6.585714286,High
19411,2,6,1,9,14.3,High
19417,2,9,8,2,17.2,High
19419,2,17,1,1,12.1,High
19423,8,5,6,6,5.75,High
19425,1,15,1,7,27.5,
19429,6,1,8,6,8.8,High
19443,4,14,8,7,8.7,High
19447,6,3,9,6,8.9,High
19452,4,13,3,5,6.4,High
19453,7,14,8,5,5.485714286,High
19457,7,7,6,9,5.885714286,High
19461,7,2,3,5,5.385714286,High
19464,2,19,5,1,13.7,High
19468,4,16,7,9,7.8,High
19470,5,9,5,3,6.7,High
19473,3,17,7,8,10.1,High
19474,1,7,4,7,30.6,
19479,4,12,9,2,9.6,High
19482,1,18,7,1,29.9,
19484,1,6,2,8,29.8,
19487,1,9,7,3,31.7,
19502,21,2,9,2,5.528571429,High
19513,14,1,8,1,5.942857143,High
19516,18,5,9,8,5.166666667,High
19520,27,1,9,8,5.411111111,High
19522,14,4,9,9,5.842857143,High
19523,6,3,2,4,5.4,High
19525,4,2,1,3,7.6,High
19526,6,9,8,5,7.2,High
19528,2,2,2,5,15.6,High
19529,4,16,3,3,5.8,High
19530,3,11,3,2,9.3,High
19533,11,6,8,3,5.527272727,High
19534,15,2,9,8,6.1,High
19536,5,7,8,6,8.6,High
19542,4,11,6,1,8.3,High
19543,3,18,3,4,7.9,High
19553,11,10,9,2,5.227272727,High
19559,7,1,7,2,7.585714286,High
19563,4,12,2,1,6.1,High
19566,2,14,7,4,15.7,High
19568,1,10,8,7,32,
19571,1,4,2,5,30.2,
19579,4,14,7,3,8.2,High
19581,7,17,9,4,5.385714286,High
19584,13,1,7,7,5.607692308,High
19586,1,18,2,3,27.4,
19588,7,12,8,2,5.885714286,High
19590,6,2,8,8,8.6,High
19615,5,10,4,8,6,High
19624,18,3,9,3,5.566666667,High
19625,10,4,7,3,5.7,High
19626,6,5,3,6,5.5,High
19627,4,10,8,3,9.5,High
19629,2,5,7,7,17.5,High
19634,7,1,2,8,5.085714286,High
19635,4,15,3,8,6,High
19637,11,2,6,7,5.327272727,High
19642,19,2,9,6,5.678947368,High
19651,18,3,8,8,5.066666667,High
19653,1,15,7,6,30.5,
19659,8,1,6,7,6.55,High
19663,11,10,9,3,5.227272727,High
19666,13,8,9,9,5.207692308,High
19669,4,13,5,1,7.4,High
19676,11,2,8,9,6.327272727,High
19677,4,5,1,8,7,High
19679,2,15,6,2,15,High
19682,2,15,6,9,15,High
19683,18,2,9,4,5.766666667,High
19696,9,8,8,4,5.733333333,High
19700,3,17,8,9,10.6,High
19701,7,8,6,9,5.685714286,High
19702,3,8,9,6,12.9,High
19709,15,1,8,9,5.8,High
19711,9,3,7,4,6.233333333,High
19713,4,2,1,3,7.6,High
19716,15,4,8,8,5.2,High
19718,25,2,9,3,5.3,High
19722,4,12,5,8,7.6,High
19723,1,3,2,4,30.4,
19727,4,2,8,8,11.1,High
19735,7,6,5,9,5.585714286,High
19737,3,1,8,7,13.8,High
19740,8,6,9,2,7.05,High
19745,8,1,4,1,5.55,High
19746,1,1,8,6,33.8,
19757,3,7,7,1,12.1,High
19761,6,9,9,6,7.7,High
19764,1,6,6,1,31.8,
19770,2,15,7,9,15.5,High
19771,10,4,8,6,6.2,High
19774,4,8,1,1,6.4,High
19783,4,2,5,7,9.6,High
19793,6,8,4,3,5.4,High
19794,3,19,5,4,8.7,High
19796,9,1,9,2,7.633333333,High
19808,1,13,5,8,29.9,
19814,3,6,9,5,13.3,High
19815,14,3,9,2,6.042857143,High
19817,2,3,9,5,18.9,High
19825,2,6,6,7,16.8,High
19827,10,3,8,3,6.4,High
19830,7,7,7,1,6.385714286,High
19832,4,12,3,8,6.6,High
19835,2,8,8,2,17.4,High
19836,2,7,9,6,18.1,High
19840,7,2,3,4,5.385714286,High
19843,1,4,7,2,32.7,
19844,1,3,5,5,31.9,
19851,8,6,9,5,7.05,High
19855,29,2,9,2,5.134482759,High
19856,5,3,9,5,9.9,High
19858,1,19,3,8,27.7,
19861,11,1,7,3,6.027272727,High
19863,14,1,8,8,5.942857143,High
19864,1,5,6,1,32,
19867,4,11,6,4,8.3,High
19868,2,10,4,7,15,High
19872,13,1,9,5,6.607692308,High
19874,6,7,7,2,7.1,High
19885,4,6,2,5,7.3,High
19886,13,7,9,9,5.407692308,High
19889,1,17,8,7,30.6,
19894,6,3,6,7,7.4,High
19895,1,12,8,2,31.6,
19896,1,9,7,1,31.7,
19897,2,15,6,5,15,High
19910,2,17,9,1,16.1,High
19913,1,13,9,3,31.9,
19916,5,5,9,7,9.5,High
19922,7,6,4,4,5.085714286,High
19924,7,13,7,7,5.185714286,High
19928,3,1,2,8,10.8,High
19942,29,1,9,9,5.334482759,High
19951,7,17,9,1,5.385714286,High
19953,1,10,2,5,29,
19954,6,7,7,4,7.1,High
19960,4,9,4,3,7.7,High
19961,3,15,7,3,10.5,High
19965,6,14,8,1,6.2,High
19973,9,12,9,9,5.433333333,High
19982,9,1,9,1,7.633333333,High
19983,3,13,2,8,8.4,High
19986,1,19,2,3,27.2,
19990,7,12,9,6,6.385714286,High
20006,2,2,1,9,15.1,High
20010,1,11,4,5,29.8,
20011,8,9,9,4,6.45,High
20015,1,2,3,5,31.1,
20018,11,6,8,8,5.527272727,High
20031,1,16,1,8,27.3,
20037,6,9,9,7,7.7,High
20043,3,1,7,6,13.3,High
20044,2,18,5,3,13.9,High
20045,3,1,4,2,11.8,High
20052,1,3,4,5,31.4,
20060,12,4,9,2,6.2,High
20061,1,16,2,5,27.8,
20067,1,8,5,2,30.9,
20072,4,10,5,6,8,High
20074,5,11,8,5,7.8,High
20082,1,12,3,2,29.1,
20091,5,12,5,4,6.1,High
20092,8,7,8,3,6.35,High
20098,1,15,1,6,27.5,
20101,2,15,6,3,15,High
20102,4,3,5,8,9.4,High
20103,10,6,9,2,6.3,High
20104,6,5,6,8,7,High
20107,4,11,4,2,7.3,High
20108,14,3,8,9,5.542857143,High
20109,6,5,7,2,7.5,High
20114,10,5,7,6,5.5,High
20122,7,4,6,1,6.485714286,High
20134,5,18,6,4,5.4,High
20136,2,18,1,5,11.9,High
20141,6,13,8,2,6.4,High
20143,2,12,9,4,17.1,High
20145,4,9,3,9,7.2,High
20149,3,2,2,9,10.6,High
20151,1,4,5,4,31.7,
20154,5,5,1,3,5.5,High
20163,2,3,1,3,14.9,High
20164,4,18,4,5,5.9,High
20170,7,2,5,8,6.385714286,High
20172,3,2,4,3,11.6,High
20178,2,15,1,6,12.5,High
20181,4,14,6,3,7.7,High
20187,7,6,4,9,5.085714286,High
20193,3,13,3,2,8.9,High
20195,16,3,9,8,5.775,High
20197,4,13,7,4,8.4,High
20198,5,14,7,3,6.7,High
20205,1,2,3,6,31.1,
20208,5,15,8,3,7,High
20209,6,3,4,9,6.4,High
20213,4,4,6,6,9.7,High
20216,1,15,5,2,29.5,
20218,7,1,9,7,8.585714286,High
20221,8,4,9,8,7.45,High
20227,11,6,7,2,5.027272727,High
20229,8,13,9,6,5.65,High
20231,1,9,2,3,29.2,
20232,5,15,6,1,6,High
20236,4,14,4,9,6.7,High
20242,1,8,7,9,31.9,
20245,2,16,6,5,14.8,High
20246,14,1,7,2,5.442857143,High
20247,7,1,4,2,6.085714286,High
20251,4,12,1,3,5.6,High
20259,1,13,6,7,30.4,
20260,3,8,1,6,8.9,High
20262,6,7,4,3,5.6,High
20264,5,4,3,9,6.7,High
20266,8,1,9,2,8.05,High
20268,3,17,7,4,10.1,High
20269,5,1,9,8,10.3,High
20274,21,4,9,4,5.128571429,High
20280,5,6,6,8,7.8,High
20284,2,16,1,6,12.3,High
20285,5,15,5,6,5.5,High
20286,22,1,8,1,5.163636364,High
20287,4,1,1,7,7.8,High
20290,3,19,3,5,7.7,High
20300,2,16,1,4,12.3,High
20301,13,1,7,5,5.607692308,High
20302,10,3,6,6,5.4,High
20303,2,18,2,9,12.4,High
20304,2,3,1,5,14.9,High
20309,4,8,2,8,6.9,High
20315,3,14,5,7,9.7,High
20316,3,16,2,3,7.8,High
20318,5,19,8,4,6.2,High
20319,3,15,4,3,9,High
20323,3,9,2,7,9.2,High
20324,6,6,9,9,8.3,High
20327,4,11,8,3,9.3,High
20328,7,6,9,4,7.585714286,High
20333,1,13,3,3,28.9,
20335,12,2,6,6,5.1,High
20341,3,7,8,2,12.6,High
20342,2,11,3,1,14.3,High
20343,7,13,9,3,6.185714286,High
20346,19,3,9,9,5.478947368,High
20354,4,4,5,2,9.2,High
20356,3,2,3,6,11.1,High
20359,1,11,3,2,29.3,
20360,6,8,7,4,6.9,High
20364,4,10,6,4,8.5,High
20369,2,19,5,2,13.7,High
20370,2,12,4,7,14.6,High
20377,16,4,9,9,5.575,High
20378,10,3,8,1,6.4,High
20382,2,16,3,5,13.3,High
20383,5,13,7,8,6.9,High
20390,4,5,9,6,11,High
20392,3,13,8,1,11.4,High
20394,15,3,8,1,5.4,High
20396,2,10,9,2,17.5,High
20402,5,2,5,3,8.1,High
20406,6,6,4,3,5.8,High
20407,6,4,5,3,6.7,High
20408,8,10,8,5,5.75,High
20410,5,4,6,1,8.2,High
20412,2,8,4,6,15.4,High
20413,4,3,3,7,8.4,High
20415,2,15,6,7,15,High
20419,1,1,4,4,31.8,
20420,11,3,6,2,5.127272727,High
20421,8,14,9,9,5.45,High
20424,8,8,6,1,5.15,High
20427,3,7,2,2,9.6,High
20433,11,10,9,6,5.227272727,High
20436,16,4,9,6,5.575,High
20439,2,9,8,5,17.2,High
20443,4,6,8,9,10.3,High
20444,2,8,4,2,15.4,High
20451,4,2,7,9,10.6,High
20452,3,13,3,1,8.9,High
20458,4,18,7,1,7.4,High
20466,4,9,8,6,9.7,High
20471,3,5,5,7,11.5,High
20477,2,16,6,7,14.8,High
20479,4,9,1,4,6.2,High
20481,6,1,5,9,7.3,High
20484,3,13,1,7,7.9,High
20487,10,3,7,7,5.9,High
20488,12,1,8,2,6.3,High
20500,13,1,9,9,6.607692308,High
20509,29,1,9,6,5.334482759,High
20512,9,7,9,2,6.433333333,High
20528,1,5,8,6,33,
20537,2,3,6,4,17.4,High
20538,4,8,6,6,8.9,High
20542,20,1,9,9,5.8,High
20543,1,2,6,8,32.6,
20549,2,15,8,8,16,High
20550,2,19,4,8,13.2,High
20551,8,10,9,4,6.25,High
20554,3,8,7,5,11.9,High
20556,9,1,5,1,5.633333333,High
20560,6,4,5,8,6.7,High
20561,13,8,9,8,5.207692308,High
20570,1,1,6,1,32.8,
20571,2,11,2,4,13.8,High
20574,6,7,5,9,6.1,High
20576,6,4,8,9,8.2,High
20579,5,18,7,7,5.9,High
20582,4,10,7,8,9,High
20588,1,4,9,7,33.7,
20595,3,19,6,1,9.2,High
20597,4,4,4,7,8.7,High
20604,5,19,7,8,5.7,High
20608,1,11,7,2,31.3,
20612,4,9,1,4,6.2,High
20616,1,17,4,1,28.6,
20620,12,5,9,6,6,High
20625,2,14,4,4,14.2,High
20627,7,1,6,2,7.085714286,High
20629,6,8,8,8,7.4,High
20630,3,4,6,5,12.2,High
20634,2,5,8,2,18,High
20635,19,2,9,6,5.678947368,High
20637,1,11,9,2,32.3,
20638,1,10,3,9,29.5,
20646,4,13,8,8,8.9,High
20648,7,5,7,3,6.785714286,High
20655,5,7,2,9,5.6,High
20664,9,1,8,7,7.133333333,High
20665,6,6,7,2,7.3,High
20670,1,16,5,8,29.3,
20671,9,3,5,7,5.233333333,High
20679,5,7,6,6,7.6,High
20681,5,2,8,4,9.6,High
20690,3,18,6,6,9.4,High
20696,2,1,4,5,16.8,High
20702,12,2,8,1,6.1,High
20708,6,4,8,9,8.2,High
20710,24,2,9,8,5.35,High
20712,3,5,7,2,12.5,High
20722,5,13,6,2,6.4,High
20724,5,12,3,3,5.1,High
20734,3,17,7,6,10.1,High
20739,3,7,3,5,10.1,High
20750,7,4,5,1,5.985714286,High
20753,4,9,4,8,7.7,High
20754,9,4,8,1,6.533333333,High
20756,3,8,5,2,10.9,High
20763,3,9,6,7,11.2,High
20764,19,2,9,8,5.678947368,High
20774,14,2,8,6,5.742857143,High
20786,6,6,9,6,8.3,High
20788,4,18,3,3,5.4,High
20790,1,2,1,5,30.1,
20794,2,18,3,9,12.9,High
20799,7,11,7,4,5.585714286,High
20802,10,9,8,4,5.2,High
20804,14,7,9,6,5.242857143,High
20805,22,1,9,6,5.663636364,High
20806,4,7,7,4,9.6,High
20809,5,13,9,8,7.9,High
20813,4,7,5,8,8.6,High
20817,2,14,6,3,15.2,High
20828,1,1,1,2,30.3,
20832,17,3,9,2,5.664705882,High
20834,1,9,1,5,28.7,
20836,5,1,5,6,8.3,High
20842,1,12,3,5,29.1,
20845,6,16,9,3,6.3,High
20847,4,5,1,5,7,High
20851,5,1,9,9,10.3,High
20860,1,5,2,8,30,
20866,8,9,8,4,5.95,High
20868,3,15,4,3,9,High
20869,5,5,3,4,6.5,High
20871,3,1,8,9,13.8,High
20875,6,4,5,2,6.7,High
20877,5,4,2,1,6.2,High
20901,2,12,3,8,14.1,High
20903,4,12,9,3,9.6,High
20913,15,1,7,6,5.3,High
20914,4,12,4,7,7.1,High
20927,3,10,6,9,11,High
20937,6,3,9,3,8.9,High
20939,1,14,2,5,28.2,
20946,6,8,8,3,7.4,High
20950,8,11,8,8,5.55,High
20957,9,3,8,9,6.733333333,High
20964,10,3,8,3,6.4,High
20973,6,2,5,5,7.1,High
20978,11,2,8,7,6.327272727,High
20989,1,6,2,2,29.8,
20993,8,2,7,1,6.85,High
20997,4,3,3,7,8.4,High
20998,1,11,2,4,28.8,
21010,2,9,4,5,15.2,High
21011,4,6,7,5,9.8,High
21014,2,1,4,5,16.8,High
21015,4,8,2,4,6.9,High
21018,1,10,5,4,30.5,
21021,4,7,4,9,8.1,High
21024,2,16,1,6,12.3,High
21026,3,11,7,3,11.3,High
21031,2,14,2,4,13.2,High
21037,8,1,5,8,6.05,High
21038,13,5,8,2,5.307692308,High
21047,2,8,5,6,15.9,High
21049,3,19,6,4,9.2,High
21053,9,4,5,6,5.033333333,High
21055,7,4,6,3,6.485714286,High
21058,11,1,8,5,6.527272727,High
21064,2,19,9,6,15.7,High
21078,2,14,7,2,15.7,High
21085,7,3,3,3,5.185714286,High
21087,5,10,6,6,7,High
21091,3,10,9,6,12.5,High
21100,11,2,7,7,5.827272727,High
21107,2,16,1,3,12.3,High
21108,4,13,9,4,9.4,High
21112,11,1,9,2,7.027272727,High
21117,3,10,9,9,12.5,High
21121,4,5,7,3,10,High
21124,6,7,9,3,8.1,High
21129,6,13,6,1,5.4,High
21137,3,13,5,8,9.9,High
21138,7,3,7,7,7.185714286,High
21140,4,5,5,9,9,High
21141,1,18,6,5,29.4,
21146,3,17,1,9,7.1,High
21147,9,1,7,4,6.633333333,High
21150,7,8,8,8,6.685714286,High
21153,2,6,2,9,14.8,High
21162,3,11,1,1,8.3,High
21166,2,11,4,1,14.8,High
21173,1,14,1,2,27.7,
21185,13,1,8,5,6.107692308,High
21187,11,1,5,3,5.027272727,High
21190,9,4,9,8,7.033333333,High
21194,5,5,1,5,5.5,High
21201,2,4,1,6,14.7,High
21202,3,2,2,6,10.6,High
21204,1,7,2,2,29.6,
21206,10,2,8,3,6.6,High
21208,14,4,8,2,5.342857143,High
21210,10,3,6,8,5.4,High
21211,10,5,7,4,5.5,High
21214,1,8,7,7,31.9,
21215,3,12,1,4,8.1,High
21216,5,1,4,5,7.8,High
21227,1,15,5,6,29.5,
21229,10,1,7,9,6.3,High
21233,3,10,4,1,10,High
21236,5,17,9,2,7.1,High
21238,3,13,9,8,11.9,High
21243,1,7,9,2,33.1,
21244,11,3,6,6,5.127272727,High
21245,9,8,9,5,6.233333333,High
21248,5,5,2,4,6,High
21251,6,19,9,1,5.7,High
21261,9,1,4,4,5.133333333,High
21267,6,8,8,5,7.4,High
21278,2,15,3,5,13.5,High
21283,2,6,6,3,16.8,High
21288,6,2,7,2,8.1,High
21295,3,5,5,7,11.5,High
21299,7,1,3,2,5.585714286,High
21305,6,12,8,3,6.6,High
21306,2,9,4,8,15.2,High
21307,14,1,8,6,5.942857143,High
21316,1,15,4,9,29,
21329,3,19,8,4,10.2,High
21335,4,13,5,9,7.4,High
21342,2,5,5,2,16.5,High
21343,7,3,8,9,7.685714286,High
21349,2,8,2,7,14.4,High
21351,7,9,9,3,6.985714286,High
21356,2,14,1,4,12.7,High
21357,3,9,9,4,12.7,High
21365,15,3,8,2,5.4,High
21368,18,4,9,1,5.366666667,High
21373,4,14,4,6,6.7,High
21381,4,14,3,1,6.2,High
21382,3,14,5,5,9.7,High
21392,5,2,6,8,8.6,High
21394,6,6,6,9,6.8,High
21395,4,19,5,6,6.2,High
21396,1,14,1,7,27.7,
21407,4,4,1,5,7.2,High
21409,2,7,3,7,15.1,High
21410,4,13,6,4,7.9,High
21411,1,2,4,2,31.6,
21419,3,6,2,5,9.8,High
21425,3,7,5,3,11.1,High
21433,6,8,4,1,5.4,High
21436,4,14,4,7,6.7,High
21438,15,1,7,2,5.3,High
21442,1,5,3,1,30.5,
21444,8,10,9,4,6.25,High
21448,9,3,5,9,5.233333333,High
21449,2,18,4,9,13.4,High
21451,15,3,8,4,5.4,High
21452,8,5,6,4,5.75,High
21453,1,19,8,6,30.2,
21456,1,5,2,2,30,
21457,3,6,2,7,9.8,High
21459,27,3,9,5,5.011111111,High
21473,3,5,7,2,12.5,High
21477,3,3,1,7,9.9,High
21481,1,15,7,7,30.5,
21484,1,17,8,9,30.6,
21485,4,6,3,3,7.8,High
21491,3,7,4,8,10.6,High
21493,6,2,9,6,9.1,High
21494,8,5,6,9,5.75,High
21503,8,1,9,3,8.05,High
21512,27,1,9,2,5.411111111,High
21513,5,1,1,6,6.3,High
21515,1,9,9,1,32.7,
21518,2,17,5,2,14.1,High
21521,4,14,2,6,5.7,High
21527,4,2,7,4,10.6,High
21528,10,3,7,1,5.9,High
21533,6,7,4,5,5.6,High
21534,2,3,1,4,14.9,High
21537,1,5,6,3,32,
21546,5,14,8,9,7.2,High
21548,8,6,7,3,6.05,High
21550,3,13,3,6,8.9,High
21551,3,2,6,3,12.6,High
21552,8,5,9,8,7.25,High
21560,13,4,8,7,5.507692308,High
21569,6,9,6,7,6.2,High
21570,9,7,8,7,5.933333333,High
21580,24,1,9,5,5.55,High
21582,22,3,9,9,5.263636364,High
21583,11,1,8,9,6.527272727,High
21587,5,11,6,7,6.8,High
21591,3,16,1,1,7.3,High
21599,7,1,6,5,7.085714286,High
21604,15,1,9,3,6.3,High
21607,5,3,5,8,7.9,High
21620,4,7,1,9,6.6,High
21621,2,3,5,7,16.9,High
21622,5,18,7,5,5.9,High
21625,8,10,9,1,6.25,High
21633,8,16,9,4,5.05,High
21645,5,6,4,8,6.8,High
21647,7,4,7,7,6.985714286,High
21660,2,2,2,6,15.6,High
21664,5,15,5,2,5.5,High
21669,7,6,5,7,5.585714286,High
21671,1,19,8,1,30.2,
21675,18,2,8,4,5.266666667,High
21676,6,10,9,9,7.5,High
21684,6,1,8,5,8.8,High
21685,2,15,9,5,16.5,High
21690,1,19,9,4,30.7,
21703,12,5,8,3,5.5,High
21704,2,18,4,8,13.4,High
21709,4,1,6,5,10.3,High
21714,2,16,9,2,16.3,High
21719,9,6,9,6,6.633333333,High
21724,13,6,9,3,5.607692308,High
21733,4,13,6,2,7.9,High
21735,5,1,5,4,8.3,High
21743,1,13,1,4,27.9,
21745,1,8,1,8,28.9,
21746,1,17,5,6,29.1,
21749,7,5,6,4,6.285714286,High
21752,1,1,9,1,34.3,
21758,5,12,8,3,7.6,High
21766,6,16,9,8,6.3,High
21769,2,2,1,3,15.1,High
21771,12,2,9,2,6.6,High
21778,12,8,9,4,5.4,High
21781,3,1,9,5,14.3,High
21783,5,17,5,8,5.1,High
21788,1,17,2,4,27.6,
21789,4,9,9,7,10.2,High
21792,3,3,1,3,9.9,High
21793,2,17,4,1,13.6,High
21796,9,2,5,4,5.433333333,High
21800,1,10,1,7,28.5,
21806,3,19,3,3,7.7,High
21808,9,1,7,5,6.633333333,High
21814,2,11,9,2,17.3,High
21816,4,1,4,5,9.3,High
21818,8,6,8,8,6.55,High
21829,5,9,9,1,8.7,High
21838,1,4,6,7,32.2,
21864,4,6,9,5,10.8,High
21871,2,9,4,9,15.2,High
21874,2,16,6,5,14.8,High
21880,2,4,6,3,17.2,High
21882,5,10,4,1,6,High
21890,7,2,7,7,7.385714286,High
21891,12,4,9,7,6.2,High
21893,5,3,3,2,6.9,High
21901,5,3,3,2,6.9,High
21903,9,7,8,7,5.933333333,High
21906,1,6,8,2,32.8,
21908,3,3,3,2,10.9,High
21911,3,2,4,6,11.6,High
21913,4,16,5,4,6.8,High
21915,25,2,9,4,5.3,High
21918,4,14,1,4,5.2,High
21920,11,5,8,6,5.727272727,High
21926,18,3,9,6,5.566666667,High
21939,3,16,9,3,11.3,High
21940,5,15,9,9,7.5,High
21941,1,11,3,4,29.3,
21946,1,8,2,7,29.4,
21949,1,4,6,4,32.2,
21953,4,13,4,4,6.9,High
21956,8,3,4,8,5.15,High
21958,11,3,8,9,6.127272727,High
21967,3,18,4,8,8.4,High
21971,8,6,9,2,7.05,High
21972,5,13,9,3,7.9,High
21978,2,7,9,5,18.1,High
21979,8,11,8,7,5.55,High
21980,13,5,9,2,5.807692308,High
21984,8,10,8,7,5.75,High
21991,2,14,3,4,13.7,High
21998,1,11,8,4,31.8,
21999,1,14,4,9,29.2,
22001,18,3,9,5,5.566666667,High
22002,23,1,8,3,5.104347826,High
22005,4,19,9,5,8.2,High
22008,5,15,5,4,5.5,High
22009,1,4,2,3,30.2,
22012,3,2,8,3,13.6,High
22019,1,18,3,2,27.9,
22020,1,11,2,9,28.8,
22024,5,3,6,6,8.4,High
22026,3,15,4,9,9,High
22028,24,3,9,7,5.15,High
22029,13,3,7,2,5.207692308,High
22030,5,1,8,1,9.8,High
22032,2,10,1,4,13.5,High
22036,11,2,7,8,5.827272727,High
22040,6,5,7,8,7.5,High
22041,1,15,3,8,28.5,
22042,2,2,9,4,19.1,High
22043,6,6,9,9,8.3,High
22052,7,12,8,2,5.885714286,High
22055,7,13,7,9,5.185714286,High
22057,3,10,7,9,11.5,High
22063,7,1,9,3,8.585714286,High
22067,2,8,2,8,14.4,High
22071,5,8,2,9,5.4,High
22080,2,16,3,6,13.3,High
22089,3,8,6,2,11.4,High
22090,5,19,6,7,5.2,High
22096,2,3,8,9,18.4,High
22098,9,9,9,9,6.033333333,High
22100,3,5,9,3,13.5,High
22104,7,15,9,8,5.785714286,High
22105,3,6,3,9,10.3,High
22110,4,17,2,8,5.1,High
22114,3,13,5,2,9.9,High
22115,4,14,1,8,5.2,High
22124,6,16,8,7,5.8,High
22125,3,11,9,8,12.3,High
22126,4,5,3,2,8,High
22127,5,6,2,1,5.8,High
22131,5,7,5,1,7.1,High
22135,4,6,8,3,10.3,High
22136,15,6,9,9,5.3,High
22138,5,11,7,3,7.3,High
22140,6,13,8,1,6.4,High
22142,7,14,8,6,5.485714286,High
22149,5,13,9,1,7.9,High
22150,1,14,4,1,29.2,
22155,5,17,9,4,7.1,High
22160,2,1,1,4,15.3,High
22169,4,10,9,5,10,High
22173,3,4,2,8,10.2,High
22177,1,12,4,6,29.6,
22178,5,1,9,2,10.3,High
22183,8,4,5,6,5.45,High
22185,13,4,8,6,5.507692308,High
22186,2,19,1,1,11.7,High
22191,2,16,2,9,12.8,High
22196,14,7,9,6,5.242857143,High
22202,8,9,8,1,5.95,High
22204,11,1,6,1,5.527272727,High
22207,2,3,8,1,18.4,High
22211,4,8,9,8,10.4,High
22212,3,15,6,4,10,High
22219,4,10,4,9,7.5,High
22223,16,2,9,2,5.975,High
22229,5,14,5,6,5.7,High
22230,9,2,8,9,6.933333333,High
22232,6,6,5,4,6.3,High
22234,7,8,7,7,6.185714286,High
22241,5,8,7,8,7.9,High
22245,14,2,8,9,5.742857143,High
22250,1,14,8,8,31.2,
22256,2,14,4,7,14.2,High
22263,6,9,4,9,5.2,High
22264,10,2,6,5,5.6,High
22265,1,8,7,8,31.9,
22266,3,15,5,2,9.5,High
22272,2,14,1,2,12.7,High
22276,5,17,7,3,6.1,High
22277,4,2,4,7,9.1,High
22278,3,3,2,6,10.4,High
22281,23,2,9,7,5.404347826,High
22283,4,8,3,2,7.4,High
22289,5,18,8,1,6.4,High
22295,5,16,8,4,6.8,High
22298,5,17,5,1,5.1,High
22301,2,19,5,7,13.7,High
22306,1,19,1,5,26.7,
22309,6,15,7,9,5.5,High
22310,1,18,1,1,26.9,
22316,4,4,4,9,8.7,High
22319,17,3,9,9,5.664705882,High
22322,1,12,5,4,30.1,
22324,1,12,8,8,31.6,
22327,3,11,4,4,9.8,High
22331,3,12,4,6,9.6,High
22335,13,9,9,5,5.007692308,High
22340,10,2,9,1,7.1,High
22341,1,15,6,3,30,
22348,5,13,4,6,5.4,High
22349,19,2,8,8,5.178947368,High
22351,7,3,3,7,5.185714286,High
22357,17,1,7,6,5.064705882,High
22358,12,1,6,1,5.3,High
22359,4,9,7,4,9.2,High
22361,1,13,1,2,27.9,
22366,13,7,9,6,5.407692308,High
22367,5,1,1,4,6.3,High
22368,4,15,6,2,7.5,High
22374,4,12,6,1,8.1,High
22379,4,7,9,8,10.6,High
22383,4,6,3,2,7.8,High
22387,3,12,4,5,9.6,High
22389,2,12,4,4,14.6,High
22394,1,17,7,3,30.1,
22407,5,19,6,2,5.2,High
22411,11,1,7,3,6.027272727,High
22417,12,2,7,6,5.6,High
22420,1,11,1,8,28.3,
22436,11,3,8,7,6.127272727,High
22441,13,3,8,5,5.707692308,High
22442,4,13,8,9,8.9,High
22444,12,7,8,7,5.1,High
22446,1,17,2,1,27.6,
22447,6,5,9,5,8.5,High
22451,11,8,8,4,5.127272727,High
22454,4,4,5,8,9.2,High
22458,1,18,6,5,29.4,
22470,4,18,9,5,8.4,High
22471,1,7,4,2,30.6,
22473,8,2,9,5,7.85,High
22476,5,18,8,3,6.4,High
22486,8,4,9,5,7.45,High
22488,9,9,7,9,5.033333333,High
22489,4,9,4,5,7.7,High
22490,5,2,9,7,10.1,High
22497,4,3,9,7,11.4,High
22499,2,18,2,2,12.4,High
22501,4,5,2,1,7.5,High
22506,5,16,5,9,5.3,High
22510,15,3,9,1,5.9,High
22515,22,1,9,2,5.663636364,High
22520,4,3,4,6,8.9,High
22528,4,8,4,1,7.9,High
22532,3,13,6,2,10.4,High
22534,3,15,5,5,9.5,High
22536,5,19,9,2,6.7,High
22538,7,2,7,4,7.385714286,High
22539,2,5,9,2,18.5,High
22542,2,4,6,5,17.2,High
22543,2,13,1,4,12.9,High
22545,6,5,9,7,8.5,High
22546,10,4,7,5,5.7,High
22552,4,14,8,2,8.7,High
22554,8,8,9,1,6.65,High
22563,2,9,3,2,14.7,High
22568,9,1,9,2,7.633333333,High
22570,3,17,8,5,10.6,High
22571,5,4,9,1,9.7,High
22575,7,5,9,4,7.785714286,High
22587,7,8,6,4,5.685714286,High
22592,1,17,8,1,30.6,
22601,8,10,7,9,5.25,High
22603,6,5,8,5,8,High
22606,8,7,9,6,6.85,High
22611,4,16,7,7,7.8,High
22618,4,16,7,8,7.8,High
22627,9,4,6,3,5.533333333,High
22630,20,1,9,1,5.8,High
22631,4,11,1,1,5.8,High
22637,1,11,1,6,28.3,
22639,5,11,7,2,7.3,High
22642,4,2,7,9,10.6,High
22644,4,1,1,6,7.8,High
22645,6,6,4,3,5.8,High
22648,3,5,2,5,10,High
22650,1,13,9,8,31.9,
22655,2,19,9,4,15.7,High
22657,1,17,5,8,29.1,
22660,1,13,1,6,27.9,
22664,2,19,9,6,15.7,High
22666,15,4,9,7,5.7,High
22672,22,2,9,4,5.463636364,High
22674,2,9,3,6,14.7,High
22676,5,5,9,3,9.5,High
22677,5,8,6,4,7.4,High
22692,3,13,8,3,11.4,High
22696,4,3,1,9,7.4,High
22697,4,10,7,1,9,High
22700,5,1,7,5,9.3,High
22702,25,1,9,7,5.5,High
22706,11,8,8,2,5.127272727,High
22717,3,19,9,2,10.7,High
22719,2,18,7,6,14.9,High
22729,3,2,8,2,13.6,High
22731,2,8,9,3,17.9,High
22733,3,4,3,4,10.7,High
22734,11,3,8,6,6.127272727,High
22742,6,3,4,2,6.4,High
22744,2,2,2,1,15.6,High
22749,6,14,7,9,5.7,High
22760,2,8,8,3,17.4,High
22764,19,1,8,7,5.378947368,High
22771,6,1,5,5,7.3,High
22775,12,4,7,5,5.2,High
22782,3,19,8,9,10.2,High
22787,4,11,6,8,8.3,High
22788,10,2,7,9,6.1,High
22791,2,5,1,8,14.5,High
22794,3,11,2,9,8.8,High
22799,1,14,7,2,30.7,
22802,5,2,9,8,10.1,High
22804,1,13,2,1,28.4,
22806,1,13,9,6,31.9,
22815,10,1,6,3,5.8,High
22824,2,7,8,7,17.6,High
22829,6,16,8,5,5.8,High
22831,1,1,1,4,30.3,
22832,7,1,3,5,5.585714286,High
22833,7,1,4,5,6.085714286,High
22853,5,6,4,6,6.8,High
22855,6,2,7,2,8.1,High
22859,1,3,3,1,30.9,
22860,4,9,1,3,6.2,High
22862,1,16,6,8,29.8,
22867,4,11,2,8,6.3,High
22871,1,14,4,5,29.2,
22875,13,2,8,2,5.907692308,High
22882,1,11,5,5,30.3,
22888,2,7,8,8,17.6,High
22894,1,9,2,3,29.2,
22898,6,19,8,6,5.2,High
22899,8,7,9,2,6.85,High
22907,19,1,8,5,5.378947368,High
22908,3,4,3,6,10.7,High
22914,4,15,7,2,8,High
22918,5,2,5,6,8.1,High
22920,3,2,1,6,10.1,High
22921,11,1,5,7,5.027272727,High
22923,1,17,4,1,28.6,
22925,8,12,9,7,5.85,High
22927,6,12,8,3,6.6,High
22928,3,4,1,2,9.7,High
22930,8,8,8,6,6.15,High
22931,2,10,9,4,17.5,High
22936,9,7,7,7,5.433333333,High
22940,4,9,9,9,10.2,High
22941,1,18,3,4,27.9,
22948,2,3,5,1,16.9,High
22951,7,2,7,2,7.385714286,High
22952,9,6,9,9,6.633333333,High
22953,5,9,6,4,7.2,High
22956,6,3,7,5,7.9,High
22958,1,8,5,8,30.9,
22961,6,14,8,5,6.2,High
22964,3,15,3,7,8.5,High
22967,4,7,2,5,7.1,High
22968,5,1,6,6,8.8,High
22969,6,9,6,5,6.2,High
22970,1,14,4,5,29.2,
22971,9,2,7,5,6.433333333,High
22979,6,9,7,1,6.7,High
22983,9,2,5,7,5.433333333,High
22998,8,1,4,6,5.55,High
22999,5,7,6,4,7.6,High
23000,1,10,8,4,32,
23002,1,6,8,8,32.8,
23005,9,4,7,4,6.033333333,High
23006,4,11,5,9,7.8,High
23008,1,11,7,2,31.3,
23018,3,19,2,2,7.2,High
23020,3,18,2,6,7.4,High
23021,7,1,8,4,8.085714286,High
23024,1,4,9,4,33.7,
23025,8,1,5,8,6.05,High
23027,5,11,3,2,5.3,High
23029,5,5,4,2,7,High
23030,5,13,5,6,5.9,High
23031,8,6,8,3,6.55,High
23038,4,12,6,2,8.1,High
23040,4,9,4,3,7.7,High
23041,4,9,5,5,8.2,High
23044,3,17,7,6,10.1,High
23053,2,6,5,5,16.3,High
23054,1,3,9,7,33.9,
23059,8,2,8,4,7.35,High
23060,6,7,7,5,7.1,High
23064,12,3,9,3,6.4,High
23072,3,13,3,5,8.9,High
23076,4,14,4,2,6.7,High
23078,1,15,8,1,31,
23080,1,12,9,4,32.1,
23082,2,18,5,3,13.9,High
23090,7,10,7,1,5.785714286,High
23099,3,16,8,4,10.8,High
23102,3,9,3,8,9.7,High
23106,3,5,3,1,10.5,High
23116,9,7,8,9,5.933333333,High
23118,5,6,1,6,5.3,High
23119,24,1,9,9,5.55,High
23123,3,16,7,5,10.3,High
23124,3,14,6,8,10.2,High
23126,6,15,7,7,5.5,High
23134,1,13,3,7,28.9,
23139,4,10,1,6,6,High
23140,3,6,2,7,9.8,High
23142,3,19,6,2,9.2,High
23145,6,2,4,8,6.6,High
23153,5,10,3,5,5.5,High
23155,16,1,8,8,5.675,High
23156,9,11,8,5,5.133333333,High
23158,9,2,6,2,5.933333333,High
23162,5,16,9,3,7.3,High
23168,4,14,8,6,8.7,High
23173,8,1,9,4,8.05,High
23180,2,16,3,4,13.3,High
23185,4,9,6,3,8.7,High
23202,3,14,8,3,11.2,High
23208,1,15,3,3,28.5,
23209,6,7,8,1,7.6,High
23213,13,3,8,3,5.707692308,High
23215,2,11,8,8,16.8,High
23219,2,19,3,5,12.7,High
23226,13,4,8,3,5.507692308,High
23227,10,2,6,6,5.6,High
23230,2,7,5,7,16.1,High
23232,1,11,7,9,31.3,
23235,8,11,9,1,6.05,High
23238,2,8,5,7,15.9,High
23242,2,11,9,8,17.3,High
23250,2,5,8,2,18,High
23252,1,3,7,1,32.9,
23255,4,7,8,7,10.1,High
23261,6,6,6,3,6.8,High
23263,3,16,4,2,8.8,High
23274,2,9,8,6,17.2,High
23278,1,4,2,4,30.2,
23283,1,13,1,4,27.9,
23302,8,1,9,3,8.05,High
23303,20,2,9,5,5.6,High
23304,5,3,9,5,9.9,High
23307,2,10,7,9,16.5,High
23309,20,3,9,5,5.4,High
23311,5,8,4,6,6.4,High
23313,2,3,7,5,17.9,High
23321,18,2,9,4,5.766666667,High
23328,5,16,5,5,5.3,High
23329,3,19,6,4,9.2,High
23335,4,1,6,1,10.3,High
23336,12,1,8,5,6.3,High
23349,9,1,6,3,6.133333333,High
23353,5,8,6,1,7.4,High
23355,1,4,4,9,31.2,
23356,3,19,3,6,7.7,High
23359,4,12,5,8,7.6,High
23362,4,16,4,1,6.3,High
23363,7,3,4,9,5.685714286,High
23389,6,10,5,9,5.5,High
23392,6,8,6,4,6.4,High
23394,1,5,3,6,30.5,
23397,1,12,5,8,30.1,
23400,1,3,9,8,33.9,
23401,3,2,7,8,13.1,High
23405,4,8,2,1,6.9,High
23407,3,19,5,7,8.7,High
23420,4,14,2,4,5.7,High
23421,5,9,7,8,7.7,High
23426,5,11,7,8,7.3,High
23437,4,15,4,9,6.5,High
23439,1,7,4,1,30.6,
23441,1,16,4,8,28.8,
23445,9,1,8,1,7.133333333,High
23446,1,16,5,5,29.3,
23449,4,18,9,3,8.4,High
23456,5,9,9,1,8.7,High
23460,4,19,7,8,7.2,High
23464,1,2,7,8,33.1,
23465,2,9,6,7,16.2,High
23466,2,3,6,2,17.4,High
23470,3,1,9,6,14.3,High
23471,10,2,8,5,6.6,High
23476,12,1,9,9,6.8,High
23478,3,13,9,8,11.9,High
23486,9,8,8,1,5.733333333,High
23488,13,1,7,8,5.607692308,High
23493,9,4,8,6,6.533333333,High
23495,1,8,6,1,31.4,
23498,4,16,4,7,6.3,High
23502,2,2,7,7,18.1,High
23506,2,9,5,3,15.7,High
23507,8,1,4,6,5.55,High
23508,7,3,6,8,6.685714286,High
23510,7,1,2,5,5.085714286,High
23514,12,4,8,3,5.7,High
23517,8,7,6,8,5.35,High
23518,7,9,9,9,6.985714286,High
23519,6,14,9,5,6.7,High
23531,5,15,6,8,6,High
23532,6,8,7,8,6.9,High
23542,2,7,7,5,17.1,High
23546,3,5,1,5,9.5,High
23553,2,17,3,7,13.1,High
23563,22,1,9,9,5.663636364,High
23566,3,12,7,4,11.1,High
23568,9,1,9,9,7.633333333,High
23569,11,5,8,1,5.727272727,High
23570,3,8,6,5,11.4,High
23572,11,4,8,4,5.927272727,High
23574,3,12,1,7,8.1,High
23577,3,12,7,1,11.1,High
23580,6,10,9,2,7.5,High
23583,19,4,9,1,5.278947368,High
23586,1,1,2,7,30.8,
23587,1,4,3,1,30.7,
23596,9,3,7,2,6.233333333,High
23599,5,1,7,4,9.3,High
23602,4,2,4,8,9.1,High
23606,8,10,8,6,5.75,High
23610,9,4,8,4,6.533333333,High
23613,5,3,1,2,5.9,High
23615,6,4,3,6,5.7,High
23619,3,9,8,4,12.2,High
23620,11,4,9,1,6.427272727,High
23627,17,5,9,2,5.264705882,High
23628,4,15,8,1,8.5,High
23632,5,13,9,4,7.9,High
23634,2,4,4,1,16.2,High
23641,5,9,9,9,8.7,High
23642,8,2,8,6,7.35,High
23646,7,9,7,2,5.985714286,High
23649,5,8,8,9,8.4,High
23651,5,11,5,7,6.3,High
23661,15,2,8,9,5.6,High
23662,3,15,4,9,9,High
23663,20,1,9,6,5.8,High
23665,1,10,8,9,32,
23671,2,2,5,4,17.1,High
23673,7,11,7,5,5.585714286,High
23675,1,1,3,5,31.3,
23676,5,6,1,6,5.3,High
23680,12,1,6,7,5.3,High
23688,3,16,5,8,9.3,High
23691,2,14,2,9,13.2,High
23692,3,10,9,7,12.5,High
23694,2,11,9,1,17.3,High
23696,16,3,9,4,5.775,High
23697,8,8,6,6,5.15,High
23700,20,3,9,1,5.4,High
23702,5,14,5,3,5.7,High
23710,6,2,9,1,9.1,High
23717,2,12,2,8,13.6,High
23721,5,10,9,2,8.5,High
23723,5,17,7,2,6.1,High
23724,14,5,8,8,5.142857143,High
23727,5,10,8,1,8,High
23729,8,1,5,8,6.05,High
23731,8,12,8,5,5.35,High
23736,10,4,6,6,5.2,High
23742,4,2,4,5,9.1,High
23743,5,13,4,9,5.4,High
23745,4,1,1,2,7.8,High
23747,8,12,9,5,5.85,High
23750,8,10,7,8,5.25,High
23752,5,2,6,8,8.6,High
23753,9,9,9,6,6.033333333,High
23755,6,2,7,8,8.1,High
23759,6,12,6,6,5.6,High
23768,2,7,4,3,15.6,High
23777,3,13,3,7,8.9,High
23779,11,3,8,4,6.127272727,High
23781,9,3,8,1,6.733333333,High
23790,6,2,8,7,8.6,High
23797,4,15,5,5,7,High
23805,24,1,9,6,5.55,High
23816,15,6,9,9,5.3,High
23833,24,1,8,5,5.05,High
23834,6,8,8,6,7.4,High
23842,2,4,6,1,17.2,High
23849,5,7,3,1,6.1,High
23854,5,15,8,1,7,High
23855,3,1,7,8,13.3,High
23859,5,4,2,5,6.2,High
23870,7,3,8,1,7.685714286,High
23876,2,3,2,5,15.4,High
23877,6,18,8,8,5.4,High
23879,2,10,1,8,13.5,High
23880,2,8,6,4,16.4,High
23890,1,19,5,7,28.7,
23901,22,3,9,2,5.263636364,High
23911,12,7,8,2,5.1,High
23917,6,8,4,3,5.4,High
23920,5,14,8,3,7.2,High
23922,1,16,3,8,28.3,
23931,13,1,6,4,5.107692308,High
23939,1,9,4,7,30.2,
23941,1,12,7,9,31.1,
23942,7,7,8,3,6.885714286,High
23944,8,10,9,4,6.25,High
23949,1,16,2,3,27.8,
23950,4,11,8,1,9.3,High
23952,11,2,6,9,5.327272727,High
23956,10,2,8,4,6.6,High
23957,17,3,8,2,5.164705882,High
23964,3,9,9,3,12.7,High
23965,23,1,8,2,5.104347826,High
23973,1,11,2,8,28.8,
23974,1,9,5,6,30.7,
23977,3,9,3,6,9.7,High
23983,1,16,3,2,28.3,
23987,8,2,5,3,5.85,High
23991,2,13,3,9,13.9,High
23993,2,19,5,1,13.7,High
23996,15,5,9,1,5.5,High
23997,2,13,9,5,16.9,High
24003,1,14,4,2,29.2,
24010,5,6,5,4,7.3,High
24025,6,14,6,1,5.2,High
24026,2,12,4,5,14.6,High
24032,2,7,7,2,17.1,High
24034,4,18,3,4,5.4,High
24036,19,2,8,4,5.178947368,High
24038,6,6,8,9,7.8,High
24043,12,8,9,3,5.4,High
24049,5,2,5,9,8.1,High
24050,3,14,1,5,7.7,High
24052,5,10,8,9,8,High
24057,1,2,7,6,33.1,
24059,1,15,8,9,31,
24069,5,5,5,5,7.5,High
24074,10,1,8,1,6.8,High
24076,6,8,7,8,6.9,High
24081,7,7,8,3,6.885714286,High
24102,5,6,7,4,8.3,High
24110,3,19,6,2,9.2,High
24111,2,19,3,1,12.7,High
24114,3,13,2,8,8.4,High
24123,2,1,1,9,15.3,High
24124,2,2,3,4,16.1,High
24126,1,13,5,3,29.9,
24133,4,2,2,6,8.1,High
24137,9,10,8,2,5.333333333,High
24143,4,17,3,4,5.6,High
24145,5,15,5,7,5.5,High
24151,20,4,9,5,5.2,High
24152,10,7,7,5,5.1,High
24155,2,14,6,3,15.2,High
24156,4,3,8,9,10.9,High
24158,4,4,8,2,10.7,High
24166,18,2,8,6,5.266666667,High
24168,6,11,9,3,7.3,High
24171,2,3,8,7,18.4,High
24172,2,4,7,3,17.7,High
24173,5,13,8,1,7.4,High
24177,5,12,6,5,6.6,High
24178,8,10,9,2,6.25,High
24180,3,8,8,4,12.4,High
24181,9,2,7,5,6.433333333,High
24186,5,6,1,9,5.3,High
24190,15,6,9,7,5.3,High
24192,5,3,1,9,5.9,High
24193,5,18,9,4,6.9,High
24195,16,4,9,2,5.575,High
24196,15,6,9,8,5.3,High
24198,3,7,2,5,9.6,High
24200,11,6,9,2,6.027272727,High
24201,2,7,8,4,17.6,High
24207,7,5,4,4,5.285714286,High
24218,12,7,9,8,5.6,High
24224,1,11,9,6,32.3,
24228,3,6,2,9,9.8,High
24237,9,1,8,6,7.133333333,High
24238,2,5,7,5,17.5,High
24244,5,19,9,5,6.7,High
24248,9,2,9,1,7.433333333,High
24255,4,1,3,2,8.8,High
24256,1,14,7,4,30.7,
24263,1,12,7,5,31.1,
24274,6,3,7,7,7.9,High
24275,3,3,5,8,11.9,High
24277,12,1,8,4,6.3,High
24278,11,3,9,8,6.627272727,High
24282,2,9,8,8,17.2,High
24285,1,10,7,1,31.5,
24286,1,8,3,1,29.9,
24290,7,9,6,8,5.485714286,High
24291,5,5,7,1,8.5,High
24304,2,8,5,1,15.9,High
24306,7,7,8,8,6.885714286,High
24312,2,9,1,2,13.7,High
24315,5,6,9,9,9.3,High
24316,4,10,8,1,9.5,High
24317,1,6,8,2,32.8,
24321,13,3,8,5,5.707692308,High
24322,3,16,8,8,10.8,High
24326,6,4,5,4,6.7,High
24328,1,3,1,9,29.9,
24329,2,19,6,6,14.2,High
24331,2,9,5,3,15.7,High
24339,3,14,3,3,8.7,High
24341,9,6,9,6,6.633333333,High
24346,3,7,7,2,12.1,High
24348,1,1,3,8,31.3,
24353,4,15,7,5,8,High
24354,9,9,8,1,5.533333333,High
24355,18,1,8,4,5.466666667,High
24359,2,18,9,9,15.9,High
24360,2,1,1,1,15.3,High
24362,9,1,5,8,5.633333333,High
24365,10,4,9,4,6.7,High
24366,8,7,7,7,5.85,High
24367,1,15,4,9,29,
24370,4,4,7,5,10.2,High
24372,6,1,2,1,5.8,High
24373,4,16,2,4,5.3,High
24377,1,16,9,1,31.3,
24381,3,16,6,9,9.8,High
24393,4,2,7,9,10.6,High
24394,3,12,4,2,9.6,High
24404,1,12,8,4,31.6,
24406,5,5,4,1,7,High
24407,1,19,6,3,29.2,
24412,11,8,8,5,5.127272727,High
24417,3,13,2,3,8.4,High
24423,4,15,3,4,6,High
24429,1,4,5,9,31.7,
24430,7,7,6,6,5.885714286,High
24432,9,5,8,1,6.333333333,High
24437,1,2,8,1,33.6,
24442,5,15,9,8,7.5,High
24451,1,11,4,7,29.8,
24452,4,4,4,4,8.7,High
24454,5,2,4,2,7.6,High
24455,3,14,4,8,9.2,High
24457,3,6,3,4,10.3,High
24458,1,5,6,5,32,
24459,2,4,8,8,18.2,High
24460,2,6,1,3,14.3,High
24461,6,9,9,6,7.7,High
24464,5,15,8,1,7,High
24466,1,13,9,3,31.9,
24469,17,5,9,7,5.264705882,High
24475,3,1,2,8,10.8,High
24476,4,14,3,3,6.2,High
24479,1,18,1,5,26.9,
24481,16,2,8,5,5.475,High
24483,5,11,8,2,7.8,High
24487,3,2,4,4,11.6,High
24490,6,7,4,3,5.6,High
24493,5,13,7,5,6.9,High
24495,4,17,8,6,8.1,High
24496,1,15,5,6,29.5,
24500,7,4,5,6,5.985714286,High
24502,1,18,3,7,27.9,
24505,5,12,3,4,5.1,High
24510,5,4,1,7,5.7,High
24518,3,2,2,8,10.6,High
24526,6,17,7,3,5.1,High
24528,3,3,9,5,13.9,High
24531,4,14,8,5,8.7,High
24532,23,1,9,5,5.604347826,High
24537,4,14,4,3,6.7,High
24539,4,2,7,9,10.6,High
24541,6,7,4,6,5.6,High
24542,8,5,9,5,7.25,High
24543,4,13,9,3,9.4,High
24545,5,6,6,3,7.8,High
24547,8,13,8,1,5.15,High
24550,11,2,9,8,6.827272727,High
24551,6,3,8,1,8.4,High
24557,7,12,8,1,5.885714286,High
24558,2,10,3,6,14.5,High
24566,2,13,1,4,12.9,High
24571,1,7,6,3,31.6,
24580,11,8,8,5,5.127272727,High
24581,2,8,2,4,14.4,High
24582,3,14,1,1,7.7,High
24585,1,14,3,1,28.7,
24587,8,10,7,8,5.25,High
24597,20,1,8,2,5.3,High
24610,6,3,4,8,6.4,High
24617,19,1,9,7,5.878947368,High
24618,1,7,6,8,31.6,
24619,1,5,4,3,31,
24620,11,11,9,1,5.027272727,High
24627,3,3,2,2,10.4,High
24628,1,5,8,1,33,
24636,4,7,8,2,10.1,High
24638,16,4,9,6,5.575,High
24641,4,13,6,6,7.9,High
24652,3,16,2,3,7.8,High
24655,2,1,4,3,16.8,High
24657,5,5,6,3,8,High
24660,5,1,6,9,8.8,High
24680,5,11,8,4,7.8,High
24683,3,10,5,5,10.5,High
24686,2,5,6,3,17,High
24695,28,1,9,2,5.371428571,High
24698,8,6,7,6,6.05,High
24703,5,4,2,7,6.2,High
24715,10,6,7,7,5.3,High
24723,5,3,9,4,9.9,High
24724,21,2,8,1,5.028571429,High
24733,14,4,8,1,5.342857143,High
24736,4,17,5,3,6.6,High
24739,4,6,8,4,10.3,High
24740,5,17,7,7,6.1,High
24744,21,4,9,3,5.128571429,High
24747,18,2,8,9,5.266666667,High
24751,7,2,9,5,8.385714286,High
24756,4,6,2,5,7.3,High
24757,1,12,2,6,28.6,
24758,10,3,8,4,6.4,High
24762,2,13,6,1,15.4,High
24768,4,6,4,1,8.3,High
24770,5,9,7,4,7.7,High
24777,3,18,7,1,9.9,High
24783,8,1,7,3,7.05,High
24784,10,4,7,2,5.7,High
24785,1,18,9,5,30.9,
24790,3,19,3,2,7.7,High
24815,6,5,5,2,6.5,High
24826,7,3,7,8,7.185714286,High
24829,2,1,5,3,17.3,High
24830,6,1,6,3,7.8,High
24831,6,12,5,8,5.1,High
24833,1,5,4,6,31,
24834,6,4,7,9,7.7,High
24839,7,3,9,4,8.185714286,High
24844,3,13,5,1,9.9,High
24846,3,18,4,9,8.4,High
24848,11,1,9,7,7.027272727,High
24857,4,5,3,2,8,High
24858,6,3,6,2,7.4,High
24859,3,5,6,2,12,High
24861,10,6,9,1,6.3,High
24867,1,1,5,1,32.3,
24868,2,12,2,3,13.6,High
24869,4,15,6,1,7.5,High
24870,16,2,8,9,5.475,High
24871,1,13,9,3,31.9,
24872,1,16,6,2,29.8,
24873,7,12,8,7,5.885714286,High
24890,5,10,3,5,5.5,High
24898,1,7,3,7,30.1,
24899,5,17,7,6,6.1,High
24902,8,11,9,8,6.05,High
24914,8,13,8,3,5.15,High
24915,2,17,4,1,13.6,High
24917,1,19,5,6,28.7,
24922,11,2,6,5,5.327272727,High
24924,2,3,9,5,18.9,High
24928,11,6,8,9,5.527272727,High
24929,3,5,9,9,13.5,High
24930,5,8,5,5,6.9,High
24934,7,9,6,4,5.485714286,High
24936,2,6,6,2,16.8,High
24946,2,12,9,2,17.1,High
24947,9,6,8,9,6.133333333,High
24953,13,2,8,2,5.907692308,High
24963,15,1,7,1,5.3,High
24967,5,11,8,7,7.8,High
24968,16,2,9,4,5.975,High
24971,1,16,6,4,29.8,
24982,13,9,9,1,5.007692308,High
24984,21,1,8,3,5.228571429,High
24986,9,2,5,2,5.433333333,High
24989,7,9,8,6,6.485714286,High
24995,5,7,5,1,7.1,High
24996,2,17,4,8,13.6,High
24999,1,4,7,5,32.7,
25000,12,3,8,6,5.9,High
25003,2,5,8,4,18,High
25005,5,9,2,2,5.2,High
25006,9,2,6,3,5.933333333,High
25008,9,4,8,9,6.533333333,High
25011,3,19,5,2,8.7,High
25013,1,9,9,2,32.7,
25014,2,19,7,6,14.7,High
25018,1,19,5,6,28.7,
25019,4,5,6,2,9.5,High
25023,5,5,6,3,8,High
25029,18,1,8,3,5.466666667,High
25032,4,8,2,5,6.9,High
25034,4,18,9,3,8.4,High
25037,1,5,7,2,32.5,
25041,6,19,8,6,5.2,High
25042,6,6,3,7,5.3,High
25046,6,6,7,9,7.3,High
25049,4,18,5,3,6.4,High
25059,2,7,7,3,17.1,High
25064,1,17,4,2,28.6,
25065,3,16,1,9,7.3,High
25070,15,2,7,7,5.1,High
25075,2,2,5,2,17.1,High
25084,8,15,9,1,5.25,High
25090,4,9,9,4,10.2,High
25092,21,4,9,4,5.128571429,High
25098,2,11,2,3,13.8,High
25107,3,3,1,1,9.9,High
25108,27,3,9,8,5.011111111,High
25109,1,5,9,1,33.5,
25112,10,3,7,9,5.9,High
25113,17,1,9,2,6.064705882,High
25114,1,18,6,4,29.4,
25119,5,12,8,8,7.6,High
25125,3,6,5,1,11.3,High
25127,10,2,7,1,6.1,High
25128,7,1,7,2,7.585714286,High
25132,4,7,5,8,8.6,High
25136,6,7,6,6,6.6,High
25139,2,9,5,3,15.7,High
25144,6,16,9,3,6.3,High
25164,8,5,9,6,7.25,High
25168,5,14,5,7,5.7,High
25169,6,1,5,4,7.3,High
25170,4,15,7,1,8,High
25171,3,10,5,2,10.5,High
25173,6,5,5,6,6.5,High
25176,1,17,3,5,28.1,
25177,8,3,8,5,7.15,High
25178,4,1,1,7,7.8,High
25184,5,3,5,4,7.9,High
25186,28,2,9,6,5.171428571,High
25189,6,5,4,9,6,High
25198,4,9,4,9,7.7,High
25207,15,5,9,6,5.5,High
25208,4,8,9,8,10.4,High
25215,1,15,3,5,28.5,
25218,5,11,9,3,8.3,High
25221,2,3,4,8,16.4,High
25235,3,2,8,9,13.6,High
25237,1,15,6,5,30,
25239,5,16,5,1,5.3,High
25241,2,10,1,2,13.5,High
25244,8,3,7,3,6.65,High
25245,3,3,7,7,12.9,High
25251,2,5,5,4,16.5,High
25253,6,1,2,3,5.8,High
25259,5,16,5,8,5.3,High
25261,2,9,4,6,15.2,High
25276,9,9,9,7,6.033333333,High
25278,4,15,9,3,9,High
25282,2,6,4,5,15.8,High
25284,8,2,6,3,6.35,High
25288,3,2,7,2,13.1,High
25289,7,12,8,7,5.885714286,High
25292,2,9,6,7,16.2,High
25293,10,3,9,8,6.9,High
25295,9,7,9,8,6.433333333,High
25297,19,2,9,9,5.678947368,High
25300,4,10,3,8,7,High
25302,7,1,7,5,7.585714286,High
25303,22,4,9,9,5.063636364,High
25306,6,8,7,8,6.9,High
25308,1,19,2,4,27.2,
25311,13,1,9,7,6.607692308,High
25312,2,13,5,8,14.9,High
25316,4,16,3,2,5.8,High
25319,6,6,5,5,6.3,High
25320,3,18,5,3,8.9,High
25321,4,17,3,9,5.6,High
25322,8,6,8,2,6.55,High
25325,4,7,6,5,9.1,High
25326,10,1,7,4,6.3,High
25327,1,11,8,6,31.8,
25333,5,4,3,1,6.7,High
25336,7,6,5,6,5.585714286,High
25349,2,18,9,5,15.9,High
25352,4,17,2,2,5.1,High
25355,5,14,4,6,5.2,High
25359,7,16,9,4,5.585714286,High
25363,7,5,8,9,7.285714286,High
25365,8,14,9,8,5.45,High
25366,17,3,9,4,5.664705882,High
25367,3,19,5,5,8.7,High
25374,7,8,9,3,7.185714286,High
25375,1,9,6,8,31.2,
25377,3,1,8,1,13.8,High
25385,16,2,9,9,5.975,High
25386,5,1,7,7,9.3,High
25387,10,2,7,4,6.1,High
25391,4,2,5,9,9.6,High
25403,10,1,9,6,7.3,High
25407,7,7,6,5,5.885714286,High
25409,3,7,7,7,12.1,High
25413,5,16,5,5,5.3,High
25417,4,14,5,4,7.2,High
25420,2,11,8,7,16.8,High
25432,4,18,5,1,6.4,High
25434,4,16,9,4,8.8,High
25438,4,11,2,9,6.3,High
25439,3,1,4,4,11.8,High
25441,1,8,8,9,32.4,
25444,2,13,8,7,16.4,High
25446,12,4,7,7,5.2,High
25447,4,14,5,8,7.2,High
25452,1,19,6,6,29.2,
25460,3,5,2,7,10,High
25468,6,2,8,2,8.6,High
25474,3,7,4,2,10.6,High
25479,5,18,7,6,5.9,High
25481,13,2,9,5,6.407692308,High
25486,20,3,9,7,5.4,High
25490,2,8,6,6,16.4,High
25491,10,5,8,1,6,High
25492,2,3,9,9,18.9,High
25493,5,7,9,6,9.1,High
25496,1,18,2,9,27.4,
25502,10,2,9,8,7.1,High
25505,2,1,7,6,18.3,High
25508,8,1,4,4,5.55,High
25509,2,3,2,6,15.4,High
25511,1,17,4,5,28.6,
25522,7,1,4,3,6.085714286,High
25523,13,2,8,9,5.907692308,High
25545,4,15,2,2,5.5,High
25546,7,8,9,2,7.185714286,High
25547,1,9,9,9,32.7,
25554,3,9,7,9,11.7,High
25556,11,1,5,9,5.027272727,High
25558,3,2,6,9,12.6,High
25559,1,15,2,2,28,
25563,16,1,7,6,5.175,High
25567,2,5,9,2,18.5,High
25579,2,7,5,4,16.1,High
25581,3,8,9,6,12.9,High
25586,3,5,4,1,11,High
25588,5,9,7,9,7.7,High
25595,2,17,8,2,15.6,High
25596,14,5,8,4,5.142857143,High
25597,2,18,8,1,15.4,High
25602,4,1,9,7,11.8,High
25608,2,3,5,6,16.9,High
25610,10,9,8,5,5.2,High
25611,1,1,2,3,30.8,
25617,3,18,7,6,9.9,High
25618,1,14,5,5,29.7,
25624,2,15,6,8,15,High
25626,4,13,1,2,5.4,High
25627,2,5,7,6,17.5,High
25629,1,11,8,5,31.8,
25634,2,6,4,6,15.8,High
25636,3,13,2,5,8.4,High
25639,12,2,6,1,5.1,High
25640,6,15,9,8,6.5,High
25648,7,6,9,6,7.585714286,High
25649,8,3,7,7,6.65,High
25653,1,16,4,4,28.8,
25657,6,5,3,4,5.5,High
25679,6,14,9,4,6.7,High
25681,5,6,1,6,5.3,High
25686,4,6,2,8,7.3,High
25687,5,1,8,5,9.8,High
25689,5,17,8,6,6.6,High
25691,14,2,8,1,5.742857143,High
25692,3,3,4,1,11.4,High
25694,7,7,5,3,5.385714286,High
25695,5,4,6,1,8.2,High
25700,11,3,8,3,6.127272727,High
25711,2,1,8,5,18.8,High
25717,3,15,1,8,7.5,High
25723,4,1,9,9,11.8,High
25725,1,3,7,4,32.9,
25729,14,3,7,2,5.042857143,High
25734,2,7,6,1,16.6,High
25737,6,5,3,1,5.5,High
25740,1,17,9,5,31.1,
25741,3,11,8,2,11.8,High
25747,6,2,6,3,7.6,High
25748,1,4,8,3,33.2,
25750,4,19,6,8,6.7,High
25757,4,7,1,6,6.6,High
25759,3,10,4,6,10,High
25760,10,7,9,3,6.1,High
25763,6,5,6,1,7,High
25765,6,15,9,4,6.5,High
25769,9,1,4,4,5.133333333,High
25778,8,3,4,6,5.15,High
25779,1,14,9,8,31.7,
25785,1,14,4,3,29.2,
25789,4,13,4,9,6.9,High
25793,7,8,9,3,7.185714286,High
25794,3,16,5,8,9.3,High
25795,3,18,5,2,8.9,High
25802,1,17,1,8,27.1,
25809,7,8,7,5,6.185714286,High
25816,5,3,2,6,6.4,High
25822,4,7,6,2,9.1,High
25843,25,3,9,2,5.1,High
25849,15,7,9,6,5.1,High
25852,5,9,3,4,5.7,High
25855,7,1,5,1,6.585714286,High
25856,9,1,5,7,5.633333333,High
25860,6,4,9,4,8.7,High
25861,4,4,8,8,10.7,High
25862,16,1,8,4,5.675,High
25866,12,4,7,8,5.2,High
25868,3,6,2,4,9.8,High
25877,12,3,7,6,5.4,High
25882,3,1,9,4,14.3,High
25884,2,18,9,7,15.9,High
25890,6,2,2,1,5.6,High
25891,5,17,6,7,5.6,High
25903,3,13,7,7,10.9,High
25905,3,11,1,1,8.3,High
25909,9,5,6,8,5.333333333,High
25913,1,7,4,6,30.6,
25917,5,8,6,5,7.4,High
25918,12,1,6,3,5.3,High
25920,21,4,9,2,5.128571429,High
25921,2,4,2,1,15.2,High
25926,4,4,7,4,10.2,High
25929,6,3,2,9,5.4,High
25932,5,17,8,7,6.6,High
25933,6,3,2,8,5.4,High
25938,6,11,9,9,7.3,High
25939,2,5,6,6,17,High
25944,13,3,8,9,5.707692308,High
25945,8,4,8,9,6.95,High
25950,1,17,8,8,30.6,
25953,23,1,9,5,5.604347826,High
25962,7,5,5,9,5.785714286,High
25964,22,3,9,6,5.263636364,High
25966,2,6,9,6,18.3,High
25968,3,9,5,5,10.7,High
25969,7,3,8,8,7.685714286,High
25975,8,1,9,2,8.05,High
25977,8,2,6,5,6.35,High
25979,1,13,8,1,31.4,
25981,3,5,9,8,13.5,High
25986,3,18,3,3,7.9,High
25994,2,3,6,2,17.4,High
25995,9,6,6,3,5.133333333,High
25996,3,1,9,6,14.3,High
25997,4,14,3,2,6.2,High
25999,3,18,9,4,10.9,High
26009,1,10,5,4,30.5,
26015,4,12,7,7,8.6,High
26025,4,16,6,7,7.3,High
26032,16,2,9,4,5.975,High
26033,15,4,8,9,5.2,High
26039,1,17,9,8,31.1,
26051,8,12,9,8,5.85,High
26058,11,6,9,8,6.027272727,High
26060,12,1,6,2,5.3,High
26069,7,8,9,4,7.185714286,High
26073,4,19,3,1,5.2,High
26075,2,12,6,1,15.6,High
26077,1,4,4,9,31.2,
26078,7,9,6,2,5.485714286,High
26080,2,1,7,7,18.3,High
26085,4,13,5,7,7.4,High
26088,5,5,2,1,6,High
26089,4,4,1,6,7.2,High
26092,4,1,6,2,10.3,High
26093,2,6,5,2,16.3,High
26096,18,1,9,8,5.966666667,High
26100,1,10,8,9,32,
26104,19,5,9,9,5.078947368,High
26106,24,2,9,9,5.35,High
26110,6,1,7,1,8.3,High
26111,5,8,8,1,8.4,High
26112,4,14,6,6,7.7,High
26121,3,8,3,8,9.9,High
26127,12,9,9,4,5.2,High
26134,2,13,9,9,16.9,High
26145,4,2,3,1,8.6,High
26150,3,19,4,3,8.2,High
26154,1,8,5,3,30.9,
26155,3,9,7,1,11.7,High
26157,3,19,7,8,9.7,High
26163,6,14,9,8,6.7,High
26167,13,1,7,7,5.607692308,High
26169,3,1,8,7,13.8,High
26175,6,6,9,3,8.3,High
26179,7,5,9,3,7.785714286,High
26190,4,15,9,9,9,High
26191,7,7,7,6,6.385714286,High
26195,4,14,8,2,8.7,High
26200,1,7,4,5,30.6,
26203,4,11,1,9,5.8,High
26215,4,16,5,5,6.8,High
26217,2,14,1,1,12.7,High
26224,3,16,8,3,10.8,High
26226,4,15,2,8,5.5,High
26232,11,1,7,7,6.027272727,High
26235,9,6,7,6,5.633333333,High
26236,7,13,8,3,5.685714286,High
26243,3,3,5,9,11.9,High
26245,2,18,5,2,13.9,High
26265,19,4,9,1,5.278947368,High
26266,10,7,8,2,5.6,High
26271,7,1,8,5,8.085714286,High
26272,19,1,8,7,5.378947368,High
26274,3,11,7,9,11.3,High
26275,9,1,6,1,6.133333333,High
26277,2,1,3,1,16.3,High
26282,14,3,9,3,6.042857143,High
26289,6,1,5,1,7.3,High
26299,11,7,8,2,5.327272727,High
26303,3,5,7,2,12.5,High
26304,3,8,8,5,12.4,High
26307,6,2,8,8,8.6,High
26316,23,2,9,3,5.404347826,High
26319,4,2,8,3,11.1,High
26321,5,6,8,9,8.8,High
26323,17,6,9,4,5.064705882,High
26331,11,8,9,8,5.627272727,High
26332,3,19,8,6,10.2,High
26334,3,8,8,4,12.4,High
26335,2,5,9,4,18.5,High
26342,6,14,6,8,5.2,High
26343,9,6,8,2,6.133333333,High
26344,1,13,6,3,30.4,
26348,3,8,5,1,10.9,High
26351,1,17,8,4,30.6,
26353,1,4,3,7,30.7,
26356,1,14,9,7,31.7,
26361,9,10,9,5,5.833333333,High
26364,26,2,9,4,5.253846154,High
26365,6,17,9,1,6.1,High
26368,4,6,9,5,10.8,High
26373,4,15,6,9,7.5,High
26382,7,3,4,1,5.685714286,High
26388,11,5,9,1,6.227272727,High
26393,3,8,6,3,11.4,High
26394,10,6,8,1,5.8,High
26395,5,8,5,4,6.9,High
26396,2,10,5,5,15.5,High
26399,4,15,5,2,7,High
26413,3,1,7,6,13.3,High
26418,3,5,7,2,12.5,High
26420,4,15,7,9,8,High
26421,1,2,4,5,31.6,
26428,1,12,7,1,31.1,
26433,11,5,8,5,5.727272727,High
26445,5,5,9,9,9.5,High
26447,3,3,8,9,13.4,High
26449,3,12,7,2,11.1,High
26453,7,9,6,8,5.485714286,High
26455,2,18,1,1,11.9,High
26456,1,12,8,4,31.6,
26457,4,2,3,6,8.6,High
26458,3,1,8,8,13.8,High
26461,15,2,9,1,6.1,High
26463,14,3,8,7,5.542857143,High
26466,13,5,9,7,5.807692308,High
26467,9,10,8,1,5.333333333,High
26468,2,7,1,7,14.1,High
26469,1,9,7,8,31.7,
26471,23,2,9,7,5.404347826,High
26473,11,2,7,5,5.827272727,High
26474,10,1,7,5,6.3,High
26476,4,6,6,6,9.3,High
26477,3,2,8,8,13.6,High
26481,18,2,9,2,5.766666667,High
26493,27,1,9,7,5.411111111,High
26494,16,3,8,8,5.275,High
26495,3,19,9,3,10.7,High
26497,17,1,9,4,6.064705882,High
26508,3,4,7,9,12.7,High
26509,17,1,8,4,5.564705882,High
26514,7,2,4,4,5.885714286,High
26516,1,5,7,1,32.5,
26526,7,8,8,6,6.685714286,High
26530,1,9,9,5,32.7,
26532,1,14,2,2,28.2,
26535,6,12,6,3,5.6,High
26539,8,4,5,8,5.45,High
26541,7,4,7,8,6.985714286,High
26543,8,10,7,3,5.25,High
26556,14,7,9,4,5.242857143,High
26558,5,9,3,8,5.7,High
26561,8,6,9,3,7.05,High
26562,1,2,7,7,33.1,
26565,5,9,9,3,8.7,High
26570,4,6,8,3,10.3,High
26571,3,18,4,4,8.4,High
26579,8,8,9,2,6.65,High
26580,3,15,5,7,9.5,High
26581,3,19,6,5,9.2,High
26585,7,8,5,7,5.185714286,High
26588,1,18,9,1,30.9,
26593,7,4,6,6,6.485714286,High
26596,6,4,7,3,7.7,High
26598,14,3,9,1,6.042857143,High
26600,2,13,4,4,14.4,High
26604,1,5,2,4,30,
26609,1,3,9,4,33.9,
26611,1,7,6,3,31.6,
26617,1,6,4,8,30.8,
26621,2,5,9,4,18.5,High
26633,3,18,7,8,9.9,High
26638,4,9,2,8,6.7,High
26640,22,2,9,7,5.463636364,High
26641,4,4,9,1,11.2,High
26643,5,2,2,8,6.6,High
26646,9,7,9,5,6.433333333,High
26647,3,1,2,1,10.8,High
26655,4,16,5,5,6.8,High
26656,3,13,7,8,10.9,High
26657,5,18,8,7,6.4,High
26658,9,13,9,4,5.233333333,High
26663,20,1,9,3,5.8,High
26671,1,5,9,6,33.5,
26676,2,4,8,1,18.2,High
26678,4,10,9,7,10,High
26679,6,2,4,2,6.6,High
26685,5,9,6,4,7.2,High
26687,1,3,2,1,30.4,
26696,5,9,7,9,7.7,High
26697,6,5,8,8,8,High
26702,3,17,8,8,10.6,High
26703,4,14,5,5,7.2,High
26710,3,2,6,9,12.6,High
26711,3,15,3,8,8.5,High
26715,1,10,5,2,30.5,
26717,3,7,1,7,9.1,High
26718,1,13,8,5,31.4,
26722,3,4,9,3,13.7,High
26723,4,19,5,9,6.2,High
26726,2,3,8,9,18.4,High
26727,8,15,9,2,5.25,High
26731,2,17,3,3,13.1,High
26734,4,18,6,3,6.9,High
26740,2,1,1,3,15.3,High
26742,7,1,5,4,6.585714286,High
26743,13,2,8,7,5.907692308,High
26745,5,6,3,9,6.3,High
26759,5,8,7,6,7.9,High
26768,2,12,7,9,16.1,High
26770,8,2,7,9,6.85,High
26771,2,6,9,7,18.3,High
26773,1,10,1,9,28.5,
26777,14,3,7,8,5.042857143,High
26782,2,4,3,3,15.7,High
26784,5,19,9,3,6.7,High
26789,4,1,7,3,10.8,High
26797,3,16,7,1,10.3,High
26798,2,5,3,1,15.5,High
26801,1,13,2,4,28.4,
26802,4,1,5,6,9.8,High
26804,6,9,7,2,6.7,High
26808,2,17,5,8,14.1,High
26812,9,7,8,3,5.933333333,High
26821,1,9,4,1,30.2,
26840,3,13,9,9,11.9,High
26846,14,5,9,2,5.642857143,High
26848,8,4,7,3,6.45,High
26850,6,15,8,3,6,High
26860,7,14,8,1,5.485714286,High
26862,4,6,9,6,10.8,High
26866,5,13,7,5,6.9,High
26867,1,4,3,7,30.7,
26879,4,10,9,3,10,High
26881,5,6,1,6,5.3,High
26882,1,8,7,2,31.9,
26888,2,1,8,1,18.8,High
26890,19,2,9,5,5.678947368,High
26897,10,8,8,9,5.4,High
26898,2,2,9,1,19.1,High
26900,2,3,8,2,18.4,High
26903,5,4,7,5,8.7,High
26907,5,9,5,1,6.7,High
26914,6,14,6,6,5.2,High
26918,1,9,1,3,28.7,
26924,5,7,8,2,8.6,High
26931,2,12,7,1,16.1,High
26936,11,10,9,4,5.227272727,High
26938,3,6,8,4,12.8,High
26939,5,8,4,7,6.4,High
26943,6,1,4,9,6.8,High
26945,6,5,7,1,7.5,High
26946,10,3,8,9,6.4,High
26948,8,1,3,8,5.05,High
26950,1,19,7,8,29.7,
26952,2,11,5,9,15.3,High
26953,3,13,6,2,10.4,High
26960,17,1,7,1,5.064705882,High
26961,5,15,6,1,6,High
26962,8,2,5,8,5.85,High
26965,2,19,7,2,14.7,High
26970,5,4,9,9,9.7,High
26980,8,11,8,6,5.55,High
26983,2,14,8,3,16.2,High
26984,26,2,9,7,5.253846154,High
26987,1,15,7,1,30.5,
27003,15,5,9,2,5.5,High
27005,1,14,3,7,28.7,
27013,3,13,2,1,8.4,High
27016,4,11,8,7,9.3,High
27023,14,3,9,2,6.042857143,High
27037,6,9,5,9,5.7,High
27038,5,17,6,6,5.6,High
27042,1,13,7,4,30.9,
27048,5,6,2,2,5.8,High
27056,6,7,8,7,7.6,High
27057,2,12,8,6,16.6,High
27058,5,1,1,8,6.3,High
27067,14,1,8,8,5.942857143,High
27075,1,10,9,1,32.5,
27077,1,19,1,2,26.7,
27079,3,15,6,2,10,High
27080,8,4,7,1,6.45,High
27086,5,14,4,5,5.2,High
27104,1,6,4,6,30.8,
27106,3,19,7,2,9.7,High
27109,5,4,1,6,5.7,High
27113,7,13,9,5,6.185714286,High
27122,1,13,9,8,31.9,
27123,3,13,8,2,11.4,High
27129,3,5,9,2,13.5,High
27131,5,8,5,2,6.9,High
27134,5,14,6,8,6.2,High
27142,1,10,1,6,28.5,
27148,4,14,5,3,7.2,High
27156,6,14,7,8,5.7,High
27157,1,14,6,1,30.2,
27159,5,9,9,7,8.7,High
27160,4,3,5,3,9.4,High
27164,2,19,8,1,15.2,High
27170,2,15,7,3,15.5,High
27171,1,4,3,6,30.7,
27172,6,6,6,7,6.8,High
27176,11,8,8,9,5.127272727,High
27180,4,8,4,1,7.9,High
27182,1,17,4,8,28.6,
27191,1,4,4,5,31.2,
27194,8,13,8,6,5.15,High
27195,4,14,4,4,6.7,High
27197,3,17,4,4,8.6,High
27201,1,2,1,4,30.1,
27203,8,11,7,9,5.05,High
27208,3,18,6,7,9.4,High
27212,4,12,6,7,8.1,High
27217,8,5,7,8,6.25,High
27219,8,4,7,8,6.45,High
27224,4,4,2,2,7.7,High
27227,1,19,6,5,29.2,
27231,5,4,8,5,9.2,High
27238,3,15,7,6,10.5,High
27242,3,13,5,8,9.9,High
27243,3,5,7,6,12.5,High
27244,3,1,2,5,10.8,High
27245,11,1,6,5,5.527272727,High
27246,1,12,5,7,30.1,
27250,17,1,9,3,6.064705882,High
27252,5,18,9,3,6.9,High
27254,1,15,6,2,30,
27259,5,14,4,8,5.2,High
27272,1,11,2,1,28.8,
27280,1,4,7,3,32.7,
27292,16,4,9,4,5.575,High
27305,3,18,4,1,8.4,High
27306,1,11,4,7,29.8,
27307,2,19,7,2,14.7,High
27312,6,5,9,5,8.5,High
27313,20,3,9,5,5.4,High
27314,4,4,5,1,9.2,High
27315,24,1,8,2,5.05,High
27324,6,17,9,5,6.1,High
27332,5,6,1,6,5.3,High
27333,4,7,2,5,7.1,High
27341,6,10,9,9,7.5,High
27342,4,8,2,3,6.9,High
27346,17,1,9,9,6.064705882,High
27348,2,3,7,7,17.9,High
27352,3,18,7,9,9.9,High
27355,3,8,2,5,9.4,High
27358,1,19,8,1,30.2,
27360,11,2,8,7,6.327272727,High
27365,5,9,3,2,5.7,High
27367,7,11,8,7,6.085714286,High
27369,3,3,5,8,11.9,High
27370,4,9,5,6,8.2,High
27371,9,2,7,7,6.433333333,High
27372,9,9,9,3,6.033333333,High
27375,1,3,3,8,30.9,
27382,5,10,8,5,8,High
27386,10,3,8,5,6.4,High
27390,5,2,9,1,10.1,High
27395,4,17,8,9,8.1,High
27401,1,8,9,4,32.9,
27405,2,6,6,7,16.8,High
27407,2,6,9,7,18.3,High
27408,2,18,4,8,13.4,High
27415,14,6,9,8,5.442857143,High
27420,7,4,4,1,5.485714286,High
27424,2,5,5,4,16.5,High
27428,13,4,9,8,6.007692308,High
27429,19,1,9,8,5.878947368,High
27433,9,4,6,5,5.533333333,High
27435,2,2,3,8,16.1,High
27440,5,14,9,1,7.7,High
27443,11,7,8,1,5.327272727,High
27451,8,1,4,4,5.55,High
27453,5,6,3,9,6.3,High
27454,1,4,3,5,30.7,
27462,1,9,3,2,29.7,
27467,8,6,6,6,5.55,High
27470,1,15,8,6,31,
27472,6,6,7,1,7.3,High
27474,4,18,6,6,6.9,High
27484,21,4,9,3,5.128571429,High
27485,4,5,8,6,10.5,High
27486,22,4,9,6,5.063636364,High
27497,1,2,4,2,31.6,
27498,8,11,7,3,5.05,High
27505,6,10,7,2,6.5,High
27506,3,16,9,6,11.3,High
27507,1,7,3,9,30.1,
27511,6,17,8,7,5.6,High
27517,7,3,9,6,8.185714286,High
27518,6,13,6,2,5.4,High
27523,17,2,8,5,5.364705882,High
27524,4,6,1,6,6.8,High
27535,17,4,9,6,5.464705882,High
27537,3,10,9,9,12.5,High
27541,21,2,8,7,5.028571429,High
27542,8,11,7,4,5.05,High
27543,5,7,5,1,7.1,High
27544,3,9,9,8,12.7,High
27552,13,5,9,8,5.807692308,High
27553,3,15,4,6,9,High
27554,5,5,7,8,8.5,High
27558,11,7,9,2,5.827272727,High
27565,5,5,4,3,7,High
27566,12,9,9,3,5.2,High
27568,8,5,5,2,5.25,High
27576,18,1,9,6,5.966666667,High
27577,1,8,2,3,29.4,
27579,2,6,7,7,17.3,High
27580,2,9,3,5,14.7,High
27581,3,7,4,8,10.6,High
27587,11,3,9,7,6.627272727,High
27590,3,16,6,7,9.8,High
27591,27,2,9,3,5.211111111,High
27594,23,2,9,6,5.404347826,High
27595,4,8,9,2,10.4,High
27598,8,1,7,4,7.05,High
27600,1,18,5,7,28.9,
27603,3,19,5,2,8.7,High
27605,1,18,3,7,27.9,
27606,4,10,5,2,8,High
27607,7,3,7,4,7.185714286,High
27612,3,6,5,6,11.3,High
27619,15,1,9,8,6.3,High
27620,11,4,7,2,5.427272727,High
27622,3,18,1,5,6.9,High
27627,2,14,3,3,13.7,High
27630,2,19,9,9,15.7,High
27632,6,19,9,8,5.7,High
27634,3,3,5,9,11.9,High
27635,9,2,8,5,6.933333333,High
27645,5,11,8,4,7.8,High
27648,5,10,8,6,8,High
27651,9,1,4,5,5.133333333,High
27655,4,2,7,6,10.6,High
27660,17,3,8,2,5.164705882,High
27663,6,14,9,7,6.7,High
27667,5,8,6,8,7.4,High
27668,6,8,6,1,6.4,High
27670,6,3,3,5,5.9,High
27677,9,10,9,7,5.833333333,High
27678,5,1,5,2,8.3,High
27679,18,2,8,9,5.266666667,High
27681,21,3,9,8,5.328571429,High
27684,3,1,3,9,11.3,High
27689,2,1,1,8,15.3,High
27693,8,4,9,5,7.45,High
27694,2,17,7,6,15.1,High
27701,8,2,5,2,5.85,High
27703,1,12,2,3,28.6,
27705,5,11,6,5,6.8,High
27707,1,3,5,8,31.9,
27710,2,13,1,4,12.9,High
27715,5,10,7,9,7.5,High
27728,7,4,5,3,5.985714286,High
27737,1,10,8,7,32,
27738,6,13,9,8,6.9,High
27741,12,3,9,2,6.4,High
27746,2,14,6,5,15.2,High
27749,9,4,8,2,6.533333333,High
27750,3,1,4,3,11.8,High
27751,16,4,8,8,5.075,High
27752,4,16,4,9,6.3,High
27753,6,6,9,9,8.3,High
27762,2,3,2,1,15.4,High
27769,1,15,3,9,28.5,
27776,6,9,5,9,5.7,High
27780,6,1,1,7,5.3,High
27786,1,10,2,9,29,
27790,11,5,8,6,5.727272727,High
27791,8,10,8,5,5.75,High
27792,1,1,2,3,30.8,
27797,2,13,5,2,14.9,High
27798,3,12,9,9,12.1,High
27801,9,9,9,4,6.033333333,High
27803,2,4,2,4,15.2,High
27804,4,12,3,8,6.6,High
27805,5,5,4,4,7,High
27808,6,17,9,2,6.1,High
27809,3,12,9,7,12.1,High
27813,4,3,8,6,10.9,High
27816,3,12,3,5,9.1,High
27823,18,2,9,3,5.766666667,High
27826,3,16,9,7,11.3,High
27831,5,7,7,2,8.1,High
27833,12,7,9,9,5.6,High
27836,5,1,2,1,6.8,High
27839,6,8,4,6,5.4,High
27843,1,8,3,8,29.9,
27845,3,18,3,6,7.9,High
27850,6,7,3,6,5.1,High
27854,1,17,1,2,27.1,
27856,13,4,7,7,5.007692308,High
27860,5,13,7,1,6.9,High
27865,2,7,5,8,16.1,High
27868,5,3,9,7,9.9,High
27870,7,14,8,8,5.485714286,High
27875,1,4,1,1,29.7,
27877,7,10,7,4,5.785714286,High
27880,15,2,9,2,6.1,High
27881,2,8,6,7,16.4,High
27888,17,2,8,7,5.364705882,High
27889,2,13,5,9,14.9,High
27899,3,5,5,4,11.5,High
27902,2,16,1,3,12.3,High
27903,10,1,8,2,6.8,High
27904,15,3,8,6,5.4,High
27908,4,19,6,3,6.7,High
27909,6,7,9,9,8.1,High
27912,6,8,9,3,7.9,High
27918,12,5,9,1,6,High
27920,5,9,9,4,8.7,High
27927,5,10,7,7,7.5,High
27929,5,19,8,7,6.2,High
27933,4,14,7,4,8.2,High
27936,20,1,8,9,5.3,High
27938,8,4,9,1,7.45,High
27940,7,1,8,6,8.085714286,High
27944,9,9,9,2,6.033333333,High
27945,7,4,8,1,7.485714286,High
27950,6,18,8,9,5.4,High
27964,16,1,8,5,5.675,High
27968,6,5,3,6,5.5,High
27970,1,10,5,7,30.5,
27973,8,12,8,4,5.35,High
27979,1,1,5,3,32.3,
27980,2,2,3,8,16.1,High
27985,4,19,5,9,6.2,High
27987,7,6,6,8,6.085714286,High
27988,3,10,1,1,8.5,High
27989,6,16,9,4,6.3,High
27990,2,6,4,9,15.8,High
27992,4,13,1,3,5.4,High
28004,27,2,9,7,5.211111111,High
28010,6,7,8,4,7.6,High
28011,1,16,7,7,30.3,
28012,2,9,2,5,14.2,High
28016,1,7,1,1,29.1,
28017,5,1,1,2,6.3,High
28025,7,5,5,9,5.785714286,High
28027,10,6,8,8,5.8,High
28032,4,3,8,1,10.9,High
28037,5,2,7,7,9.1,High
28040,1,11,6,1,30.8,
28043,5,1,4,5,7.8,High
28046,1,7,2,1,29.6,
28051,25,1,9,7,5.5,High
28052,4,11,4,9,7.3,High
28056,13,5,9,6,5.807692308,High
28057,1,1,8,4,33.8,
28058,5,1,7,6,9.3,High
28060,1,5,2,2,30,
28065,2,3,6,5,17.4,High
28067,10,3,6,4,5.4,High
28070,1,3,8,7,33.4,
28077,6,7,9,5,8.1,High
28078,4,12,6,1,8.1,High
28086,4,11,7,3,8.8,High
28087,17,3,8,9,5.164705882,High
28088,3,19,4,6,8.2,High
28090,2,14,9,4,16.7,High
28093,8,9,9,3,6.45,High
28095,4,1,3,3,8.8,High
28100,1,6,5,5,31.3,
28102,2,3,3,8,15.9,High
28104,7,11,9,3,6.585714286,High
28111,14,4,9,9,5.842857143,High
28113,2,1,5,1,17.3,High
28115,6,5,6,4,7,High
28117,3,10,5,7,10.5,High
28121,6,17,7,8,5.1,High
28124,14,7,9,9,5.242857143,High
28125,4,11,6,4,8.3,High
28131,1,3,9,9,33.9,
28133,4,16,7,5,7.8,High
28135,6,12,7,6,6.1,High
28141,4,10,4,1,7.5,High
28143,9,2,5,6,5.433333333,High
28148,3,6,3,5,10.3,High
28154,2,14,7,3,15.7,High
28156,11,2,7,6,5.827272727,High
28157,2,9,3,3,14.7,High
28158,2,5,7,6,17.5,High
28164,7,4,4,3,5.485714286,High
28167,2,2,3,9,16.1,High
28173,2,13,6,9,15.4,High
28175,12,6,9,2,5.8,High
28182,4,8,8,9,9.9,High
28183,5,4,4,1,7.2,High
28189,2,3,1,4,14.9,High
28204,1,7,5,6,31.1,
28206,12,3,8,3,5.9,High
28209,3,8,2,3,9.4,High
28210,4,13,3,4,6.4,High
28213,3,6,4,5,10.8,High
28215,27,3,9,8,5.011111111,High
28217,5,8,2,7,5.4,High
28220,4,6,9,8,10.8,High
28226,6,11,7,3,6.3,High
28227,1,18,9,2,30.9,
28228,3,8,7,5,11.9,High
28233,6,2,9,6,9.1,High
28238,2,1,3,5,16.3,High
28239,5,2,2,9,6.6,High
28244,1,19,1,8,26.7,
28252,1,7,1,6,29.1,
28253,2,13,8,6,16.4,High
28257,1,2,9,5,34.1,
28259,2,9,3,6,14.7,High
28263,10,2,5,3,5.1,High
28269,7,5,9,2,7.785714286,High
28270,8,9,9,1,6.45,High
28273,6,18,9,8,5.9,High
28274,4,8,7,4,9.4,High
28275,2,14,9,8,16.7,High
28279,5,11,9,3,8.3,High
28280,5,8,5,5,6.9,High
28282,1,12,9,7,32.1,
28291,1,8,2,1,29.4,
28292,1,7,3,6,30.1,
28293,3,17,8,7,10.6,High
28300,2,18,2,3,12.4,High
28307,1,14,8,2,31.2,
28308,4,8,5,4,8.4,High
28312,5,17,9,4,7.1,High
28314,5,9,5,7,6.7,High
28316,4,9,9,6,10.2,High
28317,4,6,5,7,8.8,High
28320,17,1,7,5,5.064705882,High
28325,1,18,1,3,26.9,
28326,5,2,3,5,7.1,High
28327,7,3,5,2,6.185714286,High
28328,4,17,2,7,5.1,High
28332,2,9,9,9,17.7,High
28334,14,2,9,3,6.242857143,High
28338,4,7,1,6,6.6,High
28344,5,8,4,8,6.4,High
28345,1,18,1,5,26.9,
28346,20,3,9,7,5.4,High
28348,5,4,6,1,8.2,High
28349,5,15,6,3,6,High
28350,12,4,7,4,5.2,High
28351,1,19,5,6,28.7,
28359,13,2,8,2,5.907692308,High
28362,12,4,7,9,5.2,High
28363,3,10,8,8,12,High
28365,3,11,8,8,11.8,High
28368,10,6,7,6,5.3,High
28369,4,2,9,7,11.6,High
28370,2,6,7,5,17.3,High
28380,3,5,8,3,13,High
28381,8,7,9,9,6.85,High
28382,4,2,7,4,10.6,High
28383,10,4,8,9,6.2,High
28384,1,9,3,4,29.7,
28385,3,7,9,9,13.1,High
28387,3,7,6,5,11.6,High
28388,27,2,9,4,5.211111111,High
28390,4,7,4,3,8.1,High
28391,2,3,9,5,18.9,High
28394,8,4,5,4,5.45,High
28397,6,4,3,7,5.7,High
28400,7,7,7,7,6.385714286,High
28401,9,4,9,4,7.033333333,High
28402,2,11,2,9,13.8,High
28404,3,18,5,2,8.9,High
28410,1,13,7,7,30.9,
28417,7,5,9,1,7.785714286,High
28418,12,5,9,6,6,High
28419,4,10,7,4,9,High
28422,11,4,8,9,5.927272727,High
28429,12,6,8,1,5.3,High
28436,2,15,8,6,16,High
28438,7,8,9,1,7.185714286,High
28440,3,19,3,2,7.7,High
28442,4,2,3,9,8.6,High
28445,1,18,8,7,30.4,
28447,5,7,9,7,9.1,High
28454,16,3,9,7,5.775,High
28455,2,4,8,5,18.2,High
28457,5,17,8,6,6.6,High
28460,24,1,8,4,5.05,High
28462,1,13,5,8,29.9,
28465,2,5,6,1,17,High
28466,4,3,6,2,9.9,High
28469,3,16,9,6,11.3,High
28471,2,7,6,2,16.6,High
28472,2,1,7,1,18.3,High
28473,2,12,1,2,13.1,High
28474,8,1,7,2,7.05,High
28477,2,4,9,3,18.7,High
28480,27,1,9,5,5.411111111,High
28486,23,3,9,2,5.204347826,High
28487,8,5,6,5,5.75,High
28488,10,1,9,8,7.3,High
28494,4,7,2,7,7.1,High
28496,7,9,9,2,6.985714286,High
28499,1,13,9,6,31.9,
28503,4,3,4,1,8.9,High
28505,5,12,6,7,6.6,High
28508,2,1,4,9,16.8,High
28514,17,1,8,2,5.564705882,High
28521,5,8,6,8,7.4,High
28536,9,6,7,6,5.633333333,High
28539,8,10,7,4,5.25,High
28540,10,5,7,5,5.5,High
28542,6,4,3,1,5.7,High
28544,3,12,8,7,11.6,High
28546,7,3,3,1,5.185714286,High
28548,3,19,5,6,8.7,High
28550,5,17,5,8,5.1,High
28551,2,11,9,3,17.3,High
28554,1,14,6,6,30.2,
28561,6,12,7,5,6.1,High
28563,6,9,4,3,5.2,High
28564,6,3,6,2,7.4,High
28565,4,17,7,1,7.6,High
28567,6,7,9,3,8.1,High
28569,2,18,1,1,11.9,High
28572,4,12,9,9,9.6,High
28583,4,16,3,7,5.8,High
28588,1,7,3,5,30.1,
28590,4,6,3,6,7.8,High
28592,5,6,9,9,9.3,High
28596,5,5,8,9,9,High
28597,3,14,1,5,7.7,High
28598,2,16,5,6,14.3,High
28599,1,5,7,8,32.5,
28602,15,1,8,3,5.8,High
28622,5,10,5,3,6.5,High
28626,1,7,4,8,30.6,
28636,8,9,8,7,5.95,High
28639,6,10,5,1,5.5,High
28641,4,5,2,2,7.5,High
28644,1,7,4,4,30.6,
28647,6,1,3,2,6.3,High
28648,7,6,7,3,6.585714286,High
28651,9,9,8,6,5.533333333,High
28652,16,3,8,3,5.275,High
28655,21,2,9,2,5.528571429,High
28656,22,1,9,2,5.663636364,High
28659,1,1,8,3,33.8,
28660,5,6,5,9,7.3,High
28662,2,7,6,4,16.6,High
28663,5,10,7,2,7.5,High
28664,1,10,1,8,28.5,
28666,7,10,8,5,6.285714286,High
28669,3,2,3,4,11.1,High
28673,2,1,2,3,15.8,High
28677,4,9,2,8,6.7,High
28680,11,1,7,9,6.027272727,High
28685,5,3,7,7,8.9,High
28697,5,9,9,5,8.7,High
28700,6,5,4,6,6,High
28702,4,12,4,4,7.1,High
28704,4,17,3,3,5.6,High
28711,9,12,9,6,5.433333333,High
28716,6,6,4,6,5.8,High
28721,3,14,6,6,10.2,High
28726,23,1,8,3,5.104347826,High
28731,1,11,9,9,32.3,
28732,6,5,9,5,8.5,High
28733,9,9,7,3,5.033333333,High
28736,6,1,4,8,6.8,High
28738,3,15,4,4,9,High
28740,6,11,8,1,6.8,High
28741,13,1,9,2,6.607692308,High
28743,7,5,9,1,7.785714286,High
28748,6,2,6,6,7.6,High
28752,2,16,4,5,13.8,High
28753,9,8,7,3,5.233333333,High
28754,4,5,7,5,10,High
28757,5,17,9,2,7.1,High
28759,7,4,7,2,6.985714286,High
28760,7,11,8,8,6.085714286,High
28766,2,8,3,9,14.9,High
28768,25,1,9,9,5.5,High
28770,2,5,9,1,18.5,High
28771,5,10,3,5,5.5,High
28776,4,2,2,1,8.1,High
28777,6,8,9,5,7.9,High
28779,7,6,6,9,6.085714286,High
28782,3,8,3,4,9.9,High
28784,26,2,9,1,5.253846154,High
28787,3,15,2,1,8,High
28801,7,11,7,3,5.585714286,High
28812,2,8,5,4,15.9,High
28815,2,8,7,5,16.9,High
28818,3,1,8,7,13.8,High
28821,2,18,5,9,13.9,High
28823,8,8,6,4,5.15,High
28829,3,3,1,4,9.9,High
28837,5,13,9,9,7.9,High
28847,8,4,6,9,5.95,High
28859,4,14,7,2,8.2,High
28860,1,17,4,6,28.6,
28862,17,5,9,5,5.264705882,High
28872,6,1,6,6,7.8,High
28879,7,14,9,6,5.985714286,High
28880,1,12,6,2,30.6,
28883,2,6,3,8,15.3,High
28887,1,16,9,7,31.3,
28891,3,6,8,2,12.8,High
28892,1,18,4,5,28.4,
28894,4,15,2,4,5.5,High
28896,5,18,7,2,5.9,High
28898,9,1,7,3,6.633333333,High
28899,11,5,8,7,5.727272727,High
28906,5,18,6,7,5.4,High
28908,4,9,6,3,8.7,High
28916,1,3,2,8,30.4,
28918,10,3,7,7,5.9,High
28919,3,6,4,9,10.8,High
28924,4,14,3,6,6.2,High
28932,16,2,8,3,5.475,High
28945,3,8,1,1,8.9,High
28949,10,1,6,8,5.8,High
28951,2,4,5,6,16.7,High
28956,4,15,5,5,7,High
28966,4,10,1,3,6,High
28968,18,1,9,2,5.966666667,High
28971,5,8,4,4,6.4,High
28980,5,17,7,3,6.1,High
28981,11,4,8,2,5.927272727,High
28995,6,1,6,8,7.8,High
28997,2,8,9,7,17.9,High
28998,4,12,4,5,7.1,High
29001,5,5,1,3,5.5,High
29004,23,1,9,8,5.604347826,High
29005,2,19,2,3,12.2,High
29007,3,12,6,2,10.6,High
29011,10,8,8,3,5.4,High
29039,12,7,9,5,5.6,High
29040,7,15,9,4,5.785714286,High
29045,3,17,7,6,10.1,High
29046,3,19,1,6,6.7,High
29047,6,14,7,5,5.7,High
29050,9,2,8,6,6.933333333,High
29053,1,13,2,3,28.4,
29059,4,17,8,7,8.1,High
29061,4,17,5,7,6.6,High
29064,3,14,5,6,9.7,High
29072,2,18,5,2,13.9,High
29073,6,10,7,6,6.5,High
29074,2,11,4,2,14.8,High
29076,3,10,1,7,8.5,High
29082,4,11,1,6,5.8,High
29088,5,6,6,6,7.8,High
29093,6,7,6,8,6.6,High
29094,2,5,7,2,17.5,High
29095,6,12,7,1,6.1,High
29097,3,3,7,6,12.9,High
29104,2,13,6,9,15.4,High
29106,5,6,2,3,5.8,High
29108,4,13,5,5,7.4,High
29111,3,4,8,6,13.2,High
29114,3,16,2,8,7.8,High
29119,3,2,1,5,10.1,High
29122,10,7,8,6,5.6,High
29123,3,12,7,1,11.1,High
29125,3,10,1,4,8.5,High
29129,4,7,4,8,8.1,High
29135,8,1,4,9,5.55,High
29137,5,3,8,7,9.4,High
29138,5,12,4,3,5.6,High
29148,1,11,5,6,30.3,
29152,3,8,9,3,12.9,High
29158,12,3,8,1,5.9,High
29159,7,7,8,1,6.885714286,High
29161,5,11,8,8,7.8,High
29162,7,15,9,7,5.785714286,High
29165,12,2,7,3,5.6,High
29167,9,8,7,2,5.233333333,High
29178,4,10,6,9,8.5,High
29195,6,4,4,4,6.2,High
29196,2,18,8,7,15.4,High
29200,1,8,5,7,30.9,
29203,6,4,3,3,5.7,High
29206,2,13,3,4,13.9,High
29207,2,4,1,6,14.7,High
29210,6,11,7,9,6.3,High
29216,10,2,7,3,6.1,High
29224,2,14,4,4,14.2,High
29225,3,6,1,4,9.3,High
29228,5,14,4,5,5.2,High
29231,1,16,1,3,27.3,
29236,1,8,8,3,32.4,
29238,1,16,1,7,27.3,
29243,1,10,6,3,31,
29250,1,3,8,7,33.4,
29253,7,6,8,7,7.085714286,High
29255,3,19,6,2,9.2,High
29256,12,3,9,2,6.4,High
29257,18,4,9,2,5.366666667,High
29263,4,11,4,4,7.3,High
29265,11,2,9,2,6.827272727,High
29267,6,11,7,3,6.3,High
29277,5,2,9,3,10.1,High
29282,1,7,4,5,30.6,
29284,1,18,5,8,28.9,
29285,6,8,7,6,6.9,High
29305,4,14,7,3,8.2,High
29307,7,5,4,8,5.285714286,High
29308,8,2,5,7,5.85,High
29309,2,8,7,5,16.9,High
29315,5,2,1,5,6.1,High
29318,11,1,5,3,5.027272727,High
29320,9,4,7,9,6.033333333,High
29321,1,10,6,6,31,
29324,1,13,7,6,30.9,
29326,5,10,6,5,7,High
29334,9,2,7,1,6.433333333,High
29338,2,3,1,9,14.9,High
29340,18,3,8,3,5.066666667,High
29341,7,2,6,1,6.885714286,High
29343,9,13,9,4,5.233333333,High
29346,10,5,9,5,6.5,High
29351,3,16,7,1,10.3,High
29354,3,1,5,1,12.3,High
29365,3,10,2,4,9,High
29376,3,10,9,4,12.5,High
29382,1,11,1,9,28.3,
29384,23,2,9,7,5.404347826,High
29388,5,12,4,8,5.6,High
29392,9,3,8,6,6.733333333,High
29398,2,10,6,2,16,High
29399,2,15,6,6,15,High
29403,3,17,8,2,10.6,High
29405,1,7,3,2,30.1,
29408,4,19,3,9,5.2,High
29410,2,19,9,5,15.7,High
29411,7,4,8,6,7.485714286,High
29412,10,9,9,4,5.7,High
29417,7,10,8,6,6.285714286,High
29418,4,8,5,8,8.4,High
29422,5,14,4,4,5.2,High
29423,3,3,1,2,9.9,High
29424,10,1,9,9,7.3,High
29426,18,1,8,4,5.466666667,High
29429,3,1,9,7,14.3,High
29431,6,8,8,6,7.4,High
29438,2,9,2,3,14.2,High
29439,9,10,8,5,5.333333333,High
29441,4,6,7,5,9.8,High
29442,7,8,5,4,5.185714286,High
29443,1,14,2,8,28.2,
29448,2,14,3,5,13.7,High
29458,4,16,3,2,5.8,High
29461,4,8,4,9,7.9,High
29462,10,1,7,9,6.3,High
29463,1,2,9,9,34.1,
29464,5,4,6,7,8.2,High
29465,7,5,7,5,6.785714286,High
29470,2,19,2,4,12.2,High
29473,6,7,9,3,8.1,High
29475,4,4,4,1,8.7,High
29476,3,13,1,3,7.9,High
29479,14,4,9,2,5.842857143,High
29486,1,7,1,3,29.1,
29487,9,1,8,1,7.133333333,High
29490,7,2,6,1,6.885714286,High
29491,6,4,9,1,8.7,High
29495,5,6,8,9,8.8,High
29497,2,7,2,4,14.6,High
29503,1,16,7,7,30.3,
29512,13,5,9,7,5.807692308,High
29520,4,2,7,4,10.6,High
29527,9,4,6,4,5.533333333,High
29530,8,5,9,6,7.25,High
29540,2,13,7,6,15.9,High
29542,4,13,1,7,5.4,High
29549,5,15,9,7,7.5,High
29552,9,2,6,8,5.933333333,High
29554,5,19,7,9,5.7,High
29556,23,1,8,7,5.104347826,High
29558,3,17,1,1,7.1,High
29562,5,4,8,7,9.2,High
29563,3,14,3,5,8.7,High
29571,6,1,9,8,9.3,High
29580,1,15,2,6,28,
29581,4,4,9,3,11.2,High
29584,1,6,2,8,29.8,
29596,6,4,7,4,7.7,High
29597,1,12,8,1,31.6,
29598,3,7,4,9,10.6,High
29602,1,5,2,8,30,
29603,5,4,7,7,8.7,High
29608,2,11,8,9,16.8,High
29611,21,2,9,3,5.528571429,High
29614,2,6,8,6,17.8,High
29618,3,1,8,6,13.8,High
29638,4,14,5,5,7.2,High
29643,13,4,8,6,5.507692308,High
29646,6,4,7,6,7.7,High
29660,11,4,9,3,6.427272727,High
29662,3,14,6,5,10.2,High
29666,5,3,4,2,7.4,High
29667,8,9,7,3,5.45,High
29672,1,18,4,2,28.4,
29681,1,9,3,8,29.7,
29684,1,13,5,2,29.9,
29691,7,2,9,8,8.385714286,High
29698,2,16,1,2,12.3,High
29707,1,10,1,9,28.5,
29711,1,19,4,1,28.2,
29714,2,13,7,3,15.9,High
29716,5,16,7,9,6.3,High
29720,8,1,4,8,5.55,High
29722,4,19,7,1,7.2,High
29726,4,8,8,3,9.9,High
29728,1,11,4,5,29.8,
29730,10,6,8,1,5.8,High
29731,7,5,8,3,7.285714286,High
29734,12,2,7,7,5.6,High
29746,12,4,9,5,6.2,High
29749,1,10,8,4,32,
29757,11,6,7,7,5.027272727,High
29763,7,11,8,4,6.085714286,High
29767,7,1,8,1,8.085714286,High
29772,1,4,6,3,32.2,
29773,5,10,4,6,6,High
29774,5,16,9,6,7.3,High
29775,6,13,7,5,5.9,High
29776,1,9,1,9,28.7,
29777,2,3,4,6,16.4,High
29788,4,11,2,6,6.3,High
29792,3,18,8,7,10.4,High
29806,15,3,9,7,5.9,High
29814,4,11,9,6,9.8,High
29815,18,3,8,1,5.066666667,High
29822,5,19,6,2,5.2,High
29825,1,11,4,7,29.8,
29828,7,2,3,4,5.385714286,High
29829,11,1,5,9,5.027272727,High
29833,3,11,5,7,10.3,High
29841,1,3,6,6,32.4,
29843,5,6,7,8,8.3,High
29849,2,19,8,5,15.2,High
29851,10,9,9,9,5.7,High
29852,3,8,4,5,10.4,High
29857,6,15,9,2,6.5,High
29868,4,6,6,6,9.3,High
29873,2,16,2,3,12.8,High
29877,5,14,4,7,5.2,High
29878,1,1,1,2,30.3,
29879,5,17,9,2,7.1,High
29881,4,11,6,1,8.3,High
29885,11,1,9,2,7.027272727,High
29890,1,2,9,8,34.1,
29894,3,18,6,7,9.4,High
29895,3,2,3,7,11.1,High
29899,3,14,3,3,8.7,High
29900,8,13,8,3,5.15,High
29901,6,11,7,9,6.3,High
29903,1,8,6,7,31.4,
29909,2,14,6,1,15.2,High
29913,4,8,3,7,7.4,High
29916,1,2,6,8,32.6,
29922,7,6,9,5,7.585714286,High
29933,2,5,8,9,18,High
29934,5,7,2,1,5.6,High
29940,5,2,6,3,8.6,High
29945,4,12,8,4,9.1,High
29947,2,9,2,7,14.2,High
29948,15,1,8,5,5.8,High
29958,1,8,9,5,32.9,
29961,1,2,2,4,30.6,
29963,5,19,7,5,5.7,High
29965,2,15,8,2,16,High
29975,13,5,8,4,5.307692308,High
29978,1,14,1,3,27.7,
29979,1,2,3,8,31.1,
29980,3,14,5,2,9.7,High
29984,2,8,5,8,15.9,High
29993,3,4,4,4,11.2,High
29994,14,2,8,6,5.742857143,High
30000,4,13,6,5,7.9,High
30001,1,12,7,8,31.1,
30019,17,3,8,6,5.164705882,High
30021,3,5,8,1,13,High
30023,1,2,4,6,31.6,
30025,13,1,7,7,5.607692308,High
30026,7,1,6,5,7.085714286,High
30034,6,6,3,6,5.3,High
30037,2,16,4,8,13.8,High
30043,6,18,9,5,5.9,High
30051,3,17,3,7,8.1,High
30054,3,13,5,1,9.9,High
30058,2,3,6,8,17.4,High
30065,4,6,5,1,8.8,High
30067,2,5,6,9,17,High
30071,4,8,6,2,8.9,High
30074,1,1,7,9,33.3,
30075,5,17,9,1,7.1,High
30076,2,19,7,5,14.7,High
30080,1,13,7,3,30.9,
30083,3,11,6,1,10.8,High
30084,5,12,4,8,5.6,High
30086,3,13,3,9,8.9,High
30093,1,6,4,9,30.8,
30094,7,11,8,2,6.085714286,High
30095,17,6,9,5,5.064705882,High
30099,3,4,9,8,13.7,High
30103,2,18,7,6,14.9,High
30112,4,10,5,2,8,High
30113,3,15,1,1,7.5,High
30115,1,12,6,6,30.6,
30116,5,12,7,7,7.1,High
30120,8,4,7,2,6.45,High
30121,2,3,2,8,15.4,High
30122,8,5,9,8,7.25,High
30125,3,4,5,4,11.7,High
30127,4,13,3,9,6.4,High
30131,2,17,1,8,12.1,High
30132,2,10,3,5,14.5,High
30133,3,18,9,3,10.9,High
30144,6,1,5,5,7.3,High
30151,3,17,3,5,8.1,High
30155,3,9,9,3,12.7,High
30158,6,1,3,5,6.3,High
30159,3,10,2,2,9,High
30162,17,3,9,6,5.664705882,High
30164,6,10,6,2,6,High
30166,5,5,8,1,9,High
30167,14,5,9,4,5.642857143,High
30174,1,3,6,3,32.4,
30176,8,8,8,5,6.15,High
30177,2,6,2,3,14.8,High
30187,2,8,9,5,17.9,High
30190,4,9,6,8,8.7,High
30192,7,10,8,7,6.285714286,High
30195,2,16,1,7,12.3,High
30198,9,3,6,6,5.733333333,High
30204,1,19,7,4,29.7,
30208,5,9,7,2,7.7,High
30211,10,4,8,2,6.2,High
30214,2,11,8,1,16.8,High
30215,1,3,3,1,30.9,
30217,4,8,4,6,7.9,High
30219,3,19,3,3,7.7,High
30221,6,8,8,3,7.4,High
30223,1,12,2,9,28.6,
30224,4,8,1,6,6.4,High
30225,1,19,2,7,27.2,
30230,8,7,9,2,6.85,High
30231,3,13,5,5,9.9,High
30237,1,3,1,9,29.9,
30241,5,13,8,3,7.4,High
30242,1,8,8,8,32.4,
30253,3,10,6,4,11,High
30254,3,15,6,2,10,High
30255,4,9,4,9,7.7,High
30257,4,13,3,1,6.4,High
30259,7,3,5,9,6.185714286,High
30264,5,7,1,5,5.1,High
30266,5,8,2,4,5.4,High
30276,3,19,9,8,10.7,High
30277,3,17,2,9,7.6,High
30280,15,5,9,9,5.5,High
30282,10,3,6,5,5.4,High
30283,5,13,9,7,7.9,High
30284,4,16,2,4,5.3,High
30301,1,14,9,6,31.7,
30302,3,13,8,7,11.4,High
30309,9,10,9,2,5.833333333,High
30316,12,7,9,3,5.6,High
30324,1,10,1,8,28.5,
30325,7,8,5,4,5.185714286,High
30338,2,19,9,6,15.7,High
30349,11,4,7,9,5.427272727,High
30356,3,17,6,1,9.6,High
30362,5,10,3,5,5.5,High
30367,4,16,5,9,6.8,High
30371,4,17,5,3,6.6,High
30382,1,3,5,4,31.9,
30385,4,9,9,9,10.2,High
30386,3,18,9,2,10.9,High
30393,1,3,5,1,31.9,
30399,1,10,7,2,31.5,
30400,8,9,8,4,5.95,High
30401,1,16,5,2,29.3,
30405,3,18,8,9,10.4,High
30410,2,9,7,5,16.7,High
30413,1,8,6,2,31.4,
30417,6,6,8,2,7.8,High
30418,4,9,5,9,8.2,High
30420,16,4,8,3,5.075,High
30424,9,7,8,5,5.933333333,High
30430,6,15,8,9,6,High
30431,11,5,8,5,5.727272727,High
30443,7,5,9,8,7.785714286,High
30446,1,19,6,8,29.2,
30449,5,12,7,2,7.1,High
30453,5,13,5,1,5.9,High
30456,2,18,3,6,12.9,High
30462,3,12,5,5,10.1,High
30463,4,15,7,9,8,High
30464,3,5,3,2,10.5,High
30467,5,10,5,3,6.5,High
30468,1,1,1,6,30.3,
30473,1,7,1,5,29.1,
30477,6,19,9,1,5.7,High
30479,3,18,3,8,7.9,High
30480,1,9,2,3,29.2,
30481,11,11,9,9,5.027272727,High
30487,8,2,7,2,6.85,High
30488,9,3,5,1,5.233333333,High
30494,13,3,8,8,5.707692308,High
30497,8,5,5,7,5.25,High
30501,5,1,7,7,9.3,High
30504,2,5,3,6,15.5,High
30506,5,3,5,8,7.9,High
30509,3,1,8,9,13.8,High
30510,7,14,9,6,5.985714286,High
30513,5,8,3,7,5.9,High
30521,4,2,1,8,7.6,High
30523,5,5,1,2,5.5,High
30524,5,1,6,2,8.8,High
30530,2,6,7,6,17.3,High
30531,5,5,2,1,6,High
30534,10,7,9,9,6.1,High
30540,3,14,4,7,9.2,High
30542,5,18,8,4,6.4,High
30544,2,5,2,1,15,High
30554,5,1,3,1,7.3,High
30555,6,11,8,8,6.8,High
30558,12,7,9,6,5.6,High
30562,7,5,5,4,5.785714286,High
30563,4,5,9,7,11,High
30569,1,15,6,4,30,
30570,9,3,7,5,6.233333333,High
30571,5,12,7,7,7.1,High
30579,2,18,3,4,12.9,High
30581,7,2,6,2,6.885714286,High
30590,2,18,1,9,11.9,High
30593,6,3,4,5,6.4,High
30594,7,10,6,8,5.285714286,High
30595,12,2,9,3,6.6,High
30598,1,18,3,7,27.9,
30601,5,12,6,1,6.6,High
30602,11,2,8,1,6.327272727,High
30603,5,17,8,1,6.6,High
30610,8,3,7,2,6.65,High
30613,3,14,3,5,8.7,High
30620,6,14,8,4,6.2,High
30621,4,16,4,9,6.3,High
30623,10,1,7,6,6.3,High
30625,13,2,9,3,6.407692308,High
30633,6,1,6,5,7.8,High
30634,10,4,9,3,6.7,High
30637,1,15,5,1,29.5,
30639,7,16,8,9,5.085714286,High
30648,4,9,3,4,7.2,High
30655,5,12,6,1,6.6,High
30656,24,1,8,3,5.05,High
30657,6,5,8,8,8,High
30660,4,1,5,4,9.8,High
30677,5,8,8,8,8.4,High
30686,4,2,8,6,11.1,High
30689,8,2,7,6,6.85,High
30702,3,6,3,6,10.3,High
30705,9,5,7,7,5.833333333,High
30707,9,3,9,8,7.233333333,High
30709,7,8,7,8,6.185714286,High
30710,6,11,8,9,6.8,High
30718,2,13,1,7,12.9,High
30721,2,13,4,7,14.4,High
30722,1,8,3,7,29.9,
30734,7,2,3,8,5.385714286,High
30738,5,15,7,6,6.5,High
30740,9,4,6,4,5.533333333,High
30741,3,3,4,6,11.4,High
30742,5,9,4,9,6.2,High
30743,1,9,5,7,30.7,
30746,4,3,1,6,7.4,High
30753,2,17,8,3,15.6,High
30755,1,18,4,5,28.4,
30758,4,6,3,9,7.8,High
30763,3,15,9,5,11.5,High
30769,20,2,9,8,5.6,High
30770,1,14,2,5,28.2,
30771,7,6,8,1,7.085714286,High
30776,2,10,5,6,15.5,High
30777,4,8,1,4,6.4,High
30778,3,6,3,1,10.3,High
30783,8,6,7,5,6.05,High
30784,4,1,8,2,11.3,High
30789,4,15,5,2,7,High
30790,5,1,2,4,6.8,High
30791,3,3,2,5,10.4,High
30794,7,5,5,9,5.785714286,High
30806,19,2,8,3,5.178947368,High
30809,3,3,1,6,9.9,High
30811,6,3,2,5,5.4,High
30814,7,4,4,3,5.485714286,High
30817,10,9,9,7,5.7,High
30818,3,19,2,1,7.2,High
30819,19,4,9,6,5.278947368,High
30820,2,12,2,7,13.6,High
30822,3,2,4,6,11.6,High
30823,18,2,8,8,5.266666667,High
30826,2,12,8,8,16.6,High
30829,4,7,4,5,8.1,High
30834,6,16,8,8,5.8,High
30835,7,1,7,4,7.585714286,High
30841,8,1,3,5,5.05,High
30852,10,10,9,8,5.5,High
30864,1,8,1,2,28.9,
30868,4,5,6,1,9.5,High
30869,4,16,2,2,5.3,High
30872,7,3,3,9,5.185714286,High
30874,14,4,8,7,5.342857143,High
30877,2,2,8,4,18.6,High
30878,4,2,8,5,11.1,High
30881,5,8,3,4,5.9,High
30890,3,9,4,6,10.2,High
30897,3,17,7,5,10.1,High
30905,2,19,6,7,14.2,High
30918,1,17,6,6,29.6,
30921,2,1,9,4,19.3,High
30923,12,1,9,9,6.8,High
30926,5,1,1,4,6.3,High
30931,2,5,3,7,15.5,High
30932,11,4,8,4,5.927272727,High
30934,1,9,3,3,29.7,
30935,4,10,3,5,7,High
30938,22,2,9,3,5.463636364,High
30944,9,1,6,8,6.133333333,High
30950,1,17,8,6,30.6,
30951,4,6,9,9,10.8,High
30956,6,7,4,2,5.6,High
30967,6,11,9,3,7.3,High
30968,2,9,6,8,16.2,High
30971,3,14,8,6,11.2,High
30973,2,1,3,1,16.3,High
30974,1,12,6,6,30.6,
30976,4,19,8,3,7.7,High
30981,2,19,2,5,12.2,High
30986,5,6,6,2,7.8,High
30991,1,13,5,3,29.9,
30993,3,1,4,8,11.8,High
30996,2,17,7,7,15.1,High
31006,1,14,6,4,30.2,
31007,7,4,8,4,7.485714286,High
31009,5,11,6,1,6.8,High
31019,16,3,9,3,5.775,High
31021,2,4,7,5,17.7,High
31024,4,8,6,4,8.9,High
31034,7,13,8,4,5.685714286,High
31035,1,15,8,6,31,
31043,16,2,9,9,5.975,High
31046,6,14,8,2,6.2,High
31059,6,11,6,9,5.8,High
31061,5,4,3,4,6.7,High
31068,3,4,2,5,10.2,High
31070,2,18,8,3,15.4,High
31072,10,2,7,8,6.1,High
31079,16,3,8,2,5.275,High
31083,1,5,9,1,33.5,
31084,23,3,9,1,5.204347826,High
31085,3,14,8,5,11.2,High
31087,2,17,5,2,14.1,High
31093,8,4,8,6,6.95,High
31101,2,11,4,6,14.8,High
31102,3,16,9,4,11.3,High
31104,14,1,7,3,5.442857143,High
31113,2,6,8,1,17.8,High
31115,6,15,7,5,5.5,High
31118,2,6,2,5,14.8,High
31128,2,10,1,2,13.5,High
31133,2,10,1,4,13.5,High
31140,5,19,6,3,5.2,High
31141,16,2,9,2,5.975,High
31148,7,3,4,8,5.685714286,High
31151,21,1,9,9,5.728571429,High
31159,5,12,9,9,8.1,High
31163,17,3,9,9,5.664705882,High
31166,8,6,8,2,6.55,High
31167,8,15,9,2,5.25,High
31170,8,2,7,4,6.85,High
31176,7,13,9,9,6.185714286,High
31195,4,14,7,6,8.2,High
31197,2,9,3,1,14.7,High
31200,4,4,2,5,7.7,High
31201,5,14,9,9,7.7,High
31206,6,9,7,5,6.7,High
31221,1,8,8,7,32.4,
31225,1,4,2,7,30.2,
31227,1,18,2,5,27.4,
31228,1,3,1,2,29.9,
31232,5,5,8,9,9,High
31233,2,18,6,7,14.4,High
31234,6,17,8,2,5.6,High
31238,10,8,8,7,5.4,High
31242,1,5,2,5,30,
31244,3,19,1,9,6.7,High
31249,2,13,7,2,15.9,High
31250,4,10,4,4,7.5,High
31253,2,5,6,5,17,High
31258,3,11,1,9,8.3,High
31261,11,7,8,3,5.327272727,High
31282,1,16,6,7,29.8,
31283,1,7,3,2,30.1,
31285,14,1,9,8,6.442857143,High
31289,5,19,7,8,5.7,High
31291,2,19,8,2,15.2,High
31299,3,7,2,9,9.6,High
31303,4,19,9,3,8.2,High
31307,19,2,9,3,5.678947368,High
31310,11,6,7,6,5.027272727,High
31311,5,14,9,7,7.7,High
31328,6,11,9,8,7.3,High
31332,6,2,5,3,7.1,High
31335,18,2,9,3,5.766666667,High
31351,1,5,3,9,30.5,
31353,5,5,9,2,9.5,High
31366,6,1,9,1,9.3,High
31367,2,4,8,1,18.2,High
31368,7,2,8,8,7.885714286,High
31369,5,3,3,3,6.9,High
31372,4,2,8,6,11.1,High
31379,4,1,6,8,10.3,High
31381,4,18,3,5,5.4,High
31384,6,5,7,7,7.5,High
31389,5,18,8,4,6.4,High
31390,2,7,3,4,15.1,High
31391,3,7,1,6,9.1,High
31397,3,18,3,4,7.9,High
31403,1,18,9,4,30.9,
31404,13,1,9,6,6.607692308,High
31406,4,14,9,5,9.2,High
31409,5,16,6,2,5.8,High
31414,6,3,2,2,5.4,High
31417,20,2,8,3,5.1,High
31423,3,1,2,3,10.8,High
31426,2,12,2,3,13.6,High
31430,6,3,9,6,8.9,High
31433,2,7,6,9,16.6,High
31435,1,11,9,3,32.3,
31438,5,16,7,1,6.3,High
31439,10,8,9,9,5.9,High
31442,4,16,4,7,6.3,High
31445,7,10,9,5,6.785714286,High
31454,16,2,9,1,5.975,High
31455,4,13,2,4,5.9,High
31462,1,1,6,6,32.8,
31464,4,7,1,4,6.6,High
31468,19,4,9,9,5.278947368,High
31470,4,4,7,5,10.2,High
31482,4,11,3,8,6.8,High
31483,7,14,8,6,5.485714286,High
31491,6,7,6,7,6.6,High
31492,2,17,5,9,14.1,High
31494,2,1,1,9,15.3,High
31495,5,3,8,8,9.4,High
31500,4,6,7,6,9.8,High
31501,4,17,6,4,7.1,High
31502,2,19,2,6,12.2,High
31503,2,13,4,4,14.4,High
31510,4,9,9,1,10.2,High
31518,4,14,4,1,6.7,High
31521,8,3,5,8,5.65,High
31522,3,7,6,2,11.6,High
31524,4,9,5,6,8.2,High
31528,1,17,1,8,27.1,
31532,1,18,7,1,29.9,
31535,3,7,7,1,12.1,High
31537,8,3,5,3,5.65,High
31539,4,17,6,4,7.1,High
31541,4,4,1,5,7.2,High
31544,2,16,9,9,16.3,High
31545,5,4,1,6,5.7,High
31550,11,6,9,1,6.027272727,High
31551,11,1,5,4,5.027272727,High
31553,3,13,1,3,7.9,High
31554,7,2,9,3,8.385714286,High
31555,9,6,9,9,6.633333333,High
31561,17,4,9,6,5.464705882,High
31564,2,4,1,7,14.7,High
31568,4,16,9,1,8.8,High
31569,4,6,9,2,10.8,High
31575,8,8,9,4,6.65,High
31580,3,9,6,3,11.2,High
31592,5,10,4,1,6,High
31595,5,5,2,4,6,High
31600,11,1,8,6,6.527272727,High
31601,3,9,9,2,12.7,High
31608,8,6,8,3,6.55,High
31625,1,14,6,6,30.2,
31628,5,9,8,4,8.2,High
31632,18,3,9,2,5.566666667,High
31634,11,1,6,6,5.527272727,High
31635,3,9,4,4,10.2,High
31636,5,6,4,7,6.8,High
31645,4,8,6,1,8.9,High
31660,2,12,1,2,13.1,High
31661,1,10,9,7,32.5,
31665,9,14,9,9,5.033333333,High
31666,13,5,8,4,5.307692308,High
31669,3,2,3,4,11.1,High
31671,3,13,4,8,9.4,High
31676,2,12,5,4,15.1,High
31677,8,12,9,6,5.85,High
31689,4,10,2,3,6.5,High
31691,1,16,9,6,31.3,
31694,2,19,9,1,15.7,High
31695,3,16,5,8,9.3,High
31715,2,18,3,7,12.9,High
31716,3,9,9,1,12.7,High
31717,5,6,4,2,6.8,High
31719,3,1,2,1,10.8,High
31722,25,1,9,2,5.5,High
31729,4,14,6,6,7.7,High
31731,5,3,2,8,6.4,High
31734,1,16,5,6,29.3,
31735,3,7,9,2,13.1,High
31737,20,2,8,4,5.1,High
31740,2,16,6,4,14.8,High
31742,3,8,4,7,10.4,High
31755,4,6,4,3,8.3,High
31761,6,6,4,3,5.8,High
31763,7,3,9,2,8.185714286,High
31771,3,14,8,4,11.2,High
31772,5,15,7,4,6.5,High
31779,5,5,4,4,7,High
31793,8,4,7,8,6.45,High
31794,3,1,1,4,10.3,High
31799,6,9,6,6,6.2,High
31803,11,1,6,4,5.527272727,High
31816,7,7,6,1,5.885714286,High
31818,8,2,4,7,5.35,High
31825,1,2,4,3,31.6,
31829,10,5,9,7,6.5,High
31832,4,11,4,8,7.3,High
31834,2,6,6,6,16.8,High
31835,8,1,5,5,6.05,High
31837,8,2,6,5,6.35,High
31842,6,4,5,3,6.7,High
31850,4,13,1,5,5.4,High
31851,3,16,9,4,11.3,High
31853,7,16,9,9,5.585714286,High
31854,6,4,9,3,8.7,High
31857,5,13,6,4,6.4,High
31862,5,1,6,7,8.8,High
31868,5,3,1,1,5.9,High
31873,1,3,6,5,32.4,
31875,6,15,9,6,6.5,High
31877,9,9,9,9,6.033333333,High
31883,4,15,8,3,8.5,High
31887,2,15,2,5,13,High
31888,7,3,9,3,8.185714286,High
31889,20,2,9,8,5.6,High
31890,3,3,9,3,13.9,High
31892,2,6,1,6,14.3,High
31897,4,2,8,4,11.1,High
31898,4,8,8,5,9.9,High
31904,7,2,3,6,5.385714286,High
31908,1,6,2,7,29.8,
31914,3,19,7,9,9.7,High
31919,6,10,9,7,7.5,High
31920,6,3,9,4,8.9,High
31923,2,17,6,6,14.6,High
31926,7,10,7,8,5.785714286,High
31929,21,3,9,7,5.328571429,High
31932,1,19,5,5,28.7,
31937,6,16,8,7,5.8,High
31941,2,1,8,3,18.8,High
31942,4,3,6,7,9.9,High
31946,10,4,6,1,5.2,High
31959,4,11,5,7,7.8,High
31963,6,2,5,5,7.1,High
31968,8,4,8,4,6.95,High
31970,2,8,8,6,17.4,High
31972,1,7,4,9,30.6,
31980,11,6,8,8,5.527272727,High
31981,8,11,9,2,6.05,High
31989,2,16,8,2,15.8,High
31994,8,1,8,2,7.55,High
31995,10,1,5,5,5.3,High
32011,18,2,9,3,5.766666667,High
32017,8,6,9,8,7.05,High
32018,8,8,9,9,6.65,High
32022,4,3,4,1,8.9,High
32024,1,8,4,4,30.4,
32025,1,13,7,4,30.9,
32027,9,6,7,4,5.633333333,High
32028,4,2,4,8,9.1,High
32040,3,19,3,4,7.7,High
32045,10,9,8,8,5.2,High
32050,12,5,8,8,5.5,High
32051,3,5,7,5,12.5,High
32053,13,4,9,9,6.007692308,High
32054,7,2,3,8,5.385714286,High
32056,5,1,7,6,9.3,High
32060,7,10,6,2,5.285714286,High
32064,1,11,5,7,30.3,
32066,4,2,6,3,10.1,High
32067,3,3,2,2,10.4,High
32072,2,12,6,9,15.6,High
32075,8,4,8,2,6.95,High
32081,3,3,3,3,10.9,High
32084,1,19,6,9,29.2,
32089,3,5,5,3,11.5,High
32090,7,4,7,5,6.985714286,High
32091,6,5,8,4,8,High
32093,3,11,1,2,8.3,High
32095,6,4,6,4,7.2,High
32096,7,3,9,3,8.185714286,High
32099,8,2,5,8,5.85,High
32104,4,8,2,2,6.9,High
32105,17,3,8,4,5.164705882,High
32106,4,8,1,7,6.4,High
32107,5,4,4,4,7.2,High
32108,4,9,2,4,6.7,High
32109,14,3,8,3,5.542857143,High
32125,13,5,9,5,5.807692308,High
32132,9,1,8,3,7.133333333,High
32133,12,2,8,7,6.1,High
32136,3,13,9,2,11.9,High
32137,6,16,9,5,6.3,High
32146,8,6,7,3,6.05,High
32149,10,2,6,1,5.6,High
32150,8,4,7,8,6.45,High
32151,1,1,7,7,33.3,
32154,5,5,2,1,6,High
32160,4,14,7,6,8.2,High
32162,8,6,8,9,6.55,High
32166,2,9,9,6,17.7,High
32167,1,12,1,8,28.1,
32169,3,2,2,2,10.6,High
32173,2,3,3,5,15.9,High
32183,8,9,9,7,6.45,High
32188,13,2,9,8,6.407692308,High
32189,7,1,9,4,8.585714286,High
32191,4,19,9,6,8.2,High
32201,3,14,7,6,10.7,High
32202,28,2,9,1,5.171428571,High
32204,4,6,1,9,6.8,High
32212,9,1,9,7,7.633333333,High
32213,4,11,9,1,9.8,High
32220,1,6,1,5,29.3,
32225,2,19,9,8,15.7,High
32230,5,4,6,5,8.2,High
32231,7,2,3,6,5.385714286,High
32235,2,17,5,4,14.1,High
32236,1,6,7,5,32.3,
32246,12,5,8,4,5.5,High
32253,4,8,7,1,9.4,High
32256,5,12,5,9,6.1,High
32257,4,3,5,2,9.4,High
32258,5,13,4,2,5.4,High
32259,2,19,9,6,15.7,High
32260,4,4,2,7,7.7,High
32261,2,17,6,5,14.6,High
32263,1,3,6,2,32.4,
32267,11,3,8,4,6.127272727,High
32269,9,2,7,8,6.433333333,High
32270,4,4,1,2,7.2,High
32272,6,5,6,8,7,High
32273,5,3,4,8,7.4,High
32281,7,3,6,3,6.685714286,High
32282,23,4,9,6,5.004347826,High
32288,3,8,7,5,11.9,High
32289,9,11,8,4,5.133333333,High
32296,1,6,1,5,29.3,
32302,7,8,7,4,6.185714286,High
32303,9,1,8,2,7.133333333,High
32306,5,8,7,6,7.9,High
32309,8,5,7,1,6.25,High
32317,8,1,5,5,6.05,High
32318,5,8,2,1,5.4,High
32321,2,12,8,8,16.6,High
32323,1,17,9,5,31.1,
32325,1,10,1,6,28.5,
32326,1,17,5,6,29.1,
32328,5,8,6,8,7.4,High
32330,17,2,9,4,5.864705882,High
32335,4,8,8,7,9.9,High
32336,13,1,6,6,5.107692308,High
32337,2,8,2,6,14.4,High
32342,6,9,7,4,6.7,High
32343,2,2,4,2,16.6,High
32345,2,18,6,5,14.4,High
32352,3,18,8,3,10.4,High
32358,7,16,9,8,5.585714286,High
32362,6,2,2,6,5.6,High
32368,4,5,4,6,8.5,High
32378,6,1,1,3,5.3,High
32382,8,1,5,6,6.05,High
32383,1,18,3,7,27.9,
32385,4,15,2,3,5.5,High
32397,3,1,7,9,13.3,High
32399,1,11,6,6,30.8,
32404,17,3,8,2,5.164705882,High
32417,5,8,5,7,6.9,High
32426,6,9,5,3,5.7,High
32427,1,13,2,1,28.4,
32429,9,1,4,3,5.133333333,High
32430,5,1,9,6,10.3,High
32434,13,4,9,3,6.007692308,High
32436,4,19,3,9,5.2,High
32441,3,12,2,9,8.6,High
32445,3,12,8,3,11.6,High
32447,3,1,5,2,12.3,High
32451,5,2,3,8,7.1,High
32455,12,8,9,9,5.4,High
32458,6,9,5,4,5.7,High
32460,4,5,1,1,7,High
32464,19,4,9,2,5.278947368,High
32466,4,19,7,1,7.2,High
32475,12,8,9,2,5.4,High
32477,8,11,8,9,5.55,High
32500,3,16,6,1,9.8,High
32504,1,11,2,7,28.8,
32507,2,13,2,3,13.4,High
32509,18,2,9,7,5.766666667,High
32517,3,7,3,1,10.1,High
32518,3,18,6,2,9.4,High
32519,3,13,9,1,11.9,High
32522,20,1,9,2,5.8,High
32523,9,4,7,3,6.033333333,High
32525,7,6,8,7,7.085714286,High
32527,9,9,9,6,6.033333333,High
32531,4,13,5,8,7.4,High
32536,7,12,7,5,5.385714286,High
32540,4,8,8,3,9.9,High
32543,1,11,2,3,28.8,
32547,1,13,2,7,28.4,
32550,9,1,4,5,5.133333333,High
32552,3,14,8,6,11.2,High
32553,9,3,9,8,7.233333333,High
32556,2,12,9,1,17.1,High
32559,11,6,9,6,6.027272727,High
32564,1,14,1,7,27.7,
32569,2,12,2,3,13.6,High
32570,8,1,6,6,6.55,High
32571,18,2,8,3,5.266666667,High
32572,6,12,6,2,5.6,High
32583,4,14,2,2,5.7,High
32585,16,1,9,7,6.175,High
32591,2,15,5,9,14.5,High
32596,3,6,4,6,10.8,High
32603,7,3,8,9,7.685714286,High
32607,3,8,8,9,12.4,High
32615,16,1,7,9,5.175,High
32618,3,15,2,2,8,High
32620,4,19,5,1,6.2,High
32624,12,9,9,5,5.2,High
32626,6,7,3,6,5.1,High
32630,1,9,5,1,30.7,
32631,3,14,1,4,7.7,High
32632,1,6,5,4,31.3,
32638,6,11,8,1,6.8,High
32641,1,3,3,9,30.9,
32656,5,12,5,4,6.1,High
32660,5,6,3,6,6.3,High
32663,4,1,8,9,11.3,High
32666,6,8,7,8,6.9,High
32669,1,5,1,9,29.5,
32673,5,9,8,3,8.2,High
32681,6,6,8,4,7.8,High
32682,2,19,5,7,13.7,High
32691,2,7,9,1,18.1,High
32693,5,2,6,8,8.6,High
32709,29,2,9,9,5.134482759,High
32715,3,6,4,3,10.8,High
32719,3,3,5,7,11.9,High
32731,7,9,6,6,5.485714286,High
32736,4,19,3,8,5.2,High
32740,2,13,9,8,16.9,High
32749,21,1,8,2,5.228571429,High
32756,4,9,7,9,9.2,High
32767,1,10,7,9,31.5,
32770,3,4,6,5,12.2,High
32773,5,12,4,2,5.6,High
32785,5,6,4,5,6.8,High
32788,5,14,9,9,7.7,High
32789,2,12,6,7,15.6,High
32790,5,9,7,1,7.7,High
32801,7,5,4,3,5.285714286,High
32803,8,4,7,8,6.45,High
32805,15,4,8,6,5.2,High
32811,5,3,6,3,8.4,High
32817,5,2,2,3,6.6,High
32824,4,7,6,2,9.1,High
32825,5,4,3,4,6.7,High
32826,1,4,3,8,30.7,
32830,4,7,6,4,9.1,High
32833,3,18,1,8,6.9,High
32834,3,19,8,5,10.2,High
32838,11,4,8,7,5.927272727,High
32850,5,7,8,2,8.6,High
32855,12,6,8,9,5.3,High
32857,4,4,2,6,7.7,High
32859,1,9,3,1,29.7,
32860,7,3,6,6,6.685714286,High
32864,1,15,4,8,29,
32872,3,1,7,9,13.3,High
32875,4,2,2,2,8.1,High
32876,15,2,8,6,5.6,High
32879,8,2,7,3,6.85,High
32887,4,12,1,7,5.6,High
32888,7,4,4,3,5.485714286,High
32891,10,1,9,9,7.3,High
32895,7,4,8,5,7.485714286,High
32899,1,19,3,5,27.7,
32904,4,3,7,5,10.4,High
32906,21,4,9,2,5.128571429,High
32910,2,13,6,4,15.4,High
32915,1,11,6,9,30.8,
32919,18,5,9,6,5.166666667,High
32922,1,15,4,3,29,
32924,1,8,1,1,28.9,
32928,8,3,8,6,7.15,High
32932,2,1,9,4,19.3,High
32936,6,2,5,3,7.1,High
32943,4,13,3,7,6.4,High
32944,7,11,6,3,5.085714286,High
32946,5,10,9,5,8.5,High
32949,10,9,8,1,5.2,High
32950,1,1,9,7,34.3,
32952,2,15,8,4,16,High
32953,4,19,8,9,7.7,High
32954,4,5,8,5,10.5,High
32959,12,5,9,5,6,High
32967,3,1,4,7,11.8,High
32969,17,2,9,2,5.864705882,High
32971,8,9,9,9,6.45,High
32980,3,10,6,9,11,High
32981,2,7,7,7,17.1,High
32996,26,3,9,8,5.053846154,High
32998,9,4,9,3,7.033333333,High
33000,3,11,3,6,9.3,High
33001,2,5,1,4,14.5,High
33002,3,8,8,2,12.4,High
33010,6,1,1,6,5.3,High
33012,8,11,8,4,5.55,High
33018,5,3,5,7,7.9,High
33019,4,9,5,9,8.2,High
33022,3,16,8,3,10.8,High
33025,5,6,9,4,9.3,High
33029,2,16,6,2,14.8,High
33030,5,6,5,3,7.3,High
33034,5,8,7,6,7.9,High
33035,2,5,6,1,17,High
33037,4,14,7,3,8.2,High
33046,1,15,8,5,31,
33047,1,6,1,7,29.3,
33053,9,2,5,2,5.433333333,High
33056,2,6,7,4,17.3,High
33058,2,2,3,6,16.1,High
33070,9,9,9,5,6.033333333,High
33071,7,10,9,2,6.785714286,High
33072,8,2,4,4,5.35,High
33074,19,5,9,4,5.078947368,High
33075,5,12,9,6,8.1,High
33080,3,6,3,6,10.3,High
33094,4,7,1,9,6.6,High
33096,8,6,5,3,5.05,High
33098,4,16,6,7,7.3,High
33099,2,15,6,5,15,High
33103,8,4,7,9,6.45,High
33107,2,5,9,3,18.5,High
33118,20,1,9,7,5.8,High
33121,8,12,8,2,5.35,High
33124,1,13,1,8,27.9,
33125,1,12,7,3,31.1,
33126,4,1,2,6,8.3,High
33128,9,5,7,8,5.833333333,High
33129,3,3,4,6,11.4,High
33137,5,17,6,4,5.6,High
33138,9,13,9,7,5.233333333,High
33140,5,13,4,9,5.4,High
33141,6,14,8,2,6.2,High
33149,3,12,5,2,10.1,High
33151,1,8,2,5,29.4,
33155,16,5,9,4,5.375,High
33158,7,3,3,1,5.185714286,High
33169,5,3,5,4,7.9,High
33170,10,11,9,3,5.3,High
33179,2,12,5,9,15.1,High
33180,4,2,8,2,11.1,High
33182,4,18,4,9,5.9,High
33186,1,12,8,8,31.6,
33189,18,2,9,6,5.766666667,High
33199,3,16,1,6,7.3,High
33200,2,8,7,6,16.9,High
33201,18,1,9,1,5.966666667,High
33202,1,14,6,5,30.2,
33203,1,14,3,2,28.7,
33205,22,3,9,5,5.263636364,High
33206,1,13,5,9,29.9,
33207,3,19,6,8,9.2,High
33209,1,1,7,2,33.3,
33215,5,13,8,4,7.4,High
33223,4,7,6,2,9.1,High
33231,2,2,6,5,17.6,High
33240,1,15,4,5,29,
33250,13,2,9,5,6.407692308,High
33252,1,1,7,2,33.3,
33266,11,1,5,4,5.027272727,High
33271,2,10,6,1,16,High
33273,13,1,9,7,6.607692308,High
33275,26,3,9,8,5.053846154,High
33284,5,1,3,8,7.3,High
33287,8,2,6,1,6.35,High
33289,8,9,8,8,5.95,High
33290,10,2,8,9,6.6,High
33299,4,16,2,2,5.3,High
33301,5,3,2,5,6.4,High
33304,5,1,6,6,8.8,High
33305,8,6,5,5,5.05,High
33306,2,5,7,7,17.5,High
33307,3,14,3,5,8.7,High
33310,5,16,9,3,7.3,High
33313,3,14,2,1,8.2,High
33318,20,1,9,5,5.8,High
33322,2,8,2,6,14.4,High
33323,1,3,9,8,33.9,
33324,1,13,5,7,29.9,
33325,2,18,4,1,13.4,High
33331,9,5,9,7,6.833333333,High
33340,4,3,7,2,10.4,High
33341,4,12,5,8,7.6,High
33342,4,1,5,6,9.8,High
33353,11,3,7,5,5.627272727,High
33356,1,10,5,6,30.5,
33358,8,3,6,1,6.15,High
33361,3,2,5,5,12.1,High
33362,4,2,9,8,11.6,High
33365,3,15,2,1,8,High
33366,3,17,8,3,10.6,High
33369,6,2,1,7,5.1,High
33378,2,9,7,7,16.7,High
33388,1,16,2,3,27.8,
33389,6,7,5,3,6.1,High
33411,4,2,2,8,8.1,High
33412,2,16,8,8,15.8,High
33418,10,6,8,8,5.8,High
33424,21,3,9,8,5.328571429,High
33428,2,2,1,1,15.1,High
33429,5,11,4,8,5.8,High
33431,5,2,4,5,7.6,High
33442,2,5,7,2,17.5,High
33446,2,6,2,2,14.8,High
33451,9,12,9,4,5.433333333,High
33453,3,16,5,3,9.3,High
33457,9,3,6,5,5.733333333,High
33459,3,16,4,3,8.8,High
33461,5,5,4,4,7,High
33466,2,4,8,6,18.2,High
33469,5,13,7,5,6.9,High
33470,1,5,1,7,29.5,
33473,14,1,8,6,5.942857143,High
33478,3,11,2,6,8.8,High
33481,1,9,8,5,32.2,
33483,9,8,7,5,5.233333333,High
33487,21,2,9,6,5.528571429,High
33490,7,8,9,7,7.185714286,High
33492,12,9,9,3,5.2,High
33493,5,13,7,9,6.9,High
33494,1,4,7,4,32.7,
33495,8,2,6,4,6.35,High
33497,2,7,5,7,16.1,High
33499,24,2,9,8,5.35,High
33501,3,9,5,8,10.7,High
33503,1,18,9,6,30.9,
33504,3,19,9,8,10.7,High
33509,3,6,9,6,13.3,High
33512,4,1,7,2,10.8,High
33513,5,6,3,6,6.3,High
33515,4,9,5,6,8.2,High
33517,13,6,9,1,5.607692308,High
33525,29,1,9,5,5.334482759,High
33533,1,7,2,4,29.6,
33534,3,10,7,6,11.5,High
33538,20,2,9,5,5.6,High
33540,6,2,2,4,5.6,High
33541,14,1,7,3,5.442857143,High
33544,2,2,3,2,16.1,High
33550,4,15,2,5,5.5,High
33551,3,13,3,8,8.9,High
33552,6,3,4,3,6.4,High
33554,2,7,2,9,14.6,High
33559,2,3,7,9,17.9,High
33561,1,8,9,4,32.9,
33565,5,2,9,6,10.1,High
33566,7,2,9,4,8.385714286,High
33567,4,3,6,3,9.9,High
33569,3,16,2,4,7.8,High
33570,1,10,6,8,31,
33575,2,17,7,4,15.1,High
33577,6,15,7,4,5.5,High
33580,5,11,9,8,8.3,High
33582,27,1,9,7,5.411111111,High
33583,1,9,3,7,29.7,
33587,2,10,2,9,14,High
33595,1,7,2,3,29.6,
33601,7,6,7,9,6.585714286,High
33606,4,4,9,4,11.2,High
33608,2,9,9,2,17.7,High
33614,6,6,3,8,5.3,High
33618,2,9,1,8,13.7,High
33628,2,4,7,1,17.7,High
33632,9,6,9,7,6.633333333,High
33635,3,9,1,8,8.7,High
33642,4,16,5,4,6.8,High
33644,5,7,8,8,8.6,High
33645,1,14,5,6,29.7,
33648,4,3,4,5,8.9,High
33650,1,2,6,6,32.6,
33651,5,6,4,7,6.8,High
33653,4,18,4,3,5.9,High
33654,7,6,7,9,6.585714286,High
33655,7,1,3,6,5.585714286,High
33660,2,16,2,6,12.8,High
33662,6,13,6,8,5.4,High
33668,6,2,4,9,6.6,High
33671,1,14,4,7,29.2,
33673,4,13,1,1,5.4,High
33674,3,2,7,7,13.1,High
33675,6,15,9,6,6.5,High
33679,8,8,7,3,5.65,High
33689,1,4,3,1,30.7,
33694,3,9,8,6,12.2,High
33696,3,2,8,6,13.6,High
33705,3,18,3,7,7.9,High
33712,3,8,6,8,11.4,High
33715,2,18,5,4,13.9,High
33716,6,14,9,6,6.7,High
33717,4,3,6,6,9.9,High
33739,7,7,9,6,7.385714286,High
33741,2,14,5,8,14.7,High
33743,11,10,9,3,5.227272727,High
33746,1,1,9,6,34.3,
33749,4,1,3,2,8.8,High
33751,12,2,7,5,5.6,High
33755,5,16,7,4,6.3,High
33758,1,5,1,3,29.5,
33762,1,9,8,1,32.2,
33765,9,6,6,2,5.133333333,High
33771,6,7,4,6,5.6,High
33776,2,5,8,4,18,High
33780,2,6,8,2,17.8,High
33785,3,14,8,2,11.2,High
33788,1,11,7,3,31.3,
33793,8,4,6,9,5.95,High
33800,12,4,9,7,6.2,High
33803,2,16,4,9,13.8,High
33808,18,4,9,9,5.366666667,High
33815,4,7,1,2,6.6,High
33816,4,14,6,3,7.7,High
33819,16,4,8,3,5.075,High
33828,1,4,4,7,31.2,
33830,11,1,9,2,7.027272727,High
33835,14,7,9,4,5.242857143,High
33839,5,15,5,9,5.5,High
33844,2,4,1,2,14.7,High
33850,3,2,8,4,13.6,High
33855,25,1,9,4,5.5,High
33861,1,19,3,2,27.7,
33866,1,19,2,8,27.2,
33869,3,4,3,3,10.7,High
33879,2,19,1,1,11.7,High
33882,7,11,9,4,6.585714286,High
33883,1,16,5,4,29.3,
33886,3,5,2,8,10,High
33893,3,7,8,7,12.6,High
33895,10,2,7,6,6.1,High
33896,4,15,7,4,8,High
33898,2,19,6,4,14.2,High
33900,10,11,9,3,5.3,High
33909,12,5,8,4,5.5,High
33914,15,7,9,6,5.1,High
33918,10,2,9,9,7.1,High
33920,5,9,9,1,8.7,High
33925,6,19,8,4,5.2,High
33930,8,1,3,8,5.05,High
33931,1,18,8,2,30.4,
33936,2,7,7,9,17.1,High
33940,8,6,7,3,6.05,High
33941,2,17,2,9,12.6,High
33943,3,7,9,6,13.1,High
33945,2,5,3,6,15.5,High
33947,1,2,6,9,32.6,
33956,2,11,4,1,14.8,High
33957,4,15,9,8,9,High
33958,5,14,4,8,5.2,High
33959,4,18,8,5,7.9,High
33968,4,5,7,9,10,High
33970,17,1,7,9,5.064705882,High
33972,2,1,7,5,18.3,High
33975,6,17,8,3,5.6,High
33978,14,2,9,6,6.242857143,High
33983,5,5,9,6,9.5,High
33985,8,5,6,8,5.75,High
33987,1,11,8,2,31.8,
33989,5,1,6,7,8.8,High
33993,3,10,7,4,11.5,High
33994,4,5,5,1,9,High
33999,8,6,9,2,7.05,High
34004,13,2,8,1,5.907692308,High
34008,3,7,4,4,10.6,High
34009,11,1,8,1,6.527272727,High
34012,3,12,3,9,9.1,High
34014,20,4,9,3,5.2,High
34020,10,4,8,4,6.2,High
34026,6,5,4,1,6,High
34028,12,8,9,3,5.4,High
34037,2,2,2,5,15.6,High
34047,3,16,6,5,9.8,High
34054,22,3,9,6,5.263636364,High
34057,4,13,8,9,8.9,High
34059,6,14,6,1,5.2,High
34061,1,7,5,6,31.1,
34062,4,5,4,8,8.5,High
34064,18,1,8,8,5.466666667,High
34069,5,18,6,6,5.4,High
34075,5,6,1,2,5.3,High
34077,4,10,3,6,7,High
34082,5,6,9,1,9.3,High
34085,6,3,7,4,7.9,High
34088,4,9,4,4,7.7,High
34100,3,19,7,8,9.7,High
34102,1,18,5,1,28.9,
34107,4,8,8,4,9.9,High
34108,1,14,9,3,31.7,
34109,2,11,2,4,13.8,High
34114,2,11,2,6,13.8,High
34115,1,13,9,2,31.9,
34116,5,3,5,9,7.9,High
34117,5,4,6,1,8.2,High
34118,6,16,9,6,6.3,High
34121,4,16,4,4,6.3,High
34127,20,1,9,4,5.8,High
34138,4,17,3,3,5.6,High
34139,4,13,3,3,6.4,High
34140,18,5,9,6,5.166666667,High
34145,24,1,9,6,5.55,High
34147,1,17,1,9,27.1,
34154,11,1,8,4,6.527272727,High
34158,23,2,9,4,5.404347826,High
34160,11,11,9,4,5.027272727,High
34165,11,4,8,9,5.927272727,High
34171,10,2,6,8,5.6,High
34172,6,8,4,8,5.4,High
34173,1,10,1,5,28.5,
34174,1,8,4,6,30.4,
34176,10,1,6,3,5.8,High
34193,3,12,7,8,11.1,High
34194,6,6,6,3,6.8,High
34198,2,2,3,8,16.1,High
34201,5,9,7,4,7.7,High
34204,1,9,4,6,30.2,
34206,3,1,2,4,10.8,High
34215,4,7,9,5,10.6,High
34216,1,4,9,8,33.7,
34221,10,1,7,1,6.3,High
34224,2,7,8,6,17.6,High
34233,5,17,7,3,6.1,High
34236,5,1,2,3,6.8,High
34237,2,9,4,9,15.2,High
34244,5,9,7,3,7.7,High
34246,4,16,3,1,5.8,High
34260,10,2,5,3,5.1,High
34263,10,3,8,1,6.4,High
34272,3,17,1,8,7.1,High
34281,1,10,7,9,31.5,
34282,1,16,6,1,29.8,
34287,1,10,3,1,29.5,
34290,10,7,8,3,5.6,High
34293,2,5,2,9,15,High
34297,8,1,5,6,6.05,High
34302,6,8,7,2,6.9,High
34303,2,17,2,4,12.6,High
34308,3,11,9,8,12.3,High
34322,1,10,8,9,32,
34329,1,17,4,1,28.6,
34333,10,3,9,4,6.9,High
34336,9,2,7,2,6.433333333,High
34337,5,3,7,1,8.9,High
34349,14,8,9,9,5.042857143,High
34354,9,1,6,8,6.133333333,High
34358,8,9,7,7,5.45,High
34359,2,5,5,5,16.5,High
34364,1,1,1,5,30.3,
34368,2,2,4,1,16.6,High
34380,2,9,7,7,16.7,High
34382,5,9,3,5,5.7,High
34386,8,4,8,8,6.95,High
34395,14,3,9,6,6.042857143,High
34398,5,9,4,8,6.2,High
34401,1,14,1,9,27.7,
34402,4,13,7,6,8.4,High
34403,1,4,4,7,31.2,
34409,5,16,8,6,6.8,High
34411,7,7,9,1,7.385714286,High
34421,4,16,6,3,7.3,High
34423,4,10,8,2,9.5,High
34430,9,14,9,6,5.033333333,High
34432,4,10,8,6,9.5,High
34436,1,18,7,1,29.9,
34440,2,14,7,8,15.7,High
34444,2,12,9,3,17.1,High
34445,1,6,5,5,31.3,
34447,2,7,7,9,17.1,High
34451,4,14,5,3,7.2,High
34452,1,5,8,2,33,
34456,1,11,7,8,31.3,
34461,8,9,7,2,5.45,High
34462,5,12,7,9,7.1,High
34464,1,15,8,9,31,
34466,2,17,9,6,16.1,High
34469,5,11,5,7,6.3,High
34470,1,11,2,7,28.8,
34477,2,4,5,8,16.7,High
34492,16,6,9,9,5.175,High
34494,12,4,7,9,5.2,High
34496,1,16,8,3,30.8,
34498,5,5,2,5,6,High
34501,2,4,5,1,16.7,High
34502,2,1,3,2,16.3,High
34509,4,5,8,8,10.5,High
34510,8,6,8,4,6.55,High
34513,1,19,6,5,29.2,
34514,4,10,2,5,6.5,High
34515,2,19,2,2,12.2,High
34524,9,2,9,1,7.433333333,High
34529,12,9,9,2,5.2,High
34533,2,19,3,4,12.7,High
34535,2,3,4,9,16.4,High
34538,2,7,9,6,18.1,High
34540,12,6,9,7,5.8,High
34549,29,1,9,8,5.334482759,High
34552,5,13,8,7,7.4,High
34555,1,12,3,9,29.1,
34559,2,2,7,3,18.1,High
34572,2,9,5,8,15.7,High
34577,3,16,5,7,9.3,High
34579,5,2,5,4,8.1,High
34580,2,4,3,6,15.7,High
34584,6,7,7,5,7.1,High
34585,2,6,1,7,14.3,High
34586,4,8,3,6,7.4,High
34590,3,15,9,1,11.5,High
34591,6,2,3,3,6.1,High
34595,12,4,7,3,5.2,High
34596,8,10,7,2,5.25,High
34602,2,13,9,4,16.9,High
34603,4,15,9,7,9,High
34604,1,4,1,3,29.7,
34605,11,4,7,9,5.427272727,High
34606,11,3,6,1,5.127272727,High
34623,2,7,4,4,15.6,High
34626,4,15,8,5,8.5,High
34627,6,6,7,7,7.3,High
34629,26,1,9,6,5.453846154,High
34632,2,19,4,9,13.2,High
34634,7,18,9,5,5.185714286,High
34651,5,4,6,9,8.2,High
34654,4,4,8,6,10.7,High
34655,13,4,8,5,5.507692308,High
34665,2,7,9,9,18.1,High
34669,5,3,8,5,9.4,High
34676,2,3,1,9,14.9,High
34677,3,12,7,4,11.1,High
34681,5,18,9,1,6.9,High
34685,5,1,9,4,10.3,High
34689,2,10,7,4,16.5,High
34690,5,11,7,6,7.3,High
34691,4,5,5,7,9,High
34702,4,5,6,4,9.5,High
34708,3,13,3,6,8.9,High
34709,7,5,8,2,7.285714286,High
34718,5,11,3,9,5.3,High
34719,1,1,4,2,31.8,
34722,9,4,7,3,6.033333333,High
34737,5,13,4,4,5.4,High
34742,1,5,4,3,31,
34746,8,7,7,3,5.85,High
34748,2,6,4,1,15.8,High
34750,3,13,2,8,8.4,High
34756,7,13,9,3,6.185714286,High
34760,6,1,4,4,6.8,High
34764,7,11,6,9,5.085714286,High
34768,2,19,8,4,15.2,High
34770,4,2,9,4,11.6,High
34771,2,17,9,8,16.1,High
34775,3,11,7,3,11.3,High
34776,9,8,9,5,6.233333333,High
34777,8,7,8,3,6.35,High
34780,6,12,6,9,5.6,High
34784,6,3,4,8,6.4,High
34789,1,3,4,7,31.4,
34795,9,4,5,9,5.033333333,High
34799,1,13,7,8,30.9,
34801,4,14,6,3,7.7,High
34806,7,2,3,2,5.385714286,High
34807,1,13,6,6,30.4,
34812,4,10,1,6,6,High
34813,3,11,2,4,8.8,High
34815,11,6,9,3,6.027272727,High
34823,4,5,2,1,7.5,High
34828,3,16,3,4,8.3,High
34831,4,4,5,7,9.2,High
34836,11,3,9,9,6.627272727,High
34842,5,14,7,5,6.7,High
34844,1,7,1,3,29.1,
34846,3,10,7,1,11.5,High
34847,5,7,5,9,7.1,High
34852,3,2,9,1,14.1,High
34855,24,3,9,4,5.15,High
34856,24,3,9,6,5.15,High
34858,3,11,5,4,10.3,High
34867,4,5,3,9,8,High
34872,6,3,4,6,6.4,High
34873,2,12,5,5,15.1,High
34875,7,3,8,2,7.685714286,High
34878,2,3,6,5,17.4,High
34879,2,12,5,5,15.1,High
34880,3,1,7,1,13.3,High
34881,3,3,5,8,11.9,High
34884,1,17,8,9,30.6,
34887,6,11,5,4,5.3,High
34889,4,5,9,1,11,High
34895,1,10,1,1,28.5,
34897,4,10,9,5,10,High
34898,5,18,9,2,6.9,High
34899,10,2,5,4,5.1,High
34901,3,19,2,9,7.2,High
34903,8,8,6,6,5.15,High
34906,9,11,9,2,5.633333333,High
34911,4,19,6,3,6.7,High
34912,2,2,8,2,18.6,High
34925,4,1,9,6,11.8,High
34927,4,10,3,8,7,High
34931,9,6,7,6,5.633333333,High
34932,12,2,9,9,6.6,High
34935,1,7,6,1,31.6,
34936,5,4,4,7,7.2,High
34937,4,11,4,2,7.3,High
34939,1,13,5,3,29.9,
34946,1,1,4,5,31.8,
34947,3,11,1,2,8.3,High
34949,2,16,7,3,15.3,High
34953,15,6,9,4,5.3,High
34954,12,1,6,5,5.3,High
34955,1,19,7,7,29.7,
34956,4,3,1,1,7.4,High
34966,15,2,7,4,5.1,High
34969,3,11,8,3,11.8,High
34975,1,17,7,9,30.1,
34980,17,1,9,3,6.064705882,High
34981,2,8,9,2,17.9,High
34983,3,6,1,4,9.3,High
34984,6,12,7,6,6.1,High
34987,4,7,1,8,6.6,High
34991,7,3,3,6,5.185714286,High
34993,5,12,4,4,5.6,High
34997,2,11,7,6,16.3,High
34998,1,14,4,9,29.2,
35006,5,3,6,5,8.4,High
35012,3,7,4,1,10.6,High
35023,4,18,9,6,8.4,High
35028,1,13,8,7,31.4,
35032,20,2,8,8,5.1,High
35036,6,14,7,6,5.7,High
35045,3,3,8,5,13.4,High
35046,3,16,4,4,8.8,High
35054,1,5,8,8,33,
35059,5,9,3,1,5.7,High
35064,6,1,3,8,6.3,High
35065,4,18,6,5,6.9,High
35075,4,18,5,5,6.4,High
35082,8,7,6,9,5.35,High
35088,3,8,3,2,9.9,High
35096,7,11,8,5,6.085714286,High
35098,2,9,2,1,14.2,High
35100,1,13,1,9,27.9,
35102,6,4,5,2,6.7,High
35108,5,3,6,5,8.4,High
35109,1,4,6,6,32.2,
35110,2,13,5,9,14.9,High
35118,2,4,8,2,18.2,High
35125,17,3,9,3,5.664705882,High
35129,2,19,7,7,14.7,High
35131,9,1,7,4,6.633333333,High
35133,13,3,8,5,5.707692308,High
35152,4,5,3,2,8,High
35153,18,3,9,2,5.566666667,High
35156,6,8,4,9,5.4,High
35157,12,2,9,2,6.6,High
35158,16,2,8,2,5.475,High
35172,4,2,6,3,10.1,High
35173,2,6,5,4,16.3,High
35175,13,2,7,6,5.407692308,High
35177,1,2,4,1,31.6,
35178,4,6,8,1,10.3,High
35179,3,5,4,3,11,High
35190,3,7,8,9,12.6,High
35191,1,11,3,4,29.3,
35192,2,7,5,9,16.1,High
35194,5,7,1,2,5.1,High
35196,6,11,8,3,6.8,High
35202,4,19,4,4,5.7,High
35203,3,15,7,3,10.5,High
35211,2,8,6,8,16.4,High
35218,4,11,1,1,5.8,High
35219,6,12,6,1,5.6,High
35221,4,8,2,7,6.9,High
35228,22,4,9,3,5.063636364,High
35233,7,12,8,8,5.885714286,High
35237,7,3,3,4,5.185714286,High
35238,29,1,9,7,5.334482759,High
35241,7,4,6,9,6.485714286,High
35242,23,1,8,5,5.104347826,High
35246,10,5,9,8,6.5,High
35247,1,13,9,2,31.9,
35258,8,8,7,7,5.65,High
35261,2,17,2,8,12.6,High
35264,5,17,8,5,6.6,High
35270,6,10,7,6,6.5,High
35271,4,14,8,6,8.7,High
35272,3,1,7,7,13.3,High
35278,6,2,1,9,5.1,High
35280,2,13,4,4,14.4,High
35284,4,2,3,8,8.6,High
35288,6,8,7,1,6.9,High
35291,7,11,7,9,5.585714286,High
35295,3,2,6,4,12.6,High
35296,3,3,8,1,13.4,High
35298,2,4,2,1,15.2,High
35299,2,18,4,6,13.4,High
35300,4,7,7,2,9.6,High
35305,6,18,8,7,5.4,High
35311,4,9,3,1,7.2,High
35312,1,15,1,6,27.5,
35315,11,11,9,3,5.027272727,High
35318,5,8,5,8,6.9,High
35319,3,18,5,2,8.9,High
35321,1,5,7,4,32.5,
35322,4,6,8,2,10.3,High
35334,6,3,7,9,7.9,High
35341,5,3,8,5,9.4,High
35346,3,8,6,6,11.4,High
35348,4,12,3,9,6.6,High
35360,1,7,3,1,30.1,
35370,8,3,9,5,7.65,High
35372,27,2,9,4,5.211111111,High
35374,1,7,1,8,29.1,
35377,5,8,3,2,5.9,High
35378,13,8,9,6,5.207692308,High
35386,2,11,8,4,16.8,High
35391,3,14,2,9,8.2,High
35392,10,2,6,7,5.6,High
35394,6,16,7,7,5.3,High
35398,4,13,7,8,8.4,High
35408,3,16,7,4,10.3,High
35409,3,5,3,8,10.5,High
35411,1,4,7,7,32.7,
35413,16,1,8,5,5.675,High
35415,9,2,8,9,6.933333333,High
35419,3,18,7,9,9.9,High
35420,7,3,4,4,5.685714286,High
35422,7,4,4,4,5.485714286,High
35427,10,9,9,3,5.7,High
35431,2,1,6,1,17.8,High
35432,4,1,9,6,11.8,High
35440,5,1,1,6,6.3,High
35444,2,6,4,1,15.8,High
35447,4,12,6,2,8.1,High
35449,4,17,7,9,7.6,High
35456,4,14,6,9,7.7,High
35457,11,3,6,5,5.127272727,High
35458,1,12,5,7,30.1,
35473,23,4,9,4,5.004347826,High
35475,5,15,9,7,7.5,High
35476,1,3,9,3,33.9,
35480,3,6,2,5,9.8,High
35486,3,3,3,8,10.9,High
35487,3,13,7,8,10.9,High
35489,2,2,5,5,17.1,High
35492,5,12,8,8,7.6,High
35496,11,10,9,2,5.227272727,High
35497,3,12,7,5,11.1,High
35502,4,5,4,4,8.5,High
35507,2,17,7,1,15.1,High
35508,8,5,6,2,5.75,High
35511,1,19,1,6,26.7,
35512,5,2,7,2,9.1,High
35526,5,14,9,4,7.7,High
35528,7,14,9,9,5.985714286,High
35534,2,15,5,9,14.5,High
35538,13,4,8,7,5.507692308,High
35541,10,4,7,3,5.7,High
35545,1,9,3,1,29.7,
35555,8,12,9,8,5.85,High
35564,11,8,9,4,5.627272727,High
35565,4,13,6,5,7.9,High
35567,10,6,7,4,5.3,High
35572,18,3,9,2,5.566666667,High
35574,1,13,2,5,28.4,
35578,3,5,9,4,13.5,High
35582,2,8,1,6,13.9,High
35583,8,9,9,8,6.45,High
35587,3,1,7,4,13.3,High
35589,14,4,8,4,5.342857143,High
35591,1,14,2,1,28.2,
35592,7,11,9,6,6.585714286,High
35601,7,11,7,9,5.585714286,High
35616,20,2,8,1,5.1,High
35623,1,5,7,9,32.5,
35625,2,5,7,2,17.5,High
35631,22,2,9,5,5.463636364,High
35640,8,1,9,4,8.05,High
35641,2,18,2,2,12.4,High
35642,6,10,5,5,5.5,High
35643,9,1,8,6,7.133333333,High
35644,2,4,7,6,17.7,High
35651,14,1,7,1,5.442857143,High
35653,1,13,2,2,28.4,
35654,10,12,9,2,5.1,High
35659,8,8,9,1,6.65,High
35660,5,12,8,5,7.6,High
35661,4,1,6,4,10.3,High
35667,4,15,7,6,8,High
35668,22,1,8,5,5.163636364,High
35675,3,16,1,8,7.3,High
35679,7,3,6,3,6.685714286,High
35683,9,9,7,2,5.033333333,High
35684,4,14,7,1,8.2,High
35686,7,15,8,1,5.285714286,High
35688,4,8,6,5,8.9,High
35689,14,2,7,8,5.242857143,High
35691,3,15,2,7,8,High
35694,1,7,3,5,30.1,
35698,1,19,4,5,28.2,
35702,6,14,9,2,6.7,High
35703,17,3,9,6,5.664705882,High
35704,1,5,5,6,31.5,
35705,4,13,4,7,6.9,High
35708,2,5,1,7,14.5,High
35709,8,4,8,2,6.95,High
35712,4,17,4,6,6.1,High
35713,11,1,9,1,7.027272727,High
35721,3,4,9,8,13.7,High
35722,4,11,2,4,6.3,High
35723,5,5,5,8,7.5,High
35728,10,3,6,9,5.4,High
35729,5,2,2,4,6.6,High
35730,6,2,2,7,5.6,High
35734,11,1,8,1,6.527272727,High
35736,4,9,1,8,6.2,High
35739,3,11,5,4,10.3,High
35743,6,4,9,4,8.7,High
35746,5,5,2,4,6,High
35748,5,1,9,5,10.3,High
35749,5,17,7,1,6.1,High
35755,6,3,8,7,8.4,High
35759,3,17,7,5,10.1,High
35760,12,8,9,7,5.4,High
35762,2,18,9,9,15.9,High
35764,4,3,3,9,8.4,High
35767,1,10,8,8,32,
35769,1,7,6,8,31.6,
35772,2,12,9,1,17.1,High
35777,3,3,1,7,9.9,High
35780,4,8,8,9,9.9,High
35789,2,18,1,4,11.9,High
35791,15,3,9,1,5.9,High
35797,6,4,3,5,5.7,High
35798,1,8,9,1,32.9,
35804,3,18,7,2,9.9,High
35812,8,8,7,2,5.65,High
35813,4,9,8,7,9.7,High
35814,6,9,8,1,7.2,High
35816,2,14,1,1,12.7,High
35818,3,7,1,3,9.1,High
35820,2,7,9,2,18.1,High
35826,5,4,9,6,9.7,High
35829,5,5,5,1,7.5,High
35834,3,13,3,3,8.9,High
35842,2,8,4,4,15.4,High
35850,6,1,3,7,6.3,High
35859,4,17,3,4,5.6,High
35860,6,19,9,5,5.7,High
35870,10,1,9,7,7.3,High
35874,3,14,1,1,7.7,High
35879,4,18,5,8,6.4,High
35884,1,14,4,9,29.2,
35885,1,8,6,9,31.4,
35895,19,3,9,7,5.478947368,High
35897,2,9,5,5,15.7,High
35898,7,1,8,7,8.085714286,High
35904,5,9,2,6,5.2,High
35906,4,10,6,8,8.5,High
35918,1,3,8,4,33.4,
35920,16,2,8,6,5.475,High
35922,3,10,8,4,12,High
35924,9,9,8,8,5.533333333,High
35927,4,3,3,1,8.4,High
35931,4,19,3,8,5.2,High
35944,2,7,5,6,16.1,High
35946,5,3,8,6,9.4,High
35950,4,2,2,9,8.1,High
35953,7,16,8,8,5.085714286,High
35956,2,18,9,4,15.9,High
35961,5,3,5,1,7.9,High
35963,1,3,7,8,32.9,
35967,4,16,5,8,6.8,High
35972,8,5,5,5,5.25,High
35973,6,1,1,2,5.3,High
35974,2,1,5,4,17.3,High
35977,2,17,3,5,13.1,High
35978,10,1,6,6,5.8,High
35989,27,2,9,3,5.211111111,High
35992,8,8,7,7,5.65,High
35993,1,1,1,6,30.3,
35996,20,4,9,2,5.2,High
36000,5,1,5,3,8.3,High
36009,4,7,9,1,10.6,High
36011,5,11,7,5,7.3,High
36022,12,5,8,2,5.5,High
36023,2,18,4,7,13.4,High
36026,3,12,9,9,12.1,High
36034,9,8,7,8,5.233333333,High
36042,2,16,1,6,12.3,High
36049,20,2,8,7,5.1,High
36053,1,4,8,3,33.2,
36054,1,11,3,6,29.3,
36055,9,3,9,7,7.233333333,High
36056,8,7,8,5,6.35,High
36057,3,8,7,1,11.9,High
36060,4,19,5,9,6.2,High
36068,11,2,7,5,5.827272727,High
36074,5,8,7,2,7.9,High
36078,4,8,2,3,6.9,High
36081,4,13,5,3,7.4,High
36083,1,15,5,5,29.5,
36088,26,2,9,9,5.253846154,High
36090,1,4,9,2,33.7,
36095,4,2,9,1,11.6,High
36104,12,6,8,9,5.3,High
36110,14,2,9,5,6.242857143,High
36126,9,10,8,6,5.333333333,High
36132,1,8,3,7,29.9,
36134,2,9,5,2,15.7,High
36137,15,3,9,4,5.9,High
36138,3,13,8,7,11.4,High
36140,3,19,7,1,9.7,High
36142,4,14,3,1,6.2,High
36148,4,5,7,7,10,High
36149,7,6,6,5,6.085714286,High
36151,9,3,8,1,6.733333333,High
36153,5,9,2,6,5.2,High
36157,13,2,9,5,6.407692308,High
36160,9,3,8,4,6.733333333,High
36167,1,5,9,5,33.5,
36176,1,15,2,6,28,
36184,4,19,7,5,7.2,High
36188,5,1,8,9,9.8,High
36191,3,14,6,4,10.2,High
36192,5,18,9,5,6.9,High
36193,2,9,8,6,17.2,High
36196,2,8,4,8,15.4,High
36197,4,18,7,2,7.4,High
36199,1,18,9,6,30.9,
36200,9,5,7,9,5.833333333,High
36201,2,17,3,2,13.1,High
36204,7,12,7,5,5.385714286,High
36205,10,2,6,4,5.6,High
36208,2,17,1,1,12.1,High
36213,9,3,9,9,7.233333333,High
36218,3,12,6,8,10.6,High
36222,3,19,2,6,7.2,High
36225,4,9,7,3,9.2,High
36227,1,7,4,7,30.6,
36231,4,11,7,7,8.8,High
36236,1,4,8,2,33.2,
36239,15,2,9,5,6.1,High
36243,4,16,5,1,6.8,High
36245,11,3,9,3,6.627272727,High
36250,2,1,1,6,15.3,High
36252,1,10,8,8,32,
36260,8,5,9,3,7.25,High
36261,1,18,7,7,29.9,
36268,5,16,9,6,7.3,High
36276,1,15,8,9,31,
36277,10,8,8,8,5.4,High
36278,10,8,9,3,5.9,High
36279,2,19,5,7,13.7,High
36281,3,7,1,9,9.1,High
36288,5,10,4,5,6,High
36290,6,7,3,9,5.1,High
36293,5,4,9,2,9.7,High
36294,18,3,9,7,5.566666667,High
36295,4,3,4,1,8.9,High
36297,18,3,8,8,5.066666667,High
36303,3,14,2,6,8.2,High
36306,6,17,7,9,5.1,High
36309,1,3,3,1,30.9,
36310,3,14,3,7,8.7,High
36313,1,18,6,6,29.4,
36315,6,13,9,2,6.9,High
36318,15,1,7,7,5.3,High
36320,2,6,5,3,16.3,High
36323,5,3,2,3,6.4,High
36335,4,7,8,7,10.1,High
36341,5,12,9,7,8.1,High
36345,3,11,2,8,8.8,High
36348,14,1,7,3,5.442857143,High
36349,2,14,7,1,15.7,High
36351,1,7,3,9,30.1,
36370,4,9,4,4,7.7,High
36379,16,4,8,6,5.075,High
36385,8,12,8,5,5.35,High
36399,17,4,9,5,5.464705882,High
36406,7,7,6,7,5.885714286,High
36410,26,2,9,4,5.253846154,High
36411,14,5,9,7,5.642857143,High
36412,3,8,1,3,8.9,High
36413,8,5,7,4,6.25,High
36415,3,13,9,4,11.9,High
36420,6,12,6,5,5.6,High
36422,3,12,2,6,8.6,High
36423,1,8,3,6,29.9,
36424,12,1,8,3,6.3,High
36427,16,3,9,7,5.775,High
36428,2,15,3,6,13.5,High
36430,1,11,7,7,31.3,
36432,6,2,8,1,8.6,High
36435,5,8,9,3,8.9,High
36438,14,5,9,3,5.642857143,High
36439,4,7,5,6,8.6,High
36441,4,12,2,5,6.1,High
36445,25,1,9,8,5.5,High
36450,1,13,7,2,30.9,
36451,1,15,9,2,31.5,
36453,6,1,9,6,9.3,High
36454,5,8,4,4,6.4,High
36455,7,13,9,6,6.185714286,High
36460,1,17,3,2,28.1,
36461,3,19,7,3,9.7,High
36462,9,3,7,8,6.233333333,High
36464,5,19,6,6,5.2,High
36469,6,2,4,1,6.6,High
36478,13,8,9,9,5.207692308,High
36480,6,5,7,6,7.5,High
36486,16,3,9,2,5.775,High
36488,3,16,8,4,10.8,High
36497,3,11,9,9,12.3,High
36498,1,1,8,3,33.8,
36502,7,18,9,1,5.185714286,High
36503,13,2,9,9,6.407692308,High
36521,22,4,9,4,5.063636364,High
36526,1,12,3,3,29.1,
36529,4,3,7,5,10.4,High
36530,3,10,1,5,8.5,High
36541,3,12,4,9,9.6,High
36542,17,2,8,8,5.364705882,High
36543,2,2,4,9,16.6,High
36546,1,1,6,8,32.8,
36547,3,16,6,8,9.8,High
36554,3,10,7,7,11.5,High
36557,18,1,8,3,5.466666667,High
36561,15,1,8,3,5.8,High
36568,7,1,2,1,5.085714286,High
36570,1,5,1,7,29.5,
36576,5,13,4,3,5.4,High
36586,6,3,8,8,8.4,High
36589,20,2,8,2,5.1,High
36594,1,7,7,9,32.1,
36595,2,7,6,2,16.6,High
36597,2,4,1,4,14.7,High
36600,2,14,2,3,13.2,High
36613,3,12,6,3,10.6,High
36618,17,1,8,3,5.564705882,High
36620,1,1,6,2,32.8,
36623,3,14,6,3,10.2,High
36624,2,9,9,9,17.7,High
36625,3,15,1,1,7.5,High
36626,11,6,7,6,5.027272727,High
36627,2,17,1,8,12.1,High
36640,7,9,6,4,5.485714286,High
36642,6,2,2,3,5.6,High
36653,4,14,4,9,6.7,High
36654,9,2,7,3,6.433333333,High
36655,4,15,7,4,8,High
36658,4,12,3,4,6.6,High
36663,2,12,5,7,15.1,High
36666,6,17,9,1,6.1,High
36668,9,6,8,7,6.133333333,High
36672,3,10,5,6,10.5,High
36679,6,11,6,6,5.8,High
36681,4,13,5,2,7.4,High
36683,6,4,5,8,6.7,High
36691,4,12,2,3,6.1,High
36693,8,1,5,9,6.05,High
36695,6,17,7,9,5.1,High
36698,1,6,2,4,29.8,
36703,3,7,5,1,11.1,High
36705,2,4,7,6,17.7,High
36707,10,2,9,3,7.1,High
36718,6,1,2,1,5.8,High
36720,2,10,7,2,16.5,High
36722,6,3,3,5,5.9,High
36732,6,17,8,2,5.6,High
36746,8,8,7,7,5.65,High
36748,25,2,9,3,5.3,High
36750,6,1,3,1,6.3,High
36753,1,19,8,5,30.2,
36754,12,5,8,2,5.5,High
36762,3,2,5,5,12.1,High
36765,6,14,9,9,6.7,High
36767,5,9,5,4,6.7,High
36769,7,5,6,3,6.285714286,High
36776,9,6,9,2,6.633333333,High
36779,2,9,7,3,16.7,High
36782,1,18,3,3,27.9,
36783,6,6,8,9,7.8,High
36784,8,10,8,3,5.75,High
36792,3,6,8,8,12.8,High
36797,4,17,5,4,6.6,High
36810,4,14,5,4,7.2,High
36811,6,5,5,1,6.5,High
36820,12,2,8,4,6.1,High
36821,4,4,8,2,10.7,High
36825,2,7,6,1,16.6,High
36828,4,6,2,5,7.3,High
36837,4,17,9,6,8.6,High
36839,1,1,9,1,34.3,
36843,4,12,9,2,9.6,High
36847,3,11,3,6,9.3,High
36848,1,9,4,7,30.2,
36850,7,11,8,7,6.085714286,High
36855,14,1,7,3,5.442857143,High
36858,1,10,7,4,31.5,
36859,1,1,9,1,34.3,
36860,4,9,8,9,9.7,High
36861,1,18,8,1,30.4,
36867,7,2,5,5,6.385714286,High
36871,6,12,6,6,5.6,High
36875,7,13,8,2,5.685714286,High
36880,15,7,9,1,5.1,High
36885,3,3,5,6,11.9,High
36897,14,1,9,2,6.442857143,High
36902,14,2,8,1,5.742857143,High
36906,8,9,9,7,6.45,High
36907,8,1,9,3,8.05,High
36912,2,3,3,3,15.9,High
36921,3,12,3,1,9.1,High
36923,8,12,9,7,5.85,High
36925,7,7,6,3,5.885714286,High
36927,10,2,6,1,5.6,High
36929,5,12,6,8,6.6,High
36934,9,3,8,3,6.733333333,High
36938,3,15,8,6,11,High
36954,7,6,7,1,6.585714286,High
36960,5,18,9,2,6.9,High
36961,6,9,8,7,7.2,High
36965,3,10,1,5,8.5,High
36969,2,2,3,2,16.1,High
36971,1,6,5,7,31.3,
36987,4,17,5,2,6.6,High
36991,8,11,7,8,5.05,High
36995,2,5,2,5,15,High
36999,3,2,9,5,14.1,High
37001,22,3,9,2,5.263636364,High
37002,10,12,9,2,5.1,High
37004,8,2,9,2,7.85,High
37005,5,10,5,9,6.5,High
37006,2,13,6,9,15.4,High
37015,4,9,2,5,6.7,High
37024,6,1,2,6,5.8,High
37026,9,1,5,5,5.633333333,High
37027,5,15,7,1,6.5,High
37028,1,17,2,8,27.6,
37035,7,1,3,2,5.585714286,High
37037,1,6,9,8,33.3,
37041,4,3,9,9,11.4,High
37042,3,15,5,3,9.5,High
37046,5,8,9,6,8.9,High
37057,6,9,5,9,5.7,High
37061,9,7,8,7,5.933333333,High
37065,6,17,7,7,5.1,High
37067,4,10,5,7,8,High
37074,13,6,9,1,5.607692308,High
37081,4,2,5,7,9.6,High
37084,1,16,2,2,27.8,
37090,3,19,6,1,9.2,High
37103,4,8,6,8,8.9,High
37115,4,2,2,5,8.1,High
37116,2,12,9,1,17.1,High
37119,2,17,3,3,13.1,High
37127,3,8,6,9,11.4,High
37129,6,9,9,7,7.7,High
37132,5,6,9,8,9.3,High
37138,8,13,8,4,5.15,High
37147,7,5,7,7,6.785714286,High
37150,1,10,5,5,30.5,
37152,3,14,9,5,11.7,High
37164,1,11,1,8,28.3,
37166,4,11,4,6,7.3,High
37170,4,12,2,5,6.1,High
37175,7,2,3,3,5.385714286,High
37177,6,2,5,4,7.1,High
37182,2,11,1,3,13.3,High
37184,14,5,9,1,5.642857143,High
37185,4,2,3,9,8.6,High
37190,3,10,6,5,11,High
37191,2,16,7,8,15.3,High
37199,4,12,7,8,8.6,High
37202,2,9,7,8,16.7,High
37203,9,4,7,8,6.033333333,High
37205,10,6,8,5,5.8,High
37206,9,11,8,7,5.133333333,High
37210,10,7,9,9,6.1,High
37213,2,2,7,8,18.1,High
37214,4,18,4,5,5.9,High
37219,5,11,9,3,8.3,High
37223,3,13,8,4,11.4,High
37229,5,13,8,7,7.4,High
37231,2,13,5,9,14.9,High
37232,5,1,2,4,6.8,High
37235,1,2,6,5,32.6,
37236,2,14,9,7,16.7,High
37237,4,6,7,2,9.8,High
37243,6,10,9,4,7.5,High
37244,7,16,9,4,5.585714286,High
37246,4,16,4,2,6.3,High
37250,1,19,8,7,30.2,
37262,8,2,4,5,5.35,High
37264,6,3,5,7,6.9,High
37265,5,10,8,1,8,High
37267,3,1,2,9,10.8,High
37271,6,3,7,1,7.9,High
37272,1,7,9,3,33.1,
37273,10,7,7,1,5.1,High
37277,5,9,5,5,6.7,High
37281,3,6,6,6,11.8,High
37286,4,3,1,9,7.4,High
37289,1,14,2,4,28.2,
37290,1,11,2,5,28.8,
37299,7,12,8,3,5.885714286,High
37302,7,6,9,2,7.585714286,High
37305,2,15,9,3,16.5,High
37308,2,12,7,8,16.1,High
37310,3,12,7,1,11.1,High
37318,5,9,8,1,8.2,High
37320,9,10,9,7,5.833333333,High
37321,1,17,2,5,27.6,
37323,3,1,3,5,11.3,High
37326,7,8,5,6,5.185714286,High
37331,16,3,9,2,5.775,High
37332,5,11,9,2,8.3,High
37333,2,17,9,4,16.1,High
37340,3,2,5,2,12.1,High
37348,5,16,6,9,5.8,High
37349,2,1,9,1,19.3,High
37357,4,7,5,7,8.6,High
37364,6,2,2,3,5.6,High
37369,6,17,9,5,6.1,High
37371,15,3,8,1,5.4,High
37374,7,6,6,4,6.085714286,High
37376,3,7,7,6,12.1,High
37388,13,1,6,9,5.107692308,High
37394,1,8,3,7,29.9,
37395,3,7,9,1,13.1,High
37398,7,10,9,4,6.785714286,High
37399,2,17,7,5,15.1,High
37407,6,6,8,2,7.8,High
37410,2,13,1,8,12.9,High
37412,4,19,6,8,6.7,High
37413,6,1,9,5,9.3,High
37414,6,1,6,4,7.8,High
37415,9,7,8,2,5.933333333,High
37418,3,18,1,3,6.9,High
37422,2,8,5,1,15.9,High
37423,19,3,9,6,5.478947368,High
37429,1,17,3,6,28.1,
37432,4,2,2,5,8.1,High
37439,2,14,3,5,13.7,High
37440,1,12,2,9,28.6,
37444,3,2,8,8,13.6,High
37450,5,1,9,7,10.3,High
37454,18,3,8,4,5.066666667,High
37471,7,3,6,8,6.685714286,High
37476,8,4,9,4,7.45,High
37477,2,19,5,8,13.7,High
37489,1,9,7,1,31.7,
37495,6,9,4,8,5.2,High
37497,4,16,4,9,6.3,High
37498,5,15,9,9,7.5,High
37503,4,5,5,9,9,High
37509,6,8,8,7,7.4,High
37512,3,19,1,2,6.7,High
37513,3,3,6,6,12.4,High
37522,4,13,4,1,6.9,High
37523,2,19,9,7,15.7,High
37526,4,13,1,5,5.4,High
37537,1,18,3,1,27.9,
37539,1,11,8,2,31.8,
37546,4,14,3,8,6.2,High
37549,8,6,8,1,6.55,High
37554,4,14,7,4,8.2,High
37555,3,5,4,2,11,High
37560,11,1,7,8,6.027272727,High
37568,1,12,6,9,30.6,
37574,1,9,2,2,29.2,
37575,10,2,7,1,6.1,High
37577,6,15,7,6,5.5,High
37578,8,5,5,2,5.25,High
37579,1,4,9,1,33.7,
37582,13,1,9,2,6.607692308,High
37585,1,7,9,2,33.1,
37586,2,18,9,8,15.9,High
37593,1,4,2,5,30.2,
37599,3,9,6,3,11.2,High
37600,7,2,3,3,5.385714286,High
37606,2,18,8,5,15.4,High
37610,4,8,5,9,8.4,High
37611,2,8,4,5,15.4,High
37615,1,17,6,2,29.6,
37619,1,6,7,5,32.3,
37623,4,13,1,1,5.4,High
37628,5,6,4,5,6.8,High
37632,17,3,9,9,5.664705882,High
37636,2,2,1,8,15.1,High
37653,1,13,6,8,30.4,
37654,3,4,2,4,10.2,High
37657,5,13,7,3,6.9,High
37661,6,18,8,9,5.4,High
37663,5,12,7,4,7.1,High
37664,7,11,9,4,6.585714286,High
37668,6,10,9,4,7.5,High
37671,8,6,8,1,6.55,High
37672,2,10,7,7,16.5,High
37675,4,19,4,3,5.7,High
37676,6,17,9,4,6.1,High
37680,3,17,5,8,9.1,High
37683,1,12,6,2,30.6,
37684,1,2,2,4,30.6,
37687,12,9,9,4,5.2,High
37692,7,8,9,2,7.185714286,High
37701,2,8,5,8,15.9,High
37704,1,3,3,4,30.9,
37706,13,9,9,3,5.007692308,High
37713,3,16,8,8,10.8,High
37716,10,1,5,2,5.3,High
37719,10,8,9,9,5.9,High
37727,3,5,4,6,11,High
37728,1,15,7,9,30.5,
37731,5,6,1,1,5.3,High
37735,4,4,7,5,10.2,High
37740,6,10,7,7,6.5,High
37741,4,12,6,5,8.1,High
37742,6,9,5,1,5.7,High
37749,8,8,7,8,5.65,High
37750,6,9,6,8,6.2,High
37753,2,15,2,9,13,High
37757,1,7,7,3,32.1,
37761,5,12,4,6,5.6,High
37763,10,10,9,2,5.5,High
37764,6,4,6,1,7.2,High
37766,3,7,9,1,13.1,High
37767,2,5,2,2,15,High
37768,2,3,2,1,15.4,High
37771,4,4,5,8,9.2,High
37775,10,7,9,8,6.1,High
37776,3,9,7,4,11.7,High
37777,2,5,3,3,15.5,High
37780,4,10,9,6,10,High
37785,10,4,9,8,6.7,High
37786,5,17,6,4,5.6,High
37787,1,3,3,9,30.9,
37789,4,4,1,6,7.2,High
37792,3,10,3,6,9.5,High
37793,2,15,5,4,14.5,High
37800,3,11,2,3,8.8,High
37803,2,4,2,4,15.2,High
37806,4,16,9,2,8.8,High
37808,3,17,7,7,10.1,High
37809,22,4,9,9,5.063636364,High
37812,1,14,5,1,29.7,
37814,6,2,9,5,9.1,High
37816,4,6,2,5,7.3,High
37817,7,11,8,3,6.085714286,High
37828,19,4,9,7,5.278947368,High
37835,13,6,9,6,5.607692308,High
37842,1,1,2,4,30.8,
37845,3,17,7,3,10.1,High
37848,13,6,9,7,5.607692308,High
37849,15,2,8,9,5.6,High
37853,3,1,3,4,11.3,High
37855,7,14,9,3,5.985714286,High
37857,5,5,1,9,5.5,High
37858,17,1,9,9,6.064705882,High
37861,6,4,8,6,8.2,High
37870,10,4,6,8,5.2,High
37874,13,7,9,3,5.407692308,High
37875,3,8,9,3,12.9,High
37881,3,12,7,4,11.1,High
37893,4,7,5,7,8.6,High
37898,5,4,1,2,5.7,High
37899,3,4,2,2,10.2,High
37906,3,17,3,7,8.1,High
37907,12,3,8,1,5.9,High
37909,3,16,7,2,10.3,High
37911,9,1,6,7,6.133333333,High
37917,2,16,4,9,13.8,High
37926,1,13,5,9,29.9,
37927,4,3,5,8,9.4,High
37928,1,3,4,2,31.4,
37930,3,11,7,6,11.3,High
37935,5,1,2,5,6.8,High
37936,6,5,9,2,8.5,High
37940,7,10,9,3,6.785714286,High
37942,20,2,9,2,5.6,High
37947,9,1,8,8,7.133333333,High
37951,1,11,7,3,31.3,
37953,3,7,1,9,9.1,High
37956,5,9,6,7,7.2,High
37962,8,2,9,8,7.85,High
37963,1,16,3,8,28.3,
37974,2,10,8,9,17,High
37981,3,17,3,5,8.1,High
37984,9,1,7,9,6.633333333,High
37991,5,18,6,5,5.4,High
37993,6,6,4,9,5.8,High
38000,11,5,8,4,5.727272727,High
38001,2,11,1,4,13.3,High
38006,2,1,1,2,15.3,High
38012,6,2,9,5,9.1,High
38013,5,19,6,5,5.2,High
38014,4,8,1,4,6.4,High
38016,11,5,9,8,6.227272727,High
38018,6,19,8,1,5.2,High
38019,6,8,9,1,7.9,High
38023,6,1,4,7,6.8,High
38024,4,12,2,4,6.1,High
38028,1,1,5,4,32.3,
38032,2,12,1,3,13.1,High
38036,7,3,3,8,5.185714286,High
38041,13,6,8,3,5.107692308,High
38045,6,12,6,9,5.6,High
38052,9,8,8,2,5.733333333,High
38053,3,6,6,9,11.8,High
38058,2,13,4,3,14.4,High
38066,3,6,5,5,11.3,High
38068,8,8,9,1,6.65,High
38069,4,8,9,2,10.4,High
38072,13,3,8,6,5.707692308,High
38075,5,2,3,8,7.1,High
38078,11,6,9,6,6.027272727,High
38079,6,6,9,4,8.3,High
38080,9,5,6,1,5.333333333,High
38081,1,14,7,1,30.7,
38084,5,2,4,6,7.6,High
38085,3,13,6,9,10.4,High
38087,1,1,9,7,34.3,
38089,16,6,9,9,5.175,High
38090,10,2,8,8,6.6,High
38094,6,2,5,4,7.1,High
38098,2,16,8,6,15.8,High
38099,1,15,6,7,30,
38102,9,1,5,8,5.633333333,High
38104,1,7,6,1,31.6,
38107,5,6,3,5,6.3,High
38108,4,6,7,5,9.8,High
38110,7,5,4,5,5.285714286,High
38112,8,3,7,4,6.65,High
38118,11,1,6,4,5.527272727,High
38130,1,3,7,5,32.9,
38133,1,14,6,5,30.2,
38134,6,1,4,4,6.8,High
38140,3,18,6,5,9.4,High
38141,5,2,6,6,8.6,High
38148,2,5,7,3,17.5,High
38158,28,2,9,6,5.171428571,High
38161,5,18,7,4,5.9,High
38173,14,2,7,4,5.242857143,High
38176,6,16,7,5,5.3,High
38182,1,8,7,3,31.9,
38185,12,1,9,8,6.8,High
38188,6,2,9,5,9.1,High
38189,7,1,4,6,6.085714286,High
38191,4,10,1,6,6,High
38195,4,15,3,2,6,High
38208,9,4,9,2,7.033333333,High
38213,2,1,4,5,16.8,High
38215,8,9,7,6,5.45,High
38218,6,1,3,3,6.3,High
38219,1,11,6,2,30.8,
38220,1,2,3,4,31.1,
38221,6,8,6,5,6.4,High
38224,4,15,4,3,6.5,High
38228,2,9,4,4,15.2,High
38230,2,3,8,1,18.4,High
38240,1,5,5,2,31.5,
38241,5,15,6,2,6,High
38244,4,3,2,3,7.9,High
38252,3,14,5,6,9.7,High
38261,4,7,3,7,7.6,High
38267,2,1,2,6,15.8,High
38271,5,11,9,1,8.3,High
38273,3,8,2,5,9.4,High
38274,3,6,6,9,11.8,High
38275,8,9,8,8,5.95,High
38286,8,1,4,3,5.55,High
38293,7,4,7,2,6.985714286,High
38300,3,14,7,4,10.7,High
38301,1,14,1,5,27.7,
38304,2,15,4,2,14,High
38306,2,15,1,9,12.5,High
38307,3,12,6,5,10.6,High
38310,2,19,7,1,14.7,High
38316,6,8,4,6,5.4,High
38325,5,5,8,2,9,High
38332,11,2,6,6,5.327272727,High
38335,5,6,3,3,6.3,High
38338,2,19,5,7,13.7,High
38342,4,10,7,9,9,High
38344,8,4,7,1,6.45,High
38345,5,12,3,7,5.1,High
38346,5,8,2,4,5.4,High
38353,3,13,9,2,11.9,High
38356,4,2,9,3,11.6,High
38361,13,3,9,1,6.207692308,High
38369,3,4,6,8,12.2,High
38372,2,18,8,7,15.4,High
38375,7,4,8,8,7.485714286,High
38379,2,5,2,9,15,High
38381,5,11,8,5,7.8,High
38384,5,7,7,8,8.1,High
38387,20,2,8,9,5.1,High
38390,1,7,6,7,31.6,
38394,14,2,9,2,6.242857143,High
38399,1,11,4,4,29.8,
38400,5,5,2,3,6,High
38410,3,18,5,7,8.9,High
38415,6,8,9,5,7.9,High
38416,5,1,9,2,10.3,High
38431,7,6,9,8,7.585714286,High
38432,2,18,1,1,11.9,High
38436,6,1,7,3,8.3,High
38447,3,10,6,9,11,High
38450,6,6,4,9,5.8,High
38455,3,2,2,7,10.6,High
38458,3,10,8,9,12,High
38461,9,4,5,4,5.033333333,High
38465,2,9,5,8,15.7,High
38470,6,18,9,5,5.9,High
38471,1,2,4,1,31.6,
38476,19,1,9,9,5.878947368,High
38478,5,1,7,5,9.3,High
38480,16,1,9,7,6.175,High
38481,21,1,8,1,5.228571429,High
38484,12,5,8,7,5.5,High
38487,8,16,9,7,5.05,High
38491,6,3,4,5,6.4,High
38506,3,8,6,1,11.4,High
38509,8,3,4,4,5.15,High
38511,1,5,3,3,30.5,
38517,7,4,7,6,6.985714286,High
38521,9,8,7,6,5.233333333,High
38522,3,3,7,9,12.9,High
38523,1,17,5,1,29.1,
38526,3,6,2,5,9.8,High
38527,1,16,2,5,27.8,
38529,3,12,1,4,8.1,High
38531,10,5,9,1,6.5,High
38532,18,2,9,9,5.766666667,High
38536,3,11,5,7,10.3,High
38543,1,2,3,4,31.1,
38544,2,18,2,1,12.4,High
38547,9,4,7,8,6.033333333,High
38556,5,1,9,9,10.3,High
38557,7,3,5,3,6.185714286,High
38559,4,14,9,6,9.2,High
38565,1,12,6,8,30.6,
38570,14,5,9,6,5.642857143,High
38573,4,10,8,2,9.5,High
38576,3,13,1,1,7.9,High
38577,5,15,9,2,7.5,High
38578,3,15,9,9,11.5,High
38582,11,1,9,7,7.027272727,High
38584,8,2,7,7,6.85,High
38598,7,12,7,9,5.385714286,High
38607,2,4,8,7,18.2,High
38609,1,5,2,3,30,
38619,3,9,9,8,12.7,High
38625,9,2,6,4,5.933333333,High
38630,1,19,4,1,28.2,
38634,7,6,5,9,5.585714286,High
38637,3,9,8,5,12.2,High
38641,6,9,4,9,5.2,High
38642,8,14,9,3,5.45,High
38643,3,4,6,5,12.2,High
38644,6,1,3,9,6.3,High
38646,2,17,3,9,13.1,High
38655,4,1,1,2,7.8,High
38656,4,5,2,4,7.5,High
38659,7,5,9,2,7.785714286,High
38661,8,1,5,3,6.05,High
38663,4,1,4,3,9.3,High
38668,4,6,2,2,7.3,High
38671,9,12,9,8,5.433333333,High
38672,5,3,5,3,7.9,High
38674,13,6,8,8,5.107692308,High
38679,5,1,8,7,9.8,High
38682,2,16,7,7,15.3,High
38685,3,17,8,4,10.6,High
38691,1,10,6,9,31,
38699,2,14,4,9,14.2,High
38707,13,9,9,6,5.007692308,High
38710,8,2,9,1,7.85,High
38713,5,9,8,6,8.2,High
38717,12,3,8,3,5.9,High
38720,9,5,7,1,5.833333333,High
38724,12,2,7,2,5.6,High
38729,7,2,6,7,6.885714286,High
38731,1,1,6,9,32.8,
38734,5,5,5,8,7.5,High
38738,2,12,6,5,15.6,High
38742,5,5,8,2,9,High
38749,5,5,6,5,8,High
38752,9,11,9,1,5.633333333,High
38757,14,6,9,5,5.442857143,High
38759,9,3,7,2,6.233333333,High
38761,4,10,6,8,8.5,High
38764,2,8,8,5,17.4,High
38765,4,8,3,3,7.4,High
38768,1,4,5,9,31.7,
38769,3,11,5,3,10.3,High
38780,4,10,1,1,6,High
38784,2,18,2,3,12.4,High
38786,1,5,5,6,31.5,
38788,5,6,4,6,6.8,High
38790,6,4,5,3,6.7,High
38792,1,17,6,7,29.6,
38797,4,9,7,8,9.2,High
38798,5,17,5,7,5.1,High
38799,5,11,7,7,7.3,High
38800,7,2,3,6,5.385714286,High
38810,2,7,5,6,16.1,High
38815,10,5,7,2,5.5,High
38818,4,9,5,8,8.2,High
38822,2,4,4,3,16.2,High
38826,2,7,2,4,14.6,High
38831,4,18,9,5,8.4,High
38833,3,13,2,6,8.4,High
38838,3,6,6,2,11.8,High
38841,3,12,9,9,12.1,High
38854,1,10,5,8,30.5,
38858,10,6,7,7,5.3,High
38860,3,14,7,4,10.7,High
38862,4,8,9,5,10.4,High
38869,6,12,8,1,6.6,High
38872,5,7,1,4,5.1,High
38877,1,14,7,3,30.7,
38881,2,12,8,2,16.6,High
38886,2,17,8,4,15.6,High
38889,5,9,2,3,5.2,High
38890,4,16,5,1,6.8,High
38902,6,1,8,1,8.8,High
38903,2,12,9,1,17.1,High
38904,4,19,3,2,5.2,High
38905,3,5,1,1,9.5,High
38908,6,4,8,8,8.2,High
38912,2,4,6,3,17.2,High
38921,1,12,2,3,28.6,
38933,4,4,3,7,8.2,High
38940,6,5,9,3,8.5,High
38944,11,1,5,3,5.027272727,High
38946,1,9,4,3,30.2,
38947,3,6,2,1,9.8,High
38952,2,17,2,3,12.6,High
38956,19,1,8,3,5.378947368,High
38957,2,14,9,3,16.7,High
38959,2,5,4,7,16,High
38960,10,2,8,1,6.6,High
38968,2,13,7,6,15.9,High
38970,2,10,3,5,14.5,High
38971,2,9,5,5,15.7,High
38974,3,18,1,2,6.9,High
38977,15,1,8,5,5.8,High
38984,3,12,5,8,10.1,High
38985,2,15,5,1,14.5,High
38986,1,10,9,9,32.5,
38990,5,1,4,2,7.8,High
38993,21,2,8,1,5.028571429,High
39002,4,15,7,6,8,High
39005,5,13,7,1,6.9,High
39006,7,14,9,5,5.985714286,High
39009,5,4,4,5,7.2,High
39011,6,6,8,4,7.8,High
39012,2,5,6,1,17,High
39017,1,19,2,5,27.2,
39023,5,10,6,9,7,High
39033,9,1,7,2,6.633333333,High
39038,1,1,8,2,33.8,
39040,2,7,3,7,15.1,High
39043,4,15,2,7,5.5,High
39051,1,12,1,3,28.1,
39052,1,19,9,9,30.7,
39054,4,3,9,5,11.4,High
39060,6,9,6,3,6.2,High
39064,2,6,5,6,16.3,High
39069,3,4,6,7,12.2,High
39070,6,8,8,2,7.4,High
39071,6,2,7,7,8.1,High
39078,1,10,1,5,28.5,
39081,6,8,7,8,6.9,High
39083,3,17,3,1,8.1,High
39088,4,4,6,1,9.7,High
39090,7,13,7,6,5.185714286,High
39094,14,4,8,8,5.342857143,High
39096,2,2,2,7,15.6,High
39116,10,2,7,5,6.1,High
39118,9,5,9,1,6.833333333,High
39119,4,15,2,2,5.5,High
39126,17,1,7,9,5.064705882,High
39136,9,2,6,4,5.933333333,High
39156,2,19,8,6,15.2,High
39167,20,2,9,9,5.6,High
39171,5,11,3,5,5.3,High
39174,12,9,9,8,5.2,High
39175,6,3,5,2,6.9,High
39179,2,1,5,1,17.3,High
39182,1,2,8,7,33.6,
39185,6,6,9,3,8.3,High
39188,4,9,5,2,8.2,High
39190,7,3,9,9,8.185714286,High
39195,5,6,6,5,7.8,High
39196,9,3,8,2,6.733333333,High
39205,5,12,8,4,7.6,High
39207,23,4,9,7,5.004347826,High
39210,4,19,5,9,6.2,High
39213,9,3,6,4,5.733333333,High
39217,9,1,9,7,7.633333333,High
39223,3,11,8,3,11.8,High
39225,14,4,9,1,5.842857143,High
39228,7,4,8,9,7.485714286,High
39233,1,5,6,1,32,
39234,4,14,3,2,6.2,High
39235,17,3,8,9,5.164705882,High
39240,10,4,7,2,5.7,High
39241,4,9,8,5,9.7,High
39242,1,4,5,8,31.7,
39243,1,5,7,7,32.5,
39247,6,18,9,5,5.9,High
39253,16,3,8,7,5.275,High
39258,1,2,4,5,31.6,
39262,2,17,9,8,16.1,High
39272,4,4,1,7,7.2,High
39273,21,2,9,2,5.528571429,High
39276,4,14,3,4,6.2,High
39277,3,3,3,7,10.9,High
39282,2,11,4,2,14.8,High
39283,1,4,7,4,32.7,
39295,2,6,3,8,15.3,High
39296,6,17,9,6,6.1,High
39297,3,5,8,2,13,High
39299,5,2,9,2,10.1,High
39300,17,1,7,9,5.064705882,High
39301,15,7,9,8,5.1,High
39304,28,1,9,1,5.371428571,High
39307,12,7,8,4,5.1,High
39308,3,19,8,1,10.2,High
39309,5,9,6,7,7.2,High
39310,1,12,3,4,29.1,
39323,1,12,5,5,30.1,
39328,2,1,4,7,16.8,High
39329,4,7,3,6,7.6,High
39330,1,1,9,7,34.3,
39337,2,19,4,2,13.2,High
39345,2,14,9,3,16.7,High
39346,3,4,4,5,11.2,High
39359,2,10,1,8,13.5,High
39360,8,3,8,1,7.15,High
39363,12,1,7,9,5.8,High
39365,7,1,9,6,8.585714286,High
39378,2,2,6,2,17.6,High
39381,4,13,9,8,9.4,High
39382,1,5,5,8,31.5,
39383,3,17,5,7,9.1,High
39384,3,11,6,8,10.8,High
39390,1,8,6,8,31.4,
39395,5,9,9,7,8.7,High
39398,4,14,1,8,5.2,High
39399,2,16,1,2,12.3,High
39400,9,7,9,3,6.433333333,High
39401,11,1,9,8,7.027272727,High
39403,2,18,8,1,15.4,High
39404,4,12,7,4,8.6,High
39405,4,5,6,8,9.5,High
39406,7,4,7,1,6.985714286,High
39416,1,12,5,8,30.1,
39417,1,4,1,1,29.7,
39424,3,10,6,9,11,High
39428,4,4,3,4,8.2,High
39430,4,12,1,5,5.6,High
39433,4,10,6,7,8.5,High
39434,12,6,9,4,5.8,High
39442,4,12,9,9,9.6,High
39443,3,18,1,6,6.9,High
39446,3,14,5,1,9.7,High
39451,3,13,6,4,10.4,High
39454,7,13,7,9,5.185714286,High
39455,7,11,7,6,5.585714286,High
39456,4,11,2,1,6.3,High
39457,7,3,4,8,5.685714286,High
39460,5,5,2,8,6,High
39467,12,4,8,2,5.7,High
39476,2,11,7,6,16.3,High
39485,8,3,5,6,5.65,High
39487,19,1,8,9,5.378947368,High
39490,11,1,8,5,6.527272727,High
39491,19,1,8,3,5.378947368,High
39492,3,5,4,9,11,High
39495,3,13,2,9,8.4,High
39499,18,2,9,1,5.766666667,High
39506,1,2,9,7,34.1,
39515,2,3,7,4,17.9,High
39517,1,13,1,6,27.9,
39518,1,15,2,2,28,
39521,6,11,5,9,5.3,High
39531,3,11,3,1,9.3,High
39549,5,15,9,1,7.5,High
39550,7,6,6,8,6.085714286,High
39552,1,14,9,3,31.7,
39558,1,16,4,1,28.8,
39560,4,9,1,9,6.2,High
39561,9,4,9,8,7.033333333,High
39566,1,2,8,2,33.6,
39568,5,5,3,8,6.5,High
39569,21,1,8,6,5.228571429,High
39575,12,2,8,6,6.1,High
39582,1,13,3,7,28.9,
39583,14,2,7,1,5.242857143,High
39586,8,1,7,3,7.05,High
39587,6,9,8,8,7.2,High
39588,5,12,3,2,5.1,High
39590,7,5,9,8,7.785714286,High
39593,1,2,9,5,34.1,
39597,9,2,7,2,6.433333333,High
39602,5,9,9,9,8.7,High
39604,5,14,5,2,5.7,High
39611,4,19,3,1,5.2,High
39612,2,14,2,4,13.2,High
39615,2,15,4,1,14,High
39620,8,4,6,1,5.95,High
39621,6,1,1,6,5.3,High
39622,23,2,9,9,5.404347826,High
39624,8,2,9,1,7.85,High
39628,3,14,8,1,11.2,High
39631,15,4,8,7,5.2,High
39638,15,4,9,4,5.7,High
39640,6,6,5,9,6.3,High
39641,2,12,8,1,16.6,High
39646,5,2,2,7,6.6,High
39647,11,2,9,2,6.827272727,High
39648,5,3,5,7,7.9,High
39653,3,14,7,5,10.7,High
39666,4,16,4,5,6.3,High
39669,3,6,1,6,9.3,High
39672,2,15,1,1,12.5,High
39676,2,13,5,3,14.9,High
39677,1,19,9,6,30.7,
39679,5,3,8,6,9.4,High
39681,5,4,5,5,7.7,High
39689,6,1,9,7,9.3,High
39690,5,9,4,8,6.2,High
39695,6,4,3,4,5.7,High
39701,1,5,3,7,30.5,
39704,5,13,6,1,6.4,High
39705,4,2,9,4,11.6,High
39706,2,6,3,3,15.3,High
39711,4,11,7,5,8.8,High
39712,5,9,5,8,6.7,High
39715,2,15,8,3,16,High
39717,5,6,2,8,5.8,High
39721,4,12,4,6,7.1,High
39722,3,17,5,9,9.1,High
39731,1,17,8,5,30.6,
39734,2,12,7,2,16.1,High
39735,5,9,3,6,5.7,High
39737,15,1,8,1,5.8,High
39739,1,7,2,6,29.6,
39740,2,1,4,3,16.8,High
39743,4,18,3,3,5.4,High
39745,5,15,8,3,7,High
39748,5,9,3,8,5.7,High
39750,3,11,5,7,10.3,High
39754,1,19,7,2,29.7,
39756,1,19,3,9,27.7,
39767,1,10,7,2,31.5,
39771,22,2,9,1,5.463636364,High
39773,6,13,8,7,6.4,High
39781,5,3,2,8,6.4,High
39785,3,6,7,5,12.3,High
39793,16,2,8,7,5.475,High
39797,3,3,8,8,13.4,High
39804,10,4,6,7,5.2,High
39807,3,4,8,9,13.2,High
39809,9,9,7,8,5.033333333,High
39810,4,8,9,8,10.4,High
39813,6,16,8,7,5.8,High
39814,3,12,6,7,10.6,High
39815,2,13,1,4,12.9,High
39816,11,2,8,6,6.327272727,High
39827,1,14,5,6,29.7,
39836,7,7,9,7,7.385714286,High
39837,6,19,8,6,5.2,High
39848,8,1,8,6,7.55,High
39853,2,5,9,1,18.5,High
39855,14,1,7,2,5.442857143,High
39868,2,16,2,6,12.8,High
39876,4,7,4,4,8.1,High
39878,17,3,9,4,5.664705882,High
39879,6,7,9,7,8.1,High
39881,3,15,1,2,7.5,High
39894,3,5,5,5,11.5,High
39901,1,7,6,3,31.6,
39902,4,7,8,8,10.1,High
39906,1,17,8,4,30.6,
39908,10,2,7,8,6.1,High
39921,5,18,6,4,5.4,High
39922,19,1,9,2,5.878947368,High
39925,20,4,9,6,5.2,High
39927,11,4,8,9,5.927272727,High
39930,2,9,3,3,14.7,High
39932,4,1,3,6,8.8,High
39935,4,19,7,4,7.2,High
39936,1,14,3,7,28.7,
39940,6,11,9,3,7.3,High
39946,4,19,8,9,7.7,High
39948,3,4,5,3,11.7,High
39950,2,6,4,3,15.8,High
39952,4,15,3,8,6,High
39955,5,4,2,5,6.2,High
39956,10,4,7,8,5.7,High
39959,2,5,3,2,15.5,High
39964,2,1,5,9,17.3,High
39969,7,9,7,3,5.985714286,High
39972,2,1,4,9,16.8,High
39974,1,6,1,3,29.3,
39975,5,3,6,8,8.4,High
39977,7,5,6,4,6.285714286,High
39979,1,7,9,4,33.1,
39981,5,3,1,8,5.9,High
39983,3,8,3,9,9.9,High
39984,2,18,5,2,13.9,High
39987,2,14,3,9,13.7,High
39994,3,13,4,6,9.4,High
39996,28,2,9,8,5.171428571,High
39998,4,5,7,3,10,High
40002,2,10,7,6,16.5,High
40016,6,9,9,6,7.7,High
40023,6,6,9,8,8.3,High
40035,3,19,7,5,9.7,High
40042,3,15,7,1,10.5,High
40044,4,11,3,6,6.8,High
40048,6,4,6,7,7.2,High
40052,2,19,4,9,13.2,High
40053,4,18,7,9,7.4,High
40056,9,6,6,9,5.133333333,High
40059,4,10,8,6,9.5,High
40071,4,13,1,5,5.4,High
40075,5,1,4,3,7.8,High
40080,1,16,2,2,27.8,
40085,5,16,6,1,5.8,High
40089,2,12,4,1,14.6,High
40091,11,5,7,7,5.227272727,High
40093,2,9,3,2,14.7,High
40103,3,4,3,6,10.7,High
40105,12,1,7,9,5.8,High
40106,5,3,1,4,5.9,High
40115,6,19,8,7,5.2,High
40117,2,10,1,9,13.5,High
40120,4,19,9,9,8.2,High
40121,4,8,8,9,9.9,High
40123,1,12,5,5,30.1,
40129,6,13,9,9,6.9,High
40131,2,18,1,3,11.9,High
40138,8,6,8,4,6.55,High
40141,4,9,4,2,7.7,High
40143,8,2,6,4,6.35,High
40144,9,11,9,3,5.633333333,High
40148,8,1,5,9,6.05,High
40153,10,6,8,1,5.8,High
40154,3,18,8,6,10.4,High
40156,19,5,9,8,5.078947368,High
40157,8,3,6,1,6.15,High
40159,1,1,2,1,30.8,
40163,11,6,8,9,5.527272727,High
40171,12,4,8,3,5.7,High
40177,5,9,5,6,6.7,High
40181,15,4,9,4,5.7,High
40189,3,7,1,3,9.1,High
40191,10,7,9,5,6.1,High
40193,1,7,1,2,29.1,
40196,7,2,8,4,7.885714286,High
40198,5,15,5,8,5.5,High
40205,13,9,9,8,5.007692308,High
40211,1,7,8,5,32.6,
40214,15,7,9,2,5.1,High
40219,1,17,1,5,27.1,
40225,5,11,4,7,5.8,High
40226,4,13,5,8,7.4,High
40230,8,4,9,4,7.45,High
40233,1,14,4,3,29.2,
40240,5,2,4,7,7.6,High
40241,4,17,6,5,7.1,High
40242,4,1,9,4,11.8,High
40243,2,4,7,5,17.7,High
40245,2,7,1,6,14.1,High
40248,1,9,3,4,29.7,
40251,1,14,7,3,30.7,
40252,5,15,5,5,5.5,High
40256,3,9,1,3,8.7,High
40265,15,4,8,4,5.2,High
40266,11,3,7,2,5.627272727,High
40270,6,16,8,5,5.8,High
40277,1,14,7,7,30.7,
40278,19,1,8,6,5.378947368,High
40282,1,17,4,8,28.6,
40287,15,3,8,7,5.4,High
40289,7,11,7,8,5.585714286,High
40290,6,2,7,2,8.1,High
40297,3,16,6,6,9.8,High
40301,5,8,7,1,7.9,High
40303,6,4,8,7,8.2,High
40306,8,4,6,9,5.95,High
40309,4,13,9,5,9.4,High
40315,11,8,9,5,5.627272727,High
40319,4,3,7,4,10.4,High
40325,1,11,6,1,30.8,
40326,3,19,2,8,7.2,High
40327,3,10,3,6,9.5,High
40328,10,3,8,6,6.4,High
40329,2,3,9,6,18.9,High
40331,3,10,8,8,12,High
40333,18,3,8,1,5.066666667,High
40335,3,15,5,3,9.5,High
40337,4,14,8,4,8.7,High
40339,9,1,4,1,5.133333333,High
40345,4,9,4,8,7.7,High
40350,1,13,9,6,31.9,
40355,3,2,8,7,13.6,High
40357,7,7,9,1,7.385714286,High
40358,5,9,3,1,5.7,High
40361,1,6,9,7,33.3,
40362,7,11,9,4,6.585714286,High
40363,5,11,8,6,7.8,High
40369,3,17,3,2,8.1,High
40370,1,1,9,6,34.3,
40373,1,5,2,1,30,
40376,2,3,3,6,15.9,High
40388,4,8,1,6,6.4,High
40389,6,17,8,4,5.6,High
40398,6,3,7,6,7.9,High
40402,4,6,8,4,10.3,High
40403,2,2,4,9,16.6,High
40408,4,9,3,1,7.2,High
40413,5,14,7,9,6.7,High
40416,6,18,8,8,5.4,High
40418,3,8,7,2,11.9,High
40419,1,12,4,5,29.6,
40422,9,10,9,1,5.833333333,High
40423,4,6,2,1,7.3,High
40430,3,15,8,4,11,High
40433,11,4,8,9,5.927272727,High
40436,7,4,9,6,7.985714286,High
40439,6,10,9,2,7.5,High
40442,4,11,1,1,5.8,High
40446,7,10,7,1,5.785714286,High
40447,2,11,9,7,17.3,High
40457,1,12,4,2,29.6,
40463,4,7,9,1,10.6,High
40466,3,5,6,2,12,High
40468,17,1,7,6,5.064705882,High
40476,1,2,9,6,34.1,
40486,14,1,8,1,5.942857143,High
40487,15,4,9,1,5.7,High
40491,1,8,8,1,32.4,
40493,14,3,9,2,6.042857143,High
40494,4,2,8,6,11.1,High
40495,7,3,9,4,8.185714286,High
40496,2,8,3,5,14.9,High
40500,8,3,7,7,6.65,High
40504,7,2,3,1,5.385714286,High
40506,3,5,6,9,12,High
40507,3,14,2,4,8.2,High
40508,8,5,7,3,6.25,High
40511,2,2,8,5,18.6,High
40514,3,12,6,9,10.6,High
40522,6,9,4,6,5.2,High
40524,4,18,6,6,6.9,High
40525,2,12,7,2,16.1,High
40526,9,6,8,7,6.133333333,High
40530,3,5,2,8,10,High
40537,6,4,4,3,6.2,High
40538,4,18,9,8,8.4,High
40548,3,12,9,6,12.1,High
40549,5,9,8,4,8.2,High
40562,19,4,9,6,5.278947368,High
40563,4,12,8,6,9.1,High
40568,4,8,3,9,7.4,High
40569,4,14,4,8,6.7,High
40571,2,18,3,4,12.9,High
40581,8,9,9,4,6.45,High
40584,1,17,6,4,29.6,
40586,8,13,9,8,5.65,High
40591,6,7,9,7,8.1,High
40597,4,19,7,5,7.2,High
40599,3,14,2,2,8.2,High
40615,4,7,4,6,8.1,High
40616,2,13,9,6,16.9,High
40618,5,3,2,4,6.4,High
40622,3,17,5,6,9.1,High
40625,16,4,9,5,5.575,High
40626,1,16,6,4,29.8,
40633,2,13,5,3,14.9,High
40634,3,4,4,5,11.2,High
40635,3,12,1,9,8.1,High
40637,1,7,3,3,30.1,
40639,6,1,6,8,7.8,High
40652,10,3,6,7,5.4,High
40657,4,4,3,2,8.2,High
40658,3,4,1,6,9.7,High
40665,7,5,9,1,7.785714286,High
40680,1,2,9,4,34.1,
40681,13,1,9,6,6.607692308,High
40694,1,16,5,4,29.3,
40695,10,5,8,1,6,High
40699,7,11,8,2,6.085714286,High
40702,5,7,2,8,5.6,High
40703,7,12,9,2,6.385714286,High
40706,3,13,2,6,8.4,High
40707,11,7,8,9,5.327272727,High
40708,2,8,2,2,14.4,High
40711,8,8,8,9,6.15,High
40713,6,17,8,3,5.6,High
40722,13,4,9,7,6.007692308,High
40723,4,13,4,2,6.9,High
40729,6,1,6,6,7.8,High
40739,4,12,1,5,5.6,High
40741,3,18,7,8,9.9,High
40742,7,7,7,1,6.385714286,High
40745,5,10,4,6,6,High
40753,2,11,2,1,13.8,High
40758,11,5,7,3,5.227272727,High
40762,10,2,8,6,6.6,High
40764,8,9,8,4,5.95,High
40770,9,3,5,8,5.233333333,High
40780,5,9,5,8,6.7,High
40783,3,5,5,8,11.5,High
40786,8,2,7,7,6.85,High
40795,5,5,3,6,6.5,High
40801,1,16,4,3,28.8,
40806,1,11,8,2,31.8,
40809,5,9,5,8,6.7,High
40815,22,2,9,5,5.463636364,High
40821,4,1,5,6,9.8,High
40829,21,1,9,8,5.728571429,High
40836,21,4,9,1,5.128571429,High
40842,1,13,6,5,30.4,
40846,7,1,9,3,8.585714286,High
40852,7,1,2,1,5.085714286,High
40854,10,3,9,8,6.9,High
40862,1,7,7,5,32.1,
40864,13,1,8,6,6.107692308,High
40872,1,6,5,9,31.3,
40876,6,12,9,3,7.1,High
40879,8,2,7,4,6.85,High
40881,5,15,8,5,7,High
40887,5,16,5,5,5.3,High
40888,6,1,5,7,7.3,High
40895,4,17,4,9,6.1,High
40897,3,15,7,2,10.5,High
40898,3,12,7,3,11.1,High
40899,6,10,8,2,7,High
40902,3,11,8,5,11.8,High
40903,7,14,9,2,5.985714286,High
40906,4,4,1,6,7.2,High
40910,1,4,7,6,32.7,
40914,17,5,9,6,5.264705882,High
40932,5,5,7,1,8.5,High
40934,2,1,1,1,15.3,High
40936,6,4,3,9,5.7,High
40942,1,19,3,3,27.7,
40944,3,11,4,6,9.8,High
40945,3,17,9,7,11.1,High
40946,5,15,6,7,6,High
40947,2,12,2,8,13.6,High
40948,12,5,8,3,5.5,High
40950,9,5,8,3,6.333333333,High
40951,26,1,9,7,5.453846154,High
40955,8,4,7,4,6.45,High
40956,6,12,5,4,5.1,High
40962,8,12,8,7,5.35,High
40963,1,1,9,2,34.3,
40966,3,14,6,3,10.2,High
40973,1,3,7,2,32.9,
40975,6,7,5,1,6.1,High
40979,2,17,4,8,13.6,High
40988,6,15,9,7,6.5,High
40990,8,6,9,8,7.05,High
40992,4,5,1,9,7,High
40995,4,10,8,5,9.5,High
40996,4,18,9,6,8.4,High
40997,1,7,1,3,29.1,
41003,3,16,7,5,10.3,High
41005,5,13,7,5,6.9,High
41011,2,14,1,8,12.7,High
41017,15,1,7,5,5.3,High
41021,7,10,7,1,5.785714286,High
41025,4,8,8,5,9.9,High
41029,3,1,7,1,13.3,High
41034,3,19,2,7,7.2,High
41041,3,7,4,9,10.6,High
41045,8,6,7,8,6.05,High
41056,2,7,6,6,16.6,High
41061,11,4,7,4,5.427272727,High
41064,2,17,1,9,12.1,High
41068,15,6,9,9,5.3,High
41072,6,19,8,9,5.2,High
41073,1,17,2,3,27.6,
41082,2,4,5,5,16.7,High
41085,13,1,6,7,5.107692308,High
41094,5,6,6,5,7.8,High
41095,3,19,6,5,9.2,High
41099,1,17,5,6,29.1,
41102,6,9,7,5,6.7,High
41105,1,16,3,7,28.3,
41106,6,2,2,6,5.6,High
41109,5,8,9,5,8.9,High
41120,6,7,8,4,7.6,High
41129,9,2,5,1,5.433333333,High
41132,2,17,1,4,12.1,High
41144,14,1,7,9,5.442857143,High
41146,1,18,5,8,28.9,
41148,7,3,9,3,8.185714286,High
41151,6,6,6,8,6.8,High
41163,6,3,9,5,8.9,High
41164,22,4,9,7,5.063636364,High
41165,19,1,9,4,5.878947368,High
41167,10,9,8,5,5.2,High
41169,5,12,7,1,7.1,High
41170,5,9,2,7,5.2,High
41171,3,16,8,8,10.8,High
41173,2,17,6,8,14.6,High
41175,10,6,9,5,6.3,High
41184,18,2,8,3,5.266666667,High
41188,7,1,6,5,7.085714286,High
41195,7,15,8,2,5.285714286,High
41198,16,6,9,2,5.175,High
41205,10,5,8,9,6,High
41211,1,7,7,6,32.1,
41217,1,11,8,4,31.8,
41218,11,1,8,3,6.527272727,High
41219,7,7,5,5,5.385714286,High
41223,7,6,5,9,5.585714286,High
41226,6,19,8,2,5.2,High
41227,5,13,6,7,6.4,High
41236,4,8,2,5,6.9,High
41237,3,3,7,4,12.9,High
41243,13,4,9,2,6.007692308,High
41244,1,2,4,3,31.6,
41247,2,15,1,8,12.5,High
41248,5,12,3,4,5.1,High
41255,7,3,8,6,7.685714286,High
41256,4,5,2,7,7.5,High
41273,3,14,9,6,11.7,High
41278,29,2,9,8,5.134482759,High
41281,2,2,7,5,18.1,High
41284,7,2,3,9,5.385714286,High
41288,8,2,7,5,6.85,High
41289,5,13,4,1,5.4,High
41292,16,1,8,5,5.675,High
41293,7,4,5,8,5.985714286,High
41295,1,14,4,6,29.2,
41297,6,2,1,1,5.1,High
41300,4,19,5,6,6.2,High
41301,9,8,8,5,5.733333333,High
41304,2,10,5,5,15.5,High
41305,4,14,8,1,8.7,High
41313,3,18,5,4,8.9,High
41314,4,13,9,4,9.4,High
41315,2,16,3,1,13.3,High
41318,1,6,5,5,31.3,
41319,7,9,9,5,6.985714286,High
41324,1,7,3,1,30.1,
41329,4,16,2,4,5.3,High
41333,14,7,9,4,5.242857143,High
41335,3,18,4,6,8.4,High
41336,8,4,8,2,6.95,High
41340,4,15,3,6,6,High
41341,6,15,7,1,5.5,High
41343,5,15,7,1,6.5,High
41352,6,2,7,2,8.1,High
41356,1,2,1,2,30.1,
41360,3,10,5,1,10.5,High
41361,9,10,9,3,5.833333333,High
41362,8,1,5,6,6.05,High
41378,12,4,8,2,5.7,High
41379,1,6,1,4,29.3,
41381,5,3,1,2,5.9,High
41389,8,6,8,1,6.55,High
41393,16,3,8,4,5.275,High
41396,8,6,8,9,6.55,High
41400,5,7,5,4,7.1,High
41414,4,8,7,7,9.4,High
41420,3,16,9,3,11.3,High
41421,4,1,7,1,10.8,High
41422,4,7,5,5,8.6,High
41426,1,5,3,8,30.5,
41427,17,2,8,6,5.364705882,High
41428,1,19,4,6,28.2,
41429,6,8,8,7,7.4,High
41431,1,2,1,9,30.1,
41437,8,13,8,3,5.15,High
41441,3,5,1,5,9.5,High
41447,2,10,8,2,17,High
41448,4,10,8,9,9.5,High
41450,1,17,9,9,31.1,
41456,1,12,5,4,30.1,
41457,3,10,2,4,9,High
41458,6,15,9,7,6.5,High
41459,3,11,1,8,8.3,High
41462,5,6,4,1,6.8,High
41465,11,8,8,3,5.127272727,High
41468,5,5,7,4,8.5,High
41476,4,2,8,3,11.1,High
41478,4,14,5,8,7.2,High
41481,2,6,9,6,18.3,High
41484,3,1,9,4,14.3,High
41485,4,10,8,9,9.5,High
41486,1,2,8,7,33.6,
41492,2,3,7,1,17.9,High
41493,5,18,9,6,6.9,High
41494,19,1,9,4,5.878947368,High
41497,5,11,3,2,5.3,High
41507,2,19,5,9,13.7,High
41510,19,2,9,5,5.678947368,High
41515,1,8,1,2,28.9,
41516,2,9,6,3,16.2,High
41518,3,18,6,7,9.4,High
41526,8,9,7,8,5.45,High
41527,4,5,3,8,8,High
41531,6,10,7,2,6.5,High
41532,14,5,8,5,5.142857143,High
41533,13,6,9,7,5.607692308,High
41537,9,10,9,6,5.833333333,High
41539,1,9,5,7,30.7,
41540,4,1,6,7,10.3,High
41550,12,6,9,8,5.8,High
41552,11,6,9,7,6.027272727,High
41563,4,12,6,2,8.1,High
41567,6,7,4,4,5.6,High
41568,6,3,9,1,8.9,High
41573,7,5,4,9,5.285714286,High
41574,6,12,7,9,6.1,High
41575,5,16,9,4,7.3,High
41577,4,18,4,1,5.9,High
41578,14,4,8,2,5.342857143,High
41585,1,14,5,7,29.7,
41586,4,13,3,9,6.4,High
41587,4,13,8,2,8.9,High
41591,6,6,7,5,7.3,High
41595,21,2,8,9,5.028571429,High
41596,5,11,7,7,7.3,High
41599,6,3,2,2,5.4,High
41601,10,4,8,9,6.2,High
41602,1,1,2,8,30.8,
41604,5,10,3,7,5.5,High
41605,4,14,9,8,9.2,High
41606,5,3,5,7,7.9,High
41613,2,11,9,3,17.3,High
41616,5,9,7,1,7.7,High
41617,3,8,2,8,9.4,High
41635,6,6,6,5,6.8,High
41643,9,4,5,8,5.033333333,High
41645,3,16,3,1,8.3,High
41646,9,3,6,2,5.733333333,High
41655,2,6,7,5,17.3,High
41657,2,19,4,6,13.2,High
41662,10,9,8,2,5.2,High
41665,1,8,2,1,29.4,
41666,4,4,4,3,8.7,High
41667,6,14,7,9,5.7,High
41668,2,13,5,2,14.9,High
41677,11,5,9,7,6.227272727,High
41681,11,4,8,2,5.927272727,High
41685,11,10,9,1,5.227272727,High
41687,2,5,8,2,18,High
41688,11,6,9,2,6.027272727,High
41699,1,2,6,4,32.6,
41701,6,2,8,5,8.6,High
41703,2,6,3,1,15.3,High
41706,3,1,1,7,10.3,High
41709,3,4,9,6,13.7,High
41716,13,9,9,2,5.007692308,High
41720,11,5,7,2,5.227272727,High
41723,1,5,9,4,33.5,
41725,2,18,4,5,13.4,High
41732,11,4,9,3,6.427272727,High
41733,4,3,2,4,7.9,High
41745,1,1,2,8,30.8,
41750,2,13,4,5,14.4,High
41758,2,6,6,8,16.8,High
41773,14,7,9,5,5.242857143,High
41775,5,11,7,6,7.3,High
41783,1,14,2,8,28.2,
41792,3,10,8,2,12,High
41794,2,12,6,5,15.6,High
41796,5,5,3,2,6.5,High
41807,9,3,7,4,6.233333333,High
41809,4,9,5,9,8.2,High
41811,7,9,8,2,6.485714286,High
41812,8,2,4,6,5.35,High
41819,1,2,9,1,34.1,
41820,9,6,7,7,5.633333333,High
41827,8,11,8,8,5.55,High
41828,5,19,6,4,5.2,High
41836,5,10,9,6,8.5,High
41843,1,16,5,1,29.3,
41850,27,3,9,5,5.011111111,High
41854,2,4,3,9,15.7,High
41857,9,1,9,7,7.633333333,High
41859,11,10,9,3,5.227272727,High
41864,4,1,1,7,7.8,High
41866,5,4,4,3,7.2,High
41867,3,5,3,9,10.5,High
41869,15,3,8,1,5.4,High
41871,1,5,6,5,32,
41875,1,14,7,3,30.7,
41876,3,9,1,8,8.7,High
41878,16,3,8,1,5.275,High
41879,1,5,5,1,31.5,
41880,8,15,9,8,5.25,High
41881,3,10,8,5,12,High
41884,3,11,9,6,12.3,High
41888,2,2,1,2,15.1,High
41889,4,6,5,6,8.8,High
41892,14,2,9,7,6.242857143,High
41902,2,16,4,6,13.8,High
41908,9,7,8,1,5.933333333,High
41910,1,3,3,2,30.9,
41911,16,6,9,6,5.175,High
41912,4,3,1,6,7.4,High
41917,5,9,3,4,5.7,High
41919,4,4,4,4,8.7,High
41920,11,1,6,7,5.527272727,High
41922,15,1,8,9,5.8,High
41929,5,1,6,5,8.8,High
41944,6,7,5,4,6.1,High
41946,7,6,5,3,5.585714286,High
41947,13,1,6,8,5.107692308,High
41952,2,12,4,5,14.6,High
41958,3,2,8,3,13.6,High
41959,2,16,6,4,14.8,High
41969,6,2,9,1,9.1,High
41972,7,2,7,4,7.385714286,High
41973,2,14,3,7,13.7,High
41975,2,17,9,8,16.1,High
41976,13,7,9,9,5.407692308,High
41982,3,18,5,4,8.9,High
41984,1,16,4,4,28.8,
41997,1,6,2,9,29.8,
42001,3,2,2,9,10.6,High
42005,16,6,9,2,5.175,High
42006,1,15,3,3,28.5,
42013,5,3,6,1,8.4,High
42015,5,14,5,8,5.7,High
42023,3,10,3,6,9.5,High
42029,2,3,4,3,16.4,High
42031,2,11,2,5,13.8,High
42032,2,12,7,1,16.1,High
42033,3,12,5,7,10.1,High
42035,2,13,8,8,16.4,High
42036,13,2,9,8,6.407692308,High
42045,4,17,8,4,8.1,High
42046,4,8,3,8,7.4,High
42048,4,1,9,2,11.8,High
42050,5,11,8,8,7.8,High
42051,1,4,5,5,31.7,
42057,5,12,7,7,7.1,High
42058,10,2,5,6,5.1,High
42060,1,8,2,1,29.4,
42067,6,1,5,3,7.3,High
42070,5,10,9,9,8.5,High
42071,7,7,5,7,5.385714286,High
42077,3,18,8,1,10.4,High
42081,4,13,1,3,5.4,High
42083,2,12,7,9,16.1,High
42091,8,9,7,5,5.45,High
42092,7,1,2,9,5.085714286,High
42096,4,5,7,8,10,High
42097,3,6,4,5,10.8,High
42098,2,19,5,7,13.7,High
42100,6,10,9,2,7.5,High
42101,1,5,4,7,31,
42102,1,1,4,3,31.8,
42106,1,8,7,2,31.9,
42108,4,4,2,2,7.7,High
42111,5,2,6,5,8.6,High
42114,9,6,6,8,5.133333333,High
42120,6,5,4,3,6,High
42121,17,5,9,5,5.264705882,High
42122,2,1,1,4,15.3,High
42123,3,2,9,9,14.1,High
42125,5,11,9,6,8.3,High
42130,1,6,5,4,31.3,
42132,3,10,2,8,9,High
42138,6,4,4,2,6.2,High
42142,2,10,4,9,15,High
42145,5,5,2,1,6,High
42148,2,8,7,7,16.9,High
42155,2,10,1,1,13.5,High
42161,10,3,8,5,6.4,High
42169,7,4,7,2,6.985714286,High
42172,3,17,6,5,9.6,High
42174,2,18,2,5,12.4,High
42175,10,5,8,5,6,High
42176,5,5,7,4,8.5,High
42179,2,8,8,1,17.4,High
42185,13,3,8,7,5.707692308,High
42189,1,17,3,8,28.1,
42198,5,10,3,3,5.5,High
42205,4,1,1,1,7.8,High
42208,1,2,8,2,33.6,
42220,4,10,7,8,9,High
42229,9,2,7,3,6.433333333,High
42230,12,1,7,5,5.8,High
42246,16,6,9,8,5.175,High
42263,22,1,8,1,5.163636364,High
42265,9,4,8,5,6.533333333,High
42266,5,18,6,9,5.4,High
42267,4,6,4,3,8.3,High
42268,3,1,1,6,10.3,High
42271,4,3,6,2,9.9,High
42275,10,10,9,6,5.5,High
42276,5,10,9,9,8.5,High
42289,2,19,3,8,12.7,High
42298,5,7,7,2,8.1,High
42312,4,17,2,2,5.1,High
42313,5,8,5,2,6.9,High
42314,5,14,4,5,5.2,High
42316,2,1,7,1,18.3,High
42321,5,15,7,4,6.5,High
42325,6,2,6,4,7.6,High
42328,8,8,6,5,5.15,High
42332,8,3,7,5,6.65,High
42336,9,1,5,6,5.633333333,High
42338,4,19,3,6,5.2,High
42345,12,3,9,9,6.4,High
42349,3,13,2,2,8.4,High
42357,18,3,9,9,5.566666667,High
42358,19,1,8,8,5.378947368,High
42364,4,19,9,8,8.2,High
42367,1,9,3,4,29.7,
42368,1,7,7,1,32.1,
42377,3,18,5,4,8.9,High
42378,5,6,9,3,9.3,High
42387,1,15,5,6,29.5,
42389,13,2,8,6,5.907692308,High
42394,2,4,1,4,14.7,High
42398,6,4,5,5,6.7,High
42400,10,11,9,5,5.3,High
42406,3,10,6,2,11,High
42412,8,16,9,3,5.05,High
42413,7,10,8,5,6.285714286,High
42417,21,4,9,9,5.128571429,High
42423,5,10,7,5,7.5,High
42424,4,13,5,9,7.4,High
42426,1,9,2,7,29.2,
42428,7,17,9,8,5.385714286,High
42429,8,13,8,3,5.15,High
42432,1,8,7,9,31.9,
42441,10,2,5,7,5.1,High
42447,5,3,3,4,6.9,High
42449,5,11,9,6,8.3,High
42455,1,12,5,4,30.1,
42463,4,7,4,1,8.1,High
42475,14,1,9,4,6.442857143,High
42478,10,1,8,5,6.8,High
42482,6,9,6,2,6.2,High
42490,1,10,4,9,30,
42496,10,7,7,7,5.1,High
42506,3,15,4,6,9,High
42511,3,12,7,9,11.1,High
42517,6,3,3,4,5.9,High
42526,19,5,9,1,5.078947368,High
42527,5,8,3,1,5.9,High
42531,8,12,8,3,5.35,High
42535,2,11,8,5,16.8,High
42542,5,10,8,6,8,High
42546,6,19,9,1,5.7,High
42548,6,11,8,4,6.8,High
42559,3,18,4,8,8.4,High
42562,18,4,9,4,5.366666667,High
42574,6,2,6,2,7.6,High
42584,13,5,8,7,5.307692308,High
42589,4,5,2,6,7.5,High
42594,12,3,7,9,5.4,High
42598,14,4,8,7,5.342857143,High
42604,5,15,5,8,5.5,High
42609,4,9,5,6,8.2,High
42613,4,5,4,9,8.5,High
42616,6,4,2,8,5.2,High
42618,2,15,5,9,14.5,High
42621,22,4,9,3,5.063636364,High
42624,3,10,8,5,12,High
42625,18,2,9,2,5.766666667,High
42632,1,7,1,9,29.1,
42636,4,5,9,2,11,High
42638,1,14,2,3,28.2,
42644,6,4,3,4,5.7,High
42653,2,16,3,9,13.3,High
42657,6,13,7,4,5.9,High
42659,9,7,7,9,5.433333333,High
42664,6,8,8,6,7.4,High
42673,1,4,3,2,30.7,
42677,8,14,9,5,5.45,High
42679,9,11,8,2,5.133333333,High
42683,2,2,6,6,17.6,High
42687,2,7,7,3,17.1,High
42689,12,1,8,7,6.3,High
42691,2,5,6,5,17,High
42692,6,16,8,9,5.8,High
42693,3,1,1,2,10.3,High
42694,18,2,9,1,5.766666667,High
42702,2,19,5,6,13.7,High
42707,2,10,3,2,14.5,High
42709,3,17,7,3,10.1,High
42719,6,8,4,4,5.4,High
42721,2,6,3,7,15.3,High
42738,1,16,1,8,27.3,
42753,2,1,1,3,15.3,High
42754,5,15,6,1,6,High
42756,4,15,2,5,5.5,High
42757,16,5,9,7,5.375,High
42760,16,3,9,5,5.775,High
42763,6,4,4,6,6.2,High
42776,3,15,8,9,11,High
42784,20,2,8,1,5.1,High
42785,4,1,2,1,8.3,High
42786,4,13,5,2,7.4,High
42788,7,2,3,1,5.385714286,High
42794,18,4,9,7,5.366666667,High
42796,6,10,8,9,7,High
42798,25,1,9,6,5.5,High
42801,2,14,6,5,15.2,High
42815,4,8,5,8,8.4,High
42816,1,12,8,4,31.6,
42820,8,1,9,1,8.05,High
42823,4,15,5,3,7,High
42829,1,12,4,8,29.6,
42833,1,14,6,7,30.2,
42851,3,8,2,6,9.4,High
42852,4,12,2,7,6.1,High
42860,2,3,1,9,14.9,High
42861,4,12,5,5,7.6,High
42863,4,12,3,2,6.6,High
42868,8,9,8,5,5.95,High
42870,7,2,4,3,5.885714286,High
42872,13,5,8,4,5.307692308,High
42877,9,1,7,5,6.633333333,High
42878,14,1,7,3,5.442857143,High
42879,3,8,3,8,9.9,High
42880,12,1,6,7,5.3,High
42882,4,11,6,3,8.3,High
42888,1,6,2,7,29.8,
42893,13,5,8,3,5.307692308,High
42898,10,6,8,3,5.8,High
42901,6,17,8,1,5.6,High
42911,4,10,3,5,7,High
42914,1,19,2,2,27.2,
42920,12,7,8,2,5.1,High
42922,5,4,5,7,7.7,High
42935,14,5,9,4,5.642857143,High
42937,2,8,2,2,14.4,High
42945,10,5,8,1,6,High
42950,11,6,8,7,5.527272727,High
42951,1,16,9,1,31.3,
42963,7,1,2,8,5.085714286,High
42966,4,19,7,2,7.2,High
42979,1,10,7,1,31.5,
42980,6,13,7,2,5.9,High
42981,9,3,8,8,6.733333333,High
42983,4,2,5,2,9.6,High
42984,3,19,5,5,8.7,High
42985,5,12,8,6,7.6,High
42988,9,3,8,5,6.733333333,High
42996,23,2,9,1,5.404347826,High
43000,5,4,8,2,9.2,High
43007,6,16,9,1,6.3,High
43009,5,5,6,5,8,High
43012,3,5,5,7,11.5,High
43014,11,3,8,1,6.127272727,High
43016,5,4,9,8,9.7,High
43017,5,9,5,7,6.7,High
43022,6,3,7,5,7.9,High
43026,1,8,3,2,29.9,
43028,18,5,9,1,5.166666667,High
43030,16,1,9,5,6.175,High
43031,5,7,1,6,5.1,High
43034,5,9,5,4,6.7,High
43038,2,2,7,1,18.1,High
43044,5,1,3,6,7.3,High
43049,1,11,2,2,28.8,
43056,1,1,7,6,33.3,
43060,2,18,2,1,12.4,High
43062,6,7,5,7,6.1,High
43063,8,8,6,1,5.15,High
43071,3,8,7,5,11.9,High
43078,24,3,9,8,5.15,High
43086,11,5,9,7,6.227272727,High
43089,9,10,8,9,5.333333333,High
43090,7,6,5,8,5.585714286,High
43109,2,4,9,7,18.7,High
43110,3,15,6,6,10,High
43111,12,1,8,8,6.3,High
43113,2,14,2,5,13.2,High
43115,6,14,6,4,5.2,High
43119,4,7,4,8,8.1,High
43124,2,14,9,9,16.7,High
43133,21,1,8,9,5.228571429,High
43137,5,7,9,8,9.1,High
43139,6,18,8,1,5.4,High
43140,7,4,4,3,5.485714286,High
43142,4,10,8,8,9.5,High
43144,4,19,3,9,5.2,High
43145,5,15,9,3,7.5,High
43146,10,5,9,3,6.5,High
43147,2,16,5,5,14.3,High
43167,2,15,5,5,14.5,High
43169,1,14,5,3,29.7,
43171,25,1,9,8,5.5,High
43173,1,5,3,4,30.5,
43174,4,9,6,6,8.7,High
43181,4,17,8,3,8.1,High
43184,2,16,7,9,15.3,High
43186,2,17,6,7,14.6,High
43191,7,12,9,3,6.385714286,High
43194,4,10,6,9,8.5,High
43198,9,2,7,9,6.433333333,High
43203,2,8,1,2,13.9,High
43205,1,10,9,4,32.5,
43207,4,14,6,1,7.7,High
43208,5,10,6,7,7,High
43213,4,11,2,5,6.3,High
43214,10,9,8,7,5.2,High
43221,5,9,5,1,6.7,High
43223,1,13,6,3,30.4,
43233,4,8,3,2,7.4,High
43234,6,8,8,8,7.4,High
43235,21,3,9,2,5.328571429,High
43236,6,8,5,1,5.9,High
43237,3,19,8,7,10.2,High
43241,9,5,9,6,6.833333333,High
43242,3,1,6,2,12.8,High
43245,2,5,5,3,16.5,High
43248,3,16,6,9,9.8,High
43252,17,1,8,7,5.564705882,High
43258,2,12,7,8,16.1,High
43259,4,15,5,3,7,High
43260,8,12,8,8,5.35,High
43269,3,3,8,1,13.4,High
43276,4,6,6,7,9.3,High
43278,3,3,8,7,13.4,High
43279,4,14,1,9,5.2,High
43280,3,1,4,4,11.8,High
43284,3,2,2,2,10.6,High
43288,3,2,7,8,13.1,High
43295,1,9,1,3,28.7,
43298,3,15,4,5,9,High
43304,8,1,6,2,6.55,High
43307,13,5,9,3,5.807692308,High
43308,14,1,9,2,6.442857143,High
43311,5,16,7,4,6.3,High
43316,6,7,7,2,7.1,High
43321,3,12,1,4,8.1,High
43326,8,6,5,9,5.05,High
43330,4,5,4,8,8.5,High
43332,3,9,8,3,12.2,High
43333,1,17,6,7,29.6,
43337,1,8,6,4,31.4,
43341,1,5,6,2,32,
43342,4,15,6,4,7.5,High
43344,1,5,1,4,29.5,
43347,7,8,9,4,7.185714286,High
43355,1,11,9,8,32.3,
43357,14,8,9,5,5.042857143,High
43358,3,3,4,3,11.4,High
43361,3,17,6,7,9.6,High
43362,2,3,4,3,16.4,High
43363,5,18,9,1,6.9,High
43370,7,3,6,5,6.685714286,High
43371,10,9,8,7,5.2,High
43375,18,2,9,4,5.766666667,High
43380,2,7,7,1,17.1,High
43381,22,4,9,8,5.063636364,High
43384,6,1,6,9,7.8,High
43391,6,15,9,9,6.5,High
43395,1,13,9,5,31.9,
43398,3,12,5,1,10.1,High
43400,10,3,8,3,6.4,High
43402,5,6,5,2,7.3,High
43403,7,9,8,7,6.485714286,High
43407,6,6,6,3,6.8,High
43409,2,10,1,9,13.5,High
43410,1,19,2,7,27.2,
43413,4,8,6,3,8.9,High
43417,3,5,1,7,9.5,High
43418,6,5,4,4,6,High
43421,10,12,9,3,5.1,High
43430,7,5,6,8,6.285714286,High
43432,1,4,8,7,33.2,
43439,27,2,9,4,5.211111111,High
43443,8,1,9,1,8.05,High
43444,4,18,3,2,5.4,High
43448,2,7,8,4,17.6,High
43457,2,11,9,1,17.3,High
43466,15,5,9,5,5.5,High
43468,18,2,8,9,5.266666667,High
43476,4,10,4,5,7.5,High
43478,6,10,9,9,7.5,High
43480,14,2,9,7,6.242857143,High
43481,8,2,6,5,6.35,High
43483,5,3,3,2,6.9,High
43491,22,3,9,3,5.263636364,High
43493,2,19,4,1,13.2,High
43497,3,16,6,4,9.8,High
43498,3,5,2,8,10,High
43503,6,9,5,4,5.7,High
43506,7,8,7,6,6.185714286,High
43510,2,17,6,6,14.6,High
43514,2,4,5,1,16.7,High
43521,4,16,9,5,8.8,High
43527,4,13,1,1,5.4,High
43530,2,17,4,2,13.6,High
43531,3,15,5,6,9.5,High
43532,13,2,8,5,5.907692308,High
43533,2,9,9,3,17.7,High
43539,6,8,8,8,7.4,High
43540,1,6,2,6,29.8,
43559,6,4,3,2,5.7,High
43560,1,15,5,2,29.5,
43562,2,14,4,6,14.2,High
43564,3,13,3,1,8.9,High
43569,9,8,9,5,6.233333333,High
43571,8,13,8,2,5.15,High
43572,3,10,3,1,9.5,High
43573,29,2,9,4,5.134482759,High
43577,2,15,9,1,16.5,High
43578,4,3,2,7,7.9,High
43580,3,9,6,7,11.2,High
43581,2,13,3,5,13.9,High
43585,15,1,7,1,5.3,High
43588,3,18,3,5,7.9,High
43593,11,2,9,7,6.827272727,High
43598,7,3,8,9,7.685714286,High
43599,3,4,5,2,11.7,High
43606,10,8,8,9,5.4,High
43607,4,15,2,9,5.5,High
43608,1,13,8,9,31.4,
43612,5,6,4,5,6.8,High
43613,7,1,3,5,5.585714286,High
43614,5,15,5,8,5.5,High
43619,7,4,7,1,6.985714286,High
43629,3,16,9,2,11.3,High
43630,9,9,9,3,6.033333333,High
43633,6,4,2,7,5.2,High
43634,4,2,1,5,7.6,High
43638,3,18,4,2,8.4,High
43639,1,19,7,1,29.7,
43641,8,8,7,1,5.65,High
43643,6,2,9,7,9.1,High
43650,6,8,6,3,6.4,High
43655,5,10,8,3,8,High
43660,1,16,2,7,27.8,
43663,6,6,7,5,7.3,High
43669,17,2,8,3,5.364705882,High
43671,3,13,4,1,9.4,High
43677,4,15,4,8,6.5,High
43682,9,7,8,4,5.933333333,High
43688,5,10,8,7,8,High
43689,2,18,7,5,14.9,High
43690,1,19,1,3,26.7,
43692,6,2,5,6,7.1,High
43695,16,1,8,6,5.675,High
43698,3,10,3,2,9.5,High
43702,1,7,8,1,32.6,
43703,2,3,5,7,16.9,High
43707,1,6,6,6,31.8,
43711,1,6,8,7,32.8,
43712,4,4,9,2,11.2,High
43723,1,5,7,3,32.5,
43725,8,5,9,3,7.25,High
43726,5,1,4,3,7.8,High
43730,6,17,7,5,5.1,High
43732,3,14,8,7,11.2,High
43733,5,5,2,6,6,High
43736,4,2,5,6,9.6,High
43737,2,5,8,1,18,High
43739,2,6,7,8,17.3,High
43743,3,16,9,7,11.3,High
43745,3,10,2,6,9,High
43754,13,6,9,3,5.607692308,High
43756,8,16,9,6,5.05,High
43760,10,3,6,3,5.4,High
43764,1,8,9,2,32.9,
43765,4,19,8,2,7.7,High
43766,5,5,5,1,7.5,High
43768,4,19,3,4,5.2,High
43776,6,5,6,7,7,High
43783,3,5,1,4,9.5,High
43785,1,15,8,6,31,
43787,5,18,7,8,5.9,High
43789,14,2,8,1,5.742857143,High
43794,7,3,3,1,5.185714286,High
43795,1,12,5,8,30.1,
43796,6,15,9,6,6.5,High
43797,12,2,6,3,5.1,High
43798,23,2,9,1,5.404347826,High
43799,1,9,8,5,32.2,
43801,10,4,8,5,6.2,High
43802,3,1,8,8,13.8,High
43803,10,2,7,3,6.1,High
43809,1,8,7,3,31.9,
43812,2,10,7,9,16.5,High
43815,9,1,4,5,5.133333333,High
43820,6,3,3,2,5.9,High
43823,7,3,7,7,7.185714286,High
43826,16,2,9,2,5.975,High
43829,1,7,9,3,33.1,
43834,27,3,9,4,5.011111111,High
43840,1,5,8,8,33,
43842,2,9,5,4,15.7,High
43849,6,7,7,7,7.1,High
43859,2,13,7,3,15.9,High
43864,9,1,9,9,7.633333333,High
43865,9,5,7,3,5.833333333,High
43866,5,3,6,6,8.4,High
43867,2,3,8,2,18.4,High
43869,5,16,6,9,5.8,High
43875,5,12,6,9,6.6,High
43876,5,16,9,7,7.3,High
43879,3,17,2,1,7.6,High
43882,4,4,5,7,9.2,High
43889,8,7,9,5,6.85,High
43890,9,7,8,8,5.933333333,High
43898,4,12,9,7,9.6,High
43900,2,17,5,9,14.1,High
43904,8,15,9,2,5.25,High
43908,5,7,8,8,8.6,High
43914,5,7,7,9,8.1,High
43915,4,15,7,6,8,High
43920,2,7,6,7,16.6,High
43926,4,13,1,5,5.4,High
43937,1,11,9,5,32.3,
43947,3,2,3,2,11.1,High
43948,9,1,7,7,6.633333333,High
43949,8,6,9,6,7.05,High
43962,8,13,8,3,5.15,High
43966,5,2,7,7,9.1,High
43971,1,6,9,4,33.3,
43972,8,1,4,9,5.55,High
43976,17,1,9,7,6.064705882,High
43977,7,10,8,5,6.285714286,High
43979,1,5,4,8,31,
43980,3,1,2,9,10.8,High
43990,2,10,5,8,15.5,High
43998,3,6,9,8,13.3,High
44004,13,4,8,1,5.507692308,High
44005,3,6,6,5,11.8,High
44013,1,12,2,2,28.6,
44017,5,12,6,5,6.6,High
44022,5,4,5,9,7.7,High
44023,5,11,4,1,5.8,High
44029,3,3,3,2,10.9,High
44039,3,9,7,3,11.7,High
44040,2,9,8,9,17.2,High
44047,2,9,5,4,15.7,High
44053,5,7,8,8,8.6,High
44063,13,4,7,9,5.007692308,High
44067,10,7,8,2,5.6,High
44068,11,2,8,5,6.327272727,High
44081,5,4,3,3,6.7,High
44082,4,10,8,9,9.5,High
44083,1,14,8,4,31.2,
44087,5,1,3,7,7.3,High
44091,2,13,1,7,12.9,High
44092,8,6,6,4,5.55,High
44096,20,1,9,4,5.8,High
44098,5,16,7,8,6.3,High
44106,5,14,8,2,7.2,High
44111,2,4,8,1,18.2,High
44119,4,8,9,4,10.4,High
44121,10,10,9,4,5.5,High
44123,12,7,8,8,5.1,High
44124,6,16,8,4,5.8,High
44127,5,4,7,9,8.7,High
44130,9,7,7,6,5.433333333,High
44136,4,9,8,9,9.7,High
44137,7,3,8,9,7.685714286,High
44144,12,1,9,7,6.8,High
44147,7,10,8,4,6.285714286,High
44149,5,8,6,4,7.4,High
44152,1,6,1,2,29.3,
44155,1,6,1,1,29.3,
44156,2,1,7,4,18.3,High
44160,4,1,4,3,9.3,High
44164,4,12,6,5,8.1,High
44167,1,2,6,6,32.6,
44168,4,3,3,7,8.4,High
44173,27,3,9,9,5.011111111,High
44174,7,14,8,7,5.485714286,High
44179,16,1,7,8,5.175,High
44180,7,8,9,4,7.185714286,High
44182,2,3,2,1,15.4,High
44185,18,5,9,6,5.166666667,High
44202,5,5,2,6,6,High
44203,14,2,8,2,5.742857143,High
44217,5,10,3,2,5.5,High
44222,4,12,4,1,7.1,High
44228,2,16,3,9,13.3,High
44230,2,6,2,2,14.8,High
44236,4,10,2,5,6.5,High
44238,10,10,9,1,5.5,High
44239,2,15,3,5,13.5,High
44240,13,6,8,1,5.107692308,High
44242,2,14,3,9,13.7,High
44244,2,16,7,9,15.3,High
44247,2,5,7,5,17.5,High
44251,7,17,9,8,5.385714286,High
44256,13,5,9,3,5.807692308,High
44258,2,4,6,7,17.2,High
44259,1,8,7,2,31.9,
44262,2,5,9,6,18.5,High
44268,1,1,2,2,30.8,
44272,4,9,4,5,7.7,High
44273,3,8,6,6,11.4,High
44275,4,16,3,9,5.8,High
44276,4,7,6,3,9.1,High
44277,6,7,3,6,5.1,High
44281,9,5,8,8,6.333333333,High
44286,2,9,1,4,13.7,High
44287,7,2,4,7,5.885714286,High
44290,5,7,3,8,6.1,High
44293,3,9,5,5,10.7,High
44294,6,2,6,3,7.6,High
44295,7,3,7,2,7.185714286,High
44298,4,7,9,8,10.6,High
44301,11,5,9,5,6.227272727,High
44304,8,7,7,5,5.85,High
44309,12,1,6,8,5.3,High
44311,4,6,6,9,9.3,High
44314,1,3,6,8,32.4,
44327,2,17,3,5,13.1,High
44329,5,3,2,2,6.4,High
44330,8,9,7,6,5.45,High
44331,12,8,9,9,5.4,High
44335,1,15,4,9,29,
44336,3,7,2,5,9.6,High
44339,4,7,9,8,10.6,High
44341,4,18,3,2,5.4,High
44344,4,13,8,4,8.9,High
44347,6,3,6,1,7.4,High
44348,6,2,6,8,7.6,High
44349,1,19,9,2,30.7,
44351,5,14,8,8,7.2,High
44352,2,9,3,2,14.7,High
44355,9,8,9,2,6.233333333,High
44363,4,18,8,7,7.9,High
44364,4,1,5,5,9.8,High
44366,12,1,6,4,5.3,High
44367,2,7,3,9,15.1,High
44371,3,10,1,2,8.5,High
44373,8,6,9,8,7.05,High
44374,1,19,3,5,27.7,
44375,9,3,8,4,6.733333333,High
44376,4,19,8,6,7.7,High
44378,10,1,5,1,5.3,High
44379,6,17,7,8,5.1,High
44380,4,11,7,3,8.8,High
44385,3,15,5,5,9.5,High
44388,4,3,3,9,8.4,High
44390,3,18,2,7,7.4,High
44391,1,18,4,1,28.4,
44392,2,10,6,8,16,High
44395,1,10,1,2,28.5,
44399,1,7,4,8,30.6,
44404,2,10,5,7,15.5,High
44406,5,6,4,1,6.8,High
44408,13,3,8,8,5.707692308,High
44412,7,4,6,8,6.485714286,High
44416,10,1,5,6,5.3,High
44422,4,5,1,3,7,High
44423,3,9,1,6,8.7,High
44426,7,4,8,3,7.485714286,High
44431,12,9,9,8,5.2,High
44433,7,10,8,9,6.285714286,High
44440,4,10,3,9,7,High
44444,7,12,8,7,5.885714286,High
44448,2,6,3,4,15.3,High
44449,2,16,1,9,12.3,High
44460,1,9,9,4,32.7,
44461,4,12,9,8,9.6,High
44463,2,2,3,9,16.1,High
44468,2,2,8,1,18.6,High
44474,1,12,2,8,28.6,
44479,1,4,6,4,32.2,
44488,3,4,5,2,11.7,High
44490,1,7,6,6,31.6,
44493,1,7,1,9,29.1,
44497,4,12,4,2,7.1,High
44499,3,17,2,6,7.6,High
44503,7,6,5,4,5.585714286,High
44504,5,19,7,8,5.7,High
44509,10,1,6,1,5.8,High
44515,14,2,9,9,6.242857143,High
44517,1,19,8,2,30.2,
44527,20,4,9,3,5.2,High
44528,8,11,7,5,5.05,High
44536,9,1,8,7,7.133333333,High
44545,1,3,7,9,32.9,
44548,4,4,6,2,9.7,High
44551,21,2,8,3,5.028571429,High
44553,8,4,9,9,7.45,High
44556,7,6,9,8,7.585714286,High
44559,4,15,4,4,6.5,High
44560,1,7,7,6,32.1,
44565,2,1,5,2,17.3,High
44578,5,14,8,5,7.2,High
44580,9,11,8,6,5.133333333,High
44586,2,10,6,9,16,High
44587,9,4,7,3,6.033333333,High
44588,1,9,4,8,30.2,
44595,22,3,9,3,5.263636364,High
44604,4,19,9,2,8.2,High
44606,6,6,6,2,6.8,High
44610,7,13,7,9,5.185714286,High
44613,7,3,7,2,7.185714286,High
44614,3,10,7,1,11.5,High
44615,7,9,6,9,5.485714286,High
44617,5,4,8,7,9.2,High
44620,1,5,9,4,33.5,
44628,3,12,7,7,11.1,High
44629,7,5,4,8,5.285714286,High
44630,6,3,6,3,7.4,High
44631,5,4,6,4,8.2,High
44633,1,2,6,3,32.6,
44635,1,19,3,7,27.7,
44639,3,2,7,1,13.1,High
44642,9,1,7,1,6.633333333,High
44644,2,16,6,2,14.8,High
44645,22,2,9,1,5.463636364,High
44646,19,1,9,9,5.878947368,High
44650,3,6,6,9,11.8,High
44654,2,10,3,8,14.5,High
44655,3,7,1,7,9.1,High
44656,26,2,9,3,5.253846154,High
44657,4,18,5,2,6.4,High
44667,10,5,9,3,6.5,High
44675,3,6,7,2,12.3,High
44676,5,8,3,9,5.9,High
44678,2,18,3,7,12.9,High
44679,11,1,7,3,6.027272727,High
44683,4,10,2,6,6.5,High
44690,12,8,9,6,5.4,High
44692,4,5,6,3,9.5,High
44694,3,8,5,5,10.9,High
44698,7,13,9,8,6.185714286,High
44699,1,1,5,4,32.3,
44702,7,9,6,9,5.485714286,High
44704,3,5,6,6,12,High
44705,5,6,4,4,6.8,High
44706,1,3,2,9,30.4,
44708,3,11,5,6,10.3,High
44710,1,11,5,7,30.3,
44712,5,13,9,5,7.9,High
44719,5,6,2,8,5.8,High
44723,3,11,1,7,8.3,High
44724,4,6,7,2,9.8,High
44730,9,8,9,2,6.233333333,High
44731,10,3,9,5,6.9,High
44735,13,6,8,8,5.107692308,High
44738,4,3,7,4,10.4,High
44744,1,5,1,2,29.5,
44749,5,1,6,7,8.8,High
44752,3,10,9,8,12.5,High
44753,5,12,7,6,7.1,High
44768,5,13,5,4,5.9,High
44769,9,3,9,7,7.233333333,High
44774,3,9,8,8,12.2,High
44776,13,1,7,3,5.607692308,High
44779,3,16,4,2,8.8,High
44780,4,10,8,9,9.5,High
44792,2,1,9,6,19.3,High
44793,4,14,9,7,9.2,High
44804,2,9,5,2,15.7,High
44809,10,5,7,5,5.5,High
44813,2,1,2,8,15.8,High
44815,9,4,6,1,5.533333333,High
44816,1,11,4,3,29.8,
44821,4,8,6,9,8.9,High
44827,6,4,6,9,7.2,High
44828,4,14,2,2,5.7,High
44830,4,4,5,2,9.2,High
44832,5,1,3,9,7.3,High
44837,13,9,9,6,5.007692308,High
44838,4,2,5,3,9.6,High
44839,9,1,8,7,7.133333333,High
44849,8,7,9,2,6.85,High
44852,8,1,8,3,7.55,High
44854,12,2,7,6,5.6,High
44859,5,5,4,5,7,High
44871,9,9,9,2,6.033333333,High
44873,3,9,9,2,12.7,High
44874,2,10,8,1,17,High
44875,9,5,8,6,6.333333333,High
44876,4,12,3,3,6.6,High
44877,7,10,6,4,5.285714286,High
44879,18,4,9,3,5.366666667,High
44882,3,17,5,7,9.1,High
44901,7,7,5,2,5.385714286,High
44903,5,16,6,4,5.8,High
44906,4,1,3,2,8.8,High
44911,1,10,2,1,29,
44915,2,6,1,8,14.3,High
44919,4,4,8,6,10.7,High
44920,5,8,6,1,7.4,High
44926,8,7,7,9,5.85,High
44937,13,4,7,4,5.007692308,High
44941,4,1,1,4,7.8,High
44942,14,1,9,4,6.442857143,High
44943,1,5,2,1,30,
44964,8,10,7,1,5.25,High
44968,13,4,9,8,6.007692308,High
44969,5,1,1,2,6.3,High
44971,19,2,8,7,5.178947368,High
44975,1,12,4,8,29.6,
44981,1,11,7,4,31.3,
44983,3,18,1,3,6.9,High
44984,10,11,9,9,5.3,High
44987,6,3,8,4,8.4,High
44993,2,19,2,5,12.2,High
45008,1,12,8,1,31.6,
45012,1,12,2,6,28.6,
45013,3,18,8,1,10.4,High
45020,4,12,2,7,6.1,High
45022,8,1,6,4,6.55,High
45023,7,17,9,4,5.385714286,High
45024,4,2,5,9,9.6,High
45027,5,17,9,9,7.1,High
45028,9,1,9,3,7.633333333,High
45033,5,14,4,5,5.2,High
45034,5,11,3,2,5.3,High
45040,20,1,9,1,5.8,High
45049,6,19,9,6,5.7,High
45050,8,3,5,6,5.65,High
45055,6,6,4,3,5.8,High
45058,14,3,9,9,6.042857143,High
45064,8,16,9,4,5.05,High
45066,1,8,9,4,32.9,
45071,16,1,7,6,5.175,High
45080,9,3,5,8,5.233333333,High
45082,6,14,7,4,5.7,High
45084,2,3,4,6,16.4,High
45085,6,5,4,9,6,High
45089,1,6,7,8,32.3,
45097,23,4,9,8,5.004347826,High
45107,8,12,8,1,5.35,High
45108,7,2,4,5,5.885714286,High
45109,6,6,3,1,5.3,High
45110,5,5,4,2,7,High
45111,5,19,6,4,5.2,High
45113,2,12,6,9,15.6,High
45121,9,5,9,1,6.833333333,High
45128,1,11,1,9,28.3,
45130,1,11,1,2,28.3,
45135,23,4,9,2,5.004347826,High
45136,3,1,9,1,14.3,High
45158,4,2,7,1,10.6,High
45162,4,13,6,1,7.9,High
45165,5,7,4,4,6.6,High
45166,3,12,4,2,9.6,High
45175,5,15,5,8,5.5,High
45176,1,9,3,8,29.7,
45186,7,11,8,2,6.085714286,High
45188,3,2,3,9,11.1,High
45194,5,1,8,5,9.8,High
45202,2,11,4,2,14.8,High
45206,2,2,8,6,18.6,High
45217,11,3,8,7,6.127272727,High
45223,3,12,2,3,8.6,High
45231,6,12,9,3,7.1,High
45234,9,9,9,7,6.033333333,High
45240,10,3,7,9,5.9,High
45242,4,16,6,5,7.3,High
45247,2,4,8,7,18.2,High
45253,4,6,4,9,8.3,High
45254,1,19,5,6,28.7,
45259,12,9,9,2,5.2,High
45263,2,19,7,6,14.7,High
45265,15,7,9,9,5.1,High
45270,5,13,6,3,6.4,High
45272,9,1,6,7,6.133333333,High
45273,4,18,6,4,6.9,High
45277,3,4,4,2,11.2,High
45281,5,2,7,7,9.1,High
45282,4,6,6,9,9.3,High
45286,1,4,3,1,30.7,
45287,5,14,4,3,5.2,High
45290,2,13,6,9,15.4,High
45292,6,2,1,8,5.1,High
45293,3,6,8,2,12.8,High
45294,11,7,8,7,5.327272727,High
45299,4,2,8,2,11.1,High
45302,24,1,9,9,5.55,High
45305,10,2,7,6,6.1,High
45307,3,3,6,8,12.4,High
45322,6,4,9,2,8.7,High
45337,3,10,8,1,12,High
45338,6,11,7,4,6.3,High
45339,2,13,7,5,15.9,High
45340,15,2,7,5,5.1,High
45345,4,4,9,4,11.2,High
45348,6,16,7,5,5.3,High
45349,2,12,5,8,15.1,High
45352,2,10,8,7,17,High
45354,9,6,7,5,5.633333333,High
45362,7,11,6,7,5.085714286,High
45363,8,13,9,8,5.65,High
45377,4,4,1,4,7.2,High
45378,4,1,6,3,10.3,High
45379,1,15,9,9,31.5,
45388,7,7,8,7,6.885714286,High
45392,3,2,7,3,13.1,High
45401,2,4,6,6,17.2,High
45405,13,7,9,6,5.407692308,High
45413,6,18,8,1,5.4,High
45415,5,9,4,9,6.2,High
45418,7,11,6,3,5.085714286,High
45420,23,2,9,5,5.404347826,High
45422,5,12,9,7,8.1,High
45428,6,4,4,9,6.2,High
45434,6,11,9,2,7.3,High
45438,9,1,4,1,5.133333333,High
45440,2,17,2,1,12.6,High
45443,5,1,2,5,6.8,High
45444,10,7,7,5,5.1,High
45446,1,5,6,2,32,
45449,3,12,4,6,9.6,High
45453,11,5,8,4,5.727272727,High
45454,6,7,6,7,6.6,High
45462,2,18,7,9,14.9,High
45466,2,18,9,9,15.9,High
45471,6,7,5,6,6.1,High
45474,2,15,3,3,13.5,High
45476,5,17,5,9,5.1,High
45478,7,5,4,1,5.285714286,High
45481,3,14,4,1,9.2,High
45484,3,9,8,1,12.2,High
45486,2,14,7,9,15.7,High
45489,3,17,9,4,11.1,High
45490,3,18,4,9,8.4,High
45491,2,15,5,2,14.5,High
45499,6,13,6,4,5.4,High
45502,7,3,8,4,7.685714286,High
45509,9,11,8,7,5.133333333,High
45515,4,8,6,5,8.9,High
45520,4,15,9,5,9,High
45527,2,6,7,7,17.3,High
45529,1,17,4,1,28.6,
45535,6,11,6,8,5.8,High
45544,6,2,6,2,7.6,High
45545,7,13,9,6,6.185714286,High
45548,8,5,9,2,7.25,High
45557,2,13,3,6,13.9,High
45559,12,2,7,7,5.6,High
45567,11,8,9,5,5.627272727,High
45571,7,1,2,2,5.085714286,High
45580,1,19,5,4,28.7,
45583,3,16,4,3,8.8,High
45588,2,15,2,6,13,High
45594,7,3,3,3,5.185714286,High
45600,4,3,7,2,10.4,High
45604,1,1,5,2,32.3,
45605,4,15,9,4,9,High
45607,2,18,1,3,11.9,High
45612,13,5,8,6,5.307692308,High
45615,2,12,5,8,15.1,High
45620,2,10,6,7,16,High
45626,12,3,8,6,5.9,High
45627,6,2,1,3,5.1,High
45630,6,18,8,2,5.4,High
45633,1,17,3,2,28.1,
45635,1,17,1,9,27.1,
45637,1,9,8,5,32.2,
45641,3,1,8,8,13.8,High
45645,1,2,2,6,30.6,
45648,1,10,6,8,31,
45653,2,10,9,2,17.5,High
45658,5,7,2,1,5.6,High
45663,10,5,7,7,5.5,High
45666,8,7,8,3,6.35,High
45667,3,6,5,4,11.3,High
45672,5,2,9,4,10.1,High
45677,19,4,9,1,5.278947368,High
45681,10,10,9,2,5.5,High
45692,5,2,1,4,6.1,High
45697,2,14,3,4,13.7,High
45698,3,9,9,2,12.7,High
45700,4,1,2,7,8.3,High
45706,13,2,9,4,6.407692308,High
45709,6,2,9,2,9.1,High
45712,6,6,5,5,6.3,High
45713,5,10,7,7,7.5,High
45715,4,17,8,6,8.1,High
45723,2,15,3,1,13.5,High
45724,3,2,1,3,10.1,High
45729,9,2,7,9,6.433333333,High
45731,1,2,3,9,31.1,
45732,5,8,4,5,6.4,High
45745,9,8,7,8,5.233333333,High
45748,7,4,8,4,7.485714286,High
45752,24,2,9,4,5.35,High
45756,29,1,9,8,5.334482759,High
45763,8,10,9,3,6.25,High
45765,3,9,4,6,10.2,High
45767,3,6,4,9,10.8,High
45772,7,12,8,4,5.885714286,High
45773,4,7,3,7,7.6,High
45775,3,8,3,9,9.9,High
45778,2,4,3,6,15.7,High
45780,5,10,9,7,8.5,High
45783,18,3,9,7,5.566666667,High
45785,6,1,4,7,6.8,High
45792,8,10,8,2,5.75,High
45794,8,12,9,8,5.85,High
45796,4,16,9,8,8.8,High
45799,8,8,7,4,5.65,High
45801,16,3,8,9,5.275,High
45807,1,18,7,6,29.9,
45812,2,6,9,1,18.3,High
45813,12,8,9,9,5.4,High
45814,1,18,7,1,29.9,
45821,2,13,5,1,14.9,High
45823,7,15,8,4,5.285714286,High
45828,1,19,3,1,27.7,
45830,4,4,6,9,9.7,High
45836,1,8,6,9,31.4,
45839,5,14,5,4,5.7,High
45848,2,16,8,2,15.8,High
45849,26,3,9,6,5.053846154,High
45851,2,8,4,3,15.4,High
45852,3,13,3,6,8.9,High
45858,5,8,8,1,8.4,High
45860,1,4,8,5,33.2,
45863,4,16,6,4,7.3,High
45865,2,16,3,2,13.3,High
45866,6,18,8,9,5.4,High
45869,2,2,2,4,15.6,High
45870,5,7,8,8,8.6,High
45874,5,4,1,7,5.7,High
45875,3,8,2,1,9.4,High
45877,17,5,9,7,5.264705882,High
45893,3,7,4,9,10.6,High
45895,4,3,9,1,11.4,High
45897,3,5,9,6,13.5,High
45905,5,17,8,9,6.6,High
45910,1,11,5,2,30.3,
45911,2,14,3,4,13.7,High
45917,3,12,4,9,9.6,High
45918,4,11,7,5,8.8,High
45921,2,2,7,3,18.1,High
45922,1,8,6,1,31.4,
45926,3,5,7,6,12.5,High
45931,3,16,9,3,11.3,High
45932,1,16,3,2,28.3,
45934,3,2,6,2,12.6,High
45937,7,13,8,8,5.685714286,High
45938,29,1,9,1,5.334482759,High
45939,2,7,5,5,16.1,High
45940,1,15,1,3,27.5,
45947,1,4,6,4,32.2,
45951,1,14,6,6,30.2,
45953,5,13,7,1,6.9,High
45954,3,9,9,3,12.7,High
45956,18,2,8,9,5.266666667,High
45957,5,4,9,4,9.7,High
45958,4,1,1,7,7.8,High
45959,13,5,9,7,5.807692308,High
45966,5,14,4,2,5.2,High
45969,1,17,6,9,29.6,
45973,17,1,9,7,6.064705882,High
45980,9,3,8,6,6.733333333,High
45981,20,1,9,7,5.8,High
45983,2,2,2,2,15.6,High
45984,7,11,8,5,6.085714286,High
45985,3,5,5,6,11.5,High
45989,3,8,6,7,11.4,High
45994,1,16,1,3,27.3,
45998,12,4,8,2,5.7,High
46000,6,2,1,8,5.1,High
46010,6,11,7,6,6.3,High
46011,1,15,8,4,31,
46012,8,3,6,7,6.15,High
46015,19,1,8,7,5.378947368,High
46017,9,2,8,8,6.933333333,High
46018,15,2,8,2,5.6,High
46020,2,2,5,5,17.1,High
46022,5,4,5,5,7.7,High
46027,6,7,4,8,5.6,High
46033,3,17,4,6,8.6,High
46036,3,13,2,7,8.4,High
46040,1,1,7,2,33.3,
46043,10,12,9,9,5.1,High
46045,4,6,3,2,7.8,High
46046,5,16,7,8,6.3,High
46050,2,2,5,7,17.1,High
46051,3,19,2,9,7.2,High
46052,4,3,6,7,9.9,High
46053,3,8,7,9,11.9,High
46058,28,2,9,8,5.171428571,High
46060,15,1,9,1,6.3,High
46062,3,7,9,4,13.1,High
46066,2,12,6,1,15.6,High
46072,10,6,9,3,6.3,High
46074,7,3,9,4,8.185714286,High
46079,6,6,8,5,7.8,High
46081,4,8,7,9,9.4,High
46082,2,2,9,9,19.1,High
46085,2,12,8,8,16.6,High
46090,5,9,4,6,6.2,High
46092,1,9,3,1,29.7,
46093,3,18,2,9,7.4,High
46094,4,16,3,3,5.8,High
46101,5,16,8,1,6.8,High
46102,8,11,7,7,5.05,High
46103,2,10,8,1,17,High
46105,5,1,1,9,6.3,High
46107,2,3,9,8,18.9,High
46108,3,10,6,5,11,High
46115,2,2,7,7,18.1,High
46128,10,5,8,9,6,High
46130,3,4,4,5,11.2,High
46140,8,3,7,8,6.65,High
46146,1,7,3,9,30.1,
46157,1,2,8,7,33.6,
46160,7,13,8,4,5.685714286,High
46164,15,1,8,1,5.8,High
46167,1,1,3,5,31.3,
46168,2,2,4,5,16.6,High
46177,22,1,9,2,5.663636364,High
46178,3,6,6,1,11.8,High
46186,5,13,8,3,7.4,High
46190,2,16,2,2,12.8,High
46201,3,3,5,6,11.9,High
46218,16,6,9,2,5.175,High
46219,5,17,5,6,5.1,High
46220,19,1,9,1,5.878947368,High
46223,15,5,9,9,5.5,High
46224,8,1,6,1,6.55,High
46226,4,7,7,9,9.6,High
46235,3,1,8,3,13.8,High
46237,2,5,4,2,16,High
46242,2,2,9,6,19.1,High
46246,3,9,5,5,10.7,High
46248,4,10,9,2,10,High
46263,12,3,9,4,6.4,High
46267,2,15,1,7,12.5,High
46276,7,12,7,2,5.385714286,High
46280,6,3,9,1,8.9,High
46283,8,13,8,4,5.15,High
46284,4,5,7,8,10,High
46286,7,14,8,2,5.485714286,High
46289,8,5,6,2,5.75,High
46292,5,3,2,1,6.4,High
46294,6,8,7,4,6.9,High
46298,6,6,3,5,5.3,High
46300,7,1,2,1,5.085714286,High
46304,6,3,8,9,8.4,High
46305,7,2,9,9,8.385714286,High
46316,18,5,9,2,5.166666667,High
46317,1,10,5,4,30.5,
46324,6,2,6,6,7.6,High
46328,5,6,3,4,6.3,High
46335,9,4,8,3,6.533333333,High
46336,2,9,3,9,14.7,High
46340,4,14,2,1,5.7,High
46344,2,12,9,2,17.1,High
46345,5,4,9,8,9.7,High
46356,1,18,7,6,29.9,
46365,1,3,9,4,33.9,
46374,4,9,5,9,8.2,High
46377,5,9,2,8,5.2,High
46380,4,6,8,4,10.3,High
46383,15,4,8,8,5.2,High
46385,9,3,6,6,5.733333333,High
46392,4,7,6,9,9.1,High
46395,3,14,9,1,11.7,High
46396,1,5,1,4,29.5,
46403,9,3,5,5,5.233333333,High
46404,8,14,9,6,5.45,High
46416,2,4,7,2,17.7,High
46417,5,5,5,4,7.5,High
46420,1,5,7,7,32.5,
46423,3,1,1,4,10.3,High
46429,24,1,8,1,5.05,High
46432,27,3,9,4,5.011111111,High
46438,6,16,8,7,5.8,High
46439,4,1,9,3,11.8,High
46446,4,5,9,1,11,High
46447,5,19,8,8,6.2,High
46448,4,14,1,7,5.2,High
46449,1,4,7,8,32.7,
46450,3,8,2,9,9.4,High
46451,5,18,8,2,6.4,High
46453,1,18,8,9,30.4,
46456,2,13,8,3,16.4,High
46459,1,7,3,9,30.1,
46463,10,1,7,5,6.3,High
46464,5,3,5,2,7.9,High
46468,14,2,8,9,5.742857143,High
46474,2,14,5,4,14.7,High
46475,8,4,5,7,5.45,High
46478,9,13,9,7,5.233333333,High
46479,5,9,6,5,7.2,High
46482,4,10,7,3,9,High
46483,1,15,4,9,29,
46484,4,17,6,5,7.1,High
46485,1,13,5,9,29.9,
46486,24,3,9,4,5.15,High
46493,10,6,8,2,5.8,High
46495,9,12,9,2,5.433333333,High
46504,3,3,8,3,13.4,High
46508,15,2,9,9,6.1,High
46509,5,11,6,3,6.8,High
46510,1,18,3,6,27.9,
46511,5,5,3,9,6.5,High
46512,5,6,7,8,8.3,High
46516,10,8,9,2,5.9,High
46517,3,17,9,8,11.1,High
46519,1,5,4,2,31,
46521,7,4,9,1,7.985714286,High
46523,24,3,9,2,5.15,High
46525,6,15,7,1,5.5,High
46528,4,10,5,3,8,High
46537,5,15,8,8,7,High
46541,3,1,9,5,14.3,High
46547,11,4,8,2,5.927272727,High
46550,6,8,9,1,7.9,High
46552,10,3,8,4,6.4,High
46554,2,4,2,1,15.2,High
46575,3,17,9,8,11.1,High
46578,5,14,4,9,5.2,High
46579,1,12,9,6,32.1,
46581,8,15,9,5,5.25,High
46585,5,3,7,2,8.9,High
46587,1,2,8,7,33.6,
46588,1,6,6,6,31.8,
46595,9,6,6,3,5.133333333,High
46598,6,1,6,3,7.8,High
46602,4,16,9,6,8.8,High
46606,4,10,8,2,9.5,High
46609,3,9,2,7,9.2,High
46614,11,7,8,9,5.327272727,High
46615,8,10,7,2,5.25,High
46617,1,19,6,4,29.2,
46624,15,7,9,7,5.1,High
46631,1,17,9,2,31.1,
46636,2,19,8,2,15.2,High
46643,8,8,9,5,6.65,High
46654,4,2,2,4,8.1,High
46657,9,6,8,6,6.133333333,High
46660,8,5,7,6,6.25,High
46662,1,9,3,8,29.7,
46663,7,4,6,2,6.485714286,High
46665,19,4,9,7,5.278947368,High
46670,1,17,3,5,28.1,
46674,8,14,9,5,5.45,High
46681,5,14,4,2,5.2,High
46684,15,5,9,7,5.5,High
46685,5,2,2,9,6.6,High
46689,3,3,5,6,11.9,High
46690,1,16,6,8,29.8,
46691,3,13,1,1,7.9,High
46694,6,8,9,8,7.9,High
46698,1,19,1,9,26.7,
46699,3,18,5,5,8.9,High
46703,27,3,9,6,5.011111111,High
46708,3,12,4,7,9.6,High
46709,1,6,2,7,29.8,
46710,8,2,6,9,6.35,High
46711,3,9,9,9,12.7,High
46714,2,5,9,6,18.5,High
46715,5,5,6,3,8,High
46717,1,4,6,1,32.2,
46722,7,1,3,4,5.585714286,High
46723,5,16,6,4,5.8,High
46724,23,4,9,7,5.004347826,High
46726,1,14,5,2,29.7,
46727,15,2,9,4,6.1,High
46735,1,17,2,4,27.6,
46740,4,12,5,8,7.6,High
46743,5,5,6,5,8,High
46744,11,8,8,3,5.127272727,High
46748,3,16,4,5,8.8,High
46751,1,16,2,1,27.8,
46757,6,3,6,7,7.4,High
46763,8,10,8,2,5.75,High
46765,10,7,7,1,5.1,High
46766,27,1,9,1,5.411111111,High
46768,3,1,3,7,11.3,High
46769,4,10,5,6,8,High
46772,7,4,4,1,5.485714286,High
46785,1,8,1,2,28.9,
46786,20,1,9,5,5.8,High
46789,4,5,8,3,10.5,High
46792,5,4,8,6,9.2,High
46793,1,5,5,9,31.5,
46804,5,18,7,4,5.9,High
46807,2,4,8,6,18.2,High
46811,3,7,8,4,12.6,High
46814,6,13,6,6,5.4,High
46817,7,3,8,8,7.685714286,High
46819,12,7,8,4,5.1,High
46820,4,13,9,4,9.4,High
46823,11,5,9,8,6.227272727,High
46825,9,1,7,4,6.633333333,High
46831,3,14,8,3,11.2,High
46832,7,7,7,3,6.385714286,High
46833,4,13,7,3,8.4,High
46835,5,9,2,3,5.2,High
46843,8,1,7,4,7.05,High
46844,2,19,9,3,15.7,High
46845,1,16,1,7,27.3,
46849,5,4,4,4,7.2,High
46851,1,11,6,8,30.8,
46853,4,8,1,8,6.4,High
46854,5,17,5,7,5.1,High
46861,6,17,7,9,5.1,High
46862,7,11,8,8,6.085714286,High
46867,1,9,9,3,32.7,
46869,10,10,9,4,5.5,High
46871,5,15,9,3,7.5,High
46875,4,1,9,2,11.8,High
46885,4,7,7,3,9.6,High
46886,2,14,4,1,14.2,High
46890,2,12,8,8,16.6,High
46899,4,1,4,8,9.3,High
46904,3,14,7,3,10.7,High
46905,4,4,6,4,9.7,High
46909,10,5,8,2,6,High
46910,17,1,7,2,5.064705882,High
46912,11,11,9,1,5.027272727,High
46919,5,1,4,6,7.8,High
46921,27,3,9,3,5.011111111,High
46929,2,6,4,7,15.8,High
46941,3,8,4,8,10.4,High
46947,11,2,8,4,6.327272727,High
46953,1,4,2,6,30.2,
46959,4,12,1,7,5.6,High
46960,13,4,7,8,5.007692308,High
46962,1,13,7,8,30.9,
46964,2,8,8,5,17.4,High
46965,3,1,1,2,10.3,High
46966,5,18,7,2,5.9,High
46967,4,14,3,4,6.2,High
46968,13,4,9,7,6.007692308,High
46969,1,8,2,1,29.4,
46970,3,9,9,2,12.7,High
46971,1,4,7,7,32.7,
46975,21,2,9,3,5.528571429,High
46976,12,1,6,3,5.3,High
46986,3,4,3,6,10.7,High
46987,6,15,7,7,5.5,High
46989,5,5,3,6,6.5,High
46998,9,8,9,9,6.233333333,High
47000,14,2,9,8,6.242857143,High
47003,4,6,6,9,9.3,High
47005,6,15,8,7,6,High
47011,6,2,9,8,9.1,High
47012,2,7,1,6,14.1,High
47019,2,10,9,4,17.5,High
47021,13,6,8,8,5.107692308,High
47023,6,11,8,4,6.8,High
47026,3,6,5,7,11.3,High
47027,1,6,2,1,29.8,
47030,4,6,5,1,8.8,High
47031,4,9,8,1,9.7,High
47033,29,2,9,2,5.134482759,High
47039,3,4,1,3,9.7,High
47040,8,1,6,6,6.55,High
47042,6,7,5,3,6.1,High
47046,8,6,8,1,6.55,High
47059,13,5,8,6,5.307692308,High
47060,3,6,7,9,12.3,High
47061,14,3,9,5,6.042857143,High
47067,2,2,9,9,19.1,High
47074,4,15,6,4,7.5,High
47078,2,1,9,3,19.3,High
47079,2,14,2,9,13.2,High
47087,2,17,2,8,12.6,High
47092,6,5,9,2,8.5,High
47093,24,1,8,6,5.05,High
47096,9,5,7,4,5.833333333,High
47101,5,4,8,1,9.2,High
47107,2,19,8,3,15.2,High
47109,3,12,8,4,11.6,High
47113,7,13,7,1,5.185714286,High
47119,6,6,6,1,6.8,High
47123,3,12,6,9,10.6,High
47126,1,15,8,5,31,
47133,1,2,8,3,33.6,
47142,5,4,6,7,8.2,High
47146,5,9,9,6,8.7,High
47147,11,9,9,8,5.427272727,High
47151,14,3,9,7,6.042857143,High
47152,3,3,6,9,12.4,High
47153,5,6,8,8,8.8,High
47155,12,7,8,4,5.1,High
47161,6,5,5,1,6.5,High
47163,2,7,7,9,17.1,High
47164,2,9,8,5,17.2,High
47165,1,4,3,1,30.7,
47174,3,9,5,7,10.7,High
47175,2,9,1,4,13.7,High
47179,1,8,3,5,29.9,
47180,1,9,3,1,29.7,
47182,5,12,3,6,5.1,High
47185,3,10,7,1,11.5,High
47186,4,16,6,1,7.3,High
47188,15,4,9,5,5.7,High
47189,2,4,8,7,18.2,High
47192,8,10,7,8,5.25,High
47202,7,4,4,4,5.485714286,High
47203,1,7,3,9,30.1,
47204,11,5,8,8,5.727272727,High
47209,4,8,6,5,8.9,High
47210,2,7,8,1,17.6,High
47213,4,7,9,8,10.6,High
47215,5,7,3,2,6.1,High
47218,13,3,7,6,5.207692308,High
47221,4,5,6,2,9.5,High
47223,4,15,4,6,6.5,High
47224,23,1,9,3,5.604347826,High
47229,2,15,2,7,13,High
47230,3,19,7,4,9.7,High
47235,13,3,7,4,5.207692308,High
47237,3,17,5,1,9.1,High
47241,3,6,3,9,10.3,High
47254,10,9,9,6,5.7,High
47255,2,7,2,1,14.6,High
47260,6,3,2,9,5.4,High
47271,13,6,8,5,5.107692308,High
47273,3,4,6,5,12.2,High
47277,6,14,6,9,5.2,High
47281,1,8,2,9,29.4,
47282,10,7,7,9,5.1,High
47285,10,5,7,5,5.5,High
47289,8,11,7,3,5.05,High
47290,2,10,7,4,16.5,High
47293,8,3,9,4,7.65,High
47299,3,11,6,3,10.8,High
47302,4,3,2,8,7.9,High
47303,10,4,7,2,5.7,High
47309,7,8,9,2,7.185714286,High
47312,11,1,6,8,5.527272727,High
47313,12,6,8,7,5.3,High
47315,11,1,8,6,6.527272727,High
47319,4,9,9,9,10.2,High
47322,15,5,9,7,5.5,High
47328,4,9,4,4,7.7,High
47332,6,5,9,8,8.5,High
47334,5,1,2,1,6.8,High
47335,24,1,8,7,5.05,High
47338,3,2,9,9,14.1,High
47340,4,7,1,4,6.6,High
47342,6,19,8,9,5.2,High
47346,4,17,5,5,6.6,High
47347,6,13,9,8,6.9,High
47349,1,8,4,4,30.4,
47351,1,6,8,8,32.8,
47353,2,10,6,6,16,High
47356,5,3,8,9,9.4,High
47360,2,11,3,1,14.3,High
47363,2,3,7,1,17.9,High
47368,5,9,5,1,6.7,High
47369,1,6,5,9,31.3,
47370,5,4,7,2,8.7,High
47376,3,17,2,4,7.6,High
47380,13,9,9,3,5.007692308,High
47382,10,8,8,6,5.4,High
47385,1,6,9,6,33.3,
47386,4,14,3,6,6.2,High
47387,5,15,8,7,7,High
47394,17,3,8,3,5.164705882,High
47398,4,13,3,5,6.4,High
47408,5,5,8,8,9,High
47414,4,14,1,8,5.2,High
47421,7,1,5,7,6.585714286,High
47432,6,17,8,2,5.6,High
47439,12,2,9,2,6.6,High
47441,6,4,3,8,5.7,High
47446,10,11,9,2,5.3,High
47452,4,19,4,8,5.7,High
47453,4,16,4,9,6.3,High
47456,5,6,4,6,6.8,High
47466,15,1,7,4,5.3,High
47478,6,1,7,6,8.3,High
47480,4,1,9,8,11.8,High
47491,6,11,7,2,6.3,High
47493,7,1,9,8,8.585714286,High
47495,13,2,9,1,6.407692308,High
47501,2,8,3,8,14.9,High
47505,10,8,8,5,5.4,High
47509,2,10,3,3,14.5,High
47511,1,13,5,2,29.9,
47523,1,8,5,2,30.9,
47524,1,13,1,2,27.9,
47525,1,14,5,2,29.7,
47527,2,3,7,4,17.9,High
47529,10,4,7,7,5.7,High
47534,3,4,5,8,11.7,High
47536,2,8,2,6,14.4,High
47538,1,3,2,4,30.4,
47541,5,5,7,2,8.5,High
47557,16,3,8,5,5.275,High
47558,3,16,8,5,10.8,High
47566,7,1,2,3,5.085714286,High
47570,2,12,1,8,13.1,High
47575,1,8,2,3,29.4,
47579,1,9,1,6,28.7,
47580,2,3,1,7,14.9,High
47582,14,3,8,9,5.542857143,High
47589,3,16,7,3,10.3,High
47593,4,16,8,4,8.3,High
47596,4,12,9,5,9.6,High
47599,1,2,4,7,31.6,
47609,11,5,9,1,6.227272727,High
47613,1,19,1,6,26.7,
47616,7,3,5,9,6.185714286,High
47624,6,14,7,2,5.7,High
47635,2,14,8,2,16.2,High
47638,11,1,5,7,5.027272727,High
47644,11,1,9,3,7.027272727,High
47655,1,17,3,5,28.1,
47657,5,10,4,9,6,High
47664,7,8,6,6,5.685714286,High
47666,6,9,8,8,7.2,High
47667,7,1,8,1,8.085714286,High
47670,6,6,9,1,8.3,High
47674,7,4,5,3,5.985714286,High
47676,8,4,6,5,5.95,High
47682,8,6,8,7,6.55,High
47693,1,14,1,3,27.7,
47695,4,12,9,1,9.6,High
47699,4,3,6,7,9.9,High
47700,2,1,5,5,17.3,High
47705,1,5,2,2,30,
47706,2,8,3,2,14.9,High
47707,5,14,5,5,5.7,High
47708,13,4,7,4,5.007692308,High
47709,4,6,6,2,9.3,High
47711,1,1,4,2,31.8,
47718,23,1,9,1,5.604347826,High
47722,15,4,8,4,5.2,High
47724,8,1,8,1,7.55,High
47734,5,3,5,1,7.9,High
47740,4,7,3,2,7.6,High
47741,3,6,7,8,12.3,High
47747,3,5,3,6,10.5,High
47748,1,4,6,9,32.2,
47751,3,17,4,8,8.6,High
47752,2,18,8,8,15.4,High
47759,6,5,4,8,6,High
47760,4,16,7,3,7.8,High
47762,6,11,8,3,6.8,High
47765,3,13,8,7,11.4,High
47770,1,19,6,9,29.2,
47774,2,12,7,5,16.1,High
47782,7,6,7,1,6.585714286,High
47788,12,4,8,1,5.7,High
47789,10,8,9,2,5.9,High
47793,3,7,1,5,9.1,High
47794,2,11,7,9,16.3,High
47795,23,3,9,6,5.204347826,High
47803,9,5,6,4,5.333333333,High
47809,9,3,9,1,7.233333333,High
47811,5,8,9,6,8.9,High
47812,3,16,9,1,11.3,High
47814,6,1,9,4,9.3,High
47815,8,14,9,4,5.45,High
47820,7,6,5,3,5.585714286,High
47821,4,18,4,7,5.9,High
47823,10,11,9,4,5.3,High
47826,1,18,9,9,30.9,
47827,16,4,9,2,5.575,High
47834,4,6,4,1,8.3,High
47836,6,11,8,4,6.8,High
47840,3,6,1,5,9.3,High
47841,3,1,9,2,14.3,High
47843,6,1,2,2,5.8,High
47846,7,16,8,6,5.085714286,High
47847,4,15,2,9,5.5,High
47850,2,18,7,3,14.9,High
47853,6,10,5,5,5.5,High
47858,1,19,8,6,30.2,
47861,2,11,3,2,14.3,High
47880,12,1,6,5,5.3,High
47884,11,1,6,4,5.527272727,High
47885,1,10,8,8,32,
47888,6,8,8,5,7.4,High
47890,14,7,9,7,5.242857143,High
47900,2,19,7,9,14.7,High
47901,5,16,8,8,6.8,High
47902,2,16,1,2,12.3,High
47908,8,9,8,6,5.95,High
47911,3,14,5,4,9.7,High
47913,1,17,2,9,27.6,
47918,5,2,4,4,7.6,High
47925,5,19,7,6,5.7,High
47929,4,16,3,2,5.8,High
47930,2,3,9,4,18.9,High
47938,4,2,3,7,8.6,High
47942,4,3,1,1,7.4,High
47950,1,6,5,6,31.3,
47951,1,4,8,3,33.2,
47955,2,17,3,1,13.1,High
47961,2,4,3,2,15.7,High
47963,2,11,2,6,13.8,High
47964,16,4,9,5,5.575,High
47965,10,6,7,9,5.3,High
47966,10,10,9,4,5.5,High
47968,7,12,7,3,5.385714286,High
47970,5,14,9,8,7.7,High
47972,6,2,5,2,7.1,High
47978,1,8,8,2,32.4,
47979,6,11,7,6,6.3,High
47980,1,18,4,6,28.4,
47981,8,1,9,9,8.05,High
47983,6,11,8,3,6.8,High
47991,9,9,8,7,5.533333333,High
47992,1,9,9,5,32.7,
47995,12,2,6,6,5.1,High
48000,1,2,4,8,31.6,
48005,6,14,9,9,6.7,High
48013,4,18,3,5,5.4,High
48018,8,6,6,5,5.55,High
48023,3,16,6,3,9.8,High
48024,13,1,8,5,6.107692308,High
48026,9,3,5,5,5.233333333,High
48029,6,7,7,9,7.1,High
48036,6,2,1,8,5.1,High
48039,6,1,5,3,7.3,High
48040,5,4,9,3,9.7,High
48042,3,5,9,9,13.5,High
48054,2,12,8,8,16.6,High
48057,5,9,5,1,6.7,High
48059,12,2,6,6,5.1,High
48065,2,7,5,4,16.1,High
48066,23,2,9,3,5.404347826,High
48068,5,15,7,7,6.5,High
48069,1,16,8,3,30.8,
48071,4,12,1,3,5.6,High
48077,2,1,5,6,17.3,High
48080,8,1,3,9,5.05,High
48082,2,3,4,4,16.4,High
48086,2,16,4,5,13.8,High
48087,2,7,9,5,18.1,High
48098,1,19,4,2,28.2,
48099,9,1,6,7,6.133333333,High
48101,13,1,9,3,6.607692308,High
48105,8,1,6,7,6.55,High
48106,4,12,6,1,8.1,High
48107,4,12,7,2,8.6,High
48109,4,10,2,1,6.5,High
48116,2,10,5,8,15.5,High
48117,7,3,4,5,5.685714286,High
48121,12,3,9,8,6.4,High
48126,2,2,9,3,19.1,High
48128,1,13,6,1,30.4,
48129,2,8,2,7,14.4,High
48130,4,15,8,4,8.5,High
48131,3,9,7,3,11.7,High
48140,4,4,9,8,11.2,High
48141,6,1,7,6,8.3,High
48144,2,4,1,4,14.7,High
48145,9,1,9,4,7.633333333,High
48151,16,1,8,1,5.675,High
48152,6,13,9,5,6.9,High
48157,2,1,2,7,15.8,High
48158,4,2,4,3,9.1,High
48182,4,11,5,2,7.8,High
48183,2,7,2,5,14.6,High
48184,15,3,9,9,5.9,High
48187,2,8,2,3,14.4,High
48188,2,7,1,2,14.1,High
48191,9,3,5,6,5.233333333,High
48194,5,1,2,5,6.8,High
48199,8,1,9,5,8.05,High
48202,3,17,6,7,9.6,High
48209,1,1,7,6,33.3,
48214,4,10,2,8,6.5,High
48217,5,6,1,2,5.3,High
48218,3,9,3,7,9.7,High
48220,1,4,3,4,30.7,
48222,7,7,8,7,6.885714286,High
48225,6,5,4,7,6,High
48234,1,4,3,1,30.7,
48235,1,11,4,2,29.8,
48236,6,1,2,7,5.8,High
48243,7,5,9,1,7.785714286,High
48246,11,1,6,3,5.527272727,High
48253,3,15,6,6,10,High
48254,8,5,7,5,6.25,High
48257,20,2,8,3,5.1,High
48264,6,2,7,1,8.1,High
48267,2,6,5,3,16.3,High
48272,2,2,6,6,17.6,High
48273,9,6,9,3,6.633333333,High
48274,7,12,8,8,5.885714286,High
48280,11,10,9,2,5.227272727,High
48281,15,1,9,6,6.3,High
48282,2,6,8,2,17.8,High
48290,9,5,9,2,6.833333333,High
48291,9,2,5,4,5.433333333,High
48297,2,12,7,9,16.1,High
48299,5,8,2,3,5.4,High
48303,2,4,4,1,16.2,High
48309,4,2,5,4,9.6,High
48312,1,18,6,7,29.4,
48317,7,12,7,1,5.385714286,High
48318,5,9,5,7,6.7,High
48320,4,9,7,9,9.2,High
48322,1,17,5,3,29.1,
48327,4,18,5,5,6.4,High
48329,1,17,3,1,28.1,
48331,23,2,9,7,5.404347826,High
48339,3,4,7,2,12.7,High
48340,2,15,1,8,12.5,High
48345,2,13,2,9,13.4,High
48352,3,15,1,6,7.5,High
48353,4,12,8,7,9.1,High
48355,5,16,6,3,5.8,High
48368,10,3,8,6,6.4,High
48370,4,13,8,2,8.9,High
48377,4,8,8,7,9.9,High
48378,5,19,9,4,6.7,High
48379,7,6,5,4,5.585714286,High
48380,3,7,9,1,13.1,High
48390,25,3,9,8,5.1,High
48395,7,13,7,2,5.185714286,High
48397,4,19,8,2,7.7,High
48398,5,5,9,8,9.5,High
48399,3,19,7,3,9.7,High
48402,3,9,2,1,9.2,High
48404,9,8,9,6,6.233333333,High
48407,6,7,7,1,7.1,High
48408,7,3,5,4,6.185714286,High
48412,20,2,8,5,5.1,High
48414,2,3,3,9,15.9,High
48416,5,10,9,3,8.5,High
48418,3,9,6,6,11.2,High
48421,11,6,7,4,5.027272727,High
48422,3,3,4,4,11.4,High
48426,11,6,8,3,5.527272727,High
48427,2,3,1,2,14.9,High
48436,6,6,4,2,5.8,High
48444,4,3,7,1,10.4,High
48445,1,18,4,8,28.4,
48447,6,12,6,4,5.6,High
48449,1,4,7,5,32.7,
48451,1,9,2,8,29.2,
48462,4,11,4,4,7.3,High
48463,4,3,8,4,10.9,High
48464,7,1,3,3,5.585714286,High
48465,2,1,2,4,15.8,High
48466,6,15,7,5,5.5,High
48469,5,1,6,1,8.8,High
48476,6,4,4,9,6.2,High
48481,9,5,7,6,5.833333333,High
48484,21,1,9,5,5.728571429,High
48490,3,6,8,9,12.8,High
48493,14,1,7,6,5.442857143,High
48498,4,17,8,9,8.1,High
48502,6,3,5,4,6.9,High
48508,18,5,9,8,5.166666667,High
48511,19,5,9,6,5.078947368,High
48512,6,5,3,9,5.5,High
48517,7,11,6,3,5.085714286,High
48520,2,14,4,9,14.2,High
48521,7,8,5,7,5.185714286,High
48524,4,14,1,7,5.2,High
48528,11,6,8,7,5.527272727,High
48530,1,5,3,4,30.5,
48532,3,12,2,7,8.6,High
48543,3,19,6,3,9.2,High
48547,1,15,9,4,31.5,
48554,1,19,2,2,27.2,
48560,1,14,7,7,30.7,
48564,10,3,6,1,5.4,High
48566,2,18,6,7,14.4,High
48573,14,7,9,9,5.242857143,High
48575,4,4,7,8,10.2,High
48579,13,4,8,5,5.507692308,High
48585,2,7,4,5,15.6,High
48586,1,18,6,2,29.4,
48587,6,2,6,9,7.6,High
48588,3,17,3,9,8.1,High
48589,5,2,2,7,6.6,High
48601,7,16,9,1,5.585714286,High
48603,12,6,9,8,5.8,High
48604,1,17,1,4,27.1,
48605,8,2,6,8,6.35,High
48607,8,9,9,8,6.45,High
48609,4,4,1,9,7.2,High
48613,1,1,3,2,31.3,
48617,7,8,9,1,7.185714286,High
48618,4,14,9,7,9.2,High
48620,3,16,3,1,8.3,High
48623,2,8,9,6,17.9,High
48624,3,16,4,5,8.8,High
48631,2,4,7,8,17.7,High
48635,6,13,7,1,5.9,High
48643,8,7,6,6,5.35,High
48646,2,10,4,2,15,High
48650,29,2,9,7,5.134482759,High
48658,14,5,9,1,5.642857143,High
48659,5,13,4,5,5.4,High
48665,19,1,9,9,5.878947368,High
48671,7,11,7,1,5.585714286,High
48673,3,1,3,2,11.3,High
48675,6,4,7,7,7.7,High
48682,1,13,1,3,27.9,
48684,8,13,9,8,5.65,High
48687,9,4,7,5,6.033333333,High
48688,1,5,5,8,31.5,
48690,3,12,6,3,10.6,High
48692,6,13,9,1,6.9,High
48696,3,19,1,6,6.7,High
48709,1,4,3,1,30.7,
48710,4,8,2,6,6.9,High
48712,3,18,2,2,7.4,High
48717,8,3,5,2,5.65,High
48721,10,2,5,1,5.1,High
48722,17,4,9,4,5.464705882,High
48745,17,3,9,5,5.664705882,High
48756,6,9,4,7,5.2,High
48757,5,12,8,5,7.6,High
48766,5,10,3,1,5.5,High
48772,12,3,9,4,6.4,High
48775,4,11,6,1,8.3,High
48777,7,3,5,7,6.185714286,High
48779,3,13,9,8,11.9,High
48780,4,6,1,9,6.8,High
48794,7,17,9,6,5.385714286,High
48796,4,9,1,9,6.2,High
48815,5,5,7,5,8.5,High
48817,1,18,4,2,28.4,
48819,18,1,8,3,5.466666667,High
48820,3,16,7,5,10.3,High
48829,6,17,7,9,5.1,High
48833,1,13,4,4,29.4,
48834,1,19,6,5,29.2,
48836,1,18,1,5,26.9,
48847,1,16,9,2,31.3,
48850,1,13,8,7,31.4,
48852,4,18,6,2,6.9,High
48854,5,1,2,7,6.8,High
48858,3,16,6,8,9.8,High
48860,14,8,9,6,5.042857143,High
48861,3,8,9,1,12.9,High
48863,3,3,4,8,11.4,High
48867,6,5,3,2,5.5,High
48868,5,2,4,7,7.6,High
48869,3,19,3,6,7.7,High
48870,5,4,4,2,7.2,High
48871,4,18,4,1,5.9,High
48872,12,3,7,4,5.4,High
48873,1,1,2,4,30.8,
48878,4,12,6,6,8.1,High
48879,14,8,9,7,5.042857143,High
48883,5,3,5,9,7.9,High
48887,3,8,9,8,12.9,High
48888,1,9,7,2,31.7,
48889,6,11,7,3,6.3,High
48891,4,6,9,4,10.8,High
48893,1,12,1,1,28.1,
48895,3,11,1,7,8.3,High
48899,6,1,7,8,8.3,High
48900,2,14,7,4,15.7,High
48902,2,9,8,9,17.2,High
48904,4,16,8,3,8.3,High
48907,1,12,8,2,31.6,
48908,4,1,9,5,11.8,High
48910,2,3,4,4,16.4,High
48915,3,6,4,4,10.8,High
48925,5,15,8,7,7,High
48929,11,2,6,8,5.327272727,High
48931,9,6,6,1,5.133333333,High
48934,3,2,4,6,11.6,High
48935,2,17,9,6,16.1,High
48941,7,5,6,7,6.285714286,High
48950,5,1,3,8,7.3,High
48951,3,10,1,8,8.5,High
48953,6,3,6,3,7.4,High
48956,5,15,9,7,7.5,High
48963,2,9,8,3,17.2,High
48964,2,4,1,1,14.7,High
48968,2,4,6,2,17.2,High
48970,5,10,4,3,6,High
48973,6,17,9,3,6.1,High
48977,2,2,5,4,17.1,High
48984,7,14,8,4,5.485714286,High
48985,1,19,6,2,29.2,
48986,12,1,9,9,6.8,High
48990,9,4,9,6,7.033333333,High
49001,1,13,5,6,29.9,
49005,2,1,5,7,17.3,High
49011,9,2,9,9,7.433333333,High
49017,7,15,9,5,5.785714286,High
49019,7,5,7,6,6.785714286,High
49022,13,7,9,9,5.407692308,High
49026,14,5,9,6,5.642857143,High
49027,11,6,7,4,5.027272727,High
49030,8,8,8,3,6.15,High
49031,5,3,2,2,6.4,High
49032,5,2,1,5,6.1,High
49040,3,15,7,2,10.5,High
49043,12,6,9,9,5.8,High
49044,6,3,8,4,8.4,High
49051,2,15,7,6,15.5,High
49052,6,13,6,3,5.4,High
49053,12,2,9,4,6.6,High
49056,1,9,3,5,29.7,
49057,2,6,2,3,14.8,High
49060,3,16,9,3,11.3,High
49065,3,6,7,5,12.3,High
49066,19,4,9,1,5.278947368,High
49067,2,1,2,9,15.8,High
49069,10,3,9,1,6.9,High
49071,1,2,4,6,31.6,
49083,12,4,8,3,5.7,High
49093,6,15,7,6,5.5,High
49100,3,2,9,6,14.1,High
49101,5,8,3,8,5.9,High
49106,4,1,8,1,11.3,High
49108,3,2,7,7,13.1,High
49109,4,10,4,6,7.5,High
49114,11,4,8,9,5.927272727,High
49118,8,1,9,8,8.05,High
49123,7,1,5,2,6.585714286,High
49132,10,3,7,6,5.9,High
49134,6,13,9,7,6.9,High
49138,4,2,7,9,10.6,High
49139,1,15,7,7,30.5,
49140,7,7,9,5,7.385714286,High
49142,5,2,8,4,9.6,High
49144,18,3,8,2,5.066666667,High
49145,2,19,2,3,12.2,High
49154,5,3,8,8,9.4,High
49155,2,4,5,8,16.7,High
49157,2,7,6,1,16.6,High
49161,4,14,7,1,8.2,High
49162,7,3,6,7,6.685714286,High
49170,1,2,2,9,30.6,
49176,1,3,7,6,32.9,
49183,7,1,6,4,7.085714286,High
49185,3,15,9,4,11.5,High
49191,9,3,8,5,6.733333333,High
49193,4,11,6,3,8.3,High
49194,1,16,6,4,29.8,
49196,1,9,6,9,31.2,
49197,3,6,7,4,12.3,High
49198,5,6,8,5,8.8,High
49200,4,4,1,9,7.2,High
49202,2,11,7,8,16.3,High
49206,2,11,3,5,14.3,High
49209,8,11,9,8,6.05,High
49215,6,6,6,1,6.8,High
49216,4,7,3,4,7.6,High
49220,5,2,8,7,9.6,High
49228,14,3,9,3,6.042857143,High
49230,5,5,7,9,8.5,High
49233,10,3,7,7,5.9,High
49240,5,19,8,5,6.2,High
49245,2,9,3,6,14.7,High
49246,3,14,7,4,10.7,High
49247,22,1,9,7,5.663636364,High
49250,2,5,2,9,15,High
49253,2,14,9,1,16.7,High
49256,4,11,1,6,5.8,High
49257,5,2,6,3,8.6,High
49260,4,2,7,6,10.6,High
49264,2,5,4,8,16,High
49273,7,5,8,7,7.285714286,High
49276,4,4,6,2,9.7,High
49277,20,1,9,3,5.8,High
49284,4,10,6,3,8.5,High
49290,3,6,6,8,11.8,High
49298,7,3,3,3,5.185714286,High
49302,1,13,3,5,28.9,
49304,9,10,9,1,5.833333333,High
49308,8,2,8,9,7.35,High
49311,2,17,2,8,12.6,High
49312,2,11,4,4,14.8,High
49313,5,19,7,2,5.7,High
49314,3,4,3,9,10.7,High
49316,5,8,3,7,5.9,High
49320,5,8,8,6,8.4,High
49327,13,1,9,4,6.607692308,High
49331,2,5,9,4,18.5,High
49332,4,9,2,9,6.7,High
49335,8,2,6,3,6.35,High
49336,4,13,2,1,5.9,High
49344,2,8,1,2,13.9,High
49347,9,1,6,8,6.133333333,High
49359,3,14,7,8,10.7,High
49362,2,13,1,9,12.9,High
49364,1,11,1,1,28.3,
49366,5,1,6,7,8.8,High
49372,13,1,7,2,5.607692308,High
49373,3,19,7,8,9.7,High
49375,3,2,2,8,10.6,High
49376,6,17,8,5,5.6,High
49386,3,15,3,7,8.5,High
49387,15,4,9,3,5.7,High
49388,11,8,8,8,5.127272727,High
49393,18,1,8,3,5.466666667,High
49395,9,3,6,2,5.733333333,High
49398,10,8,8,8,5.4,High
49401,5,9,6,9,7.2,High
49405,7,3,3,4,5.185714286,High
49410,17,2,9,3,5.864705882,High
49417,5,7,8,1,8.6,High
49419,2,9,4,8,15.2,High
49420,3,16,9,9,11.3,High
49429,13,3,9,8,6.207692308,High
49430,2,12,1,7,13.1,High
49434,3,13,7,7,10.9,High
49436,11,1,6,9,5.527272727,High
49445,1,18,8,1,30.4,
49446,2,3,8,1,18.4,High
49450,14,2,9,9,6.242857143,High
49453,5,2,2,9,6.6,High
49456,2,19,1,3,11.7,High
49461,4,11,7,1,8.8,High
49476,1,19,4,2,28.2,
49484,1,12,9,9,32.1,
49486,3,15,2,6,8,High
49488,2,8,3,4,14.9,High
49490,3,17,6,8,9.6,High
49495,8,3,4,7,5.15,High
49500,4,5,1,2,7,High
49503,1,11,7,6,31.3,
49504,8,4,9,1,7.45,High
49507,1,19,8,3,30.2,
49512,5,17,8,3,6.6,High
49527,6,12,5,1,5.1,High
49528,9,4,9,3,7.033333333,High
49529,6,13,7,8,5.9,High
49536,4,10,5,8,8,High
49542,5,6,4,2,6.8,High
49550,8,10,8,8,5.75,High
49556,2,3,8,6,18.4,High
49558,4,12,8,5,9.1,High
49567,2,7,3,3,15.1,High
49568,7,14,8,1,5.485714286,High
49570,12,1,7,8,5.8,High
49577,3,12,6,2,10.6,High
49579,2,5,3,3,15.5,High
49584,1,17,3,2,28.1,
49586,3,11,9,8,12.3,High
49590,7,4,8,4,7.485714286,High
49597,7,1,8,2,8.085714286,High
49599,1,15,4,2,29,
49613,7,3,8,1,7.685714286,High
49620,5,6,8,4,8.8,High
49622,3,3,9,3,13.9,High
49624,2,19,6,3,14.2,High
49625,3,11,2,3,8.8,High
49631,2,1,4,1,16.8,High
49640,3,1,6,4,12.8,High
49641,6,12,5,8,5.1,High
49642,6,4,6,4,7.2,High
49647,8,8,7,6,5.65,High
49648,1,7,9,8,33.1,
49649,2,14,5,6,14.7,High
49650,5,1,6,7,8.8,High
49656,8,7,9,9,6.85,High
49658,4,13,3,5,6.4,High
49659,5,3,1,7,5.9,High
49662,10,5,7,7,5.5,High
49663,6,11,5,5,5.3,High
49664,11,4,8,4,5.927272727,High
49677,1,17,1,1,27.1,
49681,3,17,3,9,8.1,High
49686,9,10,9,5,5.833333333,High
49690,5,2,8,3,9.6,High
49694,6,5,5,2,6.5,High
49695,3,19,9,5,10.7,High
49699,7,11,7,7,5.585714286,High
49704,7,1,8,3,8.085714286,High
49705,11,6,7,1,5.027272727,High
49711,3,6,4,2,10.8,High
49714,11,11,9,3,5.027272727,High
49715,1,13,1,6,27.9,
49717,11,3,9,8,6.627272727,High
49718,8,6,7,6,6.05,High
49733,2,17,8,2,15.6,High
49736,4,9,3,9,7.2,High
49744,3,18,3,4,7.9,High
49746,14,2,7,9,5.242857143,High
49776,19,4,9,1,5.278947368,High
49779,9,12,9,5,5.433333333,High
49782,4,4,5,9,9.2,High
49785,2,9,4,2,15.2,High
49789,2,16,5,9,14.3,High
49794,1,9,9,6,32.7,
49795,2,19,7,3,14.7,High
49804,3,13,1,9,7.9,High
49810,24,1,8,1,5.05,High
49813,4,18,6,1,6.9,High
49816,10,5,8,4,6,High
49817,5,12,6,3,6.6,High
49818,5,2,3,6,7.1,High
49825,21,2,9,8,5.528571429,High
49826,11,1,8,9,6.527272727,High
49827,1,3,4,4,31.4,
49833,2,8,8,4,17.4,High
49836,2,15,4,8,14,High
49843,5,12,3,8,5.1,High
49844,6,11,6,9,5.8,High
49860,3,1,3,4,11.3,High
49863,2,5,3,3,15.5,High
49870,11,1,9,1,7.027272727,High
49871,11,7,8,8,5.327272727,High
49876,6,1,1,3,5.3,High
49877,14,6,9,3,5.442857143,High
49880,1,3,7,2,32.9,
49902,2,14,1,1,12.7,High
49914,4,12,5,8,7.6,High
49921,1,16,3,4,28.3,
49926,8,7,8,2,6.35,High
49928,1,19,1,8,26.7,
49933,7,1,9,8,8.585714286,High
49934,7,10,9,2,6.785714286,High
49937,4,16,4,9,6.3,High
49939,3,5,4,3,11,High
49945,1,14,5,5,29.7,
49948,6,16,7,8,5.3,High
49955,1,2,1,2,30.1,
49956,1,13,8,1,31.4,
49959,2,17,6,8,14.6,High
49960,7,3,6,4,6.685714286,High
49965,1,13,4,9,29.4,
49970,1,2,9,4,34.1,
49971,4,5,7,1,10,High
49978,2,16,2,6,12.8,High
49980,4,5,2,2,7.5,High
49988,1,9,3,2,29.7,
49990,1,1,5,4,32.3,
49991,3,8,9,9,12.9,High
49992,7,10,9,9,6.785714286,High
49993,9,1,8,7,7.133333333,High
49994,8,12,9,9,5.85,High
49995,6,1,2,9,5.8,High
