task_id,deadline_days,effort,impact,workload,priority_score,priority_label
1,29,17,5,6,0.134482759,Low
4,28,9,2,4,0.271428571,Low
20,28,19,3,2,-1.228571429,Low
31,15,10,1,3,0.5,Low
32,22,19,6,1,0.563636364,Low
38,20,11,1,9,-0.2,Low
39,14,17,4,8,0.742857143,Low
43,24,10,2,6,0.25,Low
45,25,8,2,1,0.6,Low
49,27,1,2,5,1.911111111,Low
50,22,7,1,7,0.463636364,Low
51,24,5,3,6,1.75,Low
52,14,19,3,2,-0.157142857,Low
55,29,4,3,7,1.734482759,Low
58,22,8,4,2,1.763636364,Low
60,19,15,1,2,-0.921052632,Low
61,28,19,5,9,-0.228571429,Low
66,29,13,3,7,-0.065517241,Low
67,18,18,3,4,-0.433333333,Low
68,24,17,5,5,0.35,Low
72,28,9,4,3,1.271428571,Low
73,12,10,1,2,1,Low
74,20,18,1,2,-1.6,Low
76,16,10,4,1,1.875,Low
77,21,1,1,2,1.728571429,Low
78,25,14,3,2,-0.1,Low
83,27,11,3,6,0.411111111,Low
87,16,17,2,8,-0.525,Low
89,23,7,1,9,0.404347826,Low
90,26,18,7,8,1.053846154,Low
92,13,15,1,5,-0.192307692,Low
96,13,10,1,6,0.807692308,Low
98,18,14,1,6,-0.633333333,Low
104,18,7,1,3,0.766666667,Low
109,29,19,2,3,-1.765517241,Low
110,24,4,1,5,0.95,Low
113,9,13,1,7,1.233333333,Low
118,27,17,8,1,1.711111111,Low
124,27,18,8,7,1.511111111,Low
125,22,18,2,9,-1.236363636,Low
126,13,15,4,1,1.307692308,Low
129,28,7,1,1,0.171428571,Low
134,12,8,1,5,1.4,Low
135,16,15,4,3,0.875,Low
137,27,17,1,6,-1.788888889,Low
140,7,14,1,7,1.985714286,Low
142,20,1,1,2,1.8,Low
144,24,16,1,5,-1.45,Low
145,7,15,1,5,1.785714286,Low
148,19,10,3,4,1.078947368,Low
149,23,13,2,6,-0.295652174,Low
150,16,12,3,9,0.975,Low
160,15,19,1,3,-1.3,Low
167,15,19,1,2,-1.3,Low
171,24,16,2,2,-0.95,Low
174,28,11,2,1,-0.128571429,Low
176,9,13,2,2,1.733333333,Low
189,9,17,4,6,1.933333333,Low
190,21,14,6,5,1.628571429,Low
191,28,9,5,8,1.771428571,Low
192,29,10,5,5,1.534482759,Low
195,9,18,4,7,1.733333333,Low
196,12,15,3,9,1,Low
198,11,14,3,9,1.427272727,Low
199,29,6,2,7,0.834482759,Low
202,16,11,3,2,1.175,Low
203,23,15,3,5,-0.195652174,Low
205,12,15,1,9,0,Low
206,25,19,6,6,0.4,Low
207,20,3,1,5,1.4,Low
211,27,19,3,8,-1.188888889,Low
213,18,11,1,9,-0.033333333,Low
215,22,18,2,6,-1.236363636,Low
219,12,9,2,4,1.7,Low
220,11,19,5,7,1.427272727,Low
224,23,18,8,5,1.704347826,Low
226,10,19,4,3,1.2,Low
232,18,5,2,5,1.666666667,Low
233,15,8,1,1,0.9,Low
235,18,17,5,1,0.766666667,Low
241,22,13,1,7,-0.736363636,Low
243,13,14,4,9,1.507692308,Low
248,22,10,4,4,1.363636364,Low
249,29,11,2,8,-0.165517241,Low
254,18,17,3,9,-0.233333333,Low
256,22,12,2,1,-0.036363636,Low
258,17,19,6,8,0.964705882,Low
260,28,13,4,8,0.471428571,Low
264,10,18,1,7,-0.1,Low
266,21,17,1,5,-1.471428571,Low
271,26,19,9,5,1.853846154,Low
277,25,17,8,5,1.8,Low
278,21,7,3,9,1.528571429,Low
280,14,13,3,8,1.042857143,Low
283,20,15,1,2,-1,Low
287,23,10,3,2,0.804347826,Low
288,25,19,4,7,-0.6,Low
290,21,19,1,5,-1.871428571,Low
291,23,11,1,2,-0.395652174,Low
292,13,13,2,4,0.707692308,Low
297,14,11,4,7,1.942857143,Low
300,23,15,1,4,-1.195652174,Low
301,23,4,2,8,1.504347826,Low
308,20,12,5,6,1.6,Low
310,16,6,2,4,1.675,Low
312,13,19,5,5,1.007692308,Low
313,23,15,3,5,-0.195652174,Low
316,28,13,6,7,1.471428571,Low
318,11,12,2,9,1.327272727,Low
319,23,18,3,9,-0.795652174,Low
320,16,4,1,5,1.575,Low
322,21,16,7,3,1.728571429,Low
329,27,16,4,2,-0.088888889,Low
333,28,19,8,5,1.271428571,Low
338,25,16,6,5,1,Low
346,27,13,2,9,-0.488888889,Low
349,16,5,1,2,1.375,Low
352,17,12,3,9,0.864705882,Low
353,24,6,1,8,0.55,Low
354,10,10,2,5,2,Low
357,15,14,3,5,0.7,Low
363,23,13,5,5,1.204347826,Low
370,19,10,1,9,0.078947368,Low
373,19,7,2,7,1.178947368,Low
377,18,9,1,2,0.366666667,Low
381,15,18,7,9,1.9,Low
385,21,13,2,2,-0.171428571,Low
389,18,9,2,7,0.866666667,Low
392,17,17,6,8,1.364705882,Low
396,17,13,3,5,0.664705882,Low
397,28,3,1,8,0.971428571,Low
398,27,11,3,5,0.411111111,Low
399,12,16,5,5,1.8,Low
401,24,18,5,5,0.15,Low
407,9,17,4,9,1.933333333,Low
409,8,15,1,9,1.25,Low
410,17,8,3,8,1.664705882,Low
414,27,17,7,1,1.211111111,Low
415,20,14,6,1,1.7,Low
417,12,18,3,7,0.4,Low
419,14,14,4,4,1.342857143,Low
420,12,15,5,2,2,Low
421,15,15,6,4,2,Low
423,15,9,1,5,0.7,Low
428,27,16,2,5,-1.088888889,Low
429,25,18,2,5,-1.4,Low
434,11,19,2,6,-0.072727273,Low
435,9,15,1,2,0.833333333,Low
441,25,10,4,4,1.2,Low
443,28,14,1,4,-1.228571429,Low
444,18,15,3,9,0.166666667,Low
448,22,9,4,9,1.563636364,Low
451,16,11,1,6,0.175,Low
455,22,6,3,1,1.663636364,Low
462,27,4,1,2,0.811111111,Low
471,25,14,1,3,-1.1,Low
476,17,17,6,4,1.364705882,Low
480,20,4,2,8,1.7,Low
481,16,11,2,9,0.675,Low
484,26,17,2,8,-1.246153846,Low
486,18,7,3,2,1.766666667,Low
489,27,4,3,7,1.811111111,Low
492,27,14,5,2,0.811111111,Low
494,29,1,1,5,1.334482759,Low
495,14,4,1,4,1.842857143,Low
499,25,17,7,1,1.3,Low
503,22,15,1,8,-1.136363636,Low
504,29,19,5,9,-0.265517241,Low
508,12,14,1,9,0.2,Low
509,19,19,2,3,-1.221052632,Low
511,19,2,1,5,1.678947368,Low
513,11,11,2,4,1.527272727,Low
517,19,10,4,9,1.578947368,Low
520,29,17,6,2,0.634482759,Low
522,23,17,6,1,0.904347826,Low
525,11,18,1,5,-0.372727273,Low
526,18,13,3,7,0.566666667,Low
531,26,11,1,8,-0.546153846,Low
532,29,12,2,6,-0.365517241,Low
533,26,12,1,8,-0.746153846,Low
534,21,16,4,3,0.228571429,Low
537,21,19,6,2,0.628571429,Low
538,29,15,2,8,-0.965517241,Low
540,18,12,2,4,0.266666667,Low
541,16,17,7,2,1.975,Low
543,29,3,2,6,1.434482759,Low
544,18,19,7,6,1.366666667,Low
546,27,17,8,8,1.711111111,Low
547,28,12,5,6,1.171428571,Low
550,27,9,1,5,-0.188888889,Low
551,10,18,3,7,0.9,Low
553,22,17,3,2,-0.536363636,Low
557,22,12,5,3,1.463636364,Low
560,22,7,2,4,0.963636364,Low
562,29,10,2,8,0.034482759,Low
563,9,19,1,5,0.033333333,Low
565,8,19,4,8,1.95,Low
567,26,14,6,8,1.353846154,Low
574,17,19,4,4,-0.035294118,Low
576,17,16,6,2,1.564705882,Low
579,16,7,3,9,1.975,Low
580,12,16,5,8,1.8,Low
581,19,3,2,6,1.978947368,Low
582,12,8,1,6,1.4,Low
586,8,19,1,2,0.45,Low
587,28,19,9,8,1.771428571,Low
588,20,15,7,6,2,Low
604,11,18,2,1,0.127272727,Low
606,11,19,2,1,-0.072727273,Low
610,14,9,1,1,0.842857143,Low
616,24,19,7,4,0.95,Low
623,17,18,5,1,0.664705882,Low
628,14,12,3,2,1.242857143,Low
632,17,18,1,8,-1.335294118,Low
635,26,10,5,8,1.653846154,Low
636,24,9,3,2,0.95,Low
637,24,3,2,1,1.65,Low
641,28,14,1,1,-1.228571429,Low
648,12,19,5,9,1.2,Low
651,15,9,2,2,1.2,Low
660,27,15,1,9,-1.388888889,Low
661,24,6,3,3,1.55,Low
662,20,10,1,9,0,Low
665,22,18,7,1,1.263636364,Low
668,11,19,6,2,1.927272727,Low
670,16,16,2,3,-0.325,Low
673,26,5,1,2,0.653846154,Low
676,13,9,2,3,1.507692308,Low
677,17,14,1,5,-0.535294118,Low
680,17,15,3,8,0.264705882,Low
682,27,19,8,1,1.311111111,Low
685,18,19,2,5,-1.133333333,Low
688,28,14,6,4,1.271428571,Low
689,7,19,2,1,1.485714286,Low
690,20,8,1,8,0.4,Low
691,27,17,2,1,-1.288888889,Low
693,20,17,2,2,-0.9,Low
696,9,18,4,4,1.733333333,Low
701,26,10,3,4,0.653846154,Low
703,25,4,2,9,1.4,Low
704,28,6,3,4,1.371428571,Low
705,24,12,4,3,0.85,Low
707,15,6,2,8,1.8,Low
712,21,17,3,6,-0.471428571,Low
714,9,12,2,2,1.933333333,Low
715,16,17,5,9,0.975,Low
716,20,6,2,4,1.3,Low
722,14,19,7,2,1.842857143,Low
725,15,12,3,2,1.1,Low
726,28,17,6,6,0.671428571,Low
727,15,18,1,8,-1.1,Low
734,22,19,5,7,0.063636364,Low
735,26,4,1,9,0.853846154,Low
737,29,4,2,1,1.234482759,Low
739,22,5,3,1,1.863636364,Low
744,16,14,2,1,0.075,Low
747,19,11,5,7,1.878947368,Low
755,24,19,4,1,-0.55,Low
760,28,19,4,9,-0.728571429,Low
766,24,12,2,1,-0.15,Low
768,11,19,4,7,0.927272727,Low
773,20,3,1,8,1.4,Low
777,25,17,2,7,-1.2,Low
781,10,13,1,2,0.9,Low
785,17,13,4,2,1.164705882,Low
786,22,18,3,4,-0.736363636,Low
792,19,10,3,8,1.078947368,Low
799,15,10,3,6,1.5,Low
805,26,6,4,9,1.953846154,Low
807,16,12,2,1,0.475,Low
809,20,14,3,1,0.2,Low
811,15,7,2,9,1.6,Low
812,28,15,1,4,-1.428571429,Low
817,24,13,3,9,0.15,Low
821,25,15,3,4,-0.3,Low
826,26,6,4,5,1.953846154,Low
827,14,18,3,3,0.042857143,Low
833,23,19,4,9,-0.495652174,Low
834,18,18,1,9,-1.433333333,Low
837,25,16,1,6,-1.5,Low
838,19,18,1,9,-1.521052632,Low
849,10,15,1,6,0.5,Low
852,24,9,4,3,1.45,Low
854,23,18,4,4,-0.295652174,Low
862,17,12,5,3,1.864705882,Low
864,19,3,2,7,1.978947368,Low
873,24,10,4,8,1.25,Low
877,27,7,4,8,1.711111111,Low
878,9,15,3,4,1.833333333,Low
883,15,13,2,7,0.4,Low
886,18,4,1,4,1.366666667,Low
892,27,6,2,9,0.911111111,Low
895,22,13,3,6,0.263636364,Low
896,21,17,5,8,0.528571429,Low
899,29,13,7,3,1.934482759,Low
901,10,18,3,5,0.9,Low
902,25,5,1,7,0.7,Low
903,11,10,2,9,1.727272727,Low
904,26,9,5,5,1.853846154,Low
905,28,4,2,1,1.271428571,Low
907,23,12,1,5,-0.595652174,Low
915,28,16,6,2,0.871428571,Low
919,24,8,3,6,1.15,Low
922,22,11,5,3,1.663636364,Low
924,23,9,1,7,0.004347826,Low
925,17,15,1,6,-0.735294118,Low
929,29,3,1,6,0.934482759,Low
935,27,14,4,3,0.311111111,Low
939,17,17,7,1,1.864705882,Low
943,19,16,6,9,1.378947368,Low
946,18,14,6,4,1.866666667,Low
949,26,19,3,6,-1.146153846,Low
953,29,17,8,3,1.634482759,Low
957,24,11,2,7,0.05,Low
960,18,9,1,4,0.366666667,Low
964,13,13,2,2,0.707692308,Low
966,8,15,2,7,1.75,Low
969,14,9,3,2,1.842857143,Low
970,25,14,1,9,-1.1,Low
973,27,19,1,6,-2.188888889,Low
979,25,19,5,5,-0.1,Low
981,19,8,3,8,1.478947368,Low
983,25,16,7,3,1.5,Low
985,28,14,1,4,-1.228571429,Low
986,19,9,1,1,0.278947368,Low
993,25,12,3,2,0.3,Low
997,26,19,9,6,1.853846154,Low
1001,29,9,5,2,1.734482759,Low
1003,29,9,2,8,0.234482759,Low
1006,28,9,3,2,0.771428571,Low
1008,21,15,3,6,-0.071428571,Low
1010,17,11,3,2,1.064705882,Low
1014,29,15,1,2,-1.465517241,Low
1022,16,13,2,2,0.275,Low
1024,26,2,1,8,1.253846154,Low
1026,28,19,9,8,1.771428571,Low
1028,22,14,4,8,0.563636364,Low
1037,15,10,4,9,2,Low
1039,27,8,3,9,1.011111111,Low
1040,11,19,4,3,0.927272727,Low
1049,23,8,2,1,0.704347826,Low
1056,20,2,1,2,1.6,Low
1058,17,17,5,1,0.864705882,Low
1059,28,14,2,7,-0.728571429,Low
1060,21,14,1,5,-0.871428571,Low
1063,27,15,2,9,-0.888888889,Low
1064,13,16,4,3,1.107692308,Low
1069,28,18,1,5,-2.028571429,Low
1070,24,8,4,5,1.65,Low
1074,22,18,4,3,-0.236363636,Low
1077,18,14,4,9,0.866666667,Low
1081,17,19,4,6,-0.035294118,Low
1082,18,8,3,5,1.566666667,Low
1083,16,17,4,4,0.475,Low
1085,23,19,2,7,-1.495652174,Low
1088,29,6,2,7,0.834482759,Low
1091,17,17,2,4,-0.635294118,Low
1094,14,11,1,6,0.442857143,Low
1100,18,8,3,5,1.566666667,Low
1102,26,18,5,5,0.053846154,Low
1109,25,19,2,2,-1.6,Low
1111,12,16,5,9,1.8,Low
1112,18,12,3,9,0.766666667,Low
1119,22,14,4,6,0.563636364,Low
1123,27,17,6,8,0.711111111,Low
1129,14,7,2,7,1.742857143,Low
1132,17,18,7,5,1.664705882,Low
1133,15,12,2,9,0.6,Low
1134,26,12,6,9,1.753846154,Low
1135,29,6,3,1,1.334482759,Low
1136,29,17,3,8,-0.865517241,Low
1141,21,13,2,6,-0.171428571,Low
1144,20,14,4,4,0.7,Low
1146,23,13,2,8,-0.295652174,Low
1150,29,5,2,9,1.034482759,Low
1151,21,11,1,8,-0.271428571,Low
1156,20,8,2,7,0.9,Low
1158,29,18,1,3,-2.065517241,Low
1159,26,16,4,9,-0.046153846,Low
1161,7,19,1,2,0.985714286,Low
1164,24,15,5,7,0.75,Low
1165,19,19,6,3,0.778947368,Low
1179,12,16,3,9,0.8,Low
1181,22,16,7,6,1.663636364,Low
1186,22,5,1,2,0.863636364,Low
1192,29,13,7,3,1.934482759,Low
1196,11,19,3,7,0.427272727,Low
1201,23,16,4,8,0.104347826,Low
1207,20,19,4,8,-0.3,Low
1209,22,5,1,5,0.863636364,Low
1211,22,5,2,6,1.363636364,Low
1212,28,7,2,4,0.671428571,Low
1214,22,5,1,1,0.863636364,Low
1216,26,17,3,9,-0.746153846,Low
1217,19,19,1,9,-1.721052632,Low
1221,27,17,5,6,0.211111111,Low
1225,25,19,9,9,1.9,Low
1226,21,8,4,9,1.828571429,Low
1230,17,5,1,9,1.264705882,Low
1233,23,15,6,6,1.304347826,Low
1235,29,12,5,5,1.134482759,Low
1241,17,19,6,5,0.964705882,Low
1242,28,9,2,2,0.271428571,Low
1245,23,19,5,6,0.004347826,Low
1252,24,15,1,8,-1.25,Low
1255,26,11,5,6,1.453846154,Low
1257,16,6,2,7,1.675,Low
1259,29,11,5,5,1.334482759,Low
1271,18,18,7,9,1.566666667,Low
1274,18,16,2,1,-0.533333333,Low
1276,25,10,2,9,0.2,Low
1283,20,14,5,8,1.2,Low
1284,17,15,2,7,-0.235294118,Low
1285,27,10,1,5,-0.388888889,Low
1291,11,11,1,3,1.027272727,Low
1294,21,2,1,1,1.528571429,Low
1298,26,6,4,1,1.953846154,Low
1300,26,16,6,3,0.953846154,Low
1309,27,3,1,5,1.011111111,Low
1310,9,17,2,1,0.933333333,Low
1319,16,12,5,7,1.975,Low
1327,28,14,2,4,-0.728571429,Low
1328,19,16,2,9,-0.621052632,Low
1332,25,17,2,5,-1.2,Low
1336,19,16,2,2,-0.621052632,Low
1337,13,15,4,7,1.307692308,Low
1345,26,14,7,7,1.853846154,Low
1356,27,15,2,3,-0.888888889,Low
1358,24,6,2,8,1.05,Low
1366,14,18,1,5,-0.957142857,Low
1367,18,11,5,8,1.966666667,Low
1369,8,19,2,7,0.95,Low
1381,18,15,2,8,-0.333333333,Low
1382,29,11,3,2,0.334482759,Low
1384,26,8,1,1,0.053846154,Low
1385,23,13,5,3,1.204347826,Low
1387,27,16,5,7,0.411111111,Low
1389,24,7,3,4,1.35,Low
1397,21,9,3,4,1.128571429,Low
1407,28,18,3,7,-1.028571429,Low
1408,13,18,5,7,1.207692308,Low
1411,29,9,1,4,-0.265517241,Low
1414,27,8,2,9,0.511111111,Low
1417,11,9,1,5,1.427272727,Low
1419,21,18,3,3,-0.671428571,Low
1421,26,10,2,3,0.153846154,Low
1423,18,9,4,2,1.866666667,Low
1426,27,18,6,3,0.511111111,Low
1428,25,17,5,9,0.3,Low
1431,25,14,3,5,-0.1,Low
1433,9,19,1,1,0.033333333,Low
1434,23,18,3,4,-0.795652174,Low
1439,24,11,5,8,1.55,Low
1446,12,17,5,5,1.6,Low
1447,23,17,1,1,-1.595652174,Low
1452,27,8,2,9,0.511111111,Low
1458,23,15,1,3,-1.195652174,Low
1462,23,16,6,8,1.104347826,Low
1466,18,10,4,3,1.666666667,Low
1467,28,16,5,5,0.371428571,Low
1469,22,11,1,9,-0.336363636,Low
1474,15,7,1,3,1.1,Low
1478,25,5,1,4,0.7,Low
1481,20,12,4,1,1.1,Low
1484,18,19,2,4,-1.133333333,Low
1485,19,15,2,8,-0.421052632,Low
1486,29,15,1,4,-1.465517241,Low
1487,15,15,6,7,2,Low
1493,14,12,3,9,1.242857143,Low
1496,29,18,8,8,1.434482759,Low
1497,11,10,1,6,1.227272727,Low
1503,23,18,8,2,1.704347826,Low
1509,23,17,2,7,-1.095652174,Low
1512,27,11,4,3,0.911111111,Low
1513,24,17,3,2,-0.65,Low
1514,24,8,2,7,0.65,Low
1515,29,18,5,6,-0.065517241,Low
1517,19,17,6,1,1.178947368,Low
1518,28,14,3,5,-0.228571429,Low
1520,12,11,1,6,0.8,Low
1525,19,4,2,4,1.778947368,Low
1528,15,13,4,7,1.4,Low
1540,23,18,1,5,-1.795652174,Low
1543,27,15,6,6,1.111111111,Low
1550,21,11,5,2,1.728571429,Low
1560,28,19,2,9,-1.728571429,Low
1565,15,12,3,3,1.1,Low
1569,11,12,2,1,1.327272727,Low
1573,27,5,2,5,1.111111111,Low
1574,12,9,2,2,1.7,Low
1575,17,19,6,6,0.964705882,Low
1579,25,19,1,1,-2.1,Low
1580,20,12,2,7,0.1,Low
1581,13,11,2,4,1.107692308,Low
1584,19,15,3,7,0.078947368,Low
1585,26,17,6,6,0.753846154,Low
1587,12,10,2,9,1.5,Low
1591,24,19,4,8,-0.55,Low
1592,27,16,4,8,-0.088888889,Low
1593,28,16,6,3,0.871428571,Low
1596,28,11,6,6,1.871428571,Low
1597,10,15,2,3,1,Low
1606,20,18,5,5,0.4,Low
1607,24,19,7,1,0.95,Low
1609,15,17,1,4,-0.9,Low
1614,17,8,1,5,0.664705882,Low
1617,23,15,5,4,0.804347826,Low
1619,26,19,5,5,-0.146153846,Low
1625,18,12,2,9,0.266666667,Low
1631,18,5,2,7,1.666666667,Low
1632,18,7,3,6,1.766666667,Low
1633,26,19,4,9,-0.646153846,Low
1635,26,3,1,7,1.053846154,Low
1636,13,13,1,7,0.207692308,Low
1637,15,4,1,8,1.7,Low
1638,17,3,1,5,1.664705882,Low
1639,26,6,1,2,0.453846154,Low
1640,26,11,4,9,0.953846154,Low
1641,28,9,3,7,0.771428571,Low
1644,19,13,2,5,-0.021052632,Low
1647,20,13,1,1,-0.6,Low
1649,14,11,2,9,0.942857143,Low
1654,21,11,5,1,1.728571429,Low
1655,15,19,5,5,0.7,Low
1656,21,4,2,1,1.628571429,Low
1657,24,17,1,7,-1.65,Low
1665,21,19,6,9,0.628571429,Low
1669,28,19,2,2,-1.728571429,Low
1672,21,6,1,9,0.728571429,Low
1678,17,14,1,2,-0.535294118,Low
1680,23,17,3,1,-0.595652174,Low
1681,23,12,5,1,1.404347826,Low
1685,14,18,3,1,0.042857143,Low
1687,16,13,2,8,0.275,Low
1688,14,11,2,4,0.942857143,Low
1689,17,13,3,7,0.664705882,Low
1692,14,17,1,4,-0.757142857,Low
1694,16,3,1,5,1.775,Low
1695,21,18,8,5,1.828571429,Low
1700,28,14,7,5,1.771428571,Low
1702,17,19,3,1,-0.535294118,Low
1704,16,13,2,2,0.275,Low
1712,20,15,3,8,0,Low
1714,29,12,1,4,-0.865517241,Low
1717,11,18,3,9,0.627272727,Low
1724,22,15,2,7,-0.636363636,Low
1727,15,12,1,5,0.1,Low
1729,10,15,3,3,1.5,Low
1730,29,5,3,9,1.534482759,Low
1735,16,13,5,9,1.775,Low
1736,17,18,3,2,-0.335294118,Low
1739,15,18,6,4,1.4,Low
1744,8,15,2,4,1.75,Low
1746,27,2,2,5,1.711111111,Low
1749,22,5,1,8,0.863636364,Low
1751,29,19,2,8,-1.765517241,Low
1753,21,16,7,7,1.728571429,Low
1758,21,11,3,6,0.728571429,Low
1762,13,8,2,1,1.707692308,Low
1764,22,18,6,4,0.763636364,Low
1767,17,13,1,3,-0.335294118,Low
1779,10,15,1,7,0.5,Low
1780,15,13,2,1,0.4,Low
1782,10,14,1,1,0.7,Low
1783,25,9,4,5,1.4,Low
1786,24,5,3,8,1.75,Low
1788,17,8,1,3,0.664705882,Low
1789,18,14,4,7,0.866666667,Low
1791,16,5,1,1,1.375,Low
1793,22,16,5,8,0.663636364,Low
1802,19,18,6,8,0.978947368,Low
1803,17,18,3,3,-0.335294118,Low
1804,27,18,6,6,0.511111111,Low
1812,22,5,1,9,0.863636364,Low
1813,25,19,6,1,0.4,Low
1814,28,3,3,6,1.971428571,Low
1821,7,18,1,8,1.185714286,Low
1825,18,16,3,4,-0.033333333,Low
1829,20,11,1,2,-0.2,Low
1831,26,18,3,8,-0.946153846,Low
1834,15,19,5,3,0.7,Low
1835,25,11,3,8,0.5,Low
1839,26,9,5,1,1.853846154,Low
1840,25,13,2,6,-0.4,Low
1842,8,15,1,5,1.25,Low
1844,13,15,5,6,1.807692308,Low
1846,14,12,3,8,1.242857143,Low
1850,18,9,1,7,0.366666667,Low
1851,11,14,1,9,0.427272727,Low
1852,27,4,2,8,1.311111111,Low
1857,17,16,5,7,1.064705882,Low
1859,12,18,6,5,1.9,Low
1860,26,17,7,3,1.253846154,Low
1864,10,19,4,8,1.2,Low
1871,25,2,2,6,1.8,Low
1873,16,13,4,5,1.275,Low
1875,27,14,6,3,1.311111111,Low
1878,20,11,1,6,-0.2,Low
1879,19,14,1,8,-0.721052632,Low
1880,28,7,1,4,0.171428571,Low
1886,25,14,7,4,1.9,Low
1891,27,6,2,1,0.911111111,Low
1892,9,18,2,9,0.733333333,Low
1894,29,12,6,3,1.634482759,Low
1907,12,14,2,9,0.7,Low
1908,25,8,2,5,0.6,Low
1909,19,4,1,1,1.278947368,Low
1910,19,15,6,6,1.578947368,Low
1915,17,8,3,4,1.664705882,Low
1916,17,11,3,7,1.064705882,Low
1917,27,15,6,7,1.111111111,Low
1918,25,9,5,8,1.9,Low
1921,28,19,7,7,0.771428571,Low
1925,26,17,4,3,-0.246153846,Low
1930,12,10,1,1,1,Low
1931,19,18,3,7,-0.521052632,Low
1934,22,7,3,5,1.463636364,Low
1937,27,6,3,5,1.411111111,Low
1938,27,15,1,5,-1.388888889,Low
1939,29,13,1,5,-1.065517241,Low
1941,23,6,2,5,1.104347826,Low
1944,23,18,3,9,-0.795652174,Low
1948,28,4,1,7,0.771428571,Low
1951,27,4,1,7,0.811111111,Low
1958,21,17,7,6,1.528571429,Low
1965,23,19,4,8,-0.495652174,Low
1968,27,16,1,2,-1.588888889,Low
1969,28,5,3,6,1.571428571,Low
1970,13,16,4,4,1.107692308,Low
1971,26,18,3,8,-0.946153846,Low
1972,16,12,3,5,0.975,Low
1973,19,15,1,8,-0.921052632,Low
1975,24,14,1,4,-1.05,Low
1981,23,12,3,4,0.404347826,Low
1982,29,19,7,2,0.734482759,Low
1992,18,18,6,2,1.066666667,Low
1994,22,17,4,5,-0.036363636,Low
1995,11,18,3,8,0.627272727,Low
2000,15,15,5,4,1.5,Low
2010,13,17,5,7,1.407692308,Low
2015,15,18,3,7,-0.1,Low
2016,29,3,3,3,1.934482759,Low
2018,27,17,4,1,-0.288888889,Low
2021,21,19,6,5,0.628571429,Low
2022,25,11,4,9,1,Low
2024,25,15,2,1,-0.8,Low
2030,9,12,2,6,1.933333333,Low
2034,19,19,8,6,1.778947368,Low
2036,15,17,6,1,1.6,Low
2041,17,18,5,2,0.664705882,Low
2044,23,19,1,3,-1.995652174,Low
2046,17,17,3,1,-0.135294118,Low
2053,28,15,1,4,-1.428571429,Low
2054,19,13,1,3,-0.521052632,Low
2057,18,13,3,6,0.566666667,Low
2061,29,9,3,8,0.734482759,Low
2062,21,16,3,5,-0.271428571,Low
2065,24,10,1,9,-0.25,Low
2066,26,19,1,1,-2.146153846,Low
2068,9,15,1,2,0.833333333,Low
2073,26,16,5,7,0.453846154,Low
2076,21,15,4,9,0.428571429,Low
2080,24,15,1,2,-1.25,Low
2082,11,17,1,7,-0.172727273,Low
2088,15,19,7,9,1.7,Low
2089,10,19,3,7,0.7,Low
2091,21,17,6,2,1.028571429,Low
2096,23,16,3,2,-0.395652174,Low
2098,20,17,4,5,0.1,Low
2099,12,9,2,8,1.7,Low
2100,20,5,3,4,2,Low
2116,21,19,4,3,-0.371428571,Low
2119,19,6,3,1,1.878947368,Low
2120,25,18,5,2,0.1,Low
2123,14,15,2,4,0.142857143,Low
2128,27,7,2,8,0.711111111,Low
2130,26,17,2,5,-1.246153846,Low
2133,29,18,2,2,-1.565517241,Low
2135,15,16,5,2,1.3,Low
2136,29,19,3,7,-1.265517241,Low
2137,11,19,1,8,-0.572727273,Low
2138,27,14,4,1,0.311111111,Low
2143,21,11,2,7,0.228571429,Low
2146,13,16,2,9,0.107692308,Low
2148,11,12,2,4,1.327272727,Low
2150,9,14,1,6,1.033333333,Low
2155,15,10,1,8,0.5,Low
2157,19,11,2,3,0.378947368,Low
2161,24,18,7,7,1.15,Low
2167,8,14,2,1,1.95,Low
2169,17,18,7,6,1.664705882,Low
2172,8,19,4,2,1.95,Low
2176,19,17,7,1,1.678947368,Low
2177,24,18,4,5,-0.35,Low
2181,18,17,5,5,0.766666667,Low
2186,24,17,6,8,0.85,Low
2187,23,14,4,7,0.504347826,Low
2195,20,15,4,8,0.5,Low
2198,17,14,6,8,1.964705882,Low
2203,15,7,1,5,1.1,Low
2211,26,11,1,7,-0.546153846,Low
2212,16,18,3,7,-0.225,Low
2215,20,14,4,6,0.7,Low
2216,12,16,5,7,1.8,Low
2223,28,13,1,5,-1.028571429,Low
2224,9,15,1,5,0.833333333,Low
2225,29,10,5,5,1.534482759,Low
2226,17,11,1,3,0.064705882,Low
2227,24,9,1,9,-0.05,Low
2230,14,17,6,5,1.742857143,Low
2232,27,2,1,4,1.211111111,Low
2239,11,15,4,2,1.727272727,Low
2241,28,7,4,3,1.671428571,Low
2250,29,18,6,9,0.434482759,Low
2252,16,15,3,2,0.375,Low
2258,24,11,4,2,1.05,Low
2264,14,19,1,2,-1.157142857,Low
2267,21,11,2,7,0.228571429,Low
2268,29,19,2,9,-1.765517241,Low
2270,28,7,1,5,0.171428571,Low
2271,26,13,6,3,1.553846154,Low
2275,15,13,4,2,1.4,Low
2276,23,16,1,5,-1.395652174,Low
2277,27,16,1,7,-1.588888889,Low
2281,22,18,7,3,1.263636364,Low
2282,24,7,1,4,0.35,Low
2283,15,9,2,8,1.2,Low
2287,23,10,2,5,0.304347826,Low
2288,26,7,1,6,0.253846154,Low
2290,19,11,3,1,0.878947368,Low
2297,24,9,4,8,1.45,Low
2304,28,13,5,7,0.971428571,Low
2305,23,14,6,3,1.504347826,Low
2306,18,13,3,1,0.566666667,Low
2307,25,15,7,6,1.7,Low
2312,20,7,2,3,1.1,Low
2313,24,18,1,9,-1.85,Low
2316,17,10,4,4,1.764705882,Low
2322,25,9,4,9,1.4,Low
2325,29,11,3,2,0.334482759,Low
2326,21,19,8,3,1.628571429,Low
2329,17,4,2,8,1.964705882,Low
2335,29,8,4,7,1.434482759,Low
2350,28,6,1,2,0.371428571,Low
2352,27,12,6,9,1.711111111,Low
2353,18,12,4,1,1.266666667,Low
2360,27,14,4,7,0.311111111,Low
2361,21,5,1,2,0.928571429,Low
2364,18,17,7,8,1.766666667,Low
2365,19,18,4,8,-0.021052632,Low
2367,22,13,2,9,-0.236363636,Low
2368,20,18,1,9,-1.6,Low
2370,22,11,3,7,0.663636364,Low
2372,8,18,2,9,1.15,Low
2373,26,19,8,7,1.353846154,Low
2374,24,13,2,8,-0.35,Low
2375,16,15,2,9,-0.125,Low
2378,25,17,2,3,-1.2,Low
2380,15,16,3,9,0.3,Low
2382,12,6,1,9,1.8,Low
2384,15,13,3,4,0.9,Low
2385,26,8,4,3,1.553846154,Low
2386,26,16,1,7,-1.546153846,Low
2387,28,19,2,5,-1.728571429,Low
2392,26,16,7,9,1.453846154,Low
2397,16,7,3,3,1.975,Low
2402,19,12,2,4,0.178947368,Low
2403,16,10,2,2,0.875,Low
2407,14,17,5,6,1.242857143,Low
2413,28,9,5,7,1.771428571,Low
2417,22,16,3,7,-0.336363636,Low
2418,24,18,8,7,1.65,Low
2420,25,3,2,4,1.6,Low
2428,18,19,2,1,-1.133333333,Low
2430,29,13,6,9,1.434482759,Low
2431,17,12,1,4,-0.135294118,Low
2432,28,4,3,2,1.771428571,Low
2433,22,14,4,2,0.563636364,Low
2439,23,4,1,1,1.004347826,Low
2440,13,17,4,4,0.907692308,Low
2441,13,13,2,3,0.707692308,Low
2442,20,17,6,7,1.1,Low
2443,24,5,1,9,0.75,Low
2448,28,1,1,6,1.371428571,Low
2450,16,15,5,6,1.375,Low
2454,17,13,1,7,-0.335294118,Low
2458,22,12,6,5,1.963636364,Low
2460,28,14,4,9,0.271428571,Low
2461,23,12,3,3,0.404347826,Low
2462,26,15,6,9,1.153846154,Low
2468,22,16,3,5,-0.336363636,Low
2475,21,17,2,4,-0.971428571,Low
2480,24,6,1,5,0.55,Low
2485,28,18,2,7,-1.528571429,Low
2490,20,17,5,7,0.6,Low
2494,10,18,2,2,0.4,Low
2496,20,17,1,4,-1.4,Low
2497,10,10,1,2,1.5,Low
2500,21,7,1,9,0.528571429,Low
2502,16,18,3,7,-0.225,Low
2516,19,17,1,1,-1.321052632,Low
2518,20,19,4,3,-0.3,Low
2520,25,9,3,3,0.9,Low
2523,25,9,2,3,0.4,Low
2525,29,19,3,9,-1.265517241,Low
2527,16,7,3,3,1.975,Low
2528,28,19,3,9,-1.228571429,Low
2534,14,9,2,7,1.342857143,Low
2535,22,15,2,9,-0.636363636,Low
2543,28,19,2,1,-1.728571429,Low
2548,14,14,1,1,-0.157142857,Low
2553,25,15,3,3,-0.3,Low
2554,13,12,4,5,1.907692308,Low
2559,26,9,3,9,0.853846154,Low
2562,22,14,5,4,1.063636364,Low
2569,20,14,2,2,-0.3,Low
2572,29,15,5,2,0.534482759,Low
2576,15,8,2,2,1.4,Low
2578,15,9,3,7,1.7,Low
2584,17,10,3,4,1.264705882,Low
2585,22,16,2,4,-0.836363636,Low
2590,29,7,2,4,0.634482759,Low
2595,29,11,5,8,1.334482759,Low
2596,16,7,1,5,0.975,Low
2603,17,15,2,1,-0.235294118,Low
2607,11,10,1,6,1.227272727,Low
2608,14,9,1,9,0.842857143,Low
2610,28,7,4,5,1.671428571,Low
2611,23,17,6,5,0.904347826,Low
2614,21,19,2,2,-1.371428571,Low
2615,23,19,3,9,-0.995652174,Low
2616,15,14,3,9,0.7,Low
2617,19,11,3,5,0.878947368,Low
2618,18,18,7,8,1.566666667,Low
2619,22,14,5,9,1.063636364,Low
2622,9,19,2,9,0.533333333,Low
2631,24,13,2,4,-0.35,Low
2632,24,18,3,6,-0.85,Low
2636,22,18,6,7,0.763636364,Low
2637,20,16,1,1,-1.2,Low
2639,17,5,1,1,1.264705882,Low
2643,9,13,1,4,1.233333333,Low
2644,28,13,6,4,1.471428571,Low
2648,28,17,4,4,-0.328571429,Low
2649,24,8,1,9,0.15,Low
2650,19,18,2,3,-1.021052632,Low
2651,24,11,1,5,-0.45,Low
2653,14,14,3,1,0.842857143,Low
2654,26,16,1,8,-1.546153846,Low
2656,23,4,2,5,1.504347826,Low
2660,26,13,5,3,1.053846154,Low
2662,29,18,6,3,0.434482759,Low
2663,28,13,2,5,-0.528571429,Low
2664,11,17,1,2,-0.172727273,Low
2666,26,9,5,6,1.853846154,Low
2667,19,9,4,6,1.778947368,Low
2675,25,3,1,7,1.1,Low
2679,24,5,3,9,1.75,Low
2680,26,15,5,9,0.653846154,Low
2686,20,9,4,3,1.7,Low
2690,25,5,3,5,1.7,Low
2691,23,15,3,8,-0.195652174,Low
2694,24,4,2,3,1.45,Low
2696,16,19,1,2,-1.425,Low
2700,22,17,1,8,-1.536363636,Low
2702,25,8,2,2,0.6,Low
2703,29,19,6,4,0.234482759,Low
2704,29,8,5,8,1.934482759,Low
2705,24,16,7,1,1.55,Low
2707,26,8,3,2,1.053846154,Low
2712,17,11,2,1,0.564705882,Low
2724,7,14,1,3,1.985714286,Low
2725,13,17,3,8,0.407692308,Low
2730,13,13,4,5,1.707692308,Low
2731,13,17,2,6,-0.092307692,Low
2732,15,12,4,8,1.6,Low
2741,28,17,8,1,1.671428571,Low
2745,27,15,2,3,-0.888888889,Low
2746,24,10,3,3,0.75,Low
2747,26,6,2,1,0.953846154,Low
2750,15,14,1,5,-0.3,Low
2754,23,17,4,9,-0.095652174,Low
2755,19,17,6,6,1.178947368,Low
2761,21,15,6,7,1.428571429,Low
2767,20,18,1,9,-1.6,Low
2768,12,5,1,4,2,Low
2769,26,16,1,3,-1.546153846,Low
2770,27,16,8,3,1.911111111,Low
2771,15,14,5,3,1.7,Low
2772,24,16,6,5,1.05,Low
2774,28,14,5,2,0.771428571,Low
2783,7,14,1,4,1.985714286,Low
2788,24,8,2,8,0.65,Low
2790,28,19,1,1,-2.228571429,Low
2791,26,11,5,2,1.453846154,Low
2792,8,15,1,5,1.25,Low
2795,28,7,3,4,1.171428571,Low
2796,21,19,2,7,-1.371428571,Low
2799,16,17,6,5,1.475,Low
2802,24,13,3,3,0.15,Low
2805,29,12,4,3,0.634482759,Low
2807,29,13,4,8,0.434482759,Low
2811,28,9,3,9,0.771428571,Low
2813,12,8,2,2,1.9,Low
2814,29,15,3,6,-0.465517241,Low
2817,29,9,1,7,-0.265517241,Low
2821,10,18,4,8,1.4,Low
2825,29,7,2,9,0.634482759,Low
2827,12,16,4,2,1.3,Low
2846,29,18,8,8,1.434482759,Low
2849,13,18,5,9,1.207692308,Low
2854,22,14,6,4,1.563636364,Low
2856,22,19,3,5,-0.936363636,Low
2857,13,17,3,2,0.407692308,Low
2861,26,13,2,1,-0.446153846,Low
2865,26,2,2,8,1.753846154,Low
2869,19,6,3,1,1.878947368,Low
2870,22,17,8,4,1.963636364,Low
2874,22,19,1,8,-1.936363636,Low
2878,25,19,7,6,0.9,Low
2881,22,10,5,1,1.863636364,Low
2883,17,5,2,7,1.764705882,Low
2891,16,16,1,3,-0.825,Low
2896,23,8,3,4,1.204347826,Low
2900,29,3,1,3,0.934482759,Low
2904,16,8,3,6,1.775,Low
2905,11,14,1,7,0.427272727,Low
2917,21,17,5,1,0.528571429,Low
2920,13,13,3,2,1.207692308,Low
2921,23,7,4,4,1.904347826,Low
2924,17,19,4,1,-0.035294118,Low
2925,19,14,5,7,1.278947368,Low
2928,13,12,2,4,0.907692308,Low
2932,26,16,8,1,1.953846154,Low
2933,16,15,1,5,-0.625,Low
2935,11,18,4,4,1.127272727,Low
2936,23,18,8,4,1.704347826,Low
2937,10,16,4,5,1.8,Low
2943,12,7,1,9,1.6,Low
2948,16,9,2,6,1.075,Low
2955,19,3,2,8,1.978947368,Low
2958,22,11,5,5,1.663636364,Low
2959,22,12,1,3,-0.536363636,Low
2960,27,13,4,3,0.511111111,Low
2962,18,9,3,1,1.366666667,Low
2963,25,17,6,1,0.8,Low
2964,17,19,4,4,-0.035294118,Low
2966,17,12,1,9,-0.135294118,Low
2967,27,14,2,5,-0.688888889,Low
2975,13,7,1,3,1.407692308,Low
2976,28,1,1,4,1.371428571,Low
2988,29,14,4,2,0.234482759,Low
2991,25,17,3,6,-0.7,Low
2992,17,7,2,8,1.364705882,Low
2993,29,17,2,3,-1.365517241,Low
2994,26,13,2,1,-0.446153846,Low
2995,27,11,2,7,-0.088888889,Low
2996,23,10,1,3,-0.195652174,Low
2997,10,18,2,5,0.4,Low
2999,26,6,3,6,1.453846154,Low
3003,25,6,2,3,1,Low
3005,26,15,3,9,-0.346153846,Low
3006,17,9,2,4,0.964705882,Low
3010,18,13,3,7,0.566666667,Low
3017,13,8,2,3,1.707692308,Low
3022,19,8,2,9,0.978947368,Low
3024,12,17,4,4,1.1,Low
3027,20,19,8,7,1.7,Low
3033,17,7,3,3,1.864705882,Low
3037,28,16,8,3,1.871428571,Low
3038,16,19,7,3,1.575,Low
3039,23,12,5,8,1.404347826,Low
3049,15,14,2,8,0.2,Low
3051,26,5,1,7,0.653846154,Low
3054,27,17,4,8,-0.288888889,Low
3056,24,11,3,5,0.55,Low
3057,22,3,2,1,1.763636364,Low
3059,14,6,2,4,1.942857143,Low
3061,26,12,5,1,1.253846154,Low
3062,27,9,3,6,0.811111111,Low
3068,29,6,1,7,0.334482759,Low
3069,15,16,4,6,0.8,Low
3070,9,11,1,2,1.633333333,Low
3071,28,19,6,2,0.271428571,Low
3073,17,11,1,6,0.064705882,Low
3074,12,12,1,8,0.6,Low
3075,19,18,2,8,-1.021052632,Low
3076,13,16,1,7,-0.392307692,Low
3080,29,13,1,7,-1.065517241,Low
3081,29,10,3,1,0.534482759,Low
3083,24,19,6,3,0.45,Low
3084,25,19,4,3,-0.6,Low
3086,13,17,6,2,1.907692308,Low
3087,7,15,1,1,1.785714286,Low
3088,24,7,4,4,1.85,Low
3093,12,15,5,5,2,Low
3094,21,17,4,4,0.028571429,Low
3095,26,19,6,5,0.353846154,Low
3096,29,12,1,4,-0.865517241,Low
3099,13,18,3,4,0.207692308,Low
3104,28,9,3,1,0.771428571,Low
3112,21,16,2,2,-0.771428571,Low
3113,12,18,6,3,1.9,Low
3118,26,17,8,8,1.753846154,Low
3119,23,17,3,9,-0.595652174,Low
3121,27,9,4,9,1.311111111,Low
3123,28,14,3,4,-0.228571429,Low
3124,27,16,3,9,-0.588888889,Low
3127,28,4,1,9,0.771428571,Low
3128,11,12,2,1,1.327272727,Low
3129,26,15,3,1,-0.346153846,Low
3138,19,15,2,6,-0.421052632,Low
3145,19,18,7,8,1.478947368,Low
3153,22,18,6,8,0.763636364,Low
3157,22,19,3,9,-0.936363636,Low
3158,29,19,3,8,-1.265517241,Low
3162,17,19,6,3,0.964705882,Low
3167,23,5,2,3,1.304347826,Low
3170,21,17,7,2,1.528571429,Low
3171,20,9,3,9,1.2,Low
3175,24,6,2,5,1.05,Low
3176,13,15,4,3,1.307692308,Low
3179,29,10,1,5,-0.465517241,Low
3182,12,18,1,2,-0.6,Low
3185,22,14,1,2,-0.936363636,Low
3187,23,6,1,2,0.604347826,Low
3189,14,10,2,5,1.142857143,Low
3190,19,13,6,4,1.978947368,Low
3191,24,19,9,7,1.95,Low
3192,11,19,4,3,0.927272727,Low
3193,24,12,3,2,0.35,Low
3195,28,13,1,9,-1.028571429,Low
3198,20,14,4,5,0.7,Low
3199,25,17,1,8,-1.7,Low
3202,12,16,3,5,0.8,Low
3203,20,16,1,5,-1.2,Low
3204,12,16,1,6,-0.2,Low
3205,17,19,5,4,0.464705882,Low
3210,26,10,4,3,1.153846154,Low
3212,19,12,1,3,-0.321052632,Low
3213,14,12,2,3,0.742857143,Low
3215,25,14,2,7,-0.6,Low
3217,23,2,1,7,1.404347826,Low
3218,17,18,3,6,-0.335294118,Low
3224,24,11,4,9,1.05,Low
3227,17,6,2,1,1.564705882,Low
3231,25,19,6,6,0.4,Low
3232,22,7,3,7,1.463636364,Low
3233,14,13,4,8,1.542857143,Low
3235,29,18,9,3,1.934482759,Low
3237,15,19,3,3,-0.3,Low
3238,10,17,2,5,0.6,Low
3239,19,10,4,8,1.578947368,Low
3241,21,8,1,8,0.328571429,Low
3245,22,8,4,8,1.763636364,Low
3250,17,9,1,6,0.464705882,Low
3251,17,19,8,2,1.964705882,Low
3252,21,11,5,1,1.728571429,Low
3254,27,6,2,9,0.911111111,Low
3260,22,15,2,5,-0.636363636,Low
3261,13,19,1,1,-0.992307692,Low
3262,29,14,7,2,1.734482759,Low
3263,29,17,3,9,-0.865517241,Low
3265,23,5,2,8,1.304347826,Low
3266,28,18,4,6,-0.528571429,Low
3267,22,11,4,9,1.163636364,Low
3268,25,7,2,6,0.8,Low
3272,28,16,1,9,-1.628571429,Low
3275,19,18,3,1,-0.521052632,Low
3277,22,12,6,5,1.963636364,Low
3280,21,17,6,1,1.028571429,Low
3281,28,3,2,3,1.471428571,Low
3282,28,19,2,6,-1.728571429,Low
3283,18,16,6,9,1.466666667,Low
3284,20,12,3,3,0.6,Low
3286,26,2,1,3,1.253846154,Low
3288,10,18,1,6,-0.1,Low
3289,23,9,2,8,0.504347826,Low
3291,28,9,5,3,1.771428571,Low
3292,28,3,3,8,1.971428571,Low
3294,10,18,5,7,1.9,Low
3297,21,4,1,1,1.128571429,Low
3300,20,10,5,1,2,Low
3301,13,9,2,9,1.507692308,Low
3306,23,11,4,2,1.104347826,Low
3307,11,16,3,6,1.027272727,Low
3308,28,8,2,7,0.471428571,Low
3310,19,17,7,7,1.678947368,Low
3312,27,9,4,9,1.311111111,Low
3314,20,15,7,4,2,Low
3316,11,15,4,6,1.727272727,Low
3318,15,16,5,9,1.3,Low
3320,22,12,4,6,0.963636364,Low
3325,24,11,2,8,0.05,Low
3326,8,13,1,3,1.65,Low
3330,20,18,7,1,1.4,Low
3331,26,16,4,2,-0.046153846,Low
3332,21,15,4,5,0.428571429,Low
3334,14,19,1,2,-1.157142857,Low
3336,29,6,3,2,1.334482759,Low
3337,23,16,2,9,-0.895652174,Low
3338,19,12,1,1,-0.321052632,Low
3339,22,11,2,1,0.163636364,Low
3340,24,11,3,4,0.55,Low
3343,17,16,4,9,0.564705882,Low
3344,16,10,3,7,1.375,Low
3346,24,16,5,6,0.55,Low
3349,12,13,3,6,1.4,Low
3351,13,16,4,4,1.107692308,Low
3353,28,18,9,8,1.971428571,Low
3354,16,16,2,3,-0.325,Low
3357,17,18,4,5,0.164705882,Low
3358,21,16,5,2,0.728571429,Low
3359,22,14,4,5,0.563636364,Low
3360,18,6,3,7,1.966666667,Low
3363,25,14,5,7,0.9,Low
3364,15,17,3,5,0.1,Low
3368,17,12,3,4,0.864705882,Low
3373,25,16,4,3,0,Low
3375,10,11,1,9,1.3,Low
3376,17,19,7,4,1.464705882,Low
3380,22,15,7,8,1.863636364,Low
3383,23,11,3,1,0.604347826,Low
3386,29,19,9,7,1.734482759,Low
3395,25,10,1,8,-0.3,Low
3397,24,10,4,5,1.25,Low
3401,28,13,5,6,0.971428571,Low
3407,25,13,5,9,1.1,Low
3412,29,18,4,9,-0.565517241,Low
3413,20,6,3,9,1.8,Low
3415,18,14,4,2,0.866666667,Low
3416,28,16,3,4,-0.628571429,Low
3417,25,13,2,8,-0.4,Low
3418,21,9,3,5,1.128571429,Low
3419,27,17,5,8,0.211111111,Low
3423,19,4,2,6,1.778947368,Low
3426,20,10,1,2,0,Low
3436,19,11,1,5,-0.121052632,Low
3440,17,11,2,8,0.564705882,Low
3441,26,12,2,5,-0.246153846,Low
3442,9,18,2,1,0.733333333,Low
3447,17,18,6,2,1.164705882,Low
3455,17,4,2,5,1.964705882,Low
3456,9,19,4,1,1.533333333,Low
3463,23,19,4,7,-0.495652174,Low
3467,28,19,7,9,0.771428571,Low
3469,23,12,1,5,-0.595652174,Low
3472,13,12,3,9,1.407692308,Low
3478,7,17,1,2,1.385714286,Low
3479,17,17,7,6,1.864705882,Low
3485,19,19,2,1,-1.221052632,Low
3487,13,11,2,3,1.107692308,Low
3488,24,6,2,6,1.05,Low
3489,24,6,2,5,1.05,Low
3491,24,14,7,9,1.95,Low
3495,26,16,1,1,-1.546153846,Low
3499,13,15,3,5,0.807692308,Low
3500,9,19,4,8,1.533333333,Low
3509,10,16,2,6,0.8,Low
3510,23,8,4,4,1.704347826,Low
3512,27,12,6,4,1.711111111,Low
3518,25,3,1,3,1.1,Low
3522,27,16,8,9,1.911111111,Low
3526,21,17,4,4,0.028571429,Low
3528,28,14,4,5,0.271428571,Low
3531,20,19,1,2,-1.8,Low
3532,19,11,1,9,-0.121052632,Low
3534,26,16,7,6,1.453846154,Low
3537,21,16,5,8,0.728571429,Low
3539,17,5,2,8,1.764705882,Low
3545,14,18,1,9,-0.957142857,Low
3553,17,12,2,5,0.364705882,Low
3556,26,7,4,9,1.753846154,Low
3558,22,4,1,1,1.063636364,Low
3563,29,15,4,1,0.034482759,Low
3566,22,5,3,2,1.863636364,Low
3568,25,7,2,9,0.8,Low
3572,21,12,3,2,0.528571429,Low
3574,22,16,5,4,0.663636364,Low
3578,24,17,8,5,1.85,Low
3581,14,19,4,2,0.342857143,Low
3582,28,18,7,5,0.971428571,Low
3588,8,16,2,6,1.55,Low
3589,26,18,1,6,-1.946153846,Low
3590,25,16,6,8,1,Low
3593,14,7,1,6,1.242857143,Low
3597,14,19,4,9,0.342857143,Low
3598,19,15,1,9,-0.921052632,Low
3600,26,17,2,9,-1.246153846,Low
3601,19,14,2,1,-0.221052632,Low
3604,13,19,4,9,0.507692308,Low
3606,26,6,2,1,0.953846154,Low
3607,24,18,4,2,-0.35,Low
3608,12,16,1,3,-0.2,Low
3611,18,4,1,8,1.366666667,Low
3615,20,11,5,3,1.8,Low
3617,12,14,3,3,1.2,Low
3618,23,17,3,1,-0.595652174,Low
3620,26,8,2,6,0.553846154,Low
3621,28,13,3,6,-0.028571429,Low
3623,27,14,2,8,-0.688888889,Low
3626,25,9,5,5,1.9,Low
3635,22,18,6,8,0.763636364,Low
3638,14,18,1,5,-0.957142857,Low
3641,13,16,5,2,1.607692308,Low
3643,22,13,2,9,-0.236363636,Low
3644,29,16,5,5,0.334482759,Low
3646,26,14,2,2,-0.646153846,Low
3648,22,17,7,7,1.463636364,Low
3654,20,4,2,9,1.7,Low
3658,29,8,1,7,-0.065517241,Low
3665,29,4,1,3,0.734482759,Low
3670,25,19,6,3,0.4,Low
3671,12,18,2,3,-0.1,Low
3672,25,6,1,3,0.5,Low
3677,27,16,6,1,0.911111111,Low
3678,21,10,3,2,0.928571429,Low
3679,29,17,4,3,-0.365517241,Low
3680,13,15,5,5,1.807692308,Low
3687,22,19,2,8,-1.436363636,Low
3689,22,9,4,9,1.563636364,Low
3694,22,7,1,5,0.463636364,Low
3696,13,19,5,4,1.007692308,Low
3697,17,17,6,7,1.364705882,Low
3698,27,7,4,9,1.711111111,Low
3705,22,4,1,1,1.063636364,Low
3707,28,5,3,5,1.571428571,Low
3710,19,18,4,1,-0.021052632,Low
3717,14,14,3,6,0.842857143,Low
3718,24,18,6,9,0.65,Low
3719,27,10,5,7,1.611111111,Low
3720,23,9,2,1,0.504347826,Low
3723,15,17,5,8,1.1,Low
3724,29,7,2,5,0.634482759,Low
3726,15,18,1,7,-1.1,Low
3728,21,14,5,6,1.128571429,Low
3731,28,15,5,1,0.571428571,Low
3733,19,11,2,4,0.378947368,Low
3736,18,14,3,8,0.366666667,Low
3737,19,19,6,8,0.778947368,Low
3741,29,14,6,4,1.234482759,Low
3755,16,15,2,5,-0.125,Low
3756,19,16,3,6,-0.121052632,Low
3758,13,19,6,2,1.507692308,Low
3761,19,1,1,6,1.878947368,Low
3765,25,4,3,1,1.9,Low
3766,25,15,4,8,0.2,Low
3767,29,19,9,5,1.734482759,Low
3768,19,12,4,2,1.178947368,Low
3770,23,13,1,2,-0.795652174,Low
3772,21,12,2,8,0.028571429,Low
3773,17,15,1,5,-0.735294118,Low
3775,27,14,2,3,-0.688888889,Low
3776,23,1,1,6,1.604347826,Low
3778,22,13,4,6,0.763636364,Low
3784,18,10,4,2,1.666666667,Low
3787,18,15,3,5,0.166666667,Low
3788,22,8,4,9,1.763636364,Low
3791,17,10,1,9,0.264705882,Low
3792,28,17,6,4,0.671428571,Low
3793,15,16,4,2,0.8,Low
3794,17,18,4,3,0.164705882,Low
3798,28,13,6,2,1.471428571,Low
3802,19,14,3,4,0.278947368,Low
3803,8,19,1,8,0.45,Low
3805,9,12,1,4,1.433333333,Low
3808,20,9,1,4,0.2,Low
3810,19,11,4,6,1.378947368,Low
3812,25,6,4,7,2,Low
3817,28,16,3,6,-0.628571429,Low
3822,22,19,8,6,1.563636364,Low
3824,24,16,5,3,0.55,Low
3825,22,2,1,1,1.463636364,Low
3826,28,19,6,5,0.271428571,Low
3828,23,18,2,9,-1.295652174,Low
3831,23,19,5,5,0.004347826,Low
3835,25,14,5,9,0.9,Low
3838,16,15,1,6,-0.625,Low
3839,27,15,4,8,0.111111111,Low
3844,10,19,3,8,0.7,Low
3845,18,18,3,7,-0.433333333,Low
3854,15,8,1,3,0.9,Low
3855,16,12,2,8,0.475,Low
3856,26,19,6,9,0.353846154,Low
3858,19,15,6,9,1.578947368,Low
3859,23,19,5,9,0.004347826,Low
3863,22,3,2,4,1.763636364,Low
3865,29,8,3,8,0.934482759,Low
3866,17,13,5,6,1.664705882,Low
3872,17,19,5,8,0.464705882,Low
3874,12,13,4,4,1.9,Low
3884,26,10,3,4,0.653846154,Low
3886,19,13,4,7,0.978947368,Low
3895,26,5,2,7,1.153846154,Low
3897,24,3,2,6,1.65,Low
3902,25,16,1,6,-1.5,Low
3903,26,17,5,4,0.253846154,Low
3906,21,17,4,1,0.028571429,Low
3908,27,14,2,1,-0.688888889,Low
3910,17,11,2,9,0.564705882,Low
3917,21,13,5,8,1.328571429,Low
3918,18,17,6,7,1.266666667,Low
3919,14,16,4,7,0.942857143,Low
3922,26,11,1,3,-0.546153846,Low
3923,28,13,3,6,-0.028571429,Low
3924,20,18,8,7,1.9,Low
3926,17,17,5,5,0.864705882,Low
3928,17,2,1,1,1.864705882,Low
3931,14,12,4,8,1.742857143,Low
3932,24,11,2,2,0.05,Low
3937,19,14,4,4,0.778947368,Low
3939,21,19,2,4,-1.371428571,Low
3941,27,10,1,2,-0.388888889,Low
3945,11,10,1,9,1.227272727,Low
3947,19,17,6,3,1.178947368,Low
3948,8,19,1,3,0.45,Low
3951,17,10,3,5,1.264705882,Low
3952,28,19,3,8,-1.228571429,Low
3954,14,18,6,5,1.542857143,Low
3955,8,19,2,9,0.95,Low
3960,15,13,2,4,0.4,Low
3961,27,16,4,7,-0.088888889,Low
3962,24,19,4,3,-0.55,Low
3965,13,12,4,2,1.907692308,Low
3968,17,4,1,7,1.464705882,Low
3972,23,12,6,9,1.904347826,Low
3974,20,16,1,2,-1.2,Low
3976,21,14,5,4,1.128571429,Low
3977,24,4,3,2,1.95,Low
3978,21,8,4,2,1.828571429,Low
3979,17,18,5,8,0.664705882,Low
3980,17,15,3,1,0.264705882,Low
3982,21,13,6,2,1.828571429,Low
3985,28,9,2,1,0.271428571,Low
3993,19,5,2,9,1.578947368,Low
3995,22,2,2,4,1.963636364,Low
4001,26,13,2,5,-0.446153846,Low
4008,15,15,2,5,0,Low
4010,27,19,2,8,-1.688888889,Low
4015,19,8,1,1,0.478947368,Low
4017,28,15,7,1,1.571428571,Low
4018,26,4,3,5,1.853846154,Low
4019,9,18,2,6,0.733333333,Low
4022,27,12,4,7,0.711111111,Low
4023,29,18,1,7,-2.065517241,Low
4026,13,14,3,7,1.007692308,Low
4029,28,19,7,9,0.771428571,Low
4033,24,2,1,1,1.35,Low
4037,26,17,7,9,1.253846154,Low
4043,21,10,3,7,0.928571429,Low
4048,25,15,5,6,0.7,Low
4049,20,14,5,4,1.2,Low
4051,28,19,3,4,-1.228571429,Low
4056,17,14,5,1,1.464705882,Low
4058,20,14,6,5,1.7,Low
4063,18,11,5,4,1.966666667,Low
4067,14,17,6,6,1.742857143,Low
4070,27,4,3,1,1.811111111,Low
4079,18,18,4,7,0.066666667,Low
4081,25,16,3,3,-0.5,Low
4082,16,17,4,4,0.475,Low
4084,25,17,3,5,-0.7,Low
4091,8,17,1,3,0.85,Low
4092,29,18,9,5,1.934482759,Low
4094,27,17,3,5,-0.788888889,Low
4097,26,6,2,1,0.953846154,Low
4098,17,18,4,4,0.164705882,Low
4100,16,14,5,2,1.575,Low
4101,11,16,1,3,0.027272727,Low
4104,19,19,1,1,-1.721052632,Low
4108,23,14,6,8,1.504347826,Low
4110,22,4,1,2,1.063636364,Low
4116,8,12,1,9,1.85,Low
4118,25,15,2,5,-0.8,Low
4125,12,14,4,3,1.7,Low
4128,28,15,2,7,-0.928571429,Low
4129,25,17,6,5,0.8,Low
4136,19,10,1,3,0.078947368,Low
4137,24,14,1,8,-1.05,Low
4140,29,10,3,4,0.534482759,Low
4142,20,11,2,7,0.3,Low
4144,14,12,1,7,0.242857143,Low
4148,14,16,4,8,0.942857143,Low
4150,22,9,1,4,0.063636364,Low
4155,28,11,3,8,0.371428571,Low
4156,26,3,1,6,1.053846154,Low
4159,12,13,2,7,0.9,Low
4161,15,8,1,8,0.9,Low
4163,15,14,5,3,1.7,Low
4171,13,14,1,1,0.007692308,Low
4174,27,4,2,9,1.311111111,Low
4175,28,14,1,1,-1.228571429,Low
4176,22,16,1,3,-1.336363636,Low
4177,25,19,5,2,-0.1,Low
4178,23,10,1,7,-0.195652174,Low
4179,18,18,3,3,-0.433333333,Low
4180,24,1,1,9,1.55,Low
4181,26,17,7,3,1.253846154,Low
4182,28,11,6,7,1.871428571,Low
4184,19,12,5,8,1.678947368,Low
4186,29,2,2,3,1.634482759,Low
4187,23,12,4,9,0.904347826,Low
4190,28,8,5,5,1.971428571,Low
4193,15,15,4,1,1,Low
4198,20,17,6,5,1.1,Low
4202,25,12,4,4,0.8,Low
4204,18,12,3,4,0.766666667,Low
4208,21,17,6,1,1.028571429,Low
4211,23,17,4,7,-0.095652174,Low
4215,17,19,1,2,-1.535294118,Low
4217,20,10,1,1,0,Low
4218,15,7,1,5,1.1,Low
4220,16,15,1,8,-0.625,Low
4222,28,11,3,1,0.371428571,Low
4223,16,5,1,7,1.375,Low
4224,25,15,7,7,1.7,Low
4225,17,18,7,8,1.664705882,Low
4231,29,4,1,9,0.734482759,Low
4232,18,13,3,1,0.566666667,Low
4237,26,19,3,3,-1.146153846,Low
4239,13,16,2,1,0.107692308,Low
4240,9,16,2,7,1.133333333,Low
4243,17,19,4,6,-0.035294118,Low
4246,16,12,1,5,-0.025,Low
4251,29,13,7,7,1.934482759,Low
4252,27,17,7,4,1.211111111,Low
4254,18,19,7,2,1.366666667,Low
4257,13,19,6,9,1.507692308,Low
4259,21,5,3,7,1.928571429,Low
4261,29,8,4,9,1.434482759,Low
4262,12,9,2,7,1.7,Low
4265,27,12,1,9,-0.788888889,Low
4266,15,18,2,3,-0.6,Low
4267,12,12,1,8,0.6,Low
4270,28,5,2,7,1.071428571,Low
4278,27,5,2,4,1.111111111,Low
4286,26,19,2,9,-1.646153846,Low
4288,22,19,2,9,-1.436363636,Low
4289,10,11,1,1,1.3,Low
4290,25,15,2,4,-0.8,Low
4293,21,14,3,3,0.128571429,Low
4294,24,14,3,1,-0.05,Low
4296,27,13,2,8,-0.488888889,Low
4298,29,16,1,1,-1.665517241,Low
4300,20,12,3,4,0.6,Low
4301,26,16,2,3,-1.046153846,Low
4303,15,14,3,4,0.7,Low
4305,18,8,2,1,1.066666667,Low
4307,29,13,4,5,0.434482759,Low
4309,14,11,3,9,1.442857143,Low
4310,16,14,2,1,0.075,Low
4311,17,16,3,1,0.064705882,Low
4312,15,11,3,6,1.3,Low
4314,22,17,1,2,-1.536363636,Low
4316,8,12,1,6,1.85,Low
4319,28,11,5,5,1.371428571,Low
4320,22,16,4,8,0.163636364,Low
4323,10,12,1,7,1.1,Low
4325,14,15,3,8,0.642857143,Low
4334,25,12,1,8,-0.7,Low
4344,22,14,4,9,0.563636364,Low
4348,29,9,2,6,0.234482759,Low
4353,14,15,5,4,1.642857143,Low
4354,10,15,3,5,1.5,Low
4356,18,19,8,7,1.866666667,Low
4360,16,19,2,8,-0.925,Low
4361,10,12,2,7,1.6,Low
4367,29,5,2,5,1.034482759,Low
4372,23,9,3,3,1.004347826,Low
4373,29,13,6,8,1.434482759,Low
4376,19,5,2,5,1.578947368,Low
4383,27,13,6,9,1.511111111,Low
4393,17,19,7,9,1.464705882,Low
4396,15,13,3,1,0.9,Low
4401,26,10,2,9,0.153846154,Low
4410,21,11,3,1,0.728571429,Low
4412,15,13,2,4,0.4,Low
4419,6,19,1,7,1.7,Low
4424,21,18,5,3,0.328571429,Low
4425,21,10,1,3,-0.071428571,Low
4429,27,18,4,1,-0.488888889,Low
4430,19,1,1,8,1.878947368,Low
4432,20,16,3,9,-0.2,Low
4434,8,18,2,9,1.15,Low
4435,28,16,7,6,1.371428571,Low
4440,15,17,3,2,0.1,Low
4447,14,15,1,2,-0.357142857,Low
4448,21,18,1,5,-1.671428571,Low
4465,25,16,3,1,-0.5,Low
4466,23,12,3,7,0.404347826,Low
4470,20,17,4,1,0.1,Low
4471,20,7,2,2,1.1,Low
4477,28,12,3,5,0.171428571,Low
4483,23,15,7,1,1.804347826,Low
4489,10,16,4,5,1.8,Low
4490,25,18,4,6,-0.4,Low
4491,28,18,7,1,0.971428571,Low
4497,26,5,2,8,1.153846154,Low
4502,19,7,3,8,1.678947368,Low
4504,19,18,8,6,1.978947368,Low
4506,22,16,6,6,1.163636364,Low
4508,20,8,2,4,0.9,Low
4510,17,18,5,9,0.664705882,Low
4515,24,18,3,5,-0.85,Low
4516,21,17,3,5,-0.471428571,Low
4518,24,4,3,5,1.95,Low
4519,13,15,5,1,1.807692308,Low
4521,21,8,2,4,0.828571429,Low
4525,15,12,1,7,0.1,Low
4530,20,17,7,3,1.6,Low
4531,28,16,5,2,0.371428571,Low
4539,15,13,3,1,0.9,Low
4544,16,10,3,7,1.375,Low
4550,27,18,7,5,1.011111111,Low
4554,12,8,1,2,1.4,Low
4555,16,14,2,6,0.075,Low
4562,18,4,2,9,1.866666667,Low
4564,22,15,4,5,0.363636364,Low
4566,25,15,6,1,1.2,Low
4567,18,16,4,1,0.466666667,Low
4569,12,5,1,8,2,Low
4572,19,17,3,1,-0.321052632,Low
4573,25,3,1,6,1.1,Low
4574,11,16,1,1,0.027272727,Low
4578,12,12,1,7,0.6,Low
4579,15,8,3,5,1.9,Low
4580,11,12,3,2,1.827272727,Low
4581,29,18,2,1,-1.565517241,Low
4584,16,10,4,3,1.875,Low
4587,26,5,1,5,0.653846154,Low
4589,27,6,4,9,1.911111111,Low
4590,21,11,2,5,0.228571429,Low
4591,28,7,3,1,1.171428571,Low
4593,15,8,2,9,1.4,Low
4596,23,15,5,7,0.804347826,Low
4599,20,13,4,8,0.9,Low
4602,21,14,4,4,0.628571429,Low
4605,22,18,8,4,1.763636364,Low
4606,24,14,5,7,0.95,Low
4609,28,17,5,9,0.171428571,Low
4612,16,19,2,5,-0.925,Low
4614,12,16,5,4,1.8,Low
4621,23,9,3,3,1.004347826,Low
4623,14,11,3,2,1.442857143,Low
4630,27,6,1,6,0.411111111,Low
4634,25,11,4,9,1,Low
4635,19,9,1,7,0.278947368,Low
4636,29,17,5,2,0.134482759,Low
4639,19,18,3,2,-0.521052632,Low
4640,14,16,1,6,-0.557142857,Low
4642,13,6,1,9,1.607692308,Low
4645,28,19,3,6,-1.228571429,Low
4648,16,7,3,6,1.975,Low
4651,12,14,4,9,1.7,Low
4652,14,11,3,3,1.442857143,Low
4653,25,19,4,3,-0.6,Low
4654,18,17,6,2,1.266666667,Low
4658,22,15,4,4,0.363636364,Low
4660,19,7,1,8,0.678947368,Low
4663,28,14,4,5,0.271428571,Low
4665,17,19,5,8,0.464705882,Low
4669,25,14,4,2,0.4,Low
4671,24,10,4,7,1.25,Low
4675,21,8,3,3,1.328571429,Low
4690,22,3,1,2,1.263636364,Low
4692,23,10,3,7,0.804347826,Low
4693,28,15,1,4,-1.428571429,Low
4696,27,5,2,4,1.111111111,Low
4698,13,13,2,7,0.707692308,Low
4699,25,16,8,7,2,Low
4701,10,19,5,8,1.7,Low
4702,13,14,3,2,1.007692308,Low
4703,28,16,3,8,-0.628571429,Low
4704,27,14,6,8,1.311111111,Low
4707,21,14,4,7,0.628571429,Low
4713,16,18,7,9,1.775,Low
4719,14,14,2,2,0.342857143,Low
4721,25,1,2,3,2,Low
4724,24,15,3,9,-0.25,Low
4727,20,19,4,3,-0.3,Low
4728,20,18,2,2,-1.1,Low
4729,28,17,4,4,-0.328571429,Low
4732,26,2,1,1,1.253846154,Low
4733,19,13,2,8,-0.021052632,Low
4734,22,17,3,4,-0.536363636,Low
4741,15,16,2,5,-0.2,Low
4748,26,17,8,1,1.753846154,Low
4751,17,15,2,3,-0.235294118,Low
4753,24,10,1,1,-0.25,Low
4764,27,6,4,1,1.911111111,Low
4766,15,19,6,7,1.2,Low
4776,20,12,1,6,-0.4,Low
4781,23,9,4,5,1.504347826,Low
4782,22,9,1,5,0.063636364,Low
4783,23,11,2,1,0.104347826,Low
4786,26,5,3,7,1.653846154,Low
4789,16,19,7,2,1.575,Low
4790,22,6,1,1,0.663636364,Low
4791,7,19,3,7,1.985714286,Low
4793,23,13,5,7,1.204347826,Low
4797,28,11,4,2,0.871428571,Low
4798,14,14,3,8,0.842857143,Low
4801,20,18,5,6,0.4,Low
4803,22,14,2,8,-0.436363636,Low
4804,9,14,1,7,1.033333333,Low
4806,22,16,6,6,1.163636364,Low
4811,23,2,2,5,1.904347826,Low
4812,27,13,1,8,-0.988888889,Low
4813,12,6,1,1,1.8,Low
4814,24,7,3,5,1.35,Low
4816,17,18,5,2,0.664705882,Low
4820,7,18,2,1,1.685714286,Low
4821,28,18,3,7,-1.028571429,Low
4827,26,8,3,1,1.053846154,Low
4829,26,19,8,9,1.353846154,Low
4832,22,11,4,9,1.163636364,Low
4833,24,14,1,2,-1.05,Low
4836,29,15,6,5,1.034482759,Low
4842,24,16,5,9,0.55,Low
4849,28,11,3,9,0.371428571,Low
4850,27,12,5,6,1.211111111,Low
4851,29,3,3,3,1.934482759,Low
4852,11,7,1,8,1.827272727,Low
4853,17,15,1,1,-0.735294118,Low
4857,29,18,3,9,-1.065517241,Low
4858,21,15,2,8,-0.571428571,Low
4859,21,13,3,9,0.328571429,Low
4861,29,5,2,6,1.034482759,Low
4863,20,2,1,8,1.6,Low
4864,15,10,3,6,1.5,Low
4865,10,9,1,1,1.7,Low
4869,21,1,1,4,1.728571429,Low
4873,28,16,8,8,1.871428571,Low
4874,23,12,4,3,0.904347826,Low
4875,25,10,2,2,0.2,Low
4878,14,19,1,5,-1.157142857,Low
4880,20,3,2,6,1.9,Low
4886,29,9,2,2,0.234482759,Low
4888,12,16,5,9,1.8,Low
4893,12,6,1,3,1.8,Low
4895,17,2,1,8,1.864705882,Low
4897,8,18,3,7,1.65,Low
4902,29,18,5,9,-0.065517241,Low
4905,10,18,4,2,1.4,Low
4906,17,17,7,1,1.864705882,Low
4907,17,11,4,5,1.564705882,Low
4908,17,11,4,4,1.564705882,Low
4912,24,13,1,8,-0.85,Low
4913,16,13,1,6,-0.225,Low
4915,23,18,6,9,0.704347826,Low
4918,23,17,2,4,-1.095652174,Low
4923,24,6,2,9,1.05,Low
4925,28,17,2,1,-1.328571429,Low
4926,19,16,1,2,-1.121052632,Low
4929,28,17,2,3,-1.328571429,Low
4935,25,9,3,7,0.9,Low
4940,19,12,3,6,0.678947368,Low
4942,26,17,6,7,0.753846154,Low
4943,10,11,2,3,1.8,Low
4949,26,15,4,7,0.153846154,Low
4950,26,8,1,9,0.053846154,Low
4953,18,17,7,8,1.766666667,Low
4961,14,15,3,5,0.642857143,Low
4963,13,19,6,8,1.507692308,Low
4964,24,17,7,1,1.35,Low
4967,16,4,1,5,1.575,Low
4968,20,11,1,3,-0.2,Low
4970,12,12,1,4,0.6,Low
4971,12,11,1,9,0.8,Low
4974,23,9,2,7,0.504347826,Low
4975,16,18,7,4,1.775,Low
4981,19,16,2,1,-0.621052632,Low
4984,17,12,1,8,-0.135294118,Low
4986,25,5,2,5,1.2,Low
4987,23,18,1,8,-1.795652174,Low
4989,23,7,3,7,1.404347826,Low
4990,26,15,6,3,1.153846154,Low
5001,7,19,1,6,0.985714286,Low
5005,21,4,2,7,1.628571429,Low
5007,10,18,1,3,-0.1,Low
5008,15,6,2,5,1.8,Low
5009,18,10,4,5,1.666666667,Low
5010,12,18,5,9,1.4,Low
5013,8,18,1,1,0.65,Low
5014,22,13,3,5,0.263636364,Low
5015,24,17,4,7,-0.15,Low
5019,17,14,5,6,1.464705882,Low
5024,23,14,2,6,-0.495652174,Low
5032,25,11,2,5,0,Low
5038,13,18,1,1,-0.792307692,Low
5039,21,7,1,5,0.528571429,Low
5045,22,9,4,8,1.563636364,Low
5046,26,4,1,6,0.853846154,Low
5047,16,11,2,2,0.675,Low
5050,10,16,3,4,1.3,Low
5052,9,17,1,1,0.433333333,Low
5057,21,12,4,1,1.028571429,Low
5065,13,17,5,2,1.407692308,Low
5067,29,10,5,1,1.534482759,Low
5069,29,8,4,5,1.434482759,Low
5071,17,17,4,9,0.364705882,Low
5072,27,18,1,1,-1.988888889,Low
5074,22,7,2,8,0.963636364,Low
5075,26,16,1,1,-1.546153846,Low
5077,22,12,6,9,1.963636364,Low
5080,25,18,5,5,0.1,Low
5084,9,19,3,3,1.033333333,Low
5090,12,10,1,2,1,Low
5092,9,18,2,8,0.733333333,Low
5095,21,17,1,5,-1.471428571,Low
5097,24,13,2,6,-0.35,Low
5103,17,6,1,7,1.064705882,Low
5104,28,13,7,9,1.971428571,Low
5105,21,10,3,1,0.928571429,Low
5110,24,13,4,3,0.65,Low
5112,22,17,1,7,-1.536363636,Low
5118,24,7,3,6,1.35,Low
5121,13,8,1,5,1.207692308,Low
5126,14,11,3,6,1.442857143,Low
5127,24,19,4,3,-0.55,Low
5129,23,8,3,3,1.204347826,Low
5130,18,9,4,8,1.866666667,Low
5134,27,10,4,1,1.111111111,Low
5135,23,15,6,2,1.304347826,Low
5137,19,16,2,6,-0.621052632,Low
5142,23,6,3,2,1.604347826,Low
5146,25,19,7,9,0.9,Low
5147,15,16,6,7,1.8,Low
5148,25,6,2,4,1,Low
5151,19,16,3,9,-0.121052632,Low
5152,28,14,5,3,0.771428571,Low
5160,16,17,7,3,1.975,Low
5161,22,2,1,3,1.463636364,Low
5165,24,13,1,5,-0.85,Low
5167,19,4,2,3,1.778947368,Low
5169,21,6,3,4,1.728571429,Low
5170,23,18,1,7,-1.795652174,Low
5171,28,13,6,5,1.471428571,Low
5174,18,10,2,2,0.666666667,Low
5176,28,19,7,1,0.771428571,Low
5178,29,5,2,8,1.034482759,Low
5188,17,13,3,6,0.664705882,Low
5189,24,1,1,3,1.55,Low
5190,17,17,5,8,0.864705882,Low
5195,28,12,1,5,-0.828571429,Low
5201,24,5,3,2,1.75,Low
5202,7,19,1,5,0.985714286,Low
5204,28,14,4,2,0.271428571,Low
5210,17,19,8,7,1.964705882,Low
5212,22,18,7,6,1.263636364,Low
5221,12,16,2,2,0.3,Low
5222,21,17,3,4,-0.471428571,Low
5224,26,19,2,8,-1.646153846,Low
5226,28,15,4,1,0.071428571,Low
5230,12,17,2,7,0.1,Low
5232,14,12,3,8,1.242857143,Low
5239,15,4,1,2,1.7,Low
5244,15,9,1,4,0.7,Low
5249,9,15,2,1,1.333333333,Low
5251,24,7,1,3,0.35,Low
5256,15,16,6,1,1.8,Low
5257,17,16,6,3,1.564705882,Low
5263,14,15,3,1,0.642857143,Low
5267,12,16,4,7,1.3,Low
5272,21,9,1,8,0.128571429,Low
5275,24,9,5,6,1.95,Low
5277,27,3,2,5,1.511111111,Low
5280,25,7,1,9,0.3,Low
5282,12,14,2,9,0.7,Low
5283,23,14,5,1,1.004347826,Low
5286,26,7,3,9,1.253846154,Low
5287,13,7,1,6,1.407692308,Low
5288,17,19,1,6,-1.535294118,Low
5289,24,7,2,1,0.85,Low
5294,27,9,5,3,1.811111111,Low
5299,25,10,3,3,0.7,Low
5304,28,13,7,1,1.971428571,Low
5307,23,10,5,3,1.804347826,Low
5308,29,6,1,5,0.334482759,Low
5313,24,19,1,2,-2.05,Low
5314,20,15,2,5,-0.5,Low
5316,11,13,2,6,1.127272727,Low
5317,19,5,1,9,1.078947368,Low
5319,26,15,1,1,-1.346153846,Low
5320,27,4,2,2,1.311111111,Low
5326,24,19,5,2,-0.05,Low
5331,17,19,5,8,0.464705882,Low
5336,29,11,6,7,1.834482759,Low
5349,27,19,4,9,-0.688888889,Low
5350,26,14,2,7,-0.646153846,Low
5351,9,17,4,8,1.933333333,Low
5358,25,9,2,2,0.4,Low
5359,29,1,2,1,1.834482759,Low
5360,27,10,4,3,1.111111111,Low
5361,25,12,5,5,1.3,Low
5362,20,4,2,8,1.7,Low
5365,26,7,2,2,0.753846154,Low
5366,19,9,3,6,1.278947368,Low
5367,23,11,2,3,0.104347826,Low
5370,24,16,5,4,0.55,Low
5372,25,13,4,8,0.6,Low
5374,21,6,1,8,0.728571429,Low
5379,27,16,4,8,-0.088888889,Low
5388,28,17,5,8,0.171428571,Low
5389,24,19,7,6,0.95,Low
5391,22,16,5,6,0.663636364,Low
5393,25,15,3,2,-0.3,Low
5394,24,7,1,3,0.35,Low
5398,23,15,3,9,-0.195652174,Low
5399,25,1,2,3,2,Low
5400,19,4,2,7,1.778947368,Low
5403,23,2,2,9,1.904347826,Low
5406,21,19,6,6,0.628571429,Low
5409,26,7,3,1,1.253846154,Low
5410,17,17,1,6,-1.135294118,Low
5411,17,15,1,9,-0.735294118,Low
5413,25,2,2,7,1.8,Low
5419,19,14,2,8,-0.221052632,Low
5425,23,16,1,6,-1.395652174,Low
5428,13,11,2,8,1.107692308,Low
5434,10,18,2,5,0.4,Low
5439,26,3,2,1,1.553846154,Low
5443,19,19,7,9,1.278947368,Low
5449,23,16,1,1,-1.395652174,Low
5453,12,15,2,8,0.5,Low
5455,10,18,3,4,0.9,Low
5458,13,19,3,8,0.007692308,Low
5463,28,18,9,2,1.971428571,Low
5465,27,19,8,7,1.311111111,Low
5467,11,18,2,8,0.127272727,Low
5471,18,6,1,9,0.966666667,Low
5475,9,19,1,5,0.033333333,Low
5479,14,11,2,9,0.942857143,Low
5480,28,18,4,3,-0.528571429,Low
5484,27,17,6,8,0.711111111,Low
5486,26,14,3,5,-0.146153846,Low
5488,25,9,4,5,1.4,Low
5489,13,17,3,1,0.407692308,Low
5496,15,18,3,9,-0.1,Low
5498,14,17,1,9,-0.757142857,Low
5500,16,16,1,7,-0.825,Low
5502,17,5,1,8,1.264705882,Low
5506,22,10,1,5,-0.136363636,Low
5508,21,19,7,5,1.128571429,Low
5509,22,13,2,7,-0.236363636,Low
5514,19,16,1,3,-1.121052632,Low
5515,24,18,6,1,0.65,Low
5522,23,11,4,7,1.104347826,Low
5525,27,17,3,5,-0.788888889,Low
5526,10,11,1,6,1.3,Low
5527,20,16,5,4,0.8,Low
5528,21,12,5,3,1.528571429,Low
5529,27,17,8,5,1.711111111,Low
5531,24,7,1,4,0.35,Low
5537,14,12,3,8,1.242857143,Low
5539,27,5,1,3,0.611111111,Low
5544,25,7,3,6,1.3,Low
5547,14,18,6,7,1.542857143,Low
5559,17,7,1,7,0.864705882,Low
5563,23,7,3,1,1.404347826,Low
5567,27,15,1,9,-1.388888889,Low
5569,23,17,5,1,0.404347826,Low
5572,14,15,1,8,-0.357142857,Low
5573,8,13,1,4,1.65,Low
5574,25,6,1,8,0.5,Low
5583,15,19,7,7,1.7,Low
5584,26,19,9,3,1.853846154,Low
5586,26,17,5,9,0.253846154,Low
5587,18,16,7,4,1.966666667,Low
5588,21,12,2,7,0.028571429,Low
5589,21,8,3,6,1.328571429,Low
5596,14,11,4,4,1.942857143,Low
5598,25,15,2,5,-0.8,Low
5601,25,18,4,4,-0.4,Low
5603,29,19,8,8,1.234482759,Low
5604,10,11,1,6,1.3,Low
5606,27,17,1,8,-1.788888889,Low
5610,13,9,2,7,1.507692308,Low
5611,10,18,1,1,-0.1,Low
5612,7,19,1,3,0.985714286,Low
5615,19,14,3,2,0.278947368,Low
5618,9,17,4,3,1.933333333,Low
5621,28,15,3,8,-0.428571429,Low
5624,23,2,2,6,1.904347826,Low
5627,17,13,1,7,-0.335294118,Low
5632,10,18,2,2,0.4,Low
5636,24,17,5,4,0.35,Low
5638,16,16,4,9,0.675,Low
5641,15,15,1,5,-0.5,Low
5651,13,19,2,8,-0.492307692,Low
5654,25,8,1,7,0.1,Low
5655,13,19,1,3,-0.992307692,Low
5656,11,18,5,6,1.627272727,Low
5657,10,15,4,9,2,Low
5659,10,18,3,8,0.9,Low
5660,27,14,6,1,1.311111111,Low
5664,28,2,2,5,1.671428571,Low
5666,17,16,4,4,0.564705882,Low
5670,29,18,2,4,-1.565517241,Low
5671,10,10,2,3,2,Low
5673,17,18,3,8,-0.335294118,Low
5675,26,10,3,1,0.653846154,Low
5676,16,19,2,9,-0.925,Low
5678,20,18,5,2,0.4,Low
5680,18,11,2,2,0.466666667,Low
5681,15,19,4,5,0.2,Low
5685,17,6,2,1,1.564705882,Low
5687,27,18,7,1,1.011111111,Low
5688,17,19,4,7,-0.035294118,Low
5690,26,10,4,9,1.153846154,Low
5693,24,12,2,1,-0.15,Low
5705,16,18,3,2,-0.225,Low
5706,24,7,2,3,0.85,Low
5707,20,17,3,3,-0.4,Low
5709,11,19,4,3,0.927272727,Low
5717,18,13,1,8,-0.433333333,Low
5724,17,17,5,9,0.864705882,Low
5732,9,15,2,8,1.333333333,Low
5735,9,19,1,2,0.033333333,Low
5736,25,5,1,1,0.7,Low
5740,26,13,1,3,-0.946153846,Low
5741,17,11,1,1,0.064705882,Low
5744,29,12,2,7,-0.365517241,Low
5748,24,13,5,9,1.15,Low
5752,28,14,3,9,-0.228571429,Low
5765,17,19,1,6,-1.535294118,Low
5770,17,5,1,3,1.264705882,Low
5772,18,19,8,9,1.866666667,Low
5773,17,13,5,8,1.664705882,Low
5774,18,8,2,6,1.066666667,Low
5780,21,7,2,4,1.028571429,Low
5782,20,19,7,5,1.2,Low
5783,15,16,4,1,0.8,Low
5786,27,16,2,3,-1.088888889,Low
5794,28,18,1,5,-2.028571429,Low
5799,20,12,2,2,0.1,Low
5801,27,17,5,6,0.211111111,Low
5806,11,19,1,8,-0.572727273,Low
5807,25,7,4,7,1.8,Low
5812,15,12,4,3,1.6,Low
5815,18,6,3,4,1.966666667,Low
5817,29,9,1,9,-0.265517241,Low
5818,25,19,5,6,-0.1,Low
5826,13,9,1,1,1.007692308,Low
5833,12,18,4,6,0.9,Low
5838,23,17,4,2,-0.095652174,Low
5842,16,17,1,8,-1.025,Low
5843,16,8,3,3,1.775,Low
5851,27,3,2,9,1.511111111,Low
5853,16,5,1,3,1.375,Low
5857,17,15,3,8,0.264705882,Low
5860,22,12,3,8,0.463636364,Low
5864,19,8,1,6,0.478947368,Low
5874,21,18,7,4,1.328571429,Low
5875,17,14,2,6,-0.035294118,Low
5879,11,11,2,6,1.527272727,Low
5881,12,12,3,4,1.6,Low
5882,18,10,2,8,0.666666667,Low
5886,20,18,8,4,1.9,Low
5887,20,12,3,9,0.6,Low
5888,13,19,1,3,-0.992307692,Low
5891,27,15,5,4,0.611111111,Low
5895,28,1,2,3,1.871428571,Low
5896,22,14,6,1,1.563636364,Low
5897,27,19,9,8,1.811111111,Low
5899,29,19,9,9,1.734482759,Low
5910,27,7,2,3,0.711111111,Low
5912,27,13,5,7,1.011111111,Low
5913,13,15,2,6,0.307692308,Low
5914,21,14,5,2,1.128571429,Low
5916,9,17,4,4,1.933333333,Low
5918,24,15,2,5,-0.75,Low
5920,25,2,1,6,1.3,Low
5926,22,12,5,4,1.463636364,Low
5928,15,8,1,3,0.9,Low
5929,29,16,6,1,0.834482759,Low
5932,24,18,3,7,-0.85,Low
5935,27,14,6,4,1.311111111,Low
5936,16,15,6,4,1.875,Low
5940,19,17,6,1,1.178947368,Low
5942,14,18,2,4,-0.457142857,Low
5943,20,19,6,6,0.7,Low
5945,21,15,6,4,1.428571429,Low
5946,21,10,1,4,-0.071428571,Low
5951,24,15,2,7,-0.75,Low
5958,20,15,5,7,1,Low
5959,26,17,4,7,-0.246153846,Low
5960,16,13,4,9,1.275,Low
5965,23,12,1,5,-0.595652174,Low
5966,8,19,4,7,1.95,Low
5971,28,16,1,8,-1.628571429,Low
5974,29,14,1,2,-1.265517241,Low
5975,19,8,2,5,0.978947368,Low
5977,24,14,1,9,-1.05,Low
5978,16,18,4,3,0.275,Low
5980,25,15,7,4,1.7,Low
5986,20,10,5,5,2,Low
5987,29,16,2,3,-1.165517241,Low
5990,22,5,3,9,1.863636364,Low
5996,17,13,3,2,0.664705882,Low
5997,13,10,2,6,1.307692308,Low
5999,24,17,1,9,-1.65,Low
6000,7,19,3,3,1.985714286,Low
6001,28,13,3,9,-0.028571429,Low
6014,16,16,3,5,0.175,Low
6017,12,15,4,8,1.5,Low
6019,12,18,2,5,-0.1,Low
6021,22,12,5,2,1.463636364,Low
6022,24,13,6,8,1.65,Low
6025,27,16,7,2,1.411111111,Low
6026,18,13,2,9,0.066666667,Low
6029,20,8,4,5,1.9,Low
6035,22,19,6,8,0.563636364,Low
6036,24,12,2,2,-0.15,Low
6038,28,16,3,6,-0.628571429,Low
6039,24,12,3,7,0.35,Low
6040,10,14,2,2,1.2,Low
6041,16,10,3,4,1.375,Low
6043,21,17,2,4,-0.971428571,Low
6047,16,15,5,5,1.375,Low
6049,29,14,6,8,1.234482759,Low
6050,24,2,2,4,1.85,Low
6055,14,14,1,5,-0.157142857,Low
6057,23,16,6,7,1.104347826,Low
6059,27,3,2,4,1.511111111,Low
6065,10,16,1,8,0.3,Low
6067,29,13,6,8,1.434482759,Low
6070,27,18,6,7,0.511111111,Low
6071,26,19,9,4,1.853846154,Low
6076,11,17,3,1,0.827272727,Low
6079,21,11,5,2,1.728571429,Low
6080,23,9,2,3,0.504347826,Low
6082,21,6,1,6,0.728571429,Low
6084,10,13,1,7,0.9,Low
6085,17,4,1,9,1.464705882,Low
6088,22,1,1,2,1.663636364,Low
6094,17,13,1,3,-0.335294118,Low
6096,26,14,5,8,0.853846154,Low
6097,7,14,1,2,1.985714286,Low
6101,11,10,2,3,1.727272727,Low
6103,17,7,1,2,0.864705882,Low
6115,12,17,3,5,0.6,Low
6117,25,12,3,3,0.3,Low
6121,27,16,2,4,-1.088888889,Low
6125,22,9,3,9,1.063636364,Low
6129,28,9,3,1,0.771428571,Low
6134,26,19,2,7,-1.646153846,Low
6135,23,11,1,2,-0.395652174,Low
6137,19,14,1,4,-0.721052632,Low
6139,26,14,2,7,-0.646153846,Low
6140,20,5,3,6,2,Low
6143,13,5,1,1,1.807692308,Low
6150,24,14,6,7,1.45,Low
6153,17,4,2,3,1.964705882,Low
6155,28,12,2,6,-0.328571429,Low
6159,11,19,6,7,1.927272727,Low
6161,27,4,1,6,0.811111111,Low
6163,8,14,2,4,1.95,Low
6166,22,5,1,4,0.863636364,Low
6169,23,8,4,1,1.704347826,Low
6173,22,13,4,8,0.763636364,Low
6178,11,18,5,6,1.627272727,Low
6181,25,18,7,6,1.1,Low
6189,20,18,4,2,-0.1,Low
6191,29,11,2,5,-0.165517241,Low
6195,13,5,1,3,1.807692308,Low
6197,7,19,3,4,1.985714286,Low
6198,22,18,8,9,1.763636364,Low
6200,16,19,6,7,1.075,Low
6201,15,18,1,1,-1.1,Low
6202,22,18,5,5,0.263636364,Low
6205,21,1,1,7,1.728571429,Low
6206,16,10,1,7,0.375,Low
6207,27,8,3,4,1.011111111,Low
6209,17,7,3,4,1.864705882,Low
6215,27,5,1,8,0.611111111,Low
6216,18,15,2,3,-0.333333333,Low
6220,18,12,5,7,1.766666667,Low
6223,25,14,1,5,-1.1,Low
6226,29,8,4,8,1.434482759,Low
6227,26,16,7,1,1.453846154,Low
6231,16,6,2,4,1.675,Low
6235,21,19,6,8,0.628571429,Low
6236,25,11,2,8,0,Low
6239,19,14,6,5,1.778947368,Low
6240,23,9,1,4,0.004347826,Low
6241,14,9,3,2,1.842857143,Low
6246,21,11,1,6,-0.271428571,Low
6250,13,18,3,5,0.207692308,Low
6257,20,11,2,6,0.3,Low
6259,18,1,1,9,1.966666667,Low
6262,26,11,6,4,1.953846154,Low
6272,8,15,1,9,1.25,Low
6276,23,8,1,4,0.204347826,Low
6286,26,17,5,8,0.253846154,Low
6288,16,18,4,8,0.275,Low
6296,17,18,1,7,-1.335294118,Low
6300,29,12,1,5,-0.865517241,Low
6302,24,16,1,2,-1.45,Low
6303,17,18,5,9,0.664705882,Low
6304,16,11,2,8,0.675,Low
6305,19,5,2,3,1.578947368,Low
6306,8,16,1,3,1.05,Low
6310,20,16,4,4,0.3,Low
6314,16,12,4,3,1.475,Low
6327,21,15,6,5,1.428571429,Low
6330,11,19,3,9,0.427272727,Low
6331,15,13,5,4,1.9,Low
6336,9,19,3,4,1.033333333,Low
6339,9,10,1,1,1.833333333,Low
6344,11,7,1,5,1.827272727,Low
6348,22,11,1,6,-0.336363636,Low
6349,16,3,1,2,1.775,Low
6353,23,11,2,1,0.104347826,Low
6355,24,10,5,6,1.75,Low
6356,28,4,2,5,1.271428571,Low
6359,19,12,3,4,0.678947368,Low
6360,22,12,4,8,0.963636364,Low
6362,28,7,1,2,0.171428571,Low
6367,25,14,4,9,0.4,Low
6369,12,11,1,4,0.8,Low
6371,19,10,2,2,0.578947368,Low
6373,28,16,2,3,-1.128571429,Low
6377,16,9,3,1,1.575,Low
6378,17,17,3,5,-0.135294118,Low
6381,16,16,6,3,1.675,Low
6394,23,14,6,5,1.504347826,Low
6398,14,16,1,9,-0.557142857,Low
6401,28,6,1,1,0.371428571,Low
6402,19,9,1,6,0.278947368,Low
6404,22,9,1,9,0.063636364,Low
6406,24,19,6,4,0.45,Low
6414,10,19,5,1,1.7,Low
6415,25,9,1,5,-0.1,Low
6417,21,13,5,2,1.328571429,Low
6418,26,8,4,8,1.553846154,Low
6419,29,7,3,8,1.134482759,Low
6422,26,16,5,7,0.453846154,Low
6431,11,14,4,8,1.927272727,Low
6434,19,19,5,3,0.278947368,Low
6435,23,2,1,5,1.404347826,Low
6436,27,14,6,5,1.311111111,Low
6437,19,13,3,2,0.478947368,Low
6438,25,15,3,8,-0.3,Low
6442,18,18,7,4,1.566666667,Low
6444,14,17,4,8,0.742857143,Low
6451,11,18,4,3,1.127272727,Low
6452,20,14,3,2,0.2,Low
6454,27,7,2,6,0.711111111,Low
6455,17,19,7,2,1.464705882,Low
6458,23,11,1,8,-0.395652174,Low
6461,20,11,2,1,0.3,Low
6463,24,18,7,4,1.15,Low
6472,21,10,3,3,0.928571429,Low
6474,15,6,2,4,1.8,Low
6475,23,14,2,6,-0.495652174,Low
6479,28,13,6,5,1.471428571,Low
6480,24,7,1,1,0.35,Low
6486,18,19,1,4,-1.633333333,Low
6487,22,19,5,4,0.063636364,Low
6488,28,6,3,1,1.371428571,Low
6489,29,13,1,5,-1.065517241,Low
6491,13,7,2,9,1.907692308,Low
6496,21,14,4,8,0.628571429,Low
6498,14,13,3,8,1.042857143,Low
6500,21,5,3,8,1.928571429,Low
6502,23,7,1,8,0.404347826,Low
6503,22,7,1,4,0.463636364,Low
6505,18,10,2,4,0.666666667,Low
6507,24,13,1,6,-0.85,Low
6510,13,11,3,2,1.607692308,Low
6514,20,6,1,3,0.8,Low
6516,28,18,1,5,-2.028571429,Low
6520,27,16,5,2,0.411111111,Low
6525,29,1,2,8,1.834482759,Low
6526,28,8,4,7,1.471428571,Low
6528,15,14,1,5,-0.3,Low
6533,16,18,3,5,-0.225,Low
6535,13,15,1,2,-0.192307692,Low
6537,25,13,6,5,1.6,Low
6538,28,11,6,2,1.871428571,Low
6540,17,19,5,4,0.464705882,Low
6541,28,2,2,8,1.671428571,Low
6549,25,8,3,7,1.1,Low
6552,27,12,5,2,1.211111111,Low
6554,29,12,4,1,0.634482759,Low
6556,20,7,2,8,1.1,Low
6558,25,10,3,8,0.7,Low
6565,23,8,1,5,0.204347826,Low
6570,19,8,3,8,1.478947368,Low
6572,20,15,2,3,-0.5,Low
6575,29,14,5,9,0.734482759,Low
6582,23,11,4,9,1.104347826,Low
6587,24,9,1,4,-0.05,Low
6592,21,17,5,9,0.528571429,Low
6593,10,14,3,6,1.7,Low
6594,17,19,8,5,1.964705882,Low
6595,26,8,1,5,0.053846154,Low
6598,22,12,1,8,-0.536363636,Low
6599,21,4,1,1,1.128571429,Low
6600,17,10,2,8,0.764705882,Low
6603,17,6,2,2,1.564705882,Low
6607,13,10,1,4,0.807692308,Low
6613,20,13,2,4,-0.1,Low
6614,29,17,7,5,1.134482759,Low
6616,18,16,4,4,0.466666667,Low
6622,20,13,3,7,0.4,Low
6623,13,18,6,2,1.707692308,Low
6634,23,15,5,3,0.804347826,Low
6635,29,13,7,8,1.934482759,Low
6637,16,17,2,8,-0.525,Low
6639,28,7,3,1,1.171428571,Low
6640,28,19,2,9,-1.728571429,Low
6649,29,15,1,6,-1.465517241,Low
6653,11,15,1,7,0.227272727,Low
6654,24,12,2,4,-0.15,Low
6655,11,14,2,8,0.927272727,Low
6658,22,10,4,4,1.363636364,Low
6659,28,4,3,6,1.771428571,Low
6662,29,19,9,7,1.734482759,Low
6667,18,17,2,7,-0.733333333,Low
6668,26,6,1,3,0.453846154,Low
6671,15,16,1,5,-0.7,Low
6675,22,19,1,9,-1.936363636,Low
6678,22,12,2,4,-0.036363636,Low
6681,16,16,4,6,0.675,Low
6686,25,17,1,3,-1.7,Low
6687,19,19,6,4,0.778947368,Low
6688,25,19,1,6,-2.1,Low
6690,14,10,3,7,1.642857143,Low
6693,29,17,3,3,-0.865517241,Low
6694,29,5,2,4,1.034482759,Low
6698,25,10,3,2,0.7,Low
6699,20,10,3,2,1,Low
6703,10,18,5,2,1.9,Low
6712,26,15,6,6,1.153846154,Low
6714,29,15,1,3,-1.465517241,Low
6719,13,17,5,5,1.407692308,Low
6720,20,19,2,7,-1.3,Low
6721,25,11,1,9,-0.5,Low
6724,11,14,2,1,0.927272727,Low
6726,21,13,6,5,1.828571429,Low
6730,17,15,1,4,-0.735294118,Low
6734,11,10,1,2,1.227272727,Low
6735,23,15,2,9,-0.695652174,Low
6738,14,14,3,5,0.842857143,Low
6739,13,12,4,7,1.907692308,Low
6740,24,9,5,6,1.95,Low
6741,14,11,4,8,1.942857143,Low
6743,25,15,4,4,0.2,Low
6745,11,19,2,6,-0.072727273,Low
6747,29,5,2,4,1.034482759,Low
6748,21,4,2,4,1.628571429,Low
6750,28,12,5,5,1.171428571,Low
6752,29,18,4,6,-0.565517241,Low
6755,24,19,3,8,-1.05,Low
6756,17,17,4,8,0.364705882,Low
6760,25,11,6,7,2,Low
6761,12,18,1,7,-0.6,Low
6765,11,12,2,7,1.327272727,Low
6767,20,15,1,9,-1,Low
6772,15,16,3,6,0.3,Low
6773,26,18,5,8,0.053846154,Low
6776,18,11,3,5,0.966666667,Low
6780,26,11,1,1,-0.546153846,Low
6785,10,18,5,1,1.9,Low
6787,15,16,4,6,0.8,Low
6788,10,19,2,1,0.2,Low
6791,28,18,3,6,-1.028571429,Low
6795,16,15,1,5,-0.625,Low
6797,29,18,2,1,-1.565517241,Low
6805,29,16,8,3,1.834482759,Low
6811,12,11,3,4,1.8,Low
6817,23,16,7,6,1.604347826,Low
6818,29,10,2,6,0.034482759,Low
6822,14,11,1,9,0.442857143,Low
6826,28,10,3,1,0.571428571,Low
6827,24,9,2,2,0.45,Low
6830,14,13,4,3,1.542857143,Low
6832,14,14,1,2,-0.157142857,Low
6834,17,12,3,9,0.864705882,Low
6845,27,17,4,3,-0.288888889,Low
6846,24,10,1,3,-0.25,Low
6851,23,17,6,5,0.904347826,Low
6852,15,16,4,6,0.8,Low
6856,28,13,2,5,-0.528571429,Low
6857,28,18,5,1,-0.028571429,Low
6858,28,17,6,2,0.671428571,Low
6862,18,18,5,8,0.566666667,Low
6865,19,18,7,9,1.478947368,Low
6867,28,16,2,7,-1.128571429,Low
6869,24,14,1,8,-1.05,Low
6870,16,12,4,4,1.475,Low
6873,11,16,3,3,1.027272727,Low
6886,21,19,1,9,-1.871428571,Low
6891,24,15,4,1,0.25,Low
6894,19,19,2,5,-1.221052632,Low
6897,21,4,1,8,1.128571429,Low
6903,15,14,2,3,0.2,Low
6905,18,18,3,1,-0.433333333,Low
6910,10,18,5,4,1.9,Low
6911,23,18,8,7,1.704347826,Low
6914,17,3,1,1,1.664705882,Low
6917,24,15,5,4,0.75,Low
6918,18,7,1,3,0.766666667,Low
6919,23,12,4,4,0.904347826,Low
6921,28,19,6,3,0.271428571,Low
6923,17,19,5,9,0.464705882,Low
6924,17,13,3,9,0.664705882,Low
6930,8,15,2,3,1.75,Low
6933,8,14,2,6,1.95,Low
6934,26,13,2,7,-0.446153846,Low
6935,16,18,4,4,0.275,Low
6937,24,17,4,2,-0.15,Low
6939,11,17,2,3,0.327272727,Low
6954,18,5,1,4,1.166666667,Low
6955,23,11,2,9,0.104347826,Low
6957,22,18,6,2,0.763636364,Low
6958,22,11,1,4,-0.336363636,Low
6959,19,17,6,8,1.178947368,Low
6960,16,2,1,1,1.975,Low
6963,25,7,3,1,1.3,Low
6964,12,15,4,6,1.5,Low
6965,25,16,1,1,-1.5,Low
6967,10,13,1,6,0.9,Low
6968,29,6,3,8,1.334482759,Low
6969,19,11,5,8,1.878947368,Low
6970,24,4,1,9,0.95,Low
6971,12,7,1,9,1.6,Low
6975,23,11,2,5,0.104347826,Low
6977,24,18,5,4,0.15,Low
6982,19,19,6,8,0.778947368,Low
6984,13,16,3,5,0.607692308,Low
6986,22,4,2,5,1.563636364,Low
6987,29,11,2,4,-0.165517241,Low
6990,23,14,2,6,-0.495652174,Low
6992,20,8,4,9,1.9,Low
6993,19,9,3,6,1.278947368,Low
6997,27,18,3,9,-0.988888889,Low
7000,26,17,8,1,1.753846154,Low
7003,29,16,7,2,1.334482759,Low
7006,11,16,3,1,1.027272727,Low
7008,26,15,2,9,-0.846153846,Low
7011,21,16,3,4,-0.271428571,Low
7020,25,4,3,3,1.9,Low
7022,16,19,4,7,0.075,Low
7026,12,15,2,3,0.5,Low
7028,28,8,4,1,1.471428571,Low
7031,20,13,3,1,0.4,Low
7041,15,18,7,2,1.9,Low
7043,22,15,4,4,0.363636364,Low
7048,27,16,1,1,-1.588888889,Low
7049,14,16,1,1,-0.557142857,Low
7055,25,10,2,2,0.2,Low
7058,21,11,1,2,-0.271428571,Low
7064,26,2,1,3,1.253846154,Low
7065,18,17,7,5,1.766666667,Low
7068,21,19,2,3,-1.371428571,Low
7075,24,5,2,5,1.25,Low
7084,27,15,3,1,-0.388888889,Low
7086,28,13,2,1,-0.528571429,Low
7087,18,4,1,2,1.366666667,Low
7091,12,10,1,6,1,Low
7093,24,1,1,1,1.55,Low
7094,22,16,3,3,-0.336363636,Low
7096,20,18,3,6,-0.6,Low
7097,25,7,4,6,1.8,Low
7098,26,9,3,3,0.853846154,Low
7102,11,19,6,6,1.927272727,Low
7110,27,17,1,4,-1.788888889,Low
7111,20,7,2,3,1.1,Low
7115,16,5,2,7,1.875,Low
7120,14,16,1,9,-0.557142857,Low
7123,27,15,5,2,0.611111111,Low
7124,18,13,3,8,0.566666667,Low
7127,20,18,8,8,1.9,Low
7132,11,15,1,9,0.227272727,Low
7134,19,7,3,6,1.678947368,Low
7137,21,15,4,5,0.428571429,Low
7142,20,9,2,2,0.7,Low
7145,14,16,5,9,1.442857143,Low
7146,13,7,1,2,1.407692308,Low
7149,17,4,1,3,1.464705882,Low
7151,24,11,3,9,0.55,Low
7152,21,11,5,8,1.728571429,Low
7154,26,16,5,7,0.453846154,Low
7155,28,12,1,5,-0.828571429,Low
7157,14,18,3,4,0.042857143,Low
7159,25,7,1,3,0.3,Low
7165,20,17,7,1,1.6,Low
7168,23,19,4,6,-0.495652174,Low
7174,14,11,1,9,0.442857143,Low
7175,16,19,3,3,-0.425,Low
7176,27,12,3,9,0.211111111,Low
7178,25,12,4,1,0.8,Low
7182,16,16,5,3,1.175,Low
7183,27,19,6,4,0.311111111,Low
7185,21,11,5,3,1.728571429,Low
7189,14,15,5,7,1.642857143,Low
7190,21,10,5,6,1.928571429,Low
7192,12,8,1,9,1.4,Low
7193,28,7,4,2,1.671428571,Low
7195,19,17,1,1,-1.321052632,Low
7197,22,9,4,2,1.563636364,Low
7200,11,12,1,7,0.827272727,Low
7204,15,9,2,1,1.2,Low
7208,23,10,1,1,-0.195652174,Low
7213,9,17,1,3,0.433333333,Low
7216,22,5,1,2,0.863636364,Low
7217,20,11,4,5,1.3,Low
7219,18,19,5,7,0.366666667,Low
7223,26,19,1,3,-2.146153846,Low
7227,28,11,2,1,-0.128571429,Low
7228,25,17,7,4,1.3,Low
7230,19,8,3,7,1.478947368,Low
7234,17,13,3,7,0.664705882,Low
7235,14,13,2,4,0.542857143,Low
7236,24,4,2,2,1.45,Low
7240,24,16,3,3,-0.45,Low
7241,25,15,3,3,-0.3,Low
7243,27,16,7,9,1.411111111,Low
7249,21,13,3,1,0.328571429,Low
7250,28,15,4,1,0.071428571,Low
7253,27,17,3,6,-0.788888889,Low
7254,17,17,2,3,-0.635294118,Low
7255,12,16,1,4,-0.2,Low
7258,20,18,1,4,-1.6,Low
7262,26,10,5,4,1.653846154,Low
7271,15,17,5,9,1.1,Low
7273,19,18,3,6,-0.521052632,Low
7275,28,18,5,9,-0.028571429,Low
7276,26,4,1,1,0.853846154,Low
7278,26,9,4,4,1.353846154,Low
7280,14,12,4,7,1.742857143,Low
7282,27,18,1,1,-1.988888889,Low
7284,26,3,2,2,1.553846154,Low
7288,28,12,1,5,-0.828571429,Low
7291,23,15,7,2,1.804347826,Low
7294,29,9,5,8,1.734482759,Low
7300,21,13,4,2,0.828571429,Low
7301,15,9,3,4,1.7,Low
7306,10,10,2,7,2,Low
7307,25,11,2,8,0,Low
7311,19,3,2,1,1.978947368,Low
7312,24,17,7,7,1.35,Low
7313,22,14,1,3,-0.936363636,Low
7314,28,18,9,2,1.971428571,Low
7324,12,14,4,9,1.7,Low
7325,27,15,3,9,-0.388888889,Low
7327,26,16,1,2,-1.546153846,Low
7330,26,18,1,2,-1.946153846,Low
7332,22,4,1,6,1.063636364,Low
7334,28,11,2,8,-0.128571429,Low
7339,26,8,2,4,0.553846154,Low
7340,11,13,2,3,1.127272727,Low
7341,12,17,4,5,1.1,Low
7344,24,19,6,5,0.45,Low
7352,14,9,1,4,0.842857143,Low
7357,28,18,9,8,1.971428571,Low
7358,25,19,9,5,1.9,Low
7359,19,11,1,1,-0.121052632,Low
7360,17,14,1,9,-0.535294118,Low
7364,16,19,6,7,1.075,Low
7365,21,16,7,5,1.728571429,Low
7370,22,9,2,2,0.563636364,Low
7374,19,7,2,4,1.178947368,Low
7375,22,1,1,4,1.663636364,Low
7377,16,18,5,5,0.775,Low
7379,18,8,2,3,1.066666667,Low
7382,10,16,4,9,1.8,Low
7384,9,19,3,4,1.033333333,Low
7387,24,15,2,9,-0.75,Low
7388,21,16,7,1,1.728571429,Low
7396,18,5,2,5,1.666666667,Low
7397,26,2,1,9,1.253846154,Low
7398,26,3,1,8,1.053846154,Low
7407,17,17,6,6,1.364705882,Low
7410,17,14,5,4,1.464705882,Low
7411,24,4,3,3,1.95,Low
7413,20,17,5,5,0.6,Low
7414,22,11,1,7,-0.336363636,Low
7424,17,10,2,7,0.764705882,Low
7427,15,16,2,9,-0.2,Low
7429,21,19,2,3,-1.371428571,Low
7430,12,8,2,6,1.9,Low
7438,19,16,2,7,-0.621052632,Low
7440,17,17,2,8,-0.635294118,Low
7445,29,11,1,2,-0.665517241,Low
7447,25,11,2,8,0,Low
7449,22,12,5,2,1.463636364,Low
7454,11,14,3,4,1.427272727,Low
7461,22,13,4,7,0.763636364,Low
7463,23,6,3,8,1.604347826,Low
7471,22,15,5,5,0.863636364,Low
7477,28,17,6,5,0.671428571,Low
7482,29,11,2,7,-0.165517241,Low
7483,22,11,1,6,-0.336363636,Low
7488,8,16,1,8,1.05,Low
7492,16,13,3,4,0.775,Low
7493,14,5,1,4,1.642857143,Low
7499,21,16,5,1,0.728571429,Low
7501,23,12,1,6,-0.595652174,Low
7502,29,19,7,3,0.734482759,Low
7504,24,5,3,7,1.75,Low
7508,23,6,1,1,0.604347826,Low
7510,24,6,3,7,1.55,Low
7515,28,19,3,4,-1.228571429,Low
7516,11,16,1,4,0.027272727,Low
7517,27,11,6,3,1.911111111,Low
7522,29,19,8,6,1.234482759,Low
7523,28,12,5,8,1.171428571,Low
7524,28,16,8,7,1.871428571,Low
7525,15,15,6,9,2,Low
7526,15,15,6,4,2,Low
7527,14,16,2,4,-0.057142857,Low
7532,25,11,4,3,1,Low
7541,17,18,2,3,-0.835294118,Low
7544,26,14,4,1,0.353846154,Low
7545,29,14,3,6,-0.265517241,Low
7546,27,4,2,4,1.311111111,Low
7548,25,19,6,4,0.4,Low
7552,15,17,2,5,-0.4,Low
7557,17,9,2,7,0.964705882,Low
7559,18,10,3,6,1.166666667,Low
7563,22,19,7,3,1.063636364,Low
7565,25,14,1,1,-1.1,Low
7571,28,16,1,4,-1.628571429,Low
7576,29,15,3,1,-0.465517241,Low
7578,29,16,3,6,-0.665517241,Low
7579,19,17,3,4,-0.321052632,Low
7580,12,18,3,5,0.4,Low
7584,23,12,5,3,1.404347826,Low
7585,17,12,2,3,0.364705882,Low
7586,28,17,2,6,-1.328571429,Low
7587,27,3,1,2,1.011111111,Low
7588,28,5,3,3,1.571428571,Low
7589,13,18,4,5,0.707692308,Low
7590,19,19,6,4,0.778947368,Low
7594,15,18,5,7,0.9,Low
7596,10,17,4,2,1.6,Low
7598,19,13,5,2,1.478947368,Low
7599,29,18,8,3,1.434482759,Low
7602,12,12,3,4,1.6,Low
7603,24,19,2,1,-1.55,Low
7606,28,18,4,3,-0.528571429,Low
7607,29,8,1,4,-0.065517241,Low
7608,9,15,2,4,1.333333333,Low
7611,26,7,4,5,1.753846154,Low
7622,20,13,3,4,0.4,Low
7624,27,18,2,9,-1.488888889,Low
7626,7,18,2,9,1.685714286,Low
7630,22,13,6,2,1.763636364,Low
7633,10,19,2,3,0.2,Low
7636,9,19,2,5,0.533333333,Low
7637,18,10,3,5,1.166666667,Low
7638,28,6,2,2,0.871428571,Low
7640,24,16,7,6,1.55,Low
7646,16,10,1,7,0.375,Low
7649,16,12,1,8,-0.025,Low
7650,21,5,1,3,0.928571429,Low
7651,10,17,3,2,1.1,Low
7656,27,12,2,8,-0.288888889,Low
7657,27,5,3,6,1.611111111,Low
7658,21,17,7,5,1.528571429,Low
7666,29,7,1,4,0.134482759,Low
7672,16,13,5,2,1.775,Low
7678,23,13,5,7,1.204347826,Low
7679,19,12,4,8,1.178947368,Low
7684,28,6,3,9,1.371428571,Low
7687,22,15,1,5,-1.136363636,Low
7690,16,14,5,9,1.575,Low
7696,20,18,4,7,-0.1,Low
7699,13,17,5,7,1.407692308,Low
7700,23,13,4,4,0.704347826,Low
7701,25,17,1,6,-1.7,Low
7706,25,4,2,3,1.4,Low
7725,12,19,1,5,-0.8,Low
7729,13,17,2,3,-0.092307692,Low
7732,25,7,1,2,0.3,Low
7734,24,2,1,8,1.35,Low
7735,16,16,3,4,0.175,Low
7736,24,9,3,2,0.95,Low
7740,26,8,3,6,1.053846154,Low
7744,29,14,3,5,-0.265517241,Low
7748,28,16,2,4,-1.128571429,Low
7750,16,7,2,1,1.475,Low
7758,16,19,4,9,0.075,Low
7767,14,16,2,8,-0.057142857,Low
7770,26,12,4,6,0.753846154,Low
7780,12,12,3,8,1.6,Low
7782,18,8,1,3,0.566666667,Low
7783,29,9,4,2,1.234482759,Low
7786,19,14,1,8,-0.721052632,Low
7787,18,12,5,3,1.766666667,Low
7796,17,12,1,5,-0.135294118,Low
7797,26,2,1,3,1.253846154,Low
7799,18,17,1,8,-1.233333333,Low
7805,28,12,2,6,-0.328571429,Low
7806,28,16,1,1,-1.628571429,Low
7811,27,14,5,7,0.811111111,Low
7815,16,14,4,4,1.075,Low
7817,24,18,7,9,1.15,Low
7820,28,7,2,4,0.671428571,Low
7821,27,16,1,1,-1.588888889,Low
7823,27,17,7,4,1.211111111,Low
7826,21,13,3,5,0.328571429,Low
7828,23,17,2,1,-1.095652174,Low
7829,26,18,3,2,-0.946153846,Low
7832,7,19,1,3,0.985714286,Low
7837,18,11,5,7,1.966666667,Low
7838,27,13,3,4,0.011111111,Low
7840,23,13,5,9,1.204347826,Low
7847,25,10,4,2,1.2,Low
7850,27,19,9,2,1.811111111,Low
7852,20,15,3,5,0,Low
7857,20,18,4,9,-0.1,Low
7858,15,16,6,4,1.8,Low
7859,19,13,1,1,-0.521052632,Low
7875,29,17,5,2,0.134482759,Low
7877,18,18,1,8,-1.433333333,Low
7878,29,8,2,8,0.434482759,Low
7885,24,19,2,2,-1.55,Low
7887,26,17,6,2,0.753846154,Low
7890,20,18,4,2,-0.1,Low
7898,22,11,2,9,0.163636364,Low
7899,14,16,4,4,0.942857143,Low
7900,24,9,4,2,1.45,Low
7901,19,14,5,7,1.278947368,Low
7906,15,15,3,9,0.5,Low
7907,25,1,2,8,2,Low
7909,23,11,5,4,1.604347826,Low
7910,19,16,2,7,-0.621052632,Low
7912,22,8,4,4,1.763636364,Low
7922,24,6,2,7,1.05,Low
7930,19,15,1,1,-0.921052632,Low
7932,18,16,7,4,1.966666667,Low
7939,27,19,4,8,-0.688888889,Low
7940,23,13,5,1,1.204347826,Low
7947,13,17,3,9,0.407692308,Low
7948,28,9,5,9,1.771428571,Low
7949,23,12,2,1,-0.095652174,Low
7953,29,17,2,4,-1.365517241,Low
7956,19,9,1,8,0.278947368,Low
7960,22,19,1,8,-1.936363636,Low
7964,12,8,2,4,1.9,Low
7966,27,19,8,5,1.311111111,Low
7969,27,14,1,4,-1.188888889,Low
7973,18,18,4,4,0.066666667,Low
7977,20,19,7,6,1.2,Low
7978,11,17,5,8,1.827272727,Low
7979,17,9,1,1,0.464705882,Low
7980,18,11,1,2,-0.033333333,Low
7987,17,13,5,8,1.664705882,Low
7989,28,12,3,9,0.171428571,Low
7991,27,19,9,7,1.811111111,Low
7995,28,2,2,1,1.671428571,Low
7996,15,16,2,8,-0.2,Low
7997,24,13,3,9,0.15,Low
8000,27,19,3,3,-1.188888889,Low
8001,15,4,1,9,1.7,Low
8002,23,8,3,2,1.204347826,Low
8003,25,19,5,1,-0.1,Low
8005,9,12,1,7,1.433333333,Low
8011,19,14,2,8,-0.221052632,Low
8020,29,7,1,1,0.134482759,Low
8022,26,16,3,5,-0.546153846,Low
8023,21,12,5,7,1.528571429,Low
8024,18,14,6,2,1.866666667,Low
8026,29,18,4,2,-0.565517241,Low
8027,19,11,3,4,0.878947368,Low
8031,28,2,2,6,1.671428571,Low
8037,25,10,3,6,0.7,Low
8038,21,18,1,3,-1.671428571,Low
8041,27,11,5,1,1.411111111,Low
8046,17,18,3,4,-0.335294118,Low
8048,10,13,3,6,1.9,Low
8051,20,12,1,7,-0.4,Low
8061,19,8,1,1,0.478947368,Low
8063,20,18,2,3,-1.1,Low
8067,20,8,2,6,0.9,Low
8069,16,19,3,2,-0.425,Low
8070,22,6,2,4,1.163636364,Low
8074,10,14,2,1,1.2,Low
8079,11,19,3,8,0.427272727,Low
8088,26,15,1,7,-1.346153846,Low
8089,12,8,2,1,1.9,Low
8095,23,17,3,3,-0.595652174,Low
8101,29,8,5,9,1.934482759,Low
8105,28,6,1,6,0.371428571,Low
8106,29,14,1,7,-1.265517241,Low
8107,25,16,1,3,-1.5,Low
8113,10,19,4,9,1.2,Low
8122,12,16,1,2,-0.2,Low
8126,21,10,2,6,0.428571429,Low
8128,19,16,7,1,1.878947368,Low
8135,17,15,2,5,-0.235294118,Low
8137,13,13,3,7,1.207692308,Low
8139,19,7,2,2,1.178947368,Low
8143,28,9,4,3,1.271428571,Low
8148,14,13,4,8,1.542857143,Low
8149,11,19,5,5,1.427272727,Low
8150,22,18,6,8,0.763636364,Low
8154,25,12,3,9,0.3,Low
8155,29,13,6,4,1.434482759,Low
8160,23,14,3,9,0.004347826,Low
8164,23,1,1,9,1.604347826,Low
8166,11,18,4,9,1.127272727,Low
8167,27,4,2,8,1.311111111,Low
8169,19,9,1,4,0.278947368,Low
8174,13,13,2,3,0.707692308,Low
8175,16,12,1,8,-0.025,Low
8178,13,17,2,3,-0.092307692,Low
8180,21,13,5,6,1.328571429,Low
8182,22,5,3,1,1.863636364,Low
8187,14,12,4,6,1.742857143,Low
8188,25,16,5,6,0.5,Low
8190,21,10,5,3,1.928571429,Low
8191,16,16,3,2,0.175,Low
8192,21,19,6,1,0.628571429,Low
8193,18,18,7,3,1.566666667,Low
8194,12,11,1,4,0.8,Low
8201,12,13,1,4,0.4,Low
8202,13,9,1,4,1.007692308,Low
8204,25,14,5,9,0.9,Low
8205,23,12,3,5,0.404347826,Low
8208,26,3,2,8,1.553846154,Low
8211,27,19,7,1,0.811111111,Low
8212,12,15,2,1,0.5,Low
8213,14,10,3,8,1.642857143,Low
8216,18,14,4,1,0.866666667,Low
8218,19,12,5,4,1.678947368,Low
8219,19,1,1,4,1.878947368,Low
8221,17,18,3,7,-0.335294118,Low
8225,29,17,5,7,0.134482759,Low
8227,28,9,1,1,-0.228571429,Low
8228,29,15,4,2,0.034482759,Low
8234,24,8,3,3,1.15,Low
8239,28,1,2,8,1.871428571,Low
8246,16,18,6,3,1.275,Low
8251,21,9,4,1,1.628571429,Low
8252,27,15,2,5,-0.888888889,Low
8253,25,10,2,2,0.2,Low
8256,18,19,5,6,0.366666667,Low
8257,19,17,5,2,0.678947368,Low
8258,18,16,5,3,0.966666667,Low
8263,12,16,5,2,1.8,Low
8267,22,16,7,2,1.663636364,Low
8272,12,14,2,9,0.7,Low
8275,20,17,6,1,1.1,Low
8276,20,19,4,5,-0.3,Low
8277,21,3,1,2,1.328571429,Low
8278,22,17,2,1,-1.036363636,Low
8279,10,16,1,3,0.3,Low
8280,25,6,1,8,0.5,Low
8281,10,17,2,9,0.6,Low
8290,27,3,2,9,1.511111111,Low
8291,15,10,3,9,1.5,Low
8294,21,9,2,5,0.628571429,Low
8295,28,17,8,6,1.671428571,Low
8301,14,19,3,1,-0.157142857,Low
8307,9,18,1,6,0.233333333,Low
8310,26,6,3,7,1.453846154,Low
8319,26,13,4,9,0.553846154,Low
8322,20,18,4,1,-0.1,Low
8328,27,6,1,9,0.411111111,Low
8329,28,12,6,3,1.671428571,Low
8333,25,16,8,5,2,Low
8334,10,16,1,9,0.3,Low
8336,25,15,4,4,0.2,Low
8344,16,17,3,6,-0.025,Low
8347,27,5,3,4,1.611111111,Low
8349,23,12,2,1,-0.095652174,Low
8353,23,12,5,9,1.404347826,Low
8354,11,19,2,7,-0.072727273,Low
8359,14,19,2,1,-0.657142857,Low
8360,23,9,4,9,1.504347826,Low
8361,29,5,1,6,0.534482759,Low
8362,15,18,5,6,0.9,Low
8365,28,17,5,3,0.171428571,Low
8367,17,17,1,1,-1.135294118,Low
8369,22,10,4,9,1.363636364,Low
8370,20,16,4,6,0.3,Low
8372,11,19,1,2,-0.572727273,Low
8373,18,10,3,6,1.166666667,Low
8376,9,15,1,8,0.833333333,Low
8377,26,13,6,3,1.553846154,Low
8379,18,7,3,3,1.766666667,Low
8381,21,8,3,7,1.328571429,Low
8385,12,7,1,5,1.6,Low
8389,14,9,2,7,1.342857143,Low
8390,25,6,1,6,0.5,Low
8392,29,18,3,5,-1.065517241,Low
8393,25,9,5,2,1.9,Low
8394,19,6,2,7,1.378947368,Low
8396,18,19,6,9,0.866666667,Low
8409,20,17,3,5,-0.4,Low
8412,24,11,5,2,1.55,Low
8413,18,13,4,6,1.066666667,Low
8419,24,5,3,2,1.75,Low
8420,29,18,4,1,-0.565517241,Low
8423,12,17,2,7,0.1,Low
8424,23,3,2,7,1.704347826,Low
8426,12,16,2,4,0.3,Low
8428,17,17,7,7,1.864705882,Low
8430,22,17,1,1,-1.536363636,Low
8432,26,12,3,9,0.253846154,Low
8436,11,15,4,7,1.727272727,Low
8437,22,19,4,1,-0.436363636,Low
8441,19,16,3,2,-0.121052632,Low
8442,26,11,6,9,1.953846154,Low
8445,25,11,2,4,0,Low
8449,13,12,2,1,0.907692308,Low
8453,23,14,5,6,1.004347826,Low
8456,27,17,1,5,-1.788888889,Low
8464,21,9,1,8,0.128571429,Low
8465,20,19,1,4,-1.8,Low
8471,13,19,2,3,-0.492307692,Low
8472,20,18,4,5,-0.1,Low
8474,28,15,5,6,0.571428571,Low
8479,19,16,7,1,1.878947368,Low
8480,17,18,6,1,1.164705882,Low
8485,24,19,2,4,-1.55,Low
8486,21,16,7,4,1.728571429,Low
8488,29,9,1,4,-0.265517241,Low
8492,17,18,5,8,0.664705882,Low
8498,29,11,4,7,0.834482759,Low
8503,23,17,6,9,0.904347826,Low
8505,14,18,2,6,-0.457142857,Low
8513,20,18,6,4,0.9,Low
8514,26,17,6,8,0.753846154,Low
8522,13,16,1,2,-0.392307692,Low
8525,23,12,6,2,1.904347826,Low
8526,21,8,4,7,1.828571429,Low
8531,21,19,4,6,-0.371428571,Low
8534,16,19,4,9,0.075,Low
8543,24,15,3,1,-0.25,Low
8547,27,10,4,1,1.111111111,Low
8548,25,9,2,2,0.4,Low
8559,16,15,1,6,-0.625,Low
8560,25,9,4,3,1.4,Low
8564,24,13,6,2,1.65,Low
8568,17,4,2,6,1.964705882,Low
8570,27,6,1,7,0.411111111,Low
8572,26,17,5,4,0.253846154,Low
8576,9,14,1,3,1.033333333,Low
8579,25,1,2,8,2,Low
8584,26,12,4,5,0.753846154,Low
8586,21,17,6,6,1.028571429,Low
8593,20,14,5,8,1.2,Low
8594,9,11,1,4,1.633333333,Low
8595,14,12,1,9,0.242857143,Low
8597,25,3,1,5,1.1,Low
8599,29,18,2,1,-1.565517241,Low
8601,17,6,2,7,1.564705882,Low
8604,19,7,1,4,0.678947368,Low
8608,28,14,2,1,-0.728571429,Low
8609,18,9,1,2,0.366666667,Low
8615,27,8,1,2,0.011111111,Low
8620,14,10,3,4,1.642857143,Low
8621,29,10,5,7,1.534482759,Low
8628,12,16,4,2,1.3,Low
8630,17,9,3,6,1.464705882,Low
8631,23,9,4,4,1.504347826,Low
8632,29,10,2,4,0.034482759,Low
8633,15,11,2,6,0.8,Low
8639,20,15,1,9,-1,Low
8640,24,13,5,5,1.15,Low
8641,17,8,2,3,1.164705882,Low
8642,10,15,4,7,2,Low
8643,20,19,2,9,-1.3,Low
8649,22,13,5,2,1.263636364,Low
8653,25,17,7,4,1.3,Low
8658,13,14,2,3,0.507692308,Low
8660,29,4,3,7,1.734482759,Low
8661,20,16,1,1,-1.2,Low
8668,17,15,2,9,-0.235294118,Low
8669,15,10,2,1,1,Low
8670,27,18,7,5,1.011111111,Low
8679,26,18,4,8,-0.446153846,Low
8680,21,5,1,1,0.928571429,Low
8684,26,10,2,7,0.153846154,Low
8688,28,9,1,7,-0.228571429,Low
8694,12,14,3,7,1.2,Low
8698,21,17,2,7,-0.971428571,Low
8699,15,19,3,1,-0.3,Low
8705,16,6,2,6,1.675,Low
8707,27,13,3,5,0.011111111,Low
8710,10,15,1,2,0.5,Low
8713,17,12,2,5,0.364705882,Low
8714,21,15,6,4,1.428571429,Low
8723,26,19,6,1,0.353846154,Low
8730,22,16,5,7,0.663636364,Low
8736,21,16,1,9,-1.271428571,Low
8743,12,15,1,2,0,Low
8751,25,13,1,6,-0.9,Low
8753,9,16,1,8,0.633333333,Low
8759,22,5,1,5,0.863636364,Low
8765,28,15,2,6,-0.928571429,Low
8769,28,6,4,2,1.871428571,Low
8772,17,11,1,7,0.064705882,Low
8775,29,12,5,3,1.134482759,Low
8777,21,18,8,5,1.828571429,Low
8778,29,9,1,6,-0.265517241,Low
8779,18,10,2,1,0.666666667,Low
8781,24,18,2,3,-1.35,Low
8783,19,18,7,6,1.478947368,Low
8785,23,14,3,9,0.004347826,Low
8786,21,18,1,2,-1.671428571,Low
8789,22,9,4,4,1.563636364,Low
8790,19,13,1,6,-0.521052632,Low
8794,18,15,1,6,-0.833333333,Low
8797,24,14,1,9,-1.05,Low
8800,18,18,2,2,-0.933333333,Low
8802,20,18,2,2,-1.1,Low
8803,15,11,4,6,1.8,Low
8809,12,16,4,3,1.3,Low
8812,28,15,2,6,-0.928571429,Low
8813,12,17,4,7,1.1,Low
8819,25,7,3,2,1.3,Low
8826,24,19,1,5,-2.05,Low
8827,29,9,5,2,1.734482759,Low
8830,22,18,6,4,0.763636364,Low
8832,15,13,5,1,1.9,Low
8837,9,16,3,4,1.633333333,Low
8840,17,5,2,5,1.764705882,Low
8846,21,10,2,5,0.428571429,Low
8847,28,18,5,3,-0.028571429,Low
8850,26,13,4,1,0.553846154,Low
8852,11,9,1,3,1.427272727,Low
8856,15,16,4,7,0.8,Low
8858,27,18,7,8,1.011111111,Low
8859,27,9,2,5,0.311111111,Low
8862,15,14,1,6,-0.3,Low
8865,19,13,3,4,0.478947368,Low
8867,21,4,1,7,1.128571429,Low
8869,24,14,1,7,-1.05,Low
8875,24,16,4,6,0.05,Low
8877,24,5,1,6,0.75,Low
8878,25,19,8,6,1.4,Low
8879,18,9,2,2,0.866666667,Low
8880,9,13,1,1,1.233333333,Low
8881,24,16,7,7,1.55,Low
8886,18,16,2,7,-0.533333333,Low
8893,12,9,2,9,1.7,Low
8895,29,13,4,4,0.434482759,Low
8897,28,17,7,6,1.171428571,Low
8898,13,14,2,3,0.507692308,Low
8899,18,18,2,2,-0.933333333,Low
8901,17,15,6,7,1.764705882,Low
8902,24,19,9,7,1.95,Low
8906,23,8,1,5,0.204347826,Low
8910,28,2,2,9,1.671428571,Low
8912,12,17,4,4,1.1,Low
8919,10,16,3,1,1.3,Low
8926,19,16,5,6,0.878947368,Low
8929,28,15,1,9,-1.428571429,Low
8930,13,12,3,2,1.407692308,Low
8935,21,19,8,9,1.628571429,Low
8942,14,14,2,3,0.342857143,Low
8943,28,14,4,7,0.271428571,Low
8944,12,11,3,5,1.8,Low
8945,13,7,1,9,1.407692308,Low
8948,28,11,1,4,-0.628571429,Low
8950,11,16,3,8,1.027272727,Low
8951,25,3,1,3,1.1,Low
8952,26,16,3,1,-0.546153846,Low
8953,20,15,7,8,2,Low
8956,15,17,4,5,0.6,Low
8958,18,18,1,6,-1.433333333,Low
8964,16,13,3,2,0.775,Low
8966,17,18,7,9,1.664705882,Low
8974,24,19,9,9,1.95,Low
8979,12,8,2,3,1.9,Low
8980,13,16,2,2,0.107692308,Low
8981,16,18,3,8,-0.225,Low
8983,24,15,6,5,1.25,Low
8987,18,7,2,5,1.266666667,Low
8988,20,18,3,4,-0.6,Low
8999,21,12,4,5,1.028571429,Low
9001,27,19,5,8,-0.188888889,Low
9002,28,12,3,8,0.171428571,Low
9015,14,15,3,3,0.642857143,Low
9016,12,13,4,2,1.9,Low
9020,23,8,3,4,1.204347826,Low
9023,12,16,2,3,0.3,Low
9026,18,13,1,3,-0.433333333,Low
9028,29,9,5,1,1.734482759,Low
9041,14,17,6,5,1.742857143,Low
9046,20,12,2,5,0.1,Low
9047,16,17,3,7,-0.025,Low
9053,18,10,1,2,0.166666667,Low
9054,25,17,8,3,1.8,Low
9060,27,19,5,2,-0.188888889,Low
9066,27,10,5,5,1.611111111,Low
9067,24,17,8,9,1.85,Low
9068,10,15,1,6,0.5,Low
9072,15,8,1,3,0.9,Low
9073,17,10,1,2,0.264705882,Low
9076,22,19,8,2,1.563636364,Low
9080,25,19,1,9,-2.1,Low
9088,19,13,6,1,1.978947368,Low
9093,28,14,7,6,1.771428571,Low
9095,20,16,3,2,-0.2,Low
9098,17,9,1,3,0.464705882,Low
9100,17,4,2,7,1.964705882,Low
9103,12,8,2,2,1.9,Low
9104,16,17,4,8,0.475,Low
9107,15,9,2,9,1.2,Low
9108,22,18,6,2,0.763636364,Low
9109,28,14,2,5,-0.728571429,Low
9113,29,1,1,7,1.334482759,Low
9116,26,16,6,5,0.953846154,Low
9118,9,14,2,2,1.533333333,Low
9121,24,15,7,5,1.75,Low
9123,20,7,1,2,0.6,Low
9125,22,14,6,3,1.563636364,Low
9133,21,11,4,2,1.228571429,Low
9137,15,13,3,3,0.9,Low
9144,20,15,2,9,-0.5,Low
9146,13,17,1,4,-0.592307692,Low
9149,14,18,1,8,-0.957142857,Low
9150,27,19,5,3,-0.188888889,Low
9151,12,13,2,5,0.9,Low
9152,9,14,1,7,1.033333333,Low
9153,25,18,4,6,-0.4,Low
9155,27,10,1,5,-0.388888889,Low
9158,27,17,4,5,-0.288888889,Low
9159,17,18,6,4,1.164705882,Low
9160,26,12,1,1,-0.746153846,Low
9163,26,14,3,7,-0.146153846,Low
9167,27,16,5,5,0.411111111,Low
9173,21,18,2,5,-1.171428571,Low
9177,13,17,1,7,-0.592307692,Low
9180,22,14,3,5,0.063636364,Low
9183,19,16,6,1,1.378947368,Low
9187,29,9,1,3,-0.265517241,Low
9193,25,18,6,2,0.6,Low
9196,17,19,8,2,1.964705882,Low
9198,26,12,4,9,0.753846154,Low
9200,28,14,3,9,-0.228571429,Low
9202,21,16,4,9,0.228571429,Low
9208,13,17,6,8,1.907692308,Low
9209,29,16,7,2,1.334482759,Low
9211,24,19,7,1,0.95,Low
9216,29,6,2,9,0.834482759,Low
9218,17,13,3,7,0.664705882,Low
9221,29,4,1,4,0.734482759,Low
9228,25,18,4,8,-0.4,Low
9230,27,7,3,4,1.211111111,Low
9232,20,18,2,8,-1.1,Low
9242,21,18,5,7,0.328571429,Low
9243,24,19,2,2,-1.55,Low
9244,27,8,4,4,1.511111111,Low
9249,26,17,8,1,1.753846154,Low
9251,25,6,3,7,1.5,Low
9252,21,18,2,6,-1.171428571,Low
9255,14,18,6,2,1.542857143,Low
9257,16,5,2,8,1.875,Low
9265,22,5,3,8,1.863636364,Low
9267,23,13,3,1,0.204347826,Low
9276,15,19,1,8,-1.3,Low
9280,24,15,4,8,0.25,Low
9284,12,14,4,7,1.7,Low
9286,10,14,1,3,0.7,Low
9288,14,11,1,3,0.442857143,Low
9290,18,7,2,6,1.266666667,Low
9294,20,3,1,9,1.4,Low
9297,20,9,4,9,1.7,Low
9298,22,19,5,5,0.063636364,Low
9309,19,13,1,4,-0.521052632,Low
9313,14,15,3,5,0.642857143,Low
9314,14,15,1,6,-0.357142857,Low
9318,13,14,1,6,0.007692308,Low
9319,16,7,3,8,1.975,Low
9320,20,13,2,7,-0.1,Low
9321,15,6,2,9,1.8,Low
9322,28,18,9,3,1.971428571,Low
9324,19,8,1,6,0.478947368,Low
9329,26,1,1,2,1.453846154,Low
9330,12,6,1,8,1.8,Low
9332,11,19,5,2,1.427272727,Low
9333,29,16,5,9,0.334482759,Low
9334,26,15,5,2,0.653846154,Low
9336,23,13,4,4,0.704347826,Low
9337,26,3,1,9,1.053846154,Low
9341,29,13,1,8,-1.065517241,Low
9345,17,13,1,6,-0.335294118,Low
9347,26,12,1,7,-0.746153846,Low
9349,26,18,4,3,-0.446153846,Low
9351,20,5,3,7,2,Low
9353,25,14,2,8,-0.6,Low
9358,28,12,5,4,1.171428571,Low
9362,9,15,2,9,1.333333333,Low
9365,24,12,4,2,0.85,Low
9369,19,19,2,1,-1.221052632,Low
9380,22,16,4,8,0.163636364,Low
9381,21,10,2,5,0.428571429,Low
9382,18,19,7,3,1.366666667,Low
9389,7,19,2,1,1.485714286,Low
9391,16,16,4,2,0.675,Low
9399,28,19,4,6,-0.728571429,Low
9400,28,19,3,5,-1.228571429,Low
9416,14,19,6,7,1.342857143,Low
9417,19,5,1,1,1.078947368,Low
9418,24,8,3,1,1.15,Low
9429,26,6,2,1,0.953846154,Low
9438,29,10,1,8,-0.465517241,Low
9441,10,12,2,8,1.6,Low
9447,22,15,2,4,-0.636363636,Low
9448,22,19,3,6,-0.936363636,Low
9453,28,8,1,6,-0.028571429,Low
9460,29,17,7,3,1.134482759,Low
9464,29,8,5,2,1.934482759,Low
9468,29,3,1,4,0.934482759,Low
9472,27,14,1,3,-1.188888889,Low
9475,23,16,6,8,1.104347826,Low
9476,18,13,1,9,-0.433333333,Low
9477,26,13,3,2,0.053846154,Low
9478,24,6,3,1,1.55,Low
9482,18,16,5,1,0.966666667,Low
9485,27,11,6,5,1.911111111,Low
9490,9,17,4,9,1.933333333,Low
9492,25,15,6,2,1.2,Low
9495,16,18,4,3,0.275,Low
9496,24,11,1,9,-0.45,Low
9497,16,12,2,6,0.475,Low
9510,8,15,1,1,1.25,Low
9511,19,18,5,4,0.478947368,Low
9512,26,13,5,8,1.053846154,Low
9514,29,13,2,2,-0.565517241,Low
9523,17,19,1,3,-1.535294118,Low
9524,18,18,4,8,0.066666667,Low
9527,12,17,1,2,-0.4,Low
9531,28,16,5,9,0.371428571,Low
9532,26,18,2,1,-1.446153846,Low
9534,26,16,1,5,-1.546153846,Low
9538,27,7,2,2,0.711111111,Low
9542,27,6,2,6,0.911111111,Low
9546,9,19,4,5,1.533333333,Low
9547,19,3,1,4,1.478947368,Low
9549,25,17,4,1,-0.2,Low
9551,23,6,3,9,1.604347826,Low
9552,22,18,6,8,0.763636364,Low
9553,17,2,1,2,1.864705882,Low
9556,26,16,6,3,0.953846154,Low
9560,11,19,1,3,-0.572727273,Low
9565,20,13,2,4,-0.1,Low
9572,15,17,5,5,1.1,Low
9574,16,16,5,7,1.175,Low
9576,29,18,8,1,1.434482759,Low
9577,24,14,2,3,-0.55,Low
9582,29,9,5,2,1.734482759,Low
9584,22,19,6,7,0.563636364,Low
9589,15,3,1,9,1.9,Low
9590,20,17,7,5,1.6,Low
9591,29,8,1,3,-0.065517241,Low
9594,26,19,7,4,0.853846154,Low
9596,20,15,3,4,0,Low
9598,22,7,4,6,1.963636364,Low
9599,20,19,4,3,-0.3,Low
9601,11,18,1,2,-0.372727273,Low
9602,17,4,2,5,1.964705882,Low
9603,22,17,7,3,1.463636364,Low
9604,22,19,5,7,0.063636364,Low
9607,26,16,7,1,1.453846154,Low
9611,13,5,1,6,1.807692308,Low
9613,15,8,1,9,0.9,Low
9615,29,19,8,9,1.234482759,Low
9622,13,16,1,6,-0.392307692,Low
9623,16,15,4,5,0.875,Low
9626,29,8,2,3,0.434482759,Low
9627,20,19,4,5,-0.3,Low
9628,17,8,1,5,0.664705882,Low
9631,26,17,6,3,0.753846154,Low
9633,26,8,2,9,0.553846154,Low
9634,26,14,3,2,-0.146153846,Low
9636,23,18,5,8,0.204347826,Low
9637,22,17,2,5,-1.036363636,Low
9640,10,19,4,1,1.2,Low
9642,16,6,2,5,1.675,Low
9652,23,18,3,1,-0.795652174,Low
9655,18,16,1,2,-1.033333333,Low
9660,25,6,4,2,2,Low
9663,27,8,3,3,1.011111111,Low
9664,26,19,4,7,-0.646153846,Low
9674,15,12,4,3,1.6,Low
9679,22,17,8,3,1.963636364,Low
9681,14,19,5,9,0.842857143,Low
9683,16,15,5,9,1.375,Low
9684,12,17,5,2,1.6,Low
9685,17,3,1,1,1.664705882,Low
9694,23,18,4,4,-0.295652174,Low
9700,22,13,1,1,-0.736363636,Low
9701,9,16,2,8,1.133333333,Low
9703,14,19,3,9,-0.157142857,Low
9705,11,19,1,3,-0.572727273,Low
9711,11,17,5,1,1.827272727,Low
9713,24,18,3,1,-0.85,Low
9716,28,18,8,3,1.471428571,Low
9719,18,4,2,3,1.866666667,Low
9720,20,17,5,8,0.6,Low
9722,28,10,2,7,0.071428571,Low
9726,12,11,2,4,1.3,Low
9729,17,18,7,3,1.664705882,Low
9731,24,15,3,4,-0.25,Low
9743,24,8,4,7,1.65,Low
9744,15,13,1,5,-0.1,Low
9749,22,19,5,3,0.063636364,Low
9755,12,9,1,4,1.2,Low
9756,26,7,2,1,0.753846154,Low
9757,27,12,4,6,0.711111111,Low
9760,18,12,3,5,0.766666667,Low
9764,25,15,6,4,1.2,Low
9765,10,15,4,3,2,Low
9767,21,7,1,4,0.528571429,Low
9772,26,3,2,4,1.553846154,Low
9775,15,12,4,9,1.6,Low
9779,26,19,3,6,-1.146153846,Low
9782,21,7,3,9,1.528571429,Low
9787,26,8,2,1,0.553846154,Low
9789,13,16,1,5,-0.392307692,Low
9790,14,14,2,1,0.342857143,Low
9791,20,2,1,8,1.6,Low
9792,29,11,4,7,0.834482759,Low
9796,22,16,4,9,0.163636364,Low
9797,19,16,6,8,1.378947368,Low
9800,17,9,3,3,1.464705882,Low
9802,21,9,4,1,1.628571429,Low
9806,28,19,2,9,-1.728571429,Low
9807,22,10,1,6,-0.136363636,Low
9808,26,19,9,9,1.853846154,Low
9812,22,16,2,8,-0.836363636,Low
9815,16,16,5,8,1.175,Low
9817,12,15,2,1,0.5,Low
9818,17,18,7,5,1.664705882,Low
9819,28,18,1,8,-2.028571429,Low
9820,15,12,3,7,1.1,Low
9824,16,10,4,1,1.875,Low
9825,27,13,2,6,-0.488888889,Low
9829,16,18,6,7,1.275,Low
9831,21,17,2,6,-0.971428571,Low
9832,24,10,2,4,0.25,Low
9838,19,6,2,8,1.378947368,Low
9840,23,12,4,4,0.904347826,Low
9841,18,4,2,4,1.866666667,Low
9852,21,19,2,5,-1.371428571,Low
9854,25,3,1,1,1.1,Low
9858,13,10,1,1,0.807692308,Low
9859,27,19,5,1,-0.188888889,Low
9861,27,6,2,8,0.911111111,Low
9862,26,4,2,3,1.353846154,Low
9866,23,7,3,3,1.404347826,Low
9867,23,5,1,8,0.804347826,Low
9868,21,12,1,3,-0.471428571,Low
9870,18,12,4,8,1.266666667,Low
9873,24,5,3,8,1.75,Low
9878,20,10,3,7,1,Low
9881,20,12,4,5,1.1,Low
9888,9,16,1,5,0.633333333,Low
9890,24,15,5,9,0.75,Low
9891,25,19,6,7,0.4,Low
9897,15,5,2,6,2,Low
9898,14,16,3,3,0.442857143,Low
9902,29,8,4,4,1.434482759,Low
9903,14,14,3,6,0.842857143,Low
9905,27,15,3,1,-0.388888889,Low
9909,20,18,3,9,-0.6,Low
9911,26,3,1,1,1.053846154,Low
9912,11,10,2,8,1.727272727,Low
9915,26,17,2,5,-1.246153846,Low
9916,24,17,2,7,-1.15,Low
9917,16,12,1,3,-0.025,Low
9921,13,16,3,5,0.607692308,Low
9929,14,9,1,4,0.842857143,Low
9934,18,15,3,8,0.166666667,Low
9937,16,18,6,6,1.275,Low
9938,15,13,4,1,1.4,Low
9944,16,12,2,7,0.475,Low
9949,27,8,1,8,0.011111111,Low
9952,23,16,1,9,-1.395652174,Low
9953,26,7,1,2,0.253846154,Low
9959,13,8,1,7,1.207692308,Low
9962,11,11,1,1,1.027272727,Low
9967,19,13,1,1,-0.521052632,Low
9970,14,14,4,8,1.342857143,Low
9971,18,6,3,7,1.966666667,Low
9976,7,17,2,8,1.885714286,Low
9977,11,18,2,2,0.127272727,Low
9978,29,19,5,5,-0.265517241,Low
9980,17,2,1,1,1.864705882,Low
9981,6,19,1,3,1.7,Low
9984,29,16,4,5,-0.165517241,Low
9985,24,14,6,3,1.45,Low
9989,21,5,2,7,1.428571429,Low
9994,28,11,4,5,0.871428571,Low
9995,24,13,3,6,0.15,Low
9996,29,12,6,7,1.634482759,Low
9998,22,12,2,7,-0.036363636,Low
10001,28,18,4,1,-0.528571429,Low
10004,13,11,1,5,0.607692308,Low
10005,17,13,2,4,0.164705882,Low
10009,12,15,5,4,2,Low
10010,26,12,3,5,0.253846154,Low
10012,22,6,3,7,1.663636364,Low
10016,18,6,3,6,1.966666667,Low
10019,17,18,4,1,0.164705882,Low
10020,14,7,1,3,1.242857143,Low
10022,8,12,1,7,1.85,Low
10024,7,15,1,4,1.785714286,Low
10025,19,19,6,4,0.778947368,Low
10029,14,9,2,6,1.342857143,Low
10035,18,12,4,9,1.266666667,Low
10036,12,19,4,5,0.7,Low
10037,18,16,5,6,0.966666667,Low
10043,11,19,2,8,-0.072727273,Low
10047,16,2,1,5,1.975,Low
10048,9,18,3,1,1.233333333,Low
10050,28,7,1,9,0.171428571,Low
10051,24,13,6,8,1.65,Low
10062,24,6,2,3,1.05,Low
10065,21,15,1,7,-1.071428571,Low
10076,15,10,4,1,2,Low
10097,23,13,4,8,0.704347826,Low
10099,17,19,2,6,-1.035294118,Low
10101,27,16,7,9,1.411111111,Low
10106,19,18,2,5,-1.021052632,Low
10107,23,12,3,2,0.404347826,Low
10108,11,16,3,9,1.027272727,Low
10110,12,17,4,9,1.1,Low
10111,14,17,6,9,1.742857143,Low
10112,26,7,2,1,0.753846154,Low
10113,27,13,3,9,0.011111111,Low
10114,19,13,6,7,1.978947368,Low
10119,17,15,5,6,1.264705882,Low
10121,16,17,5,1,0.975,Low
10133,14,15,1,9,-0.357142857,Low
10134,17,6,1,2,1.064705882,Low
10135,19,18,7,5,1.478947368,Low
10138,9,18,2,4,0.733333333,Low
10140,22,14,1,7,-0.936363636,Low
10141,24,11,4,2,1.05,Low
10144,15,16,6,5,1.8,Low
10155,27,19,7,6,0.811111111,Low
10165,27,14,6,8,1.311111111,Low
10166,12,16,1,8,-0.2,Low
10168,24,14,6,2,1.45,Low
10174,17,13,4,2,1.164705882,Low
10178,20,19,5,9,0.2,Low
10180,20,15,2,5,-0.5,Low
10181,25,18,6,6,0.6,Low
10183,12,18,5,6,1.4,Low
10184,25,11,5,2,1.5,Low
10185,21,8,3,7,1.328571429,Low
10187,15,13,1,3,-0.1,Low
10189,8,17,2,3,1.35,Low
10198,15,19,2,8,-0.8,Low
10202,16,11,3,5,1.175,Low
10215,15,3,1,3,1.9,Low
10218,17,13,5,9,1.664705882,Low
10226,25,7,3,3,1.3,Low
10229,24,9,2,5,0.45,Low
10232,27,8,4,6,1.511111111,Low
10233,27,18,1,9,-1.988888889,Low
10234,26,12,1,8,-0.746153846,Low
10235,21,17,3,5,-0.471428571,Low
10240,8,12,1,1,1.85,Low
10241,22,3,2,5,1.763636364,Low
10242,16,14,5,3,1.575,Low
10243,21,19,8,4,1.628571429,Low
10244,27,5,2,7,1.111111111,Low
10247,25,9,2,9,0.4,Low
10249,20,13,1,5,-0.6,Low
10251,25,12,5,6,1.3,Low
10254,24,14,3,3,-0.05,Low
10256,10,15,3,6,1.5,Low
10259,18,9,1,9,0.366666667,Low
10260,12,15,4,6,1.5,Low
10265,19,12,4,2,1.178947368,Low
10268,29,6,2,5,0.834482759,Low
10269,19,17,1,9,-1.321052632,Low
10274,19,8,2,1,0.978947368,Low
10277,19,8,4,7,1.978947368,Low
10279,28,19,6,1,0.271428571,Low
10285,13,16,4,3,1.107692308,Low
10290,20,14,4,9,0.7,Low
10292,12,14,4,9,1.7,Low
10295,27,2,2,9,1.711111111,Low
10297,17,16,6,6,1.564705882,Low
10298,17,4,2,9,1.964705882,Low
10301,22,11,5,3,1.663636364,Low
10303,26,6,3,2,1.453846154,Low
10306,25,16,8,1,2,Low
10308,24,19,5,9,-0.05,Low
10310,28,16,7,8,1.371428571,Low
10316,14,5,1,6,1.642857143,Low
10318,22,4,1,1,1.063636364,Low
10322,18,10,3,8,1.166666667,Low
10330,17,19,7,9,1.464705882,Low
10338,25,2,1,8,1.3,Low
10347,26,1,2,2,1.953846154,Low
10348,23,7,3,6,1.404347826,Low
10349,15,16,2,7,-0.2,Low
10350,29,19,8,9,1.234482759,Low
10351,24,5,3,9,1.75,Low
10353,28,12,3,1,0.171428571,Low
10359,23,17,4,9,-0.095652174,Low
10360,18,14,2,1,-0.133333333,Low
10361,14,15,5,4,1.642857143,Low
10363,17,12,1,2,-0.135294118,Low
10365,20,5,1,1,1,Low
10366,13,18,4,3,0.707692308,Low
10371,12,18,4,1,0.9,Low
10374,29,6,4,4,1.834482759,Low
10376,26,10,4,9,1.153846154,Low
10386,16,14,3,3,0.575,Low
10387,29,19,1,1,-2.265517241,Low
10390,24,15,3,9,-0.25,Low
10392,29,18,8,8,1.434482759,Low
10393,26,15,6,3,1.153846154,Low
10400,25,8,4,5,1.6,Low
10401,23,14,5,4,1.004347826,Low
10402,20,16,7,1,1.8,Low
10403,25,4,1,6,0.9,Low
10405,16,17,6,7,1.475,Low
10408,25,13,2,4,-0.4,Low
10409,16,17,6,2,1.475,Low
10410,10,17,1,8,0.1,Low
10421,17,11,3,5,1.064705882,Low
10433,19,12,1,3,-0.321052632,Low
10434,23,11,1,3,-0.395652174,Low
10435,12,16,1,1,-0.2,Low
10439,27,3,1,1,1.011111111,Low
10442,23,17,5,7,0.404347826,Low
10446,16,8,1,3,0.775,Low
10448,29,15,3,2,-0.465517241,Low
10450,20,13,3,2,0.4,Low
10451,25,6,1,2,0.5,Low
10452,29,15,7,8,1.534482759,Low
10454,22,15,1,5,-1.136363636,Low
10456,27,10,3,7,0.611111111,Low
10459,13,10,3,7,1.807692308,Low
10461,17,14,1,2,-0.535294118,Low
10467,13,15,3,1,0.807692308,Low
10473,22,14,4,2,0.563636364,Low
10477,15,9,1,9,0.7,Low
10481,24,15,3,1,-0.25,Low
10483,27,1,1,6,1.411111111,Low
10488,15,15,4,4,1,Low
10490,14,14,3,8,0.842857143,Low
10491,20,10,3,5,1,Low
10492,29,5,3,2,1.534482759,Low
10498,22,7,4,9,1.963636364,Low
10500,18,3,1,4,1.566666667,Low
10501,29,16,8,8,1.834482759,Low
10502,27,8,3,5,1.011111111,Low
10507,10,15,4,2,2,Low
10508,19,11,1,2,-0.121052632,Low
10510,26,9,3,6,0.853846154,Low
10512,15,11,3,3,1.3,Low
10519,21,16,1,6,-1.271428571,Low
10521,8,15,1,9,1.25,Low
10522,27,6,1,7,0.411111111,Low
10524,24,19,9,1,1.95,Low
10526,10,14,3,6,1.7,Low
10532,29,5,1,2,0.534482759,Low
10536,23,16,3,8,-0.395652174,Low
10537,23,4,1,1,1.004347826,Low
10542,28,17,6,6,0.671428571,Low
10546,22,12,6,9,1.963636364,Low
10547,15,17,4,7,0.6,Low
10554,21,4,1,2,1.128571429,Low
10563,8,17,1,6,0.85,Low
10564,29,13,2,2,-0.565517241,Low
10568,20,19,1,1,-1.8,Low
10569,20,14,6,4,1.7,Low
10570,19,5,1,7,1.078947368,Low
10571,28,19,1,9,-2.228571429,Low
10573,28,7,1,1,0.171428571,Low
10575,14,17,1,5,-0.757142857,Low
10579,29,15,2,6,-0.965517241,Low
10580,28,19,5,1,-0.228571429,Low
10582,28,14,1,4,-1.228571429,Low
10583,19,12,3,1,0.678947368,Low
10584,22,17,7,9,1.463636364,Low
10588,17,12,2,3,0.364705882,Low
10592,15,17,1,3,-0.9,Low
10597,11,19,1,6,-0.572727273,Low
10598,13,13,1,2,0.207692308,Low
10599,15,13,2,7,0.4,Low
10601,15,5,1,6,1.5,Low
10602,25,13,6,6,1.6,Low
10604,28,16,3,3,-0.628571429,Low
10605,12,9,2,9,1.7,Low
10606,20,5,3,4,2,Low
10608,20,3,1,8,1.4,Low
10611,19,14,3,2,0.278947368,Low
10613,13,18,6,4,1.707692308,Low
10614,23,18,6,1,0.704347826,Low
10615,17,19,1,9,-1.535294118,Low
10618,15,11,1,9,0.3,Low
10626,15,19,1,3,-1.3,Low
10628,28,8,3,8,0.971428571,Low
10633,27,1,1,8,1.411111111,Low
10635,23,18,7,2,1.204347826,Low
10638,12,13,4,3,1.9,Low
10640,19,9,3,3,1.278947368,Low
10642,26,15,5,4,0.653846154,Low
10645,22,16,3,4,-0.336363636,Low
10647,19,6,2,2,1.378947368,Low
10650,14,19,3,3,-0.157142857,Low
10651,25,9,5,6,1.9,Low
10652,24,5,2,8,1.25,Low
10653,11,17,3,8,0.827272727,Low
10656,17,19,5,2,0.464705882,Low
10661,15,14,3,8,0.7,Low
10662,9,15,1,4,0.833333333,Low
10665,18,15,3,6,0.166666667,Low
10666,29,16,3,4,-0.665517241,Low
10668,21,15,5,6,0.928571429,Low
10669,26,18,3,2,-0.946153846,Low
10673,21,10,4,7,1.428571429,Low
10676,13,19,1,7,-0.992307692,Low
10680,22,18,1,8,-1.736363636,Low
10682,28,15,7,1,1.571428571,Low
10683,20,19,1,9,-1.8,Low
10684,19,3,2,6,1.978947368,Low
10686,20,11,2,1,0.3,Low
10690,15,12,3,2,1.1,Low
10696,23,13,1,4,-0.795652174,Low
10697,27,14,4,9,0.311111111,Low
10700,24,4,3,6,1.95,Low
10710,20,9,4,4,1.7,Low
10712,22,9,3,7,1.063636364,Low
10715,16,6,2,8,1.675,Low
10717,25,2,1,1,1.3,Low
10719,26,15,4,2,0.153846154,Low
10726,16,16,1,5,-0.825,Low
10728,17,5,2,4,1.764705882,Low
10740,26,14,6,9,1.353846154,Low
10741,19,14,3,1,0.278947368,Low
10745,15,10,3,8,1.5,Low
10748,17,9,1,2,0.464705882,Low
10751,25,15,3,7,-0.3,Low
10752,27,17,4,3,-0.288888889,Low
10756,25,18,4,7,-0.4,Low
10758,23,16,7,9,1.604347826,Low
10759,28,18,7,7,0.971428571,Low
10761,20,18,7,7,1.4,Low
10763,24,18,2,8,-1.35,Low
10766,12,17,5,9,1.6,Low
10771,13,14,2,3,0.507692308,Low
10772,15,16,2,3,-0.2,Low
10773,12,15,5,1,2,Low
10775,14,12,4,6,1.742857143,Low
10777,16,11,1,3,0.175,Low
10781,12,18,2,6,-0.1,Low
10783,29,8,2,6,0.434482759,Low
10784,24,7,4,6,1.85,Low
10786,22,19,6,4,0.563636364,Low
10787,18,14,5,7,1.366666667,Low
10788,14,13,4,8,1.542857143,Low
10790,21,16,4,8,0.228571429,Low
10791,19,16,6,7,1.378947368,Low
10794,27,5,1,4,0.611111111,Low
10795,19,16,1,4,-1.121052632,Low
10800,13,16,2,8,0.107692308,Low
10806,21,9,1,6,0.128571429,Low
10808,19,11,5,2,1.878947368,Low
10809,26,15,4,2,0.153846154,Low
10810,17,19,7,3,1.464705882,Low
10816,26,18,7,3,1.053846154,Low
10819,18,18,2,8,-0.933333333,Low
10822,28,4,1,4,0.771428571,Low
10823,12,7,1,3,1.6,Low
10825,25,15,7,3,1.7,Low
10827,17,15,1,9,-0.735294118,Low
10831,17,18,2,4,-0.835294118,Low
10833,28,11,3,6,0.371428571,Low
10836,27,14,4,7,0.311111111,Low
10838,26,10,2,7,0.153846154,Low
10843,19,19,7,8,1.278947368,Low
10856,23,18,8,2,1.704347826,Low
10860,13,11,3,3,1.607692308,Low
10863,15,6,1,7,1.3,Low
10864,6,19,1,6,1.7,Low
10865,25,6,2,7,1,Low
10868,21,13,5,5,1.328571429,Low
10869,17,19,6,2,0.964705882,Low
10873,24,8,3,2,1.15,Low
10874,13,10,2,2,1.307692308,Low
10885,29,4,2,7,1.234482759,Low
10886,20,10,4,5,1.5,Low
10887,28,16,5,3,0.371428571,Low
10888,9,19,1,7,0.033333333,Low
10893,10,14,2,9,1.2,Low
10900,21,15,2,9,-0.571428571,Low
10902,19,18,1,9,-1.521052632,Low
10903,14,16,3,2,0.442857143,Low
10910,9,16,2,6,1.133333333,Low
10911,25,9,2,8,0.4,Low
10912,16,15,5,9,1.375,Low
10913,15,14,4,4,1.2,Low
10915,15,15,1,3,-0.5,Low
10919,17,16,1,9,-0.935294118,Low
10921,19,18,3,5,-0.521052632,Low
10925,25,13,6,2,1.6,Low
10929,19,16,1,6,-1.121052632,Low
10931,23,16,7,9,1.604347826,Low
10933,19,14,3,8,0.278947368,Low
10936,25,2,2,1,1.8,Low
10937,29,18,1,7,-2.065517241,Low
10938,18,11,3,4,0.966666667,Low
10944,16,17,1,9,-1.025,Low
10948,17,19,8,6,1.964705882,Low
10951,29,6,1,7,0.334482759,Low
10954,13,19,5,3,1.007692308,Low
10965,20,15,7,3,2,Low
10970,15,18,7,3,1.9,Low
10972,21,16,2,8,-0.771428571,Low
10981,20,14,2,1,-0.3,Low
10986,29,15,1,1,-1.465517241,Low
10987,17,18,3,5,-0.335294118,Low
10989,19,4,1,1,1.278947368,Low
10990,23,17,8,8,1.904347826,Low
10991,18,17,2,8,-0.733333333,Low
10993,27,7,1,7,0.211111111,Low
10996,15,7,2,1,1.6,Low
11001,24,17,2,9,-1.15,Low
11005,21,12,5,5,1.528571429,Low
11010,20,19,3,7,-0.8,Low
11014,24,5,3,3,1.75,Low
11021,13,18,4,3,0.707692308,Low
11027,28,17,6,3,0.671428571,Low
11037,24,16,7,4,1.55,Low
11039,15,14,2,8,0.2,Low
11042,12,18,4,9,0.9,Low
11045,19,18,2,4,-1.021052632,Low
11046,18,16,3,7,-0.033333333,Low
11050,20,19,3,3,-0.8,Low
11051,28,19,7,7,0.771428571,Low
11052,13,17,3,2,0.407692308,Low
11055,23,18,8,4,1.704347826,Low
11056,24,8,2,5,0.65,Low
11058,16,15,4,1,0.875,Low
11059,29,18,8,9,1.434482759,Low
11061,29,19,1,5,-2.265517241,Low
11065,22,5,3,3,1.863636364,Low
11072,16,13,5,6,1.775,Low
11073,22,14,3,8,0.063636364,Low
11085,12,19,3,6,0.2,Low
11100,25,14,2,6,-0.6,Low
11104,19,6,3,2,1.878947368,Low
11106,13,15,5,1,1.807692308,Low
11109,22,12,1,9,-0.536363636,Low
11116,20,18,1,5,-1.6,Low
11119,22,13,1,9,-0.736363636,Low
11122,21,17,4,8,0.028571429,Low
11124,26,17,5,4,0.253846154,Low
11127,17,12,2,3,0.364705882,Low
11130,15,8,2,3,1.4,Low
11138,25,17,5,1,0.3,Low
11141,22,18,2,2,-1.236363636,Low
11143,10,12,1,5,1.1,Low
11146,10,11,2,3,1.8,Low
11149,26,15,7,7,1.653846154,Low
11151,21,6,1,3,0.728571429,Low
11154,24,16,1,2,-1.45,Low
11155,17,15,4,6,0.764705882,Low
11159,29,18,3,3,-1.065517241,Low
11160,19,9,1,6,0.278947368,Low
11163,20,9,1,1,0.2,Low
11168,21,9,4,9,1.628571429,Low
11174,29,19,5,2,-0.265517241,Low
11176,17,16,4,8,0.564705882,Low
11179,24,13,5,4,1.15,Low
11180,29,5,2,4,1.034482759,Low
11181,18,10,2,4,0.666666667,Low
11185,25,19,8,9,1.4,Low
11188,28,4,1,8,0.771428571,Low
11190,29,15,5,5,0.534482759,Low
11191,25,8,1,8,0.1,Low
11194,26,10,4,1,1.153846154,Low
11197,18,15,5,8,1.166666667,Low
11198,20,15,2,6,-0.5,Low
11200,18,13,1,1,-0.433333333,Low
11203,22,16,2,6,-0.836363636,Low
11209,29,17,3,7,-0.865517241,Low
11213,19,16,4,5,0.378947368,Low
11222,21,15,2,2,-0.571428571,Low
11223,14,16,1,3,-0.557142857,Low
11227,18,7,3,4,1.766666667,Low
11235,15,13,5,3,1.9,Low
11238,28,12,5,9,1.171428571,Low
11242,18,19,6,3,0.866666667,Low
11254,16,12,2,9,0.475,Low
11255,11,8,1,9,1.627272727,Low
11258,24,16,5,3,0.55,Low
11262,19,17,6,7,1.178947368,Low
11266,15,17,5,9,1.1,Low
11269,13,17,4,1,0.907692308,Low
11275,14,15,5,8,1.642857143,Low
11276,27,1,2,1,1.911111111,Low
11277,15,6,1,8,1.3,Low
11280,24,17,1,9,-1.65,Low
11281,29,7,1,3,0.134482759,Low
11283,19,3,1,7,1.478947368,Low
11286,19,11,5,8,1.878947368,Low
11287,13,6,1,7,1.607692308,Low
11288,20,15,5,6,1,Low
11292,22,19,2,3,-1.436363636,Low
11294,28,18,7,8,0.971428571,Low
11300,12,13,2,3,0.9,Low
11302,24,16,7,4,1.55,Low
11304,25,16,3,8,-0.5,Low
11310,24,8,2,6,0.65,Low
11313,21,9,2,3,0.628571429,Low
11314,28,8,4,8,1.471428571,Low
11316,29,7,3,6,1.134482759,Low
11317,23,14,1,9,-0.995652174,Low
11321,27,7,2,5,0.711111111,Low
11322,13,12,1,8,0.407692308,Low
11330,18,3,1,6,1.566666667,Low
11333,27,1,2,7,1.911111111,Low
11334,19,9,2,2,0.778947368,Low
11337,21,10,2,2,0.428571429,Low
11340,27,16,7,7,1.411111111,Low
11348,21,5,2,2,1.428571429,Low
11352,25,8,2,2,0.6,Low
11355,26,13,2,8,-0.446153846,Low
11356,22,6,1,1,0.663636364,Low
11358,29,19,2,4,-1.765517241,Low
11367,14,18,1,6,-0.957142857,Low
11368,10,19,3,3,0.7,Low
11369,26,6,3,6,1.453846154,Low
11380,23,17,7,9,1.404347826,Low
11382,13,17,4,3,0.907692308,Low
11386,24,16,2,6,-0.95,Low
11388,21,10,5,4,1.928571429,Low
11389,12,17,2,6,0.1,Low
11394,28,14,6,4,1.271428571,Low
11395,20,17,1,5,-1.4,Low
11400,22,18,1,7,-1.736363636,Low
11402,26,14,4,3,0.353846154,Low
11404,19,19,1,9,-1.721052632,Low
11407,23,6,2,2,1.104347826,Low
11418,22,13,2,6,-0.236363636,Low
11430,12,8,2,2,1.9,Low
11431,20,17,5,2,0.6,Low
11434,11,11,1,9,1.027272727,Low
11437,28,14,6,2,1.271428571,Low
11442,16,11,3,5,1.175,Low
11443,19,17,5,9,0.678947368,Low
11451,19,14,2,3,-0.221052632,Low
11454,24,12,2,9,-0.15,Low
11455,28,12,1,3,-0.828571429,Low
11456,13,8,2,2,1.707692308,Low
11457,20,3,1,3,1.4,Low
11458,24,12,2,2,-0.15,Low
11462,26,11,4,7,0.953846154,Low
11465,23,1,1,1,1.604347826,Low
11472,8,19,3,7,1.45,Low
11474,29,4,1,4,0.734482759,Low
11475,27,18,7,9,1.011111111,Low
11479,16,17,7,1,1.975,Low
11484,12,15,3,1,1,Low
11492,29,9,1,8,-0.265517241,Low
11493,18,16,5,5,0.966666667,Low
11499,15,10,3,9,1.5,Low
11500,25,17,5,2,0.3,Low
11504,29,13,5,8,0.934482759,Low
11506,25,3,2,4,1.6,Low
11509,12,10,3,3,2,Low
11510,20,12,4,9,1.1,Low
11514,8,14,2,3,1.95,Low
11516,24,18,6,1,0.65,Low
11517,22,19,6,4,0.563636364,Low
11518,22,17,7,4,1.463636364,Low
11520,19,19,7,1,1.278947368,Low
11522,14,16,5,7,1.442857143,Low
11523,16,14,3,2,0.575,Low
11526,26,15,5,9,0.653846154,Low
11528,12,16,3,2,0.8,Low
11533,25,17,7,3,1.3,Low
11534,27,6,4,8,1.911111111,Low
11536,25,19,7,6,0.9,Low
11538,29,18,1,6,-2.065517241,Low
11542,29,1,2,8,1.834482759,Low
11543,20,16,1,2,-1.2,Low
11544,29,10,5,6,1.534482759,Low
11545,26,14,7,9,1.853846154,Low
11550,17,14,3,1,0.464705882,Low
11552,24,11,3,2,0.55,Low
11553,24,12,1,6,-0.65,Low
11560,13,14,2,2,0.507692308,Low
11579,12,16,5,7,1.8,Low
11587,24,19,9,9,1.95,Low
11588,29,18,7,2,0.934482759,Low
11589,10,15,1,8,0.5,Low
11590,21,19,1,2,-1.871428571,Low
11591,13,19,2,2,-0.492307692,Low
11592,15,19,3,4,-0.3,Low
11596,23,9,4,5,1.504347826,Low
11601,20,1,1,3,1.8,Low
11610,10,19,1,7,-0.3,Low
11613,15,16,6,7,1.8,Low
11616,13,12,1,9,0.407692308,Low
11617,25,17,4,3,-0.2,Low
11619,20,10,2,6,0.5,Low
11626,15,19,1,7,-1.3,Low
11632,23,7,4,2,1.904347826,Low
11634,21,18,1,4,-1.671428571,Low
11636,29,19,7,6,0.734482759,Low
11637,17,5,1,6,1.264705882,Low
11638,26,15,1,6,-1.346153846,Low
11642,25,19,9,1,1.9,Low
11643,14,16,5,1,1.442857143,Low
11650,28,12,1,6,-0.828571429,Low
11656,26,18,7,5,1.053846154,Low
11657,28,19,9,4,1.771428571,Low
11659,22,18,3,2,-0.736363636,Low
11661,20,17,6,8,1.1,Low
11662,18,17,7,8,1.766666667,Low
11667,22,11,5,5,1.663636364,Low
11670,16,13,2,4,0.275,Low
11671,18,17,1,2,-1.233333333,Low
11672,24,19,2,9,-1.55,Low
11673,15,4,1,7,1.7,Low
11675,10,10,2,5,2,Low
11676,26,13,3,9,0.053846154,Low
11679,22,13,2,7,-0.236363636,Low
11689,12,14,2,5,0.7,Low
11690,27,5,2,3,1.111111111,Low
11692,24,13,4,6,0.65,Low
11694,29,19,3,6,-1.265517241,Low
11697,11,18,3,2,0.627272727,Low
11698,22,16,2,4,-0.836363636,Low
11699,12,15,3,3,1,Low
11702,18,15,2,9,-0.333333333,Low
11705,27,11,6,4,1.911111111,Low
11706,25,17,4,4,-0.2,Low
11723,27,18,2,8,-1.488888889,Low
11724,18,13,3,2,0.566666667,Low
11725,23,12,4,9,0.904347826,Low
11731,20,17,1,1,-1.4,Low
11732,25,2,2,8,1.8,Low
11734,13,16,2,3,0.107692308,Low
11742,9,13,1,5,1.233333333,Low
11744,24,15,6,3,1.25,Low
11745,11,19,5,1,1.427272727,Low
11749,28,17,6,7,0.671428571,Low
11753,15,3,1,7,1.9,Low
11756,26,9,3,4,0.853846154,Low
11759,18,19,5,4,0.366666667,Low
11764,20,19,8,2,1.7,Low
11765,29,15,3,5,-0.465517241,Low
11773,25,3,1,7,1.1,Low
11775,18,10,1,3,0.166666667,Low
11776,7,19,1,7,0.985714286,Low
11777,23,16,1,4,-1.395652174,Low
11778,13,12,1,3,0.407692308,Low
11779,20,19,6,8,0.7,Low
11782,27,18,7,1,1.011111111,Low
11786,27,18,5,7,0.011111111,Low
11787,23,18,8,7,1.704347826,Low
11793,23,5,3,9,1.804347826,Low
11794,9,18,3,2,1.233333333,Low
11796,19,14,2,2,-0.221052632,Low
11799,27,9,5,4,1.811111111,Low
11800,24,18,2,6,-1.35,Low
11801,7,17,1,1,1.385714286,Low
11804,23,7,4,3,1.904347826,Low
11808,10,15,4,8,2,Low
11811,29,3,1,3,0.934482759,Low
11818,12,8,2,5,1.9,Low
11820,28,13,1,5,-1.028571429,Low
11822,10,11,2,2,1.8,Low
11823,28,4,2,6,1.271428571,Low
11828,28,16,4,4,-0.128571429,Low
11830,26,16,5,9,0.453846154,Low
11832,26,6,2,5,0.953846154,Low
11833,22,14,1,8,-0.936363636,Low
11839,29,16,8,1,1.834482759,Low
11843,19,13,4,4,0.978947368,Low
11845,17,16,3,6,0.064705882,Low
11847,27,17,2,8,-1.288888889,Low
11848,20,18,8,5,1.9,Low
11850,12,16,3,6,0.8,Low
11851,17,15,1,4,-0.735294118,Low
11852,13,5,1,2,1.807692308,Low
11853,22,14,5,4,1.063636364,Low
11855,28,5,1,2,0.571428571,Low
11856,16,19,4,7,0.075,Low
11858,15,14,5,8,1.7,Low
11863,17,19,2,4,-1.035294118,Low
11866,22,13,6,6,1.763636364,Low
11868,27,14,7,7,1.811111111,Low
11874,15,10,4,3,2,Low
11877,25,17,7,5,1.3,Low
11879,18,11,3,6,0.966666667,Low
11880,28,17,8,6,1.671428571,Low
11881,25,19,8,2,1.4,Low
11886,23,6,2,3,1.104347826,Low
11891,21,17,6,7,1.028571429,Low
11895,24,9,4,6,1.45,Low
11897,16,4,1,2,1.575,Low
11898,24,12,6,4,1.85,Low
11904,26,19,8,3,1.353846154,Low
11906,27,18,6,1,0.511111111,Low
11907,24,10,3,5,0.75,Low
11915,21,19,8,3,1.628571429,Low
11917,14,4,1,9,1.842857143,Low
11920,29,15,4,3,0.034482759,Low
11928,14,17,1,6,-0.757142857,Low
11932,14,7,1,4,1.242857143,Low
11937,19,18,3,4,-0.521052632,Low
11939,24,11,5,2,1.55,Low
11941,19,18,7,1,1.478947368,Low
11942,17,16,1,7,-0.935294118,Low
11945,20,14,6,3,1.7,Low
11947,18,16,4,5,0.466666667,Low
11949,7,14,1,5,1.985714286,Low
11950,22,19,8,8,1.563636364,Low
11956,20,9,4,2,1.7,Low
11957,23,16,3,3,-0.395652174,Low
11976,27,13,3,5,0.011111111,Low
11977,14,8,1,3,1.042857143,Low
11978,28,12,2,6,-0.328571429,Low
11979,24,17,8,1,1.85,Low
11987,20,6,2,4,1.3,Low
11988,12,17,2,4,0.1,Low
11991,16,18,1,3,-1.225,Low
11992,24,5,2,5,1.25,Low
11995,27,10,5,5,1.611111111,Low
11996,21,15,6,4,1.428571429,Low
12001,22,9,2,8,0.563636364,Low
12003,29,3,2,9,1.434482759,Low
12004,26,14,2,8,-0.646153846,Low
12005,27,15,4,9,0.111111111,Low
12007,19,18,1,3,-1.521052632,Low
12011,28,12,1,8,-0.828571429,Low
12015,10,14,2,6,1.2,Low
12016,21,13,2,4,-0.171428571,Low
12019,23,14,5,6,1.004347826,Low
12020,29,3,3,6,1.934482759,Low
12021,17,10,2,4,0.764705882,Low
12022,14,16,6,1,1.942857143,Low
12030,9,17,3,1,1.433333333,Low
12039,29,14,6,6,1.234482759,Low
12040,23,11,3,1,0.604347826,Low
12042,23,7,3,8,1.404347826,Low
12043,16,14,3,9,0.575,Low
12044,29,1,1,4,1.334482759,Low
12047,11,16,1,1,0.027272727,Low
12050,15,18,6,9,1.4,Low
12054,14,14,1,3,-0.157142857,Low
12055,27,15,6,3,1.111111111,Low
12057,12,19,4,3,0.7,Low
12059,18,11,1,3,-0.033333333,Low
12063,27,18,4,2,-0.488888889,Low
12066,11,14,1,6,0.427272727,Low
12068,12,18,2,2,-0.1,Low
12070,8,19,3,9,1.45,Low
12071,19,13,3,4,0.478947368,Low
12072,22,14,6,9,1.563636364,Low
12073,14,18,5,9,1.042857143,Low
12074,18,2,1,8,1.766666667,Low
12079,12,16,3,1,0.8,Low
12082,20,11,3,9,0.8,Low
12083,18,9,3,2,1.366666667,Low
12089,27,17,7,3,1.211111111,Low
12091,26,7,2,3,0.753846154,Low
12093,10,15,1,9,0.5,Low
12094,19,8,3,1,1.478947368,Low
12102,17,6,2,5,1.564705882,Low
12104,14,11,1,9,0.442857143,Low
12108,19,17,2,5,-0.821052632,Low
12110,18,12,5,8,1.766666667,Low
12113,25,10,3,3,0.7,Low
12118,17,14,3,1,0.464705882,Low
12119,29,14,2,2,-0.765517241,Low
12121,22,15,7,2,1.863636364,Low
12124,12,16,5,5,1.8,Low
12125,26,16,7,2,1.453846154,Low
12127,22,9,3,7,1.063636364,Low
12129,10,12,1,4,1.1,Low
12132,16,15,1,8,-0.625,Low
12137,22,10,4,3,1.363636364,Low
12141,15,19,2,7,-0.8,Low
12142,18,6,1,5,0.966666667,Low
12145,29,17,2,1,-1.365517241,Low
12147,24,10,5,2,1.75,Low
12150,12,16,5,2,1.8,Low
12153,29,15,1,9,-1.465517241,Low
12155,28,15,6,3,1.071428571,Low
12161,25,9,4,6,1.4,Low
12163,15,14,3,1,0.7,Low
12165,22,18,3,6,-0.736363636,Low
12169,16,3,1,1,1.775,Low
12175,23,11,4,5,1.104347826,Low
12176,14,19,2,2,-0.657142857,Low
12177,27,11,6,4,1.911111111,Low
12178,26,14,1,7,-1.146153846,Low
12181,27,19,1,1,-2.188888889,Low
12193,23,13,1,3,-0.795652174,Low
12195,24,18,8,4,1.65,Low
12207,19,16,3,1,-0.121052632,Low
12212,25,12,1,3,-0.7,Low
12216,15,8,2,9,1.4,Low
12217,24,14,2,3,-0.55,Low
12220,21,16,2,4,-0.771428571,Low
12222,28,10,4,1,1.071428571,Low
12224,16,18,5,4,0.775,Low
12227,21,19,3,7,-0.871428571,Low
12230,22,12,6,1,1.963636364,Low
12233,18,2,1,5,1.766666667,Low
12234,17,13,5,1,1.664705882,Low
12240,25,10,5,9,1.7,Low
12242,10,18,1,4,-0.1,Low
12250,10,8,1,3,1.9,Low
12254,23,18,6,2,0.704347826,Low
12256,23,14,6,1,1.504347826,Low
12260,16,17,1,7,-1.025,Low
12263,27,17,5,5,0.211111111,Low
12267,23,15,6,9,1.304347826,Low
12270,21,13,5,8,1.328571429,Low
12272,25,7,2,4,0.8,Low
12279,26,15,4,4,0.153846154,Low
12280,19,2,1,4,1.678947368,Low
12282,17,14,4,1,0.964705882,Low
12285,24,19,3,5,-1.05,Low
12286,6,19,1,7,1.7,Low
12289,14,11,1,2,0.442857143,Low
12293,26,19,7,4,0.853846154,Low
12299,16,3,1,4,1.775,Low
12300,24,15,6,7,1.25,Low
12307,7,14,1,1,1.985714286,Low
12312,18,14,1,1,-0.633333333,Low
12313,23,10,1,2,-0.195652174,Low
12315,27,15,4,3,0.111111111,Low
12318,28,14,6,9,1.271428571,Low
12321,14,19,4,4,0.342857143,Low
12324,24,19,5,4,-0.05,Low
12328,27,17,8,9,1.711111111,Low
12330,16,12,5,3,1.975,Low
12333,15,12,3,2,1.1,Low
12336,21,18,4,3,-0.171428571,Low
12339,21,12,1,2,-0.471428571,Low
12341,19,12,5,6,1.678947368,Low
12343,22,13,3,2,0.263636364,Low
12349,27,14,2,8,-0.688888889,Low
12351,28,8,4,5,1.471428571,Low
12353,27,4,1,1,0.811111111,Low
12355,22,8,1,9,0.263636364,Low
12356,17,5,2,5,1.764705882,Low
12361,23,11,2,2,0.104347826,Low
12364,20,13,4,3,0.9,Low
12365,29,13,5,3,0.934482759,Low
12367,29,15,6,8,1.034482759,Low
12369,20,10,2,7,0.5,Low
12375,17,14,3,2,0.464705882,Low
12376,25,9,5,4,1.9,Low
12378,19,16,2,3,-0.621052632,Low
12380,25,14,1,7,-1.1,Low
12385,15,7,2,9,1.6,Low
12392,15,10,2,4,1,Low
12393,27,4,2,6,1.311111111,Low
12403,15,17,1,7,-0.9,Low
12405,17,3,1,9,1.664705882,Low
12408,16,2,1,1,1.975,Low
12411,16,15,4,5,0.875,Low
12413,18,7,2,7,1.266666667,Low
12419,27,19,1,7,-2.188888889,Low
12422,25,11,1,8,-0.5,Low
12429,19,16,7,1,1.878947368,Low
12433,13,14,3,9,1.007692308,Low
12434,25,9,2,8,0.4,Low
12438,18,4,2,6,1.866666667,Low
12439,23,6,2,1,1.104347826,Low
12441,24,15,6,9,1.25,Low
12443,14,11,3,8,1.442857143,Low
12444,21,3,1,8,1.328571429,Low
12448,25,16,5,2,0.5,Low
12451,20,19,1,1,-1.8,Low
12453,12,18,5,7,1.4,Low
12461,23,10,2,2,0.304347826,Low
12464,13,7,2,6,1.907692308,Low
12465,9,19,4,4,1.533333333,Low
12471,24,16,7,1,1.55,Low
12472,25,10,3,1,0.7,Low
12474,25,8,2,8,0.6,Low
12475,26,16,2,7,-1.046153846,Low
12484,17,18,6,6,1.164705882,Low
12486,16,18,2,9,-0.725,Low
12490,19,7,2,5,1.178947368,Low
12498,25,14,2,6,-0.6,Low
12501,22,15,4,7,0.363636364,Low
12504,21,7,2,1,1.028571429,Low
12510,22,17,7,8,1.463636364,Low
12516,20,17,2,6,-0.9,Low
12517,12,18,3,7,0.4,Low
12523,22,12,5,4,1.463636364,Low
12526,22,19,4,2,-0.436363636,Low
12528,18,17,1,7,-1.233333333,Low
12534,18,13,3,1,0.566666667,Low
12535,7,16,1,2,1.585714286,Low
12539,23,17,5,4,0.404347826,Low
12546,11,14,2,8,0.927272727,Low
12549,12,12,1,8,0.6,Low
12553,16,12,4,2,1.475,Low
12556,22,12,1,4,-0.536363636,Low
12560,27,6,2,3,0.911111111,Low
12561,15,16,3,5,0.3,Low
12563,27,12,2,6,-0.288888889,Low
12565,18,18,6,1,1.066666667,Low
12566,24,4,2,9,1.45,Low
12569,12,19,1,8,-0.8,Low
12574,23,4,1,7,1.004347826,Low
12576,22,19,8,3,1.563636364,Low
12579,21,5,1,6,0.928571429,Low
12581,13,19,2,1,-0.492307692,Low
12583,20,15,3,9,0,Low
12584,21,12,4,1,1.028571429,Low
12589,29,8,2,2,0.434482759,Low
12591,14,19,2,1,-0.657142857,Low
12593,15,10,3,6,1.5,Low
12605,29,9,5,3,1.734482759,Low
12606,22,17,5,4,0.463636364,Low
12608,11,18,2,6,0.127272727,Low
12609,24,16,3,4,-0.45,Low
12613,15,18,3,5,-0.1,Low
12614,26,14,5,3,0.853846154,Low
12623,29,8,5,2,1.934482759,Low
12626,11,16,3,1,1.027272727,Low
12627,17,19,1,3,-1.535294118,Low
12632,29,6,2,4,0.834482759,Low
12633,27,19,5,3,-0.188888889,Low
12638,8,18,1,1,0.65,Low
12642,26,12,5,3,1.253846154,Low
12645,25,2,1,8,1.3,Low
12646,19,15,6,2,1.578947368,Low
12648,28,18,6,4,0.471428571,Low
12657,21,5,2,7,1.428571429,Low
12659,17,19,4,6,-0.035294118,Low
12660,21,12,4,1,1.028571429,Low
12663,29,16,7,3,1.334482759,Low
12664,17,19,8,5,1.964705882,Low
12669,15,16,1,8,-0.7,Low
12671,25,11,6,3,2,Low
12673,16,12,5,1,1.975,Low
12674,22,2,2,8,1.963636364,Low
12675,15,12,4,6,1.6,Low
12681,13,19,5,3,1.007692308,Low
12684,28,16,2,7,-1.128571429,Low
12685,28,17,4,3,-0.328571429,Low
12691,11,18,5,9,1.627272727,Low
12692,28,17,1,1,-1.828571429,Low
12696,12,13,2,5,0.9,Low
12705,27,14,7,2,1.811111111,Low
12707,20,16,3,8,-0.2,Low
12709,10,18,4,5,1.4,Low
12713,26,9,3,9,0.853846154,Low
12718,18,10,3,8,1.166666667,Low
12722,23,13,6,3,1.704347826,Low
12724,23,9,4,2,1.504347826,Low
12726,13,13,4,8,1.707692308,Low
12728,29,8,1,4,-0.065517241,Low
12730,9,17,4,9,1.933333333,Low
12732,20,17,7,3,1.6,Low
12736,15,10,2,3,1,Low
12747,24,19,9,9,1.95,Low
12750,13,10,1,2,0.807692308,Low
12754,17,17,3,6,-0.135294118,Low
12755,22,16,3,6,-0.336363636,Low
12760,17,15,6,1,1.764705882,Low
12762,21,4,2,3,1.628571429,Low
12765,10,11,2,7,1.8,Low
12767,20,13,4,4,0.9,Low
12769,15,9,3,4,1.7,Low
12770,16,15,2,7,-0.125,Low
12771,23,14,3,5,0.004347826,Low
12772,16,17,2,7,-0.525,Low
12775,26,13,2,1,-0.446153846,Low
12781,29,15,7,1,1.534482759,Low
12782,13,19,5,1,1.007692308,Low
12783,10,17,3,8,1.1,Low
12784,26,4,2,3,1.353846154,Low
12786,20,16,3,6,-0.2,Low
12787,23,7,3,7,1.404347826,Low
12795,22,12,1,8,-0.536363636,Low
12802,10,19,5,9,1.7,Low
12803,29,8,4,3,1.434482759,Low
12805,23,15,6,4,1.304347826,Low
12812,25,13,5,8,1.1,Low
12813,17,17,7,6,1.864705882,Low
12816,16,12,2,8,0.475,Low
12818,25,11,1,1,-0.5,Low
12822,14,19,1,8,-1.157142857,Low
12825,12,15,5,1,2,Low
12826,28,14,1,5,-1.228571429,Low
12827,27,14,3,4,-0.188888889,Low
12830,15,11,1,4,0.3,Low
12837,22,13,5,1,1.263636364,Low
12841,9,19,2,4,0.533333333,Low
12843,18,17,2,3,-0.733333333,Low
12845,18,18,4,3,0.066666667,Low
12850,26,14,2,6,-0.646153846,Low
12851,21,14,5,1,1.128571429,Low
12852,13,14,1,7,0.007692308,Low
12854,25,13,1,7,-0.9,Low
12859,29,5,1,4,0.534482759,Low
12862,23,13,5,5,1.204347826,Low
12867,18,17,5,6,0.766666667,Low
12879,6,18,1,1,1.9,Low
12881,27,17,8,1,1.711111111,Low
12882,28,16,7,7,1.371428571,Low
12883,29,17,2,7,-1.365517241,Low
12884,14,15,1,3,-0.357142857,Low
12885,21,6,3,2,1.728571429,Low
12886,15,18,6,8,1.4,Low
12889,17,16,4,8,0.564705882,Low
12893,23,13,4,5,0.704347826,Low
12895,15,12,4,1,1.6,Low
12900,26,16,8,5,1.953846154,Low
12904,29,19,5,6,-0.265517241,Low
12905,23,7,1,5,0.404347826,Low
12906,12,5,1,9,2,Low
12909,28,17,8,5,1.671428571,Low
12911,19,13,5,8,1.478947368,Low
12916,16,9,1,3,0.575,Low
12919,23,16,3,6,-0.395652174,Low
12920,20,16,7,1,1.8,Low
12921,14,18,5,9,1.042857143,Low
12924,13,19,2,6,-0.492307692,Low
12938,15,19,1,3,-1.3,Low
12939,22,2,1,5,1.463636364,Low
12942,10,16,4,4,1.8,Low
12944,29,13,5,9,0.934482759,Low
12945,25,10,4,7,1.2,Low
12947,26,14,2,6,-0.646153846,Low
12951,26,4,1,3,0.853846154,Low
12952,22,17,6,5,0.963636364,Low
12956,10,18,2,9,0.4,Low
12961,19,19,7,4,1.278947368,Low
12964,7,19,1,2,0.985714286,Low
12966,11,17,4,8,1.327272727,Low
12969,24,6,3,9,1.55,Low
12971,25,18,5,7,0.1,Low
12974,22,19,6,8,0.563636364,Low
12975,23,9,2,6,0.504347826,Low
12977,13,16,5,2,1.607692308,Low
12979,20,18,1,9,-1.6,Low
12981,24,18,6,1,0.65,Low
12984,17,3,1,4,1.664705882,Low
12986,19,6,2,9,1.378947368,Low
12987,19,6,1,1,0.878947368,Low
12992,18,6,2,2,1.466666667,Low
12995,21,14,6,8,1.628571429,Low
12998,17,17,3,7,-0.135294118,Low
13003,15,13,5,4,1.9,Low
13007,19,16,1,2,-1.121052632,Low
13008,27,19,1,3,-2.188888889,Low
13009,29,17,2,9,-1.365517241,Low
13011,28,8,3,6,0.971428571,Low
13013,29,3,1,3,0.934482759,Low
13021,20,19,7,4,1.2,Low
13022,10,17,3,4,1.1,Low
13023,23,16,7,4,1.604347826,Low
13024,25,13,6,2,1.6,Low
13026,25,16,1,8,-1.5,Low
13029,17,8,2,6,1.164705882,Low
13032,23,16,4,3,0.104347826,Low
13033,27,19,5,3,-0.188888889,Low
13034,10,11,2,7,1.8,Low
13036,24,13,4,4,0.65,Low
13037,23,12,1,4,-0.595652174,Low
13046,28,19,4,2,-0.728571429,Low
13058,22,13,3,4,0.263636364,Low
13067,27,16,4,1,-0.088888889,Low
13075,11,14,1,2,0.427272727,Low
13078,17,18,5,8,0.664705882,Low
13080,19,3,2,3,1.978947368,Low
13081,29,14,1,9,-1.265517241,Low
13084,15,16,1,9,-0.7,Low
13086,24,13,2,3,-0.35,Low
13089,16,19,5,3,0.575,Low
13093,22,17,8,2,1.963636364,Low
13095,18,15,6,2,1.666666667,Low
13097,27,18,8,8,1.511111111,Low
13098,26,15,7,9,1.653846154,Low
13099,25,12,1,4,-0.7,Low
13100,29,9,1,1,-0.265517241,Low
13109,26,16,8,9,1.953846154,Low
13110,26,19,4,6,-0.646153846,Low
13112,25,11,6,9,2,Low
13118,23,10,3,9,0.804347826,Low
13119,21,18,4,2,-0.171428571,Low
13125,11,19,1,1,-0.572727273,Low
13126,7,15,1,6,1.785714286,Low
13127,28,13,3,8,-0.028571429,Low
13128,25,12,2,3,-0.2,Low
13135,24,9,1,3,-0.05,Low
13136,16,7,1,4,0.975,Low
13137,22,2,2,3,1.963636364,Low
13139,18,12,1,2,-0.233333333,Low
13141,25,13,3,2,0.1,Low
13146,23,15,2,3,-0.695652174,Low
13147,19,5,2,8,1.578947368,Low
13149,20,6,3,7,1.8,Low
13154,29,14,7,2,1.734482759,Low
13156,22,17,6,4,0.963636364,Low
13160,28,3,2,4,1.471428571,Low
13166,21,9,2,6,0.628571429,Low
13167,11,18,4,9,1.127272727,Low
13170,11,12,1,7,0.827272727,Low
13171,26,18,6,1,0.553846154,Low
13172,25,18,4,9,-0.4,Low
13177,25,18,4,3,-0.4,Low
13180,23,15,4,3,0.304347826,Low
13181,14,16,2,1,-0.057142857,Low
13186,10,14,2,9,1.2,Low
13188,23,18,3,6,-0.795652174,Low
13189,11,12,2,2,1.327272727,Low
13194,23,8,4,9,1.704347826,Low
13198,29,8,3,1,0.934482759,Low
13202,20,15,5,5,1,Low
13204,15,19,4,1,0.2,Low
13208,10,15,1,1,0.5,Low
13211,27,9,1,2,-0.188888889,Low
13212,20,2,1,9,1.6,Low
13214,22,12,4,2,0.963636364,Low
13219,17,9,1,7,0.464705882,Low
13220,26,1,1,9,1.453846154,Low
13223,19,10,1,7,0.078947368,Low
13224,19,17,7,1,1.678947368,Low
13226,24,13,2,3,-0.35,Low
13228,21,19,7,4,1.128571429,Low
13229,17,19,6,5,0.964705882,Low
13233,20,3,2,3,1.9,Low
13236,13,16,1,2,-0.392307692,Low
13238,11,12,2,5,1.327272727,Low
13239,14,14,3,7,0.842857143,Low
13240,10,17,2,7,0.6,Low
13242,15,19,6,1,1.2,Low
13249,21,8,1,4,0.328571429,Low
13251,28,5,1,7,0.571428571,Low
13254,26,13,6,3,1.553846154,Low
13259,16,17,4,6,0.475,Low
13261,23,18,7,9,1.204347826,Low
13262,25,19,2,6,-1.6,Low
13263,24,18,5,4,0.15,Low
13265,26,18,3,4,-0.946153846,Low
13268,19,16,5,2,0.878947368,Low
13274,14,14,2,5,0.342857143,Low
13279,10,14,2,6,1.2,Low
13280,17,4,2,1,1.964705882,Low
13281,16,14,3,2,0.575,Low
13282,19,7,1,3,0.678947368,Low
13285,27,13,6,5,1.511111111,Low
13286,28,13,1,9,-1.028571429,Low
13289,29,17,1,4,-1.865517241,Low
13295,28,9,5,9,1.771428571,Low
13296,22,14,2,5,-0.436363636,Low
13298,13,18,3,1,0.207692308,Low
13299,17,18,7,8,1.664705882,Low
13301,20,19,4,4,-0.3,Low
13302,20,17,4,1,0.1,Low
13303,16,5,1,9,1.375,Low
13307,13,18,2,3,-0.292307692,Low
13309,24,11,4,6,1.05,Low
13315,25,3,2,3,1.6,Low
13318,21,15,1,2,-1.071428571,Low
13319,22,19,6,8,0.563636364,Low
13321,22,11,4,6,1.163636364,Low
13324,27,16,1,7,-1.588888889,Low
13325,14,19,5,6,0.842857143,Low
13327,16,11,2,6,0.675,Low
13330,13,12,2,8,0.907692308,Low
13335,10,14,2,9,1.2,Low
13337,28,19,8,8,1.271428571,Low
13339,25,12,5,9,1.3,Low
13340,15,3,1,8,1.9,Low
13347,23,8,2,3,0.704347826,Low
13354,23,17,2,4,-1.095652174,Low
13358,24,9,2,7,0.45,Low
13359,19,19,2,3,-1.221052632,Low
13362,16,11,2,6,0.675,Low
13364,15,17,4,1,0.6,Low
13370,16,19,3,2,-0.425,Low
13377,11,14,1,4,0.427272727,Low
13381,14,16,4,4,0.942857143,Low
13385,13,19,6,3,1.507692308,Low
13386,24,15,5,2,0.75,Low
13388,22,16,1,8,-1.336363636,Low
13390,17,9,4,2,1.964705882,Low
13392,29,5,1,9,0.534482759,Low
13394,24,17,2,8,-1.15,Low
13395,29,14,1,9,-1.265517241,Low
13397,17,11,4,6,1.564705882,Low
13402,24,17,8,5,1.85,Low
13404,27,1,2,9,1.911111111,Low
13406,11,15,2,5,0.727272727,Low
13407,24,15,4,8,0.25,Low
13409,17,15,3,9,0.264705882,Low
13414,18,15,6,5,1.666666667,Low
13418,22,18,7,1,1.263636364,Low
13419,15,19,1,3,-1.3,Low
13423,16,17,2,6,-0.525,Low
13426,27,14,6,2,1.311111111,Low
13429,19,12,5,9,1.678947368,Low
13430,7,19,3,2,1.985714286,Low
13432,13,19,3,5,0.007692308,Low
13440,17,6,2,3,1.564705882,Low
13442,22,5,3,7,1.863636364,Low
13454,27,19,6,2,0.311111111,Low
13457,26,15,5,6,0.653846154,Low
13460,26,6,3,7,1.453846154,Low
13461,29,15,2,8,-0.965517241,Low
13466,18,9,4,6,1.866666667,Low
13467,29,8,3,4,0.934482759,Low
13470,27,5,3,5,1.611111111,Low
13471,9,12,1,1,1.433333333,Low
13472,24,19,6,9,0.45,Low
13474,16,13,4,8,1.275,Low
13476,21,15,4,2,0.428571429,Low
13478,25,16,5,8,0.5,Low
13480,26,11,1,8,-0.546153846,Low
13481,26,19,9,2,1.853846154,Low
13483,29,9,2,8,0.234482759,Low
13485,25,9,4,9,1.4,Low
13486,29,11,4,8,0.834482759,Low
13490,15,9,1,9,0.7,Low
13493,19,8,4,9,1.978947368,Low
13497,19,7,3,4,1.678947368,Low
13506,17,19,5,8,0.464705882,Low
13511,29,5,3,4,1.534482759,Low
13515,28,19,1,2,-2.228571429,Low
13516,24,7,4,2,1.85,Low
13519,22,17,6,7,0.963636364,Low
13520,23,10,3,8,0.804347826,Low
13525,16,14,3,4,0.575,Low
13527,27,19,9,9,1.811111111,Low
13533,16,5,1,9,1.375,Low
13536,18,14,5,8,1.366666667,Low
13538,23,11,1,3,-0.395652174,Low
13540,21,13,1,9,-0.671428571,Low
13546,17,18,2,3,-0.835294118,Low
13548,28,16,5,3,0.371428571,Low
13551,29,16,3,2,-0.665517241,Low
13557,24,19,4,7,-0.55,Low
13558,15,15,6,9,2,Low
13560,13,19,2,4,-0.492307692,Low
13562,28,8,2,9,0.471428571,Low
13566,23,13,5,5,1.204347826,Low
13571,29,6,2,6,0.834482759,Low
13579,25,12,6,9,1.8,Low
13582,26,9,4,7,1.353846154,Low
13586,17,17,3,3,-0.135294118,Low
13587,23,16,7,5,1.604347826,Low
13597,19,11,2,2,0.378947368,Low
13603,25,8,3,2,1.1,Low
13605,29,18,1,5,-2.065517241,Low
13607,26,18,1,9,-1.946153846,Low
13608,21,4,2,9,1.628571429,Low
13609,14,7,1,8,1.242857143,Low
13610,28,8,4,5,1.471428571,Low
13612,25,12,3,4,0.3,Low
13615,25,17,7,5,1.3,Low
13616,27,10,2,2,0.111111111,Low
13620,20,18,5,3,0.4,Low
13622,29,10,5,3,1.534482759,Low
13624,29,19,6,9,0.234482759,Low
13627,13,14,2,7,0.507692308,Low
13628,19,15,4,4,0.578947368,Low
13629,24,18,5,6,0.15,Low
13631,22,17,8,7,1.963636364,Low
13633,16,16,2,9,-0.325,Low
13638,26,15,3,7,-0.346153846,Low
13640,17,19,8,5,1.964705882,Low
13643,13,13,2,6,0.707692308,Low
13646,26,17,8,3,1.753846154,Low
13648,21,1,1,1,1.728571429,Low
13658,28,6,2,5,0.871428571,Low
13667,15,19,3,6,-0.3,Low
13668,21,11,4,1,1.228571429,Low
13679,14,13,2,6,0.542857143,Low
13683,23,12,5,9,1.404347826,Low
13684,10,11,2,4,1.8,Low
13686,19,6,3,3,1.878947368,Low
13691,23,19,1,8,-1.995652174,Low
13693,28,18,6,9,0.471428571,Low
13695,21,14,3,2,0.128571429,Low
13701,11,14,3,8,1.427272727,Low
13703,20,1,1,6,1.8,Low
13704,13,17,6,5,1.907692308,Low
13708,24,5,3,6,1.75,Low
13709,9,19,1,2,0.033333333,Low
13715,9,19,1,9,0.033333333,Low
13718,19,6,1,9,0.878947368,Low
13720,24,10,2,6,0.25,Low
13724,26,12,1,1,-0.746153846,Low
13726,20,8,2,4,0.9,Low
13729,22,15,7,8,1.863636364,Low
13732,12,18,2,5,-0.1,Low
13740,25,8,1,6,0.1,Low
13741,19,8,2,8,0.978947368,Low
13742,28,9,1,4,-0.228571429,Low
13749,21,4,1,6,1.128571429,Low
13751,11,15,3,4,1.227272727,Low
13754,16,13,3,7,0.775,Low
13755,28,7,1,4,0.171428571,Low
13758,27,19,3,9,-1.188888889,Low
13760,17,18,2,7,-0.835294118,Low
13763,28,19,3,2,-1.228571429,Low
13766,18,14,1,7,-0.633333333,Low
13768,14,9,1,6,0.842857143,Low
13773,24,4,2,6,1.45,Low
13778,20,9,3,7,1.2,Low
13784,20,10,4,6,1.5,Low
13785,21,13,3,6,0.328571429,Low
13787,24,17,4,5,-0.15,Low
13793,26,16,8,1,1.953846154,Low
13794,13,16,1,9,-0.392307692,Low
13796,20,19,3,1,-0.8,Low
13804,27,16,5,9,0.411111111,Low
13808,22,5,2,2,1.363636364,Low
13810,19,18,4,3,-0.021052632,Low
13812,19,9,3,1,1.278947368,Low
13815,15,16,3,8,0.3,Low
13816,25,17,7,9,1.3,Low
13818,20,11,5,7,1.8,Low
13825,25,8,3,6,1.1,Low
13826,19,16,5,2,0.878947368,Low
13827,14,18,1,5,-0.957142857,Low
13832,14,17,4,9,0.742857143,Low
13835,22,14,6,6,1.563636364,Low
13838,18,19,1,1,-1.633333333,Low
13841,19,9,1,8,0.278947368,Low
13842,23,19,8,9,1.504347826,Low
13843,16,10,3,4,1.375,Low
13844,27,17,2,6,-1.288888889,Low
13845,22,12,6,8,1.963636364,Low
13847,25,9,4,1,1.4,Low
13848,27,14,5,3,0.811111111,Low
13855,15,17,3,2,0.1,Low
13859,17,6,2,5,1.564705882,Low
13864,25,6,1,2,0.5,Low
13865,19,16,2,2,-0.621052632,Low
13867,9,11,1,5,1.633333333,Low
13885,28,12,2,9,-0.328571429,Low
13890,24,19,9,9,1.95,Low
13891,29,1,2,9,1.834482759,Low
13897,24,17,1,9,-1.65,Low
13901,23,7,2,9,0.904347826,Low
13902,21,12,1,9,-0.471428571,Low
13905,15,3,1,9,1.9,Low
13909,22,19,6,2,0.563636364,Low
13911,11,19,3,3,0.427272727,Low
13914,13,10,3,5,1.807692308,Low
13915,15,17,6,5,1.6,Low
13916,26,16,7,1,1.453846154,Low
13918,18,9,1,1,0.366666667,Low
13921,14,5,1,8,1.642857143,Low
13922,25,2,1,7,1.3,Low
13924,26,4,1,8,0.853846154,Low
13925,26,11,2,6,-0.046153846,Low
13931,18,8,1,7,0.566666667,Low
13932,24,6,3,8,1.55,Low
13934,16,11,2,3,0.675,Low
13939,21,19,5,2,0.128571429,Low
13942,25,2,2,7,1.8,Low
13944,15,19,2,4,-0.8,Low
13945,12,13,2,3,0.9,Low
13956,24,10,5,6,1.75,Low
13958,26,17,2,6,-1.246153846,Low
13967,25,19,9,8,1.9,Low
13968,16,13,5,4,1.775,Low
13973,20,15,7,5,2,Low
13981,29,13,4,5,0.434482759,Low
13985,10,12,1,7,1.1,Low
13990,23,13,2,2,-0.295652174,Low
13993,23,19,5,3,0.004347826,Low
13995,19,9,3,4,1.278947368,Low
14000,25,4,1,7,0.9,Low
14003,25,15,6,6,1.2,Low
14014,20,6,2,3,1.3,Low
14019,16,5,1,9,1.375,Low
14022,23,17,5,1,0.404347826,Low
14024,20,15,4,6,0.5,Low
14026,17,12,2,1,0.364705882,Low
14029,19,4,1,8,1.278947368,Low
14031,24,14,5,9,0.95,Low
14038,27,13,5,6,1.011111111,Low
14040,16,14,1,4,-0.425,Low
14043,26,14,7,8,1.853846154,Low
14045,26,16,7,1,1.453846154,Low
14046,20,19,5,6,0.2,Low
14047,18,2,1,6,1.766666667,Low
14050,16,10,2,2,0.875,Low
14052,29,16,4,2,-0.165517241,Low
14054,20,8,2,2,0.9,Low
14057,18,14,1,7,-0.633333333,Low
14060,24,18,5,1,0.15,Low
14063,27,6,1,5,0.411111111,Low
14064,20,9,1,3,0.2,Low
14067,25,6,3,7,1.5,Low
14068,26,8,4,8,1.553846154,Low
14069,19,7,2,7,1.178947368,Low
14072,26,16,8,7,1.953846154,Low
14076,19,11,2,4,0.378947368,Low
14080,13,19,5,7,1.007692308,Low
14083,23,11,3,8,0.604347826,Low
14088,23,16,6,7,1.104347826,Low
14092,14,12,4,6,1.742857143,Low
14095,16,13,3,9,0.775,Low
14098,15,11,4,3,1.8,Low
14100,13,5,1,7,1.807692308,Low
14101,13,17,4,1,0.907692308,Low
14103,29,6,3,9,1.334482759,Low
14104,28,19,3,7,-1.228571429,Low
14107,27,8,2,1,0.511111111,Low
14122,16,11,3,2,1.175,Low
14128,21,8,2,1,0.828571429,Low
14130,11,17,4,9,1.327272727,Low
14133,29,19,9,6,1.734482759,Low
14140,26,8,2,7,0.553846154,Low
14146,13,9,2,1,1.507692308,Low
14150,23,12,2,4,-0.095652174,Low
14152,11,18,3,4,0.627272727,Low
14157,29,8,4,6,1.434482759,Low
14160,15,8,3,4,1.9,Low
14161,16,17,6,4,1.475,Low
14162,14,17,5,7,1.242857143,Low
14170,17,11,4,4,1.564705882,Low
14172,19,9,2,1,0.778947368,Low
14176,24,3,1,4,1.15,Low
14179,19,9,4,5,1.778947368,Low
14190,27,2,1,9,1.211111111,Low
14195,11,19,5,3,1.427272727,Low
14201,29,5,3,2,1.534482759,Low
14203,15,19,4,9,0.2,Low
14204,25,16,7,6,1.5,Low
14205,20,18,8,9,1.9,Low
14207,12,16,2,2,0.3,Low
14208,19,17,7,1,1.678947368,Low
14216,16,2,1,9,1.975,Low
14218,18,19,4,8,-0.133333333,Low
14219,19,6,2,5,1.378947368,Low
14220,25,15,1,5,-1.3,Low
14221,21,8,4,2,1.828571429,Low
14232,18,15,6,5,1.666666667,Low
14234,27,12,1,3,-0.788888889,Low
14239,18,1,1,8,1.966666667,Low
14245,22,17,7,1,1.463636364,Low
14248,24,19,9,4,1.95,Low
14259,15,14,4,4,1.2,Low
14261,19,1,1,8,1.878947368,Low
14263,10,18,1,6,-0.1,Low
14265,21,19,1,5,-1.871428571,Low
14269,18,12,5,7,1.766666667,Low
14282,8,16,2,2,1.55,Low
14283,21,16,1,9,-1.271428571,Low
14285,29,14,2,4,-0.765517241,Low
14287,23,19,6,5,0.504347826,Low
14288,14,18,5,3,1.042857143,Low
14290,25,16,6,6,1,Low
14295,26,19,8,2,1.353846154,Low
14299,28,19,5,2,-0.228571429,Low
14300,19,14,1,2,-0.721052632,Low
14304,29,17,2,9,-1.365517241,Low
14307,16,19,7,6,1.575,Low
14310,17,12,4,7,1.364705882,Low
14311,27,13,3,1,0.011111111,Low
14315,22,17,8,2,1.963636364,Low
14316,28,18,1,5,-2.028571429,Low
14318,26,8,3,4,1.053846154,Low
14319,22,10,1,4,-0.136363636,Low
14321,20,15,3,5,0,Low
14327,23,17,6,5,0.904347826,Low
14330,17,13,3,6,0.664705882,Low
14334,14,6,1,4,1.442857143,Low
14336,10,14,2,3,1.2,Low
14337,19,17,7,8,1.678947368,Low
14340,23,17,3,1,-0.595652174,Low
14347,18,7,3,6,1.766666667,Low
14351,21,1,1,7,1.728571429,Low
14354,29,5,2,7,1.034482759,Low
14359,28,13,7,7,1.971428571,Low
14360,26,15,7,4,1.653846154,Low
14361,22,4,2,9,1.563636364,Low
14365,9,16,3,6,1.633333333,Low
14367,19,18,7,2,1.478947368,Low
14372,26,5,1,9,0.653846154,Low
14375,16,14,5,5,1.575,Low
14381,13,13,1,4,0.207692308,Low
14382,23,15,3,4,-0.195652174,Low
14383,28,19,5,9,-0.228571429,Low
14385,18,13,4,4,1.066666667,Low
14393,19,13,5,6,1.478947368,Low
14394,17,15,5,4,1.264705882,Low
14399,29,17,7,3,1.134482759,Low
14401,25,11,2,2,0,Low
14408,28,18,4,3,-0.528571429,Low
14409,24,13,1,5,-0.85,Low
14420,25,15,6,3,1.2,Low
14422,16,5,2,1,1.875,Low
14424,19,6,3,7,1.878947368,Low
14425,16,12,3,1,0.975,Low
14429,22,13,1,8,-0.736363636,Low
14431,21,11,3,3,0.728571429,Low
14432,23,15,7,1,1.804347826,Low
14434,16,8,2,2,1.275,Low
14435,24,19,7,9,0.95,Low
14436,20,16,5,9,0.8,Low
14437,14,4,1,2,1.842857143,Low
14439,8,19,4,8,1.95,Low
14440,16,18,7,4,1.775,Low
14442,22,14,4,1,0.563636364,Low
14446,21,17,3,8,-0.471428571,Low
14448,12,19,2,6,-0.3,Low
14449,19,18,7,6,1.478947368,Low
14461,14,11,4,7,1.942857143,Low
14465,23,15,3,5,-0.195652174,Low
14466,26,17,1,1,-1.746153846,Low
14468,28,17,5,8,0.171428571,Low
14469,23,16,7,1,1.604347826,Low
14470,17,12,4,2,1.364705882,Low
14473,21,15,5,1,0.928571429,Low
14474,20,15,2,5,-0.5,Low
14482,15,6,1,8,1.3,Low
14483,29,13,7,4,1.934482759,Low
14485,17,18,4,3,0.164705882,Low
14491,15,14,1,2,-0.3,Low
14493,24,15,2,6,-0.75,Low
14494,16,18,1,7,-1.225,Low
14495,9,17,4,9,1.933333333,Low
14496,28,10,2,7,0.071428571,Low
14500,14,16,5,7,1.442857143,Low
14501,28,11,2,9,-0.128571429,Low
14504,10,12,1,2,1.1,Low
14507,18,19,8,8,1.866666667,Low
14512,17,18,7,6,1.664705882,Low
14513,21,14,3,3,0.128571429,Low
14514,10,10,1,4,1.5,Low
14517,20,12,3,7,0.6,Low
14522,23,10,5,3,1.804347826,Low
14523,26,13,1,7,-0.946153846,Low
14526,27,15,2,2,-0.888888889,Low
14531,24,17,1,3,-1.65,Low
14533,24,15,6,7,1.25,Low
14536,26,4,1,1,0.853846154,Low
14543,27,10,5,7,1.611111111,Low
14546,19,17,4,5,0.178947368,Low
14547,24,15,4,8,0.25,Low
14551,16,2,1,3,1.975,Low
14552,20,2,1,1,1.6,Low
14553,22,8,2,8,0.763636364,Low
14554,11,17,5,6,1.827272727,Low
14555,19,7,3,2,1.678947368,Low
14560,20,8,2,5,0.9,Low
14561,16,11,3,1,1.175,Low
14564,25,10,5,9,1.7,Low
14568,17,18,5,7,0.664705882,Low
14569,10,15,1,6,0.5,Low
14570,11,16,2,9,0.527272727,Low
14582,20,12,3,7,0.6,Low
14583,14,16,4,9,0.942857143,Low
14585,20,17,3,5,-0.4,Low
14590,23,12,1,2,-0.595652174,Low
14594,17,12,3,5,0.864705882,Low
14604,23,3,2,9,1.704347826,Low
14605,19,19,4,9,-0.221052632,Low
14608,28,8,3,4,0.971428571,Low
14610,24,9,5,5,1.95,Low
14611,21,12,1,8,-0.471428571,Low
14616,9,12,1,7,1.433333333,Low
14618,12,18,4,2,0.9,Low
14619,7,19,1,3,0.985714286,Low
14620,26,12,1,8,-0.746153846,Low
14625,9,17,2,1,0.933333333,Low
14628,15,18,2,7,-0.6,Low
14633,23,7,2,5,0.904347826,Low
14637,13,13,1,4,0.207692308,Low
14643,18,19,4,8,-0.133333333,Low
14646,22,7,4,7,1.963636364,Low
14652,13,13,3,2,1.207692308,Low
14661,26,16,5,5,0.453846154,Low
14667,29,14,3,8,-0.265517241,Low
14669,23,15,5,9,0.804347826,Low
14670,28,13,2,5,-0.528571429,Low
14673,28,9,5,2,1.771428571,Low
14674,28,13,7,3,1.971428571,Low
14679,26,13,2,1,-0.446153846,Low
14681,28,9,1,6,-0.228571429,Low
14687,28,19,7,4,0.771428571,Low
14689,7,19,2,9,1.485714286,Low
14692,21,15,7,7,1.928571429,Low
14695,25,3,2,2,1.6,Low
14697,15,17,4,8,0.6,Low
14704,20,14,2,2,-0.3,Low
14708,22,19,6,2,0.563636364,Low
14710,9,17,1,9,0.433333333,Low
14711,23,19,5,2,0.004347826,Low
14712,26,15,7,6,1.653846154,Low
14718,26,7,1,4,0.253846154,Low
14723,18,10,1,6,0.166666667,Low
14725,27,11,1,3,-0.588888889,Low
14727,15,8,1,8,0.9,Low
14731,13,11,3,7,1.607692308,Low
14734,25,16,2,3,-1,Low
14737,23,14,1,2,-0.995652174,Low
14741,23,8,4,2,1.704347826,Low
14742,23,4,2,7,1.504347826,Low
14743,25,9,5,4,1.9,Low
14744,16,7,2,8,1.475,Low
14745,17,8,3,5,1.664705882,Low
14747,27,10,5,6,1.611111111,Low
14750,16,11,4,4,1.675,Low
14751,24,15,4,7,0.25,Low
14752,18,11,5,4,1.966666667,Low
14754,18,14,2,7,-0.133333333,Low
14755,25,18,6,9,0.6,Low
14758,11,11,1,9,1.027272727,Low
14763,26,15,5,2,0.653846154,Low
14764,10,18,1,3,-0.1,Low
14768,19,19,4,7,-0.221052632,Low
14776,29,7,1,3,0.134482759,Low
14777,12,11,2,1,1.3,Low
14781,19,17,3,4,-0.321052632,Low
14783,28,15,6,1,1.071428571,Low
14785,17,11,2,4,0.564705882,Low
14796,22,4,2,7,1.563636364,Low
14800,28,17,1,5,-1.828571429,Low
14805,19,17,1,5,-1.321052632,Low
14806,20,5,1,2,1,Low
14811,19,5,2,9,1.578947368,Low
14813,14,16,2,4,-0.057142857,Low
14814,23,10,5,2,1.804347826,Low
14816,27,14,2,7,-0.688888889,Low
14817,7,17,2,5,1.885714286,Low
14818,12,17,3,9,0.6,Low
14819,14,14,2,4,0.342857143,Low
14824,14,10,2,2,1.142857143,Low
14825,10,10,2,5,2,Low
14829,15,7,1,2,1.1,Low
14833,28,6,2,2,0.871428571,Low
14841,14,19,1,9,-1.157142857,Low
14852,15,16,1,8,-0.7,Low
14853,28,16,6,7,0.871428571,Low
14856,27,13,4,3,0.511111111,Low
14861,15,18,6,9,1.4,Low
14863,27,17,8,2,1.711111111,Low
14867,14,10,1,4,0.642857143,Low
14868,26,16,2,7,-1.046153846,Low
14875,11,15,4,8,1.727272727,Low
14878,21,19,5,5,0.128571429,Low
14880,29,12,4,7,0.634482759,Low
14881,15,15,4,6,1,Low
14882,24,4,1,9,0.95,Low
14885,28,11,4,2,0.871428571,Low
14886,28,6,2,5,0.871428571,Low
14889,15,19,2,1,-0.8,Low
14891,26,7,3,6,1.253846154,Low
14892,25,15,2,8,-0.8,Low
14893,8,13,1,2,1.65,Low
14897,13,16,3,6,0.607692308,Low
14898,19,6,2,6,1.378947368,Low
14901,18,14,5,6,1.366666667,Low
14907,10,14,1,2,0.7,Low
14909,26,13,2,5,-0.446153846,Low
14913,21,12,3,4,0.528571429,Low
14914,27,12,3,1,0.211111111,Low
14917,23,17,8,6,1.904347826,Low
14922,20,6,2,6,1.3,Low
14923,17,18,4,2,0.164705882,Low
14924,29,13,4,2,0.434482759,Low
14927,17,17,4,4,0.364705882,Low
14928,13,14,1,9,0.007692308,Low
14932,25,3,1,5,1.1,Low
14935,28,5,1,2,0.571428571,Low
14938,29,16,5,1,0.334482759,Low
14939,14,17,2,4,-0.257142857,Low
14940,23,7,4,7,1.904347826,Low
14941,24,14,1,7,-1.05,Low
14945,29,5,2,5,1.034482759,Low
14947,25,14,5,3,0.9,Low
14959,12,8,1,9,1.4,Low
14962,28,18,7,6,0.971428571,Low
14970,24,7,4,3,1.85,Low
14971,15,10,1,3,0.5,Low
14972,28,15,6,3,1.071428571,Low
14976,23,2,2,6,1.904347826,Low
14978,22,19,5,2,0.063636364,Low
14991,11,19,4,2,0.927272727,Low
14995,26,17,4,6,-0.246153846,Low
14996,19,9,2,4,0.778947368,Low
15002,20,9,3,5,1.2,Low
15003,13,16,1,7,-0.392307692,Low
15004,23,11,2,8,0.104347826,Low
15009,16,19,2,8,-0.925,Low
15010,25,1,1,9,1.5,Low
15011,26,4,3,4,1.853846154,Low
15012,14,16,5,7,1.442857143,Low
15016,25,10,4,9,1.2,Low
15020,22,14,6,2,1.563636364,Low
15022,16,18,1,9,-1.225,Low
15023,17,3,1,2,1.664705882,Low
15031,23,16,7,5,1.604347826,Low
15040,19,9,2,7,0.778947368,Low
15041,29,6,1,3,0.334482759,Low
15043,26,5,3,9,1.653846154,Low
15046,15,10,1,1,0.5,Low
15050,10,15,2,1,1,Low
15054,29,10,3,7,0.534482759,Low
15055,25,11,6,1,2,Low
15059,13,19,6,9,1.507692308,Low
15060,19,17,1,3,-1.321052632,Low
15064,9,18,1,8,0.233333333,Low
15065,19,18,4,5,-0.021052632,Low
15067,27,1,1,9,1.411111111,Low
15068,17,17,3,7,-0.135294118,Low
15070,28,10,2,1,0.071428571,Low
15075,29,10,1,1,-0.465517241,Low
15078,27,15,7,6,1.611111111,Low
15084,14,18,3,3,0.042857143,Low
15085,22,14,6,3,1.563636364,Low
15087,23,9,4,7,1.504347826,Low
15088,18,15,5,9,1.166666667,Low
15089,10,14,2,7,1.2,Low
15090,8,15,1,7,1.25,Low
15091,17,18,3,8,-0.335294118,Low
15092,17,7,1,2,0.864705882,Low
15093,25,12,1,1,-0.7,Low
15096,19,12,3,3,0.678947368,Low
15099,26,17,1,7,-1.746153846,Low
15101,17,17,2,2,-0.635294118,Low
15103,19,7,1,4,0.678947368,Low
15113,20,10,2,3,0.5,Low
15118,16,13,2,9,0.275,Low
15120,20,16,4,7,0.3,Low
15121,8,14,1,9,1.45,Low
15124,20,3,1,4,1.4,Low
15126,22,4,2,3,1.563636364,Low
15128,20,16,7,5,1.8,Low
15129,16,17,6,5,1.475,Low
15131,19,17,4,1,0.178947368,Low
15132,16,15,1,4,-0.625,Low
15141,16,11,2,2,0.675,Low
15152,10,15,3,9,1.5,Low
15153,15,19,4,7,0.2,Low
15155,11,13,3,6,1.627272727,Low
15158,13,11,3,3,1.607692308,Low
15161,22,12,4,1,0.963636364,Low
15165,22,17,5,4,0.463636364,Low
15167,21,12,3,6,0.528571429,Low
15168,29,18,1,1,-2.065517241,Low
15172,27,14,6,7,1.311111111,Low
15173,18,4,2,3,1.866666667,Low
15176,20,18,2,2,-1.1,Low
15177,12,17,3,1,0.6,Low
15178,26,16,1,2,-1.546153846,Low
15181,28,14,1,6,-1.228571429,Low
15192,29,8,1,2,-0.065517241,Low
15197,20,12,1,7,-0.4,Low
15199,7,18,2,3,1.685714286,Low
15201,23,16,2,9,-0.895652174,Low
15203,24,3,1,8,1.15,Low
15205,21,12,5,2,1.528571429,Low
15207,11,13,3,5,1.627272727,Low
15209,15,16,5,6,1.3,Low
15215,26,12,3,3,0.253846154,Low
15219,29,14,7,5,1.734482759,Low
15220,13,15,1,4,-0.192307692,Low
15230,15,18,3,9,-0.1,Low
15232,10,11,2,7,1.8,Low
15234,23,10,2,7,0.304347826,Low
15235,18,17,6,1,1.266666667,Low
15240,29,13,5,4,0.934482759,Low
15244,21,18,6,8,0.828571429,Low
15247,29,8,2,7,0.434482759,Low
15248,18,8,3,2,1.566666667,Low
15250,26,16,5,3,0.453846154,Low
15252,23,10,4,2,1.304347826,Low
15254,20,12,4,1,1.1,Low
15257,16,13,1,4,-0.225,Low
15258,15,19,4,8,0.2,Low
15259,19,6,2,5,1.378947368,Low
15264,29,19,9,2,1.734482759,Low
15265,16,18,4,9,0.275,Low
15266,13,12,1,1,0.407692308,Low
15267,23,17,7,8,1.404347826,Low
15270,20,19,5,5,0.2,Low
15272,21,18,5,5,0.328571429,Low
15273,28,14,7,3,1.771428571,Low
15275,18,18,3,3,-0.433333333,Low
15276,15,15,6,5,2,Low
15278,14,18,1,1,-0.957142857,Low
15279,15,19,1,9,-1.3,Low
15281,27,17,8,4,1.711111111,Low
15282,17,5,1,4,1.264705882,Low
15290,29,4,2,8,1.234482759,Low
15292,25,11,3,4,0.5,Low
15295,28,10,4,4,1.071428571,Low
15297,29,15,7,8,1.534482759,Low
15298,14,11,3,8,1.442857143,Low
15304,29,13,4,6,0.434482759,Low
15307,21,3,1,6,1.328571429,Low
15310,28,19,7,9,0.771428571,Low
15312,10,12,2,7,1.6,Low
15318,21,11,2,4,0.228571429,Low
15319,23,15,2,9,-0.695652174,Low
15321,14,18,6,5,1.542857143,Low
15323,12,15,1,8,0,Low
15326,18,12,2,3,0.266666667,Low
15329,9,17,4,9,1.933333333,Low
15332,15,10,4,5,2,Low
15336,19,3,1,4,1.478947368,Low
15343,25,7,2,3,0.8,Low
15348,16,13,2,2,0.275,Low
15350,28,15,4,2,0.071428571,Low
15352,26,6,2,1,0.953846154,Low
15353,28,10,1,9,-0.428571429,Low
15355,17,9,3,3,1.464705882,Low
15356,26,12,6,1,1.753846154,Low
15357,13,17,1,4,-0.592307692,Low
15358,25,19,3,5,-1.1,Low
15363,15,17,1,9,-0.9,Low
15367,27,10,1,3,-0.388888889,Low
15372,28,19,5,3,-0.228571429,Low
15376,20,10,2,6,0.5,Low
15384,9,10,1,2,1.833333333,Low
15389,18,17,6,2,1.266666667,Low
15394,27,16,2,6,-1.088888889,Low
15395,19,11,1,4,-0.121052632,Low
15396,24,4,1,2,0.95,Low
15399,26,3,1,7,1.053846154,Low
15401,16,7,1,8,0.975,Low
15402,14,6,1,1,1.442857143,Low
15403,21,15,1,9,-1.071428571,Low
15406,22,15,2,3,-0.636363636,Low
15407,28,15,6,5,1.071428571,Low
15410,24,8,2,4,0.65,Low
15413,22,11,2,2,0.163636364,Low
15417,9,19,1,8,0.033333333,Low
15422,19,16,6,2,1.378947368,Low
15425,29,16,8,9,1.834482759,Low
15426,25,17,1,3,-1.7,Low
15432,24,13,2,3,-0.35,Low
15434,23,15,1,4,-1.195652174,Low
15435,11,15,3,2,1.227272727,Low
15436,23,19,7,4,1.004347826,Low
15438,29,12,1,1,-0.865517241,Low
15439,11,13,3,8,1.627272727,Low
15441,19,19,7,8,1.278947368,Low
15443,20,9,3,7,1.2,Low
15444,16,16,5,8,1.175,Low
15445,28,18,9,6,1.971428571,Low
15446,12,17,1,5,-0.4,Low
15449,26,10,5,6,1.653846154,Low
15456,16,16,5,6,1.175,Low
15465,14,8,2,1,1.542857143,Low
15467,23,18,7,2,1.204347826,Low
15471,15,17,4,4,0.6,Low
15472,28,3,2,6,1.471428571,Low
15473,27,5,3,8,1.611111111,Low
15481,16,16,4,6,0.675,Low
15482,15,19,3,9,-0.3,Low
15484,28,18,2,4,-1.528571429,Low
15488,24,13,2,9,-0.35,Low
15490,27,7,4,9,1.711111111,Low
15494,22,17,2,2,-1.036363636,Low
15496,22,12,1,2,-0.536363636,Low
15501,27,9,2,7,0.311111111,Low
15502,17,9,1,2,0.464705882,Low
15503,21,6,3,4,1.728571429,Low
15505,22,19,4,8,-0.436363636,Low
15508,18,19,1,7,-1.633333333,Low
15512,29,10,3,3,0.534482759,Low
15515,28,17,4,9,-0.328571429,Low
15521,20,15,5,3,1,Low
15522,15,19,4,9,0.2,Low
15525,12,19,2,1,-0.3,Low
15528,29,12,4,9,0.634482759,Low
15529,27,17,2,4,-1.288888889,Low
15537,12,11,1,1,0.8,Low
15538,15,9,3,6,1.7,Low
15543,18,19,3,8,-0.633333333,Low
15545,25,18,1,8,-1.9,Low
15551,17,16,6,7,1.564705882,Low
15553,13,11,3,7,1.607692308,Low
15554,19,15,1,8,-0.921052632,Low
15556,19,4,1,2,1.278947368,Low
15559,22,11,1,7,-0.336363636,Low
15561,10,11,2,9,1.8,Low
15565,22,10,1,3,-0.136363636,Low
15567,19,12,3,1,0.678947368,Low
15570,25,12,4,3,0.8,Low
15580,15,11,1,1,0.3,Low
15589,29,4,3,1,1.734482759,Low
15590,24,2,1,1,1.35,Low
15591,22,8,3,9,1.263636364,Low
15595,13,16,4,6,1.107692308,Low
15601,28,13,1,5,-1.028571429,Low
15602,29,17,5,4,0.134482759,Low
15606,25,11,3,6,0.5,Low
15609,20,6,1,5,0.8,Low
15613,11,16,3,7,1.027272727,Low
15615,9,19,4,8,1.533333333,Low
15618,19,11,5,4,1.878947368,Low
15625,29,18,9,5,1.934482759,Low
15627,24,15,7,3,1.75,Low
15628,14,15,1,3,-0.357142857,Low
15633,14,16,6,1,1.942857143,Low
15635,18,11,3,8,0.966666667,Low
15640,27,14,6,3,1.311111111,Low
15643,22,13,2,9,-0.236363636,Low
15644,22,10,4,5,1.363636364,Low
15645,26,19,8,9,1.353846154,Low
15647,24,18,5,4,0.15,Low
15648,25,4,3,9,1.9,Low
15649,22,19,2,6,-1.436363636,Low
15650,26,16,7,1,1.453846154,Low
15656,28,13,3,3,-0.028571429,Low
15657,22,2,2,5,1.963636364,Low
15660,22,7,2,8,0.963636364,Low
15661,8,17,3,8,1.85,Low
15663,16,17,6,3,1.475,Low
15666,29,12,5,3,1.134482759,Low
15667,23,10,5,4,1.804347826,Low
15671,12,11,1,4,0.8,Low
15672,13,12,2,2,0.907692308,Low
15673,28,10,5,5,1.571428571,Low
15676,27,14,3,9,-0.188888889,Low
15677,25,17,5,2,0.3,Low
15678,20,13,3,9,0.4,Low
15680,19,17,7,5,1.678947368,Low
15681,20,17,5,5,0.6,Low
15682,23,6,2,9,1.104347826,Low
15687,21,17,7,9,1.528571429,Low
15690,17,16,6,5,1.564705882,Low
15691,28,13,2,9,-0.528571429,Low
15692,24,9,1,7,-0.05,Low
15699,26,19,2,6,-1.646153846,Low
15703,13,9,2,9,1.507692308,Low
15708,27,10,3,8,0.611111111,Low
15710,21,17,5,6,0.528571429,Low
15711,21,15,7,5,1.928571429,Low
15719,17,18,2,7,-0.835294118,Low
15723,12,6,1,7,1.8,Low
15724,14,19,1,9,-1.157142857,Low
15725,19,8,1,1,0.478947368,Low
15727,29,19,9,5,1.734482759,Low
15730,13,14,1,9,0.007692308,Low
15735,18,4,1,3,1.366666667,Low
15739,8,19,4,1,1.95,Low
15741,28,5,3,8,1.571428571,Low
15742,25,14,2,6,-0.6,Low
15748,18,19,4,4,-0.133333333,Low
15749,14,14,1,5,-0.157142857,Low
15754,27,17,3,3,-0.788888889,Low
15760,11,15,4,9,1.727272727,Low
15761,22,17,7,1,1.463636364,Low
15766,27,6,2,9,0.911111111,Low
15767,17,17,7,8,1.864705882,Low
15770,12,15,3,8,1,Low
15777,27,16,8,1,1.911111111,Low
15778,13,17,4,2,0.907692308,Low
15785,20,8,1,5,0.4,Low
15786,26,18,1,9,-1.946153846,Low
15787,20,13,5,6,1.4,Low
15790,28,14,1,3,-1.228571429,Low
15791,20,19,6,2,0.7,Low
15793,15,5,2,2,2,Low
15794,26,12,5,1,1.253846154,Low
15798,19,16,4,5,0.378947368,Low
15805,20,18,1,7,-1.6,Low
15811,17,9,4,5,1.964705882,Low
15820,29,14,7,6,1.734482759,Low
15826,9,18,3,9,1.233333333,Low
15828,13,19,3,5,0.007692308,Low
15830,16,16,6,8,1.675,Low
15831,19,11,4,6,1.378947368,Low
15834,24,15,7,9,1.75,Low
15839,22,14,1,7,-0.936363636,Low
15840,21,10,5,8,1.928571429,Low
15844,16,12,1,5,-0.025,Low
15845,26,13,4,6,0.553846154,Low
15846,19,19,6,5,0.778947368,Low
15850,22,9,4,5,1.563636364,Low
15851,26,5,3,4,1.653846154,Low
15856,29,16,7,1,1.334482759,Low
15859,27,6,4,7,1.911111111,Low
15860,13,14,1,4,0.007692308,Low
15863,17,11,3,9,1.064705882,Low
15864,18,17,1,4,-1.233333333,Low
15865,21,19,8,6,1.628571429,Low
15868,23,15,3,6,-0.195652174,Low
15872,26,17,8,6,1.753846154,Low
15874,23,10,4,6,1.304347826,Low
15878,19,8,1,4,0.478947368,Low
15879,28,17,7,2,1.171428571,Low
15881,15,17,3,7,0.1,Low
15883,15,19,7,9,1.7,Low
15884,28,9,2,4,0.271428571,Low
15885,23,11,5,1,1.604347826,Low
15887,13,19,1,3,-0.992307692,Low
15889,18,16,1,9,-1.033333333,Low
15895,20,18,5,5,0.4,Low
15896,28,2,2,8,1.671428571,Low
15899,12,13,1,9,0.4,Low
15901,17,19,2,1,-1.035294118,Low
15903,21,15,5,5,0.928571429,Low
15908,29,2,2,6,1.634482759,Low
15909,25,7,4,4,1.8,Low
15911,24,7,1,5,0.35,Low
15914,23,18,1,1,-1.795652174,Low
15919,28,12,4,6,0.671428571,Low
15920,20,17,4,5,0.1,Low
15921,22,14,5,6,1.063636364,Low
15922,29,6,2,8,0.834482759,Low
15927,14,12,2,1,0.742857143,Low
15929,21,12,4,1,1.028571429,Low
15930,10,14,3,5,1.7,Low
15931,27,11,6,7,1.911111111,Low
15932,12,16,2,2,0.3,Low
15933,29,9,4,1,1.234482759,Low
15940,15,14,5,2,1.7,Low
15945,24,15,6,2,1.25,Low
15948,23,14,3,8,0.004347826,Low
15949,27,15,1,7,-1.388888889,Low
15950,12,17,2,8,0.1,Low
15952,19,6,1,3,0.878947368,Low
15958,16,11,4,4,1.675,Low
15959,19,18,4,3,-0.021052632,Low
15962,23,17,8,7,1.904347826,Low
15965,22,16,5,4,0.663636364,Low
15966,15,13,5,9,1.9,Low
15972,20,15,7,1,2,Low
15973,16,5,1,6,1.375,Low
15974,28,7,1,4,0.171428571,Low
15977,11,12,1,8,0.827272727,Low
15979,14,17,4,9,0.742857143,Low
15981,15,7,2,3,1.6,Low
15982,17,13,1,8,-0.335294118,Low
15984,17,18,5,5,0.664705882,Low
15985,11,17,4,8,1.327272727,Low
15988,29,7,3,1,1.134482759,Low
15990,22,13,6,7,1.763636364,Low
15997,21,14,4,8,0.628571429,Low
16000,28,16,2,1,-1.128571429,Low
16002,11,17,3,8,0.827272727,Low
16007,22,13,6,1,1.763636364,Low
16011,27,14,4,2,0.311111111,Low
16015,28,8,4,8,1.471428571,Low
16019,23,12,4,1,0.904347826,Low
16020,15,12,4,6,1.6,Low
16021,29,10,3,4,0.534482759,Low
16024,11,14,1,9,0.427272727,Low
16027,23,15,7,2,1.804347826,Low
16034,18,4,1,5,1.366666667,Low
16040,26,18,7,9,1.053846154,Low
16043,19,9,3,3,1.278947368,Low
16047,9,13,2,9,1.733333333,Low
16049,14,16,4,7,0.942857143,Low
16053,14,8,1,9,1.042857143,Low
16054,26,19,8,7,1.353846154,Low
16060,20,12,5,3,1.6,Low
16067,28,15,2,8,-0.928571429,Low
16070,19,13,5,6,1.478947368,Low
16078,23,12,5,9,1.404347826,Low
16079,24,18,7,4,1.15,Low
16083,24,19,8,3,1.45,Low
16084,21,12,2,1,0.028571429,Low
16085,11,18,4,6,1.127272727,Low
16096,24,12,6,6,1.85,Low
16100,16,18,5,2,0.775,Low
16103,26,10,1,1,-0.346153846,Low
16106,25,15,4,8,0.2,Low
16108,26,18,2,8,-1.446153846,Low
16110,22,13,6,7,1.763636364,Low
16111,23,5,2,5,1.304347826,Low
16114,9,12,2,4,1.933333333,Low
16115,27,15,3,1,-0.388888889,Low
16119,14,14,4,9,1.342857143,Low
16120,28,12,6,3,1.671428571,Low
16145,14,8,2,7,1.542857143,Low
16146,25,16,8,6,2,Low
16149,13,19,1,4,-0.992307692,Low
16154,14,10,1,9,0.642857143,Low
16159,26,7,1,4,0.253846154,Low
16161,18,2,1,3,1.766666667,Low
16164,16,8,1,4,0.775,Low
16170,21,16,1,3,-1.271428571,Low
16171,19,18,2,1,-1.021052632,Low
16174,15,18,3,6,-0.1,Low
16178,26,9,3,6,0.853846154,Low
16180,28,9,1,1,-0.228571429,Low
16182,11,18,1,6,-0.372727273,Low
16184,24,17,8,4,1.85,Low
16186,11,19,5,9,1.427272727,Low
16189,27,3,1,2,1.011111111,Low
16193,16,13,5,7,1.775,Low
16196,14,14,5,4,1.842857143,Low
16197,23,19,4,8,-0.495652174,Low
16198,18,18,1,4,-1.433333333,Low
16199,13,19,3,6,0.007692308,Low
16201,26,17,8,6,1.753846154,Low
16204,26,17,4,4,-0.246153846,Low
16208,19,16,4,3,0.378947368,Low
16213,14,19,1,3,-1.157142857,Low
16216,29,6,3,7,1.334482759,Low
16217,28,6,4,5,1.871428571,Low
16218,26,17,5,2,0.253846154,Low
16220,29,9,2,5,0.234482759,Low
16229,22,17,4,3,-0.036363636,Low
16230,26,6,4,5,1.953846154,Low
16232,18,19,4,3,-0.133333333,Low
16233,15,14,4,1,1.2,Low
16235,28,9,3,7,0.771428571,Low
16236,29,13,3,9,-0.065517241,Low
16237,15,19,7,2,1.7,Low
16239,23,7,2,2,0.904347826,Low
16243,18,11,2,9,0.466666667,Low
16244,24,17,6,9,0.85,Low
16245,9,12,1,9,1.433333333,Low
16248,24,17,8,9,1.85,Low
16249,19,13,3,8,0.478947368,Low
16250,26,8,4,3,1.553846154,Low
16253,7,19,1,1,0.985714286,Low
16262,9,16,2,3,1.133333333,Low
16266,28,13,2,6,-0.528571429,Low
16268,15,11,4,2,1.8,Low
16270,22,12,2,8,-0.036363636,Low
16272,23,12,6,4,1.904347826,Low
16275,9,19,2,5,0.533333333,Low
16276,21,12,5,8,1.528571429,Low
16278,11,17,1,4,-0.172727273,Low
16287,17,10,1,6,0.264705882,Low
16288,9,15,3,7,1.833333333,Low
16290,29,12,3,7,0.134482759,Low
16294,18,11,4,6,1.466666667,Low
16295,19,19,6,2,0.778947368,Low
16296,26,7,4,5,1.753846154,Low
16307,26,13,1,1,-0.946153846,Low
16311,18,13,1,4,-0.433333333,Low
16313,20,8,3,4,1.4,Low
16327,7,17,2,7,1.885714286,Low
16328,27,14,5,1,0.811111111,Low
16331,21,19,8,3,1.628571429,Low
16334,24,19,6,9,0.45,Low
16336,12,14,2,4,0.7,Low
16343,26,7,4,6,1.753846154,Low
16344,19,12,4,9,1.178947368,Low
16347,25,19,9,1,1.9,Low
16349,26,16,8,7,1.953846154,Low
16351,26,12,4,1,0.753846154,Low
16353,29,19,9,9,1.734482759,Low
16356,18,18,7,3,1.566666667,Low
16357,10,15,3,8,1.5,Low
16363,26,16,8,9,1.953846154,Low
16365,15,16,2,8,-0.2,Low
16368,23,18,1,3,-1.795652174,Low
16369,15,8,3,9,1.9,Low
16371,20,17,4,7,0.1,Low
16372,13,14,2,6,0.507692308,Low
16381,17,9,1,1,0.464705882,Low
16382,19,12,1,5,-0.321052632,Low
16384,17,16,1,6,-0.935294118,Low
16388,22,16,2,2,-0.836363636,Low
16389,23,18,1,3,-1.795652174,Low
16392,24,4,2,7,1.45,Low
16393,22,7,4,4,1.963636364,Low
16394,19,15,1,9,-0.921052632,Low
16404,24,5,2,9,1.25,Low
16408,28,9,5,2,1.771428571,Low
16410,8,12,1,4,1.85,Low
16412,28,7,1,8,0.171428571,Low
16416,14,16,2,4,-0.057142857,Low
16422,20,5,3,9,2,Low
16430,27,6,3,9,1.411111111,Low
16434,14,18,6,8,1.542857143,Low
16437,27,15,1,1,-1.388888889,Low
16438,23,19,2,6,-1.495652174,Low
16439,18,11,2,1,0.466666667,Low
16441,18,6,2,9,1.466666667,Low
16446,20,14,3,2,0.2,Low
16447,12,8,2,8,1.9,Low
16448,22,3,2,8,1.763636364,Low
16452,28,12,3,8,0.171428571,Low
16453,11,14,4,9,1.927272727,Low
16455,19,14,6,2,1.778947368,Low
16456,26,8,4,8,1.553846154,Low
16459,19,17,7,2,1.678947368,Low
16463,28,15,4,6,0.071428571,Low
16469,27,8,2,2,0.511111111,Low
16470,21,18,6,8,0.828571429,Low
16471,26,19,4,5,-0.646153846,Low
16472,12,9,1,6,1.2,Low
16477,25,18,3,6,-0.9,Low
16478,29,15,4,5,0.034482759,Low
16482,24,4,1,9,0.95,Low
16483,22,6,1,5,0.663636364,Low
16485,26,6,2,3,0.953846154,Low
16486,29,4,1,4,0.734482759,Low
16490,17,16,4,4,0.564705882,Low
16491,16,17,7,5,1.975,Low
16494,23,16,1,5,-1.395652174,Low
16496,15,9,3,7,1.7,Low
16497,29,10,4,8,1.034482759,Low
16499,18,19,4,7,-0.133333333,Low
16501,20,16,4,5,0.3,Low
16505,15,8,3,8,1.9,Low
16506,16,19,1,3,-1.425,Low
16507,23,11,2,9,0.104347826,Low
16512,27,18,7,7,1.011111111,Low
16514,15,13,3,7,0.9,Low
16521,25,14,1,3,-1.1,Low
16525,28,13,4,9,0.471428571,Low
16526,28,12,1,2,-0.828571429,Low
16528,12,10,2,6,1.5,Low
16529,28,10,1,8,-0.428571429,Low
16532,19,15,5,9,1.078947368,Low
16533,14,15,3,7,0.642857143,Low
16535,21,15,7,4,1.928571429,Low
16537,23,14,3,1,0.004347826,Low
16541,27,13,1,1,-0.988888889,Low
16544,18,16,4,2,0.466666667,Low
16545,25,10,5,3,1.7,Low
16546,21,14,6,6,1.628571429,Low
16550,18,3,1,8,1.566666667,Low
16551,8,15,2,9,1.75,Low
16554,19,8,2,4,0.978947368,Low
16555,21,16,6,2,1.228571429,Low
16562,23,4,2,9,1.504347826,Low
16564,27,19,1,2,-2.188888889,Low
16566,11,12,1,7,0.827272727,Low
16567,24,10,1,7,-0.25,Low
16569,17,19,2,9,-1.035294118,Low
16571,18,3,1,7,1.566666667,Low
16572,26,13,5,4,1.053846154,Low
16575,10,17,2,1,0.6,Low
16578,15,15,5,3,1.5,Low
16581,14,19,1,9,-1.157142857,Low
16582,27,7,1,1,0.211111111,Low
16587,15,16,5,6,1.3,Low
16602,25,4,3,2,1.9,Low
16605,8,17,2,1,1.35,Low
16607,26,17,5,6,0.253846154,Low
16610,19,17,6,2,1.178947368,Low
16612,25,12,3,4,0.3,Low
16614,16,17,3,1,-0.025,Low
16617,16,8,1,9,0.775,Low
16627,20,19,3,6,-0.8,Low
16630,15,9,3,2,1.7,Low
16631,13,7,2,3,1.907692308,Low
16632,28,19,1,3,-2.228571429,Low
16637,17,13,4,2,1.164705882,Low
16639,7,19,2,9,1.485714286,Low
16640,12,17,3,2,0.6,Low
16642,20,5,1,7,1,Low
16643,24,11,4,5,1.05,Low
16644,25,15,3,4,-0.3,Low
16646,14,15,2,6,0.142857143,Low
16648,22,11,3,8,0.663636364,Low
16660,19,3,1,7,1.478947368,Low
16661,28,15,3,2,-0.428571429,Low
16662,20,15,1,4,-1,Low
16665,18,19,1,4,-1.633333333,Low
16666,22,10,4,1,1.363636364,Low
16671,25,2,1,7,1.3,Low
16674,25,12,2,7,-0.2,Low
16679,16,8,2,2,1.275,Low
16684,28,13,6,5,1.471428571,Low
16686,22,5,1,7,0.863636364,Low
16695,25,15,4,8,0.2,Low
16697,22,17,1,3,-1.536363636,Low
16704,18,15,4,9,0.666666667,Low
16706,18,13,3,1,0.566666667,Low
16707,29,13,5,6,0.934482759,Low
16716,14,18,2,6,-0.457142857,Low
16718,12,14,2,9,0.7,Low
16724,23,12,2,6,-0.095652174,Low
16729,24,12,6,9,1.85,Low
16731,23,16,4,9,0.104347826,Low
16736,18,16,7,3,1.966666667,Low
16738,10,18,3,4,0.9,Low
16746,27,17,2,5,-1.288888889,Low
16748,9,13,2,9,1.733333333,Low
16754,19,6,3,2,1.878947368,Low
16756,25,18,1,7,-1.9,Low
16757,10,16,2,3,0.8,Low
16762,19,15,2,7,-0.421052632,Low
16764,23,19,1,2,-1.995652174,Low
16768,16,19,6,4,1.075,Low
16769,19,12,1,2,-0.321052632,Low
16771,26,18,2,5,-1.446153846,Low
16775,28,8,5,3,1.971428571,Low
16777,12,18,6,6,1.9,Low
16778,27,13,3,2,0.011111111,Low
16779,19,11,2,1,0.378947368,Low
16780,21,9,2,1,0.628571429,Low
16786,24,19,3,4,-1.05,Low
16790,21,10,3,4,0.928571429,Low
16794,26,4,2,5,1.353846154,Low
16798,12,17,1,4,-0.4,Low
16799,12,18,3,6,0.4,Low
16805,26,6,4,6,1.953846154,Low
16808,27,4,3,8,1.811111111,Low
16811,25,13,2,8,-0.4,Low
16814,15,6,1,3,1.3,Low
16815,27,8,2,3,0.511111111,Low
16816,10,12,2,4,1.6,Low
16819,22,15,6,6,1.363636364,Low
16820,15,14,2,6,0.2,Low
16825,28,5,2,3,1.071428571,Low
16826,15,18,7,6,1.9,Low
16827,24,15,7,6,1.75,Low
16828,19,18,8,3,1.978947368,Low
16832,25,18,8,3,1.6,Low
16833,17,13,2,5,0.164705882,Low
16836,25,15,1,3,-1.3,Low
16839,25,18,8,9,1.6,Low
16841,11,8,1,9,1.627272727,Low
16845,20,12,5,6,1.6,Low
16847,20,18,4,3,-0.1,Low
16851,17,12,3,7,0.864705882,Low
16854,27,15,7,1,1.611111111,Low
16860,23,17,6,6,0.904347826,Low
16861,19,6,1,5,0.878947368,Low
16864,16,11,3,3,1.175,Low
16865,17,10,2,5,0.764705882,Low
16866,16,19,6,2,1.075,Low
16872,22,2,2,6,1.963636364,Low
16874,23,12,2,7,-0.095652174,Low
16875,29,15,3,9,-0.465517241,Low
16879,11,9,1,7,1.427272727,Low
16881,24,9,4,1,1.45,Low
16884,18,17,3,2,-0.233333333,Low
16885,14,10,1,9,0.642857143,Low
16889,29,19,5,6,-0.265517241,Low
16890,19,14,6,6,1.778947368,Low
16892,25,17,8,2,1.8,Low
16896,24,12,1,4,-0.65,Low
16900,27,4,1,7,0.811111111,Low
16903,26,16,5,2,0.453846154,Low
16906,22,13,1,9,-0.736363636,Low
16910,11,7,1,4,1.827272727,Low
16911,18,13,4,8,1.066666667,Low
16921,12,11,3,3,1.8,Low
16922,16,15,4,2,0.875,Low
16924,28,4,3,8,1.771428571,Low
16933,28,19,9,3,1.771428571,Low
16937,27,9,1,4,-0.188888889,Low
16938,17,5,2,5,1.764705882,Low
16947,28,10,2,8,0.071428571,Low
16948,21,15,4,3,0.428571429,Low
16950,22,15,3,7,-0.136363636,Low
16952,19,9,1,8,0.278947368,Low
16956,18,17,3,6,-0.233333333,Low
16958,19,19,4,7,-0.221052632,Low
16961,14,17,2,2,-0.257142857,Low
16963,26,19,7,4,0.853846154,Low
16964,28,1,2,6,1.871428571,Low
16965,11,18,4,6,1.127272727,Low
16966,22,19,6,2,0.563636364,Low
16969,27,11,6,7,1.911111111,Low
16970,17,19,7,5,1.464705882,Low
16973,22,12,5,5,1.463636364,Low
16976,20,12,1,7,-0.4,Low
16978,22,19,2,5,-1.436363636,Low
16987,24,10,4,7,1.25,Low
16991,29,11,6,6,1.834482759,Low
16994,26,17,5,3,0.253846154,Low
16995,10,18,5,4,1.9,Low
16997,24,15,6,4,1.25,Low
16999,18,10,2,5,0.666666667,Low
17002,16,12,5,3,1.975,Low
17003,28,17,1,5,-1.828571429,Low
17006,20,18,3,9,-0.6,Low
17008,19,18,5,9,0.478947368,Low
17011,15,13,4,2,1.4,Low
17012,21,9,3,7,1.128571429,Low
17014,18,12,2,2,0.266666667,Low
17016,24,9,4,3,1.45,Low
17017,6,19,1,4,1.7,Low
17019,21,11,3,6,0.728571429,Low
17024,17,19,1,6,-1.535294118,Low
17029,21,13,6,4,1.828571429,Low
17030,20,16,6,5,1.3,Low
17031,23,18,1,3,-1.795652174,Low
17034,20,19,2,3,-1.3,Low
17035,26,11,1,5,-0.546153846,Low
17040,24,11,3,5,0.55,Low
17041,13,19,4,4,0.507692308,Low
17042,19,16,1,1,-1.121052632,Low
17048,21,6,3,7,1.728571429,Low
17049,7,18,2,9,1.685714286,Low
17050,15,12,1,2,0.1,Low
17051,26,18,1,6,-1.946153846,Low
17053,21,19,7,9,1.128571429,Low
17059,22,15,6,3,1.363636364,Low
17060,8,19,1,8,0.45,Low
17066,24,12,1,9,-0.65,Low
17067,18,15,2,4,-0.333333333,Low
17068,17,12,1,7,-0.135294118,Low
17078,18,12,5,8,1.766666667,Low
17082,9,19,1,1,0.033333333,Low
17083,7,15,1,9,1.785714286,Low
17087,16,17,4,6,0.475,Low
17091,21,13,5,1,1.328571429,Low
17093,18,6,3,1,1.966666667,Low
17101,23,15,6,9,1.304347826,Low
17103,25,10,2,3,0.2,Low
17110,26,16,7,4,1.453846154,Low
17112,24,14,5,4,0.95,Low
17113,26,14,4,5,0.353846154,Low
17117,27,9,4,3,1.311111111,Low
17120,19,15,5,3,1.078947368,Low
17122,26,16,5,4,0.453846154,Low
17126,10,17,3,3,1.1,Low
17130,18,9,4,8,1.866666667,Low
17131,11,14,4,4,1.927272727,Low
17132,22,2,2,1,1.963636364,Low
17133,25,14,2,8,-0.6,Low
17136,29,17,5,9,0.134482759,Low
17137,23,12,4,6,0.904347826,Low
17140,26,18,4,7,-0.446153846,Low
17141,13,12,2,4,0.907692308,Low
17142,28,18,7,1,0.971428571,Low
17143,15,4,1,7,1.7,Low
17144,16,16,2,9,-0.325,Low
17156,19,15,6,1,1.578947368,Low
17158,11,17,1,9,-0.172727273,Low
17160,25,19,7,6,0.9,Low
17162,17,12,2,6,0.364705882,Low
17173,19,18,4,8,-0.021052632,Low
17174,16,19,4,7,0.075,Low
17175,28,10,5,4,1.571428571,Low
17179,16,19,2,2,-0.925,Low
17183,29,12,2,2,-0.365517241,Low
17185,28,6,2,7,0.871428571,Low
17187,24,18,4,1,-0.35,Low
17188,17,19,5,5,0.464705882,Low
17191,17,18,4,9,0.164705882,Low
17192,28,18,5,2,-0.028571429,Low
17194,25,1,2,1,2,Low
17196,23,7,3,1,1.404347826,Low
17200,12,15,3,3,1,Low
17203,24,11,5,6,1.55,Low
17204,28,14,6,4,1.271428571,Low
17212,14,11,1,5,0.442857143,Low
17221,12,18,1,6,-0.6,Low
17222,24,17,1,7,-1.65,Low
17223,25,15,4,3,0.2,Low
17235,12,10,3,4,2,Low
17236,19,3,1,6,1.478947368,Low
17242,15,16,5,1,1.3,Low
17243,26,12,3,9,0.253846154,Low
17244,18,13,2,6,0.066666667,Low
17247,22,13,5,1,1.263636364,Low
17250,9,17,2,4,0.933333333,Low
17251,14,12,4,3,1.742857143,Low
17252,12,17,2,8,0.1,Low
17255,19,18,3,2,-0.521052632,Low
17261,11,13,1,7,0.627272727,Low
17266,14,13,1,5,0.042857143,Low
17267,25,19,6,8,0.4,Low
17272,14,16,2,6,-0.057142857,Low
17273,19,19,5,3,0.278947368,Low
17275,20,19,7,2,1.2,Low
17278,9,19,3,3,1.033333333,Low
17282,16,9,1,9,0.575,Low
17284,10,15,4,7,2,Low
17286,20,19,5,9,0.2,Low
17288,25,16,8,8,2,Low
17295,7,15,1,9,1.785714286,Low
17296,17,16,2,3,-0.435294118,Low
17301,16,10,4,7,1.875,Low
17303,22,12,1,8,-0.536363636,Low
17304,28,17,2,7,-1.328571429,Low
17306,12,10,1,4,1,Low
17308,15,6,1,8,1.3,Low
17309,25,4,2,4,1.4,Low
17321,26,19,5,5,-0.146153846,Low
17329,26,16,5,6,0.453846154,Low
17330,28,14,1,4,-1.228571429,Low
17333,22,19,8,9,1.563636364,Low
17335,20,10,3,5,1,Low
17340,23,8,4,3,1.704347826,Low
17342,14,14,2,9,0.342857143,Low
17343,26,12,4,9,0.753846154,Low
17346,19,15,6,6,1.578947368,Low
17349,21,14,5,7,1.128571429,Low
17353,27,13,4,4,0.511111111,Low
17358,14,16,4,7,0.942857143,Low
17359,13,14,3,2,1.007692308,Low
17360,25,12,1,2,-0.7,Low
17365,18,16,5,8,0.966666667,Low
17366,29,11,1,6,-0.665517241,Low
17367,29,1,2,3,1.834482759,Low
17370,29,7,1,9,0.134482759,Low
17371,28,9,2,7,0.271428571,Low
17373,29,19,6,8,0.234482759,Low
17377,23,2,2,1,1.904347826,Low
17381,29,6,2,6,0.834482759,Low
17382,26,17,1,6,-1.746153846,Low
17388,17,13,4,3,1.164705882,Low
17389,19,11,1,4,-0.121052632,Low
17390,19,15,6,5,1.578947368,Low
17393,28,6,2,8,0.871428571,Low
17394,12,16,5,3,1.8,Low
17399,27,18,7,9,1.011111111,Low
17402,17,19,7,6,1.464705882,Low
17403,26,10,2,2,0.153846154,Low
17404,29,19,2,8,-1.765517241,Low
17406,25,6,1,2,0.5,Low
17407,24,17,5,9,0.35,Low
17410,23,2,2,9,1.904347826,Low
17412,27,16,3,3,-0.588888889,Low
17415,14,17,2,8,-0.257142857,Low
17417,14,14,5,9,1.842857143,Low
17418,22,2,1,2,1.463636364,Low
17419,23,18,1,8,-1.795652174,Low
17421,19,9,4,9,1.778947368,Low
17422,9,17,2,7,0.933333333,Low
17434,26,16,8,7,1.953846154,Low
17438,22,14,5,3,1.063636364,Low
17441,26,19,6,3,0.353846154,Low
17442,17,19,7,5,1.464705882,Low
17445,18,15,6,3,1.666666667,Low
17447,23,8,1,2,0.204347826,Low
17448,28,9,3,7,0.771428571,Low
17450,15,17,1,4,-0.9,Low
17455,28,9,5,5,1.771428571,Low
17456,20,9,1,4,0.2,Low
17460,29,2,2,6,1.634482759,Low
17463,21,7,1,8,0.528571429,Low
17464,27,14,7,8,1.811111111,Low
17468,15,5,1,5,1.5,Low
17471,14,17,5,4,1.242857143,Low
17475,28,12,6,8,1.671428571,Low
17477,27,18,8,5,1.511111111,Low
17478,21,18,7,5,1.328571429,Low
17479,24,14,6,8,1.45,Low
17481,13,12,4,2,1.907692308,Low
17482,29,9,2,1,0.234482759,Low
17483,13,10,3,6,1.807692308,Low
17484,27,10,1,7,-0.388888889,Low
17486,9,12,2,7,1.933333333,Low
17488,26,17,5,1,0.253846154,Low
17493,21,7,3,8,1.528571429,Low
17494,15,8,2,5,1.4,Low
17496,24,19,7,3,0.95,Low
17499,19,17,6,4,1.178947368,Low
17502,12,7,1,2,1.6,Low
17505,17,11,2,4,0.564705882,Low
17506,27,13,2,5,-0.488888889,Low
17507,18,14,1,8,-0.633333333,Low
17513,13,18,3,1,0.207692308,Low
17516,23,19,8,7,1.504347826,Low
17517,24,10,1,4,-0.25,Low
17521,19,15,5,5,1.078947368,Low
17522,14,19,5,4,0.842857143,Low
17523,16,9,2,7,1.075,Low
17525,23,7,1,8,0.404347826,Low
17527,11,12,2,7,1.327272727,Low
17530,27,18,4,8,-0.488888889,Low
17531,24,15,7,4,1.75,Low
17533,27,3,2,7,1.511111111,Low
17534,19,18,3,9,-0.521052632,Low
17535,27,16,1,1,-1.588888889,Low
17536,15,16,2,6,-0.2,Low
17537,25,16,1,3,-1.5,Low
17538,26,12,6,7,1.753846154,Low
17544,27,13,6,8,1.511111111,Low
17545,14,13,3,3,1.042857143,Low
17546,20,6,3,2,1.8,Low
17552,26,19,8,9,1.353846154,Low
17555,8,17,2,9,1.35,Low
17560,27,5,1,7,0.611111111,Low
17566,29,6,1,2,0.334482759,Low
17570,29,12,4,3,0.634482759,Low
17572,13,18,4,9,0.707692308,Low
17574,26,2,1,5,1.253846154,Low
17577,20,19,6,3,0.7,Low
17579,24,12,6,5,1.85,Low
17580,18,13,4,9,1.066666667,Low
17583,22,15,7,2,1.863636364,Low
17585,19,2,1,6,1.678947368,Low
17594,23,11,2,2,0.104347826,Low
17597,15,9,1,1,0.7,Low
17599,19,9,2,8,0.778947368,Low
17602,7,15,1,1,1.785714286,Low
17603,21,8,4,6,1.828571429,Low
17605,28,19,3,8,-1.228571429,Low
17606,28,7,4,4,1.671428571,Low
17610,27,18,7,3,1.011111111,Low
17614,24,15,2,4,-0.75,Low
17615,7,16,1,6,1.585714286,Low
17620,20,1,1,4,1.8,Low
17623,27,15,3,9,-0.388888889,Low
17625,27,5,3,4,1.611111111,Low
17626,22,14,1,3,-0.936363636,Low
17634,26,12,4,3,0.753846154,Low
17635,21,8,2,2,0.828571429,Low
17641,20,6,3,4,1.8,Low
17642,16,8,2,8,1.275,Low
17649,11,19,4,9,0.927272727,Low
17652,17,11,4,5,1.564705882,Low
17660,21,5,2,4,1.428571429,Low
17663,26,19,2,2,-1.646153846,Low
17664,11,19,5,7,1.427272727,Low
17667,11,13,2,2,1.127272727,Low
17668,22,13,5,5,1.263636364,Low
17669,29,2,1,4,1.134482759,Low
17670,22,19,8,8,1.563636364,Low
17672,12,8,1,3,1.4,Low
17674,21,14,1,9,-0.871428571,Low
17676,25,14,3,5,-0.1,Low
17677,27,17,2,8,-1.288888889,Low
17686,17,17,1,4,-1.135294118,Low
17687,13,17,1,1,-0.592307692,Low
17688,9,18,3,6,1.233333333,Low
17690,11,18,1,4,-0.372727273,Low
17695,23,18,5,7,0.204347826,Low
17696,25,15,5,5,0.7,Low
17697,22,19,4,8,-0.436363636,Low
17700,22,10,3,4,0.863636364,Low
17702,22,12,5,2,1.463636364,Low
17704,13,15,1,3,-0.192307692,Low
17707,29,13,2,4,-0.565517241,Low
17710,13,17,2,4,-0.092307692,Low
17712,27,4,3,7,1.811111111,Low
17719,16,17,2,2,-0.525,Low
17724,24,16,5,3,0.55,Low
17726,28,16,8,6,1.871428571,Low
17728,26,10,4,4,1.153846154,Low
17731,10,19,2,3,0.2,Low
17735,25,4,1,8,0.9,Low
17736,28,18,8,5,1.471428571,Low
17740,15,16,6,7,1.8,Low
17745,28,9,4,2,1.271428571,Low
17750,16,19,2,7,-0.925,Low
17751,12,19,2,7,-0.3,Low
17756,20,3,1,8,1.4,Low
17757,25,18,5,6,0.1,Low
17759,19,16,2,4,-0.621052632,Low
17767,22,12,3,2,0.463636364,Low
17772,21,16,3,2,-0.271428571,Low
17774,15,16,6,2,1.8,Low
17775,18,10,2,9,0.666666667,Low
17778,25,18,8,1,1.6,Low
17783,27,13,6,9,1.511111111,Low
17785,7,16,1,7,1.585714286,Low
17790,29,15,6,2,1.034482759,Low
17796,22,16,1,9,-1.336363636,Low
17799,28,2,2,2,1.671428571,Low
17806,19,9,3,8,1.278947368,Low
17808,24,17,2,2,-1.15,Low
17811,22,13,4,5,0.763636364,Low
17812,25,18,5,2,0.1,Low
17816,27,3,1,3,1.011111111,Low
17821,10,8,1,9,1.9,Low
17825,22,17,5,9,0.463636364,Low
17827,18,18,5,1,0.566666667,Low
17831,29,19,1,6,-2.265517241,Low
17833,22,6,2,2,1.163636364,Low
17834,25,6,1,1,0.5,Low
17835,27,19,5,9,-0.188888889,Low
17837,22,13,1,6,-0.736363636,Low
17840,21,19,2,1,-1.371428571,Low
17843,29,6,1,5,0.334482759,Low
17846,29,17,6,7,0.634482759,Low
17852,18,11,1,3,-0.033333333,Low
17855,14,13,4,8,1.542857143,Low
17860,16,12,2,9,0.475,Low
17864,27,11,4,6,0.911111111,Low
17873,18,13,3,1,0.566666667,Low
17874,26,15,7,9,1.653846154,Low
17877,11,14,1,7,0.427272727,Low
17879,26,9,1,4,-0.146153846,Low
17880,15,10,2,5,1,Low
17881,25,17,5,5,0.3,Low
17882,29,19,8,6,1.234482759,Low
17883,26,5,3,4,1.653846154,Low
17885,25,13,1,6,-0.9,Low
17891,17,9,4,9,1.964705882,Low
17894,27,19,3,1,-1.188888889,Low
17895,27,11,1,3,-0.588888889,Low
17903,23,1,1,1,1.604347826,Low
17904,23,5,2,2,1.304347826,Low
17908,29,15,2,3,-0.965517241,Low
17913,9,14,2,2,1.533333333,Low
17914,29,13,3,4,-0.065517241,Low
17917,27,16,3,5,-0.588888889,Low
17923,22,5,2,6,1.363636364,Low
17924,22,16,2,7,-0.836363636,Low
17926,28,3,1,5,0.971428571,Low
17927,15,12,1,9,0.1,Low
17928,29,4,2,7,1.234482759,Low
17933,14,16,6,2,1.942857143,Low
17934,17,16,3,9,0.064705882,Low
17936,25,16,1,8,-1.5,Low
17941,10,19,3,8,0.7,Low
17942,16,11,2,2,0.675,Low
17943,26,18,8,7,1.553846154,Low
17944,17,4,1,5,1.464705882,Low
17947,29,13,6,1,1.434482759,Low
17949,14,19,3,8,-0.157142857,Low
17955,23,1,1,8,1.604347826,Low
17959,13,17,3,4,0.407692308,Low
17962,7,14,1,6,1.985714286,Low
17965,10,16,1,2,0.3,Low
17968,27,14,2,1,-0.688888889,Low
17971,29,8,4,6,1.434482759,Low
17972,10,19,5,2,1.7,Low
17974,12,17,1,2,-0.4,Low
17977,19,8,1,7,0.478947368,Low
17980,28,2,1,1,1.171428571,Low
17986,16,6,2,2,1.675,Low
18002,22,15,1,1,-1.136363636,Low
18008,26,16,1,3,-1.546153846,Low
18010,20,6,1,5,0.8,Low
18012,21,13,6,8,1.828571429,Low
18018,15,16,5,3,1.3,Low
18020,26,1,2,9,1.953846154,Low
18028,23,16,7,3,1.604347826,Low
18029,21,14,4,7,0.628571429,Low
18033,29,12,2,2,-0.365517241,Low
18038,13,17,2,5,-0.092307692,Low
18039,15,4,1,6,1.7,Low
18043,10,17,2,3,0.6,Low
18047,18,8,2,6,1.066666667,Low
18049,15,16,6,8,1.8,Low
18051,15,13,3,5,0.9,Low
18052,24,19,9,5,1.95,Low
18055,15,4,1,4,1.7,Low
18058,19,10,3,4,1.078947368,Low
18059,19,9,4,2,1.778947368,Low
18068,16,14,2,4,0.075,Low
18069,25,19,3,8,-1.1,Low
18072,27,14,2,8,-0.688888889,Low
18077,20,8,4,8,1.9,Low
18081,24,13,3,9,0.15,Low
18084,24,5,3,8,1.75,Low
18088,24,19,4,6,-0.55,Low
18097,23,9,2,3,0.504347826,Low
18102,15,19,5,5,0.7,Low
18105,21,15,3,4,-0.071428571,Low
18106,15,16,5,5,1.3,Low
18108,16,15,5,5,1.375,Low
18110,18,17,6,3,1.266666667,Low
18115,19,13,2,2,-0.021052632,Low
18120,27,5,3,2,1.611111111,Low
18122,27,16,2,9,-1.088888889,Low
18123,13,19,5,3,1.007692308,Low
18124,29,19,3,1,-1.265517241,Low
18134,18,9,2,9,0.866666667,Low
18136,12,15,5,6,2,Low
18139,19,5,1,2,1.078947368,Low
18140,17,11,1,8,0.064705882,Low
18143,26,18,7,2,1.053846154,Low
18145,19,6,1,5,0.878947368,Low
18147,18,18,1,8,-1.433333333,Low
18153,25,12,5,8,1.3,Low
18154,22,15,2,3,-0.636363636,Low
18157,29,15,4,1,0.034482759,Low
18161,29,12,3,4,0.134482759,Low
18165,18,16,3,6,-0.033333333,Low
18167,22,18,2,2,-1.236363636,Low
18168,22,9,2,7,0.563636364,Low
18169,26,11,3,6,0.453846154,Low
18171,24,4,2,5,1.45,Low
18175,18,16,7,8,1.966666667,Low
18179,12,19,4,4,0.7,Low
18181,18,19,5,1,0.366666667,Low
18183,13,18,3,6,0.207692308,Low
18185,22,19,1,1,-1.936363636,Low
18186,15,7,2,8,1.6,Low
18188,20,18,6,9,0.9,Low
18189,14,15,1,2,-0.357142857,Low
18193,29,14,3,7,-0.265517241,Low
18204,18,15,5,9,1.166666667,Low
18205,29,13,1,6,-1.065517241,Low
18206,28,19,5,5,-0.228571429,Low
18207,16,7,3,7,1.975,Low
18219,13,11,3,3,1.607692308,Low
18227,10,10,1,4,1.5,Low
18229,24,9,1,8,-0.05,Low
18233,25,16,6,9,1,Low
18235,17,19,5,2,0.464705882,Low
18237,12,12,2,3,1.1,Low
18239,13,19,6,3,1.507692308,Low
18240,11,15,1,3,0.227272727,Low
18244,10,10,1,3,1.5,Low
18246,24,7,3,8,1.35,Low
18252,24,19,5,6,-0.05,Low
18255,20,8,1,3,0.4,Low
18256,24,10,1,9,-0.25,Low
18262,24,10,5,3,1.75,Low
18263,23,18,8,2,1.704347826,Low
18265,26,12,1,5,-0.746153846,Low
18266,21,6,1,3,0.728571429,Low
18267,28,14,4,2,0.271428571,Low
18270,20,6,1,7,0.8,Low
18278,20,11,2,5,0.3,Low
18282,26,8,1,6,0.053846154,Low
18284,17,14,2,4,-0.035294118,Low
18288,20,14,1,4,-0.8,Low
18291,24,3,2,8,1.65,Low
18293,26,15,5,7,0.653846154,Low
18297,15,7,1,1,1.1,Low
18299,23,18,5,2,0.204347826,Low
18300,26,18,3,5,-0.946153846,Low
18304,24,14,2,9,-0.55,Low
18307,20,4,1,9,1.2,Low
18310,29,9,1,5,-0.265517241,Low
18318,20,14,1,4,-0.8,Low
18322,21,18,3,8,-0.671428571,Low
18324,11,16,1,8,0.027272727,Low
18325,14,18,5,5,1.042857143,Low
18332,18,16,6,1,1.466666667,Low
18334,26,16,8,1,1.953846154,Low
18337,24,9,2,1,0.45,Low
18338,28,15,2,1,-0.928571429,Low
18339,18,17,1,8,-1.233333333,Low
18342,20,15,7,7,2,Low
18345,27,12,3,2,0.211111111,Low
18347,23,6,3,9,1.604347826,Low
18353,28,10,1,1,-0.428571429,Low
18364,11,19,2,4,-0.072727273,Low
18369,26,15,1,3,-1.346153846,Low
18371,11,19,6,2,1.927272727,Low
18376,23,11,4,3,1.104347826,Low
18381,10,13,2,1,1.4,Low
18382,22,19,6,7,0.563636364,Low
18389,26,5,1,5,0.653846154,Low
18394,29,18,6,3,0.434482759,Low
18401,25,12,2,7,-0.2,Low
18402,17,19,7,7,1.464705882,Low
18404,20,18,1,6,-1.6,Low
18405,21,4,1,7,1.128571429,Low
18407,27,17,4,5,-0.288888889,Low
18408,29,3,2,5,1.434482759,Low
18411,29,9,2,6,0.234482759,Low
18412,12,12,3,9,1.6,Low
18415,17,10,2,3,0.764705882,Low
18417,16,9,2,4,1.075,Low
18418,22,18,8,6,1.763636364,Low
18419,24,15,5,9,0.75,Low
18427,14,14,2,7,0.342857143,Low
18428,26,12,5,4,1.253846154,Low
18431,21,13,3,1,0.328571429,Low
18438,16,16,2,4,-0.325,Low
18439,16,10,3,1,1.375,Low
18440,25,6,4,3,2,Low
18441,13,19,1,2,-0.992307692,Low
18442,18,16,5,8,0.966666667,Low
18444,29,18,5,4,-0.065517241,Low
18447,16,19,6,1,1.075,Low
18449,9,11,1,5,1.633333333,Low
18450,9,14,1,6,1.033333333,Low
18451,16,18,7,6,1.775,Low
18454,28,6,1,4,0.371428571,Low
18455,29,7,2,4,0.634482759,Low
18460,29,17,1,4,-1.865517241,Low
18464,26,11,4,2,0.953846154,Low
18465,24,9,1,7,-0.05,Low
18466,16,3,1,5,1.775,Low
18469,26,19,7,4,0.853846154,Low
18470,22,7,2,4,0.963636364,Low
18472,10,16,3,6,1.3,Low
18478,14,6,1,5,1.442857143,Low
18486,13,9,1,7,1.007692308,Low
18487,21,15,2,9,-0.571428571,Low
18490,28,17,1,4,-1.828571429,Low
18491,22,8,4,5,1.763636364,Low
18492,18,12,3,2,0.766666667,Low
18493,15,4,1,9,1.7,Low
18495,17,19,1,5,-1.535294118,Low
18497,21,15,1,2,-1.071428571,Low
18498,16,19,1,4,-1.425,Low
18502,28,17,1,9,-1.828571429,Low
18503,24,17,5,2,0.35,Low
18504,15,13,5,1,1.9,Low
18507,26,8,2,9,0.553846154,Low
18511,19,18,3,1,-0.521052632,Low
18520,28,9,5,3,1.771428571,Low
18522,15,10,1,3,0.5,Low
18523,18,14,5,3,1.366666667,Low
18528,22,9,2,3,0.563636364,Low
18532,18,18,6,6,1.066666667,Low
18533,19,18,5,4,0.478947368,Low
18534,21,16,7,3,1.728571429,Low
18539,12,13,4,2,1.9,Low
18540,24,19,7,5,0.95,Low
18543,13,18,4,5,0.707692308,Low
18546,19,19,7,5,1.278947368,Low
18550,24,11,1,6,-0.45,Low
18551,17,4,1,7,1.464705882,Low
18555,27,15,5,5,0.611111111,Low
18561,25,8,3,3,1.1,Low
18562,19,15,2,3,-0.421052632,Low
18563,19,19,8,2,1.778947368,Low
18564,22,17,3,9,-0.536363636,Low
18567,27,16,4,2,-0.088888889,Low
18568,10,10,1,3,1.5,Low
18571,17,6,2,8,1.564705882,Low
18572,29,11,3,3,0.334482759,Low
18578,13,14,4,6,1.507692308,Low
18579,28,18,3,5,-1.028571429,Low
18582,24,16,7,1,1.55,Low
18585,19,16,3,6,-0.121052632,Low
18588,16,19,1,6,-1.425,Low
18590,22,17,6,7,0.963636364,Low
18594,28,8,3,4,0.971428571,Low
18597,18,19,7,2,1.366666667,Low
18599,29,6,3,5,1.334482759,Low
18611,15,14,5,3,1.7,Low
18613,24,10,1,7,-0.25,Low
18617,16,15,5,4,1.375,Low
18618,12,14,4,8,1.7,Low
18619,17,17,3,3,-0.135294118,Low
18628,20,12,5,9,1.6,Low
18632,20,12,3,2,0.6,Low
18633,23,3,1,9,1.204347826,Low
18638,11,10,1,5,1.227272727,Low
18642,22,12,2,7,-0.036363636,Low
18648,21,14,6,1,1.628571429,Low
18651,24,14,5,2,0.95,Low
18654,15,18,2,7,-0.6,Low
18655,21,11,5,2,1.728571429,Low
18660,24,8,3,7,1.15,Low
18663,12,7,1,3,1.6,Low
18664,23,11,5,4,1.604347826,Low
18673,28,19,3,2,-1.228571429,Low
18678,29,17,3,1,-0.865517241,Low
18679,20,19,4,2,-0.3,Low
18686,18,6,3,4,1.966666667,Low
18689,17,14,4,7,0.964705882,Low
18690,26,15,7,3,1.653846154,Low
18691,16,17,6,3,1.475,Low
18693,22,19,4,6,-0.436363636,Low
18694,25,5,2,5,1.2,Low
18698,27,4,2,9,1.311111111,Low
18701,28,8,5,5,1.971428571,Low
18702,26,16,7,2,1.453846154,Low
18704,26,18,2,2,-1.446153846,Low
18706,25,9,5,6,1.9,Low
18710,24,18,7,3,1.15,Low
18711,19,13,2,4,-0.021052632,Low
18719,29,12,3,6,0.134482759,Low
18720,9,15,3,9,1.833333333,Low
18721,29,7,3,3,1.134482759,Low
18722,15,19,1,1,-1.3,Low
18724,21,14,6,7,1.628571429,Low
18728,29,10,5,4,1.534482759,Low
18729,24,18,6,5,0.65,Low
18734,11,17,5,6,1.827272727,Low
18738,23,17,4,3,-0.095652174,Low
18742,14,19,1,8,-1.157142857,Low
18743,23,18,2,7,-1.295652174,Low
18745,24,10,4,5,1.25,Low
18747,16,18,2,9,-0.725,Low
18749,27,16,4,2,-0.088888889,Low
18754,15,8,1,8,0.9,Low
18759,10,15,2,1,1,Low
18760,28,14,6,1,1.271428571,Low
18761,16,15,1,1,-0.625,Low
18770,17,15,3,4,0.264705882,Low
18774,22,14,4,8,0.563636364,Low
18776,18,9,3,4,1.366666667,Low
18780,19,14,3,1,0.278947368,Low
18795,17,11,4,2,1.564705882,Low
18796,18,18,1,6,-1.433333333,Low
18798,22,9,2,8,0.563636364,Low
18799,29,17,4,9,-0.365517241,Low
18809,23,10,5,4,1.804347826,Low
18813,23,8,2,2,0.704347826,Low
18816,26,11,6,6,1.953846154,Low
18818,25,17,1,1,-1.7,Low
18819,12,15,4,6,1.5,Low
18820,23,15,2,9,-0.695652174,Low
18821,29,19,4,5,-0.765517241,Low
18822,24,11,2,4,0.05,Low
18826,23,15,6,3,1.304347826,Low
18833,19,17,4,4,0.178947368,Low
18836,25,11,2,1,0,Low
18837,15,18,5,7,0.9,Low
18838,12,16,4,3,1.3,Low
18845,21,7,1,5,0.528571429,Low
18846,23,7,4,1,1.904347826,Low
18853,26,16,1,5,-1.546153846,Low
18854,10,14,3,9,1.7,Low
18857,22,12,5,3,1.463636364,Low
18862,15,18,4,1,0.4,Low
18864,19,18,2,1,-1.021052632,Low
18867,17,17,6,7,1.364705882,Low
18868,27,15,3,3,-0.388888889,Low
18870,25,9,2,6,0.4,Low
18879,21,6,3,9,1.728571429,Low
18880,12,16,4,8,1.3,Low
18885,25,13,1,4,-0.9,Low
18889,27,19,9,2,1.811111111,Low
18892,21,13,5,4,1.328571429,Low
18893,9,17,2,6,0.933333333,Low
18895,27,15,3,7,-0.388888889,Low
18900,19,9,3,4,1.278947368,Low
18901,12,19,6,1,1.7,Low
18903,18,16,5,6,0.966666667,Low
18907,29,8,3,2,0.934482759,Low
18911,11,12,2,9,1.327272727,Low
18914,22,19,5,2,0.063636364,Low
18915,27,19,4,7,-0.688888889,Low
18923,20,18,2,2,-1.1,Low
18927,16,17,1,3,-1.025,Low
18933,20,13,1,6,-0.6,Low
18935,16,8,3,1,1.775,Low
18944,17,13,2,4,0.164705882,Low
18945,27,4,1,6,0.811111111,Low
18946,29,15,5,4,0.534482759,Low
18949,18,17,1,6,-1.233333333,Low
18957,19,18,3,2,-0.521052632,Low
18958,29,11,4,9,0.834482759,Low
18969,24,12,4,6,0.85,Low
18970,29,8,2,9,0.434482759,Low
18971,25,9,3,9,0.9,Low
18977,26,6,1,4,0.453846154,Low
18980,26,16,3,2,-0.546153846,Low
18981,23,2,1,4,1.404347826,Low
18987,16,17,1,3,-1.025,Low
18988,27,13,4,9,0.511111111,Low
18990,21,19,7,6,1.128571429,Low
18995,16,10,3,3,1.375,Low
18997,15,13,1,1,-0.1,Low
19000,29,15,7,6,1.534482759,Low
19004,23,15,7,7,1.804347826,Low
19008,25,14,3,5,-0.1,Low
19009,23,19,1,9,-1.995652174,Low
19014,21,8,4,9,1.828571429,Low
19021,29,5,3,7,1.534482759,Low
19022,25,11,3,9,0.5,Low
19024,29,19,2,4,-1.765517241,Low
19026,26,16,5,2,0.453846154,Low
19028,11,12,2,5,1.327272727,Low
19030,17,10,1,6,0.264705882,Low
19032,14,12,1,5,0.242857143,Low
19033,29,14,6,4,1.234482759,Low
19037,29,8,3,5,0.934482759,Low
19038,12,17,5,8,1.6,Low
19041,17,19,3,5,-0.535294118,Low
19043,22,17,1,6,-1.536363636,Low
19047,29,19,5,6,-0.265517241,Low
19049,27,16,3,3,-0.588888889,Low
19050,27,18,1,3,-1.988888889,Low
19056,17,12,4,1,1.364705882,Low
19058,16,14,5,7,1.575,Low
19059,29,3,3,6,1.934482759,Low
19060,20,7,1,1,0.6,Low
19065,27,4,2,7,1.311111111,Low
19069,7,15,1,3,1.785714286,Low
19076,25,5,2,2,1.2,Low
19081,22,16,1,8,-1.336363636,Low
19086,29,17,3,7,-0.865517241,Low
19088,20,17,7,6,1.6,Low
19090,10,19,2,7,0.2,Low
19093,22,12,2,1,-0.036363636,Low
19094,26,18,6,4,0.553846154,Low
19095,19,15,6,4,1.578947368,Low
19097,21,17,5,5,0.528571429,Low
19098,24,14,2,6,-0.55,Low
19099,27,14,6,3,1.311111111,Low
19101,24,4,3,6,1.95,Low
19113,13,19,2,9,-0.492307692,Low
19116,14,11,2,5,0.942857143,Low
19123,12,16,2,2,0.3,Low
19126,22,19,5,8,0.063636364,Low
19131,26,12,5,4,1.253846154,Low
19132,12,17,4,5,1.1,Low
19133,15,19,4,8,0.2,Low
19135,26,4,3,7,1.853846154,Low
19137,29,14,2,5,-0.765517241,Low
19138,28,4,2,9,1.271428571,Low
19139,26,19,6,2,0.353846154,Low
19143,21,10,4,2,1.428571429,Low
19148,21,9,1,2,0.128571429,Low
19151,22,19,8,5,1.563636364,Low
19156,25,16,8,7,2,Low
19159,13,11,1,9,0.607692308,Low
19163,27,9,2,8,0.311111111,Low
19164,25,16,8,3,2,Low
19165,29,9,4,2,1.234482759,Low
19168,28,7,4,6,1.671428571,Low
19173,23,18,2,1,-1.295652174,Low
19175,14,17,6,5,1.742857143,Low
19178,11,17,1,4,-0.172727273,Low
19182,22,10,4,8,1.363636364,Low
19185,9,19,4,8,1.533333333,Low
19187,20,13,1,8,-0.6,Low
19193,14,8,2,3,1.542857143,Low
19199,27,4,3,9,1.811111111,Low
19208,16,14,5,7,1.575,Low
19209,14,5,1,4,1.642857143,Low
19212,25,15,1,6,-1.3,Low
19215,27,15,1,3,-1.388888889,Low
19218,27,19,4,4,-0.688888889,Low
19220,20,5,1,6,1,Low
19224,16,4,1,7,1.575,Low
19227,14,8,1,5,1.042857143,Low
19233,20,9,2,4,0.7,Low
19235,21,4,1,9,1.128571429,Low
19240,18,18,5,4,0.566666667,Low
19243,23,10,3,5,0.804347826,Low
19246,25,5,1,6,0.7,Low
19247,18,14,6,5,1.866666667,Low
19249,19,9,3,7,1.278947368,Low
19253,16,3,1,7,1.775,Low
19256,18,13,1,3,-0.433333333,Low
19258,22,15,3,9,-0.136363636,Low
19260,26,16,8,1,1.953846154,Low
19261,28,13,6,9,1.471428571,Low
19272,18,7,2,7,1.266666667,Low
19273,28,16,6,2,0.871428571,Low
19281,27,18,1,8,-1.988888889,Low
19284,24,5,3,7,1.75,Low
19286,17,18,5,7,0.664705882,Low
19288,21,4,1,3,1.128571429,Low
19289,25,19,8,6,1.4,Low
19290,13,17,4,2,0.907692308,Low
19291,28,6,3,2,1.371428571,Low
19296,21,8,3,2,1.328571429,Low
19298,26,9,5,3,1.853846154,Low
19299,25,19,4,9,-0.6,Low
19302,18,9,3,8,1.366666667,Low
19303,14,16,1,2,-0.557142857,Low
19305,21,9,3,7,1.128571429,Low
19307,28,16,3,4,-0.628571429,Low
19308,23,10,4,8,1.304347826,Low
19310,28,12,4,4,0.671428571,Low
19316,17,9,3,2,1.464705882,Low
19319,13,13,4,5,1.707692308,Low
19322,7,15,1,7,1.785714286,Low
19325,17,14,5,8,1.464705882,Low
19326,21,16,5,1,0.728571429,Low
19338,26,12,4,7,0.753846154,Low
19340,21,6,1,1,0.728571429,Low
19342,10,19,2,7,0.2,Low
19343,20,15,4,6,0.5,Low
19345,18,14,4,7,0.866666667,Low
19346,29,12,2,9,-0.365517241,Low
19348,24,1,1,1,1.55,Low
19353,13,19,5,2,1.007692308,Low
19356,9,16,1,5,0.633333333,Low
19363,25,17,1,5,-1.7,Low
19368,12,13,3,7,1.4,Low
19373,17,8,2,2,1.164705882,Low
19375,16,17,2,3,-0.525,Low
19377,21,14,6,5,1.628571429,Low
19380,16,14,5,4,1.575,Low
19382,14,17,5,4,1.242857143,Low
19387,13,17,5,7,1.407692308,Low
19389,29,19,8,4,1.234482759,Low
19391,22,5,3,2,1.863636364,Low
19393,22,17,8,1,1.963636364,Low
19395,28,14,4,6,0.271428571,Low
19396,11,13,1,5,0.627272727,Low
19401,29,9,2,8,0.234482759,Low
19403,28,11,4,3,0.871428571,Low
19410,15,16,5,8,1.3,Low
19413,20,15,1,9,-1,Low
19414,24,9,5,7,1.95,Low
19416,12,17,3,6,0.6,Low
19418,16,15,3,1,0.375,Low
19420,22,10,4,4,1.363636364,Low
19424,19,18,3,2,-0.521052632,Low
19427,13,13,4,4,1.707692308,Low
19428,20,16,6,7,1.3,Low
19430,15,12,4,5,1.6,Low
19433,15,14,5,3,1.7,Low
19434,26,10,5,2,1.653846154,Low
19436,24,19,3,4,-1.05,Low
19440,10,19,4,7,1.2,Low
19442,14,12,4,3,1.742857143,Low
19445,23,6,2,9,1.104347826,Low
19446,25,11,1,3,-0.5,Low
19448,26,4,2,6,1.353846154,Low
19454,12,8,2,4,1.9,Low
19455,25,18,3,3,-0.9,Low
19459,13,12,4,6,1.907692308,Low
19462,23,13,5,8,1.204347826,Low
19467,15,14,4,7,1.2,Low
19469,26,7,2,8,0.753846154,Low
19471,18,15,3,3,0.166666667,Low
19476,15,7,2,2,1.6,Low
19478,14,11,1,2,0.442857143,Low
19480,25,17,4,1,-0.2,Low
19488,18,16,7,2,1.966666667,Low
19489,22,6,1,4,0.663636364,Low
19491,29,12,5,8,1.134482759,Low
19493,17,14,5,2,1.464705882,Low
19494,21,9,3,4,1.128571429,Low
19495,20,9,1,7,0.2,Low
19496,24,18,8,7,1.65,Low
19497,16,14,4,8,1.075,Low
19501,19,14,1,3,-0.721052632,Low
19505,27,9,1,2,-0.188888889,Low
19506,25,14,4,3,0.4,Low
19507,28,9,2,7,0.271428571,Low
19512,17,15,5,2,1.264705882,Low
19514,20,19,3,8,-0.8,Low
19515,26,19,3,2,-1.146153846,Low
19517,12,11,2,1,1.3,Low
19518,26,14,7,2,1.853846154,Low
19519,25,17,2,4,-1.2,Low
19541,26,17,8,7,1.753846154,Low
19546,29,6,3,3,1.334482759,Low
19547,28,13,3,9,-0.028571429,Low
19548,14,10,2,6,1.142857143,Low
19552,21,16,6,2,1.228571429,Low
19554,10,17,4,2,1.6,Low
19558,14,11,4,2,1.942857143,Low
19560,28,15,1,8,-1.428571429,Low
19561,27,8,1,2,0.011111111,Low
19564,27,16,6,3,0.911111111,Low
19569,28,17,7,6,1.171428571,Low
19574,15,16,4,3,0.8,Low
19577,20,4,2,8,1.7,Low
19580,12,17,3,4,0.6,Low
19582,11,18,4,8,1.127272727,Low
19587,26,11,6,5,1.953846154,Low
19589,10,17,1,6,0.1,Low
19591,20,14,6,2,1.7,Low
19592,24,14,1,7,-1.05,Low
19596,22,10,4,5,1.363636364,Low
19598,24,6,1,8,0.55,Low
19599,21,16,1,1,-1.271428571,Low
19600,21,12,3,8,0.528571429,Low
19602,23,10,3,5,0.804347826,Low
19604,22,14,5,5,1.063636364,Low
19605,28,1,1,1,1.371428571,Low
19607,28,15,3,6,-0.428571429,Low
19609,19,19,1,3,-1.721052632,Low
19610,27,19,4,7,-0.688888889,Low
19616,19,11,2,8,0.378947368,Low
19617,23,13,1,8,-0.795652174,Low
19619,11,11,2,1,1.527272727,Low
19621,29,11,2,4,-0.165517241,Low
19623,12,18,4,4,0.9,Low
19630,20,17,4,9,0.1,Low
19636,14,13,1,7,0.042857143,Low
19640,12,15,4,9,1.5,Low
19641,23,18,5,5,0.204347826,Low
19643,10,17,3,4,1.1,Low
19644,29,16,7,7,1.334482759,Low
19645,29,15,5,3,0.534482759,Low
19647,27,17,3,2,-0.788888889,Low
19650,29,10,4,7,1.034482759,Low
19652,29,14,4,2,0.234482759,Low
19655,16,17,1,7,-1.025,Low
19656,17,9,3,6,1.464705882,Low
19657,19,16,3,9,-0.121052632,Low
19658,21,17,3,1,-0.471428571,Low
19661,11,9,2,8,1.927272727,Low
19662,20,8,2,7,0.9,Low
19665,12,15,5,6,2,Low
19667,22,16,2,1,-0.836363636,Low
19668,17,19,8,6,1.964705882,Low
19670,13,18,3,2,0.207692308,Low
19671,21,11,4,1,1.228571429,Low
19681,19,15,2,5,-0.421052632,Low
19684,8,16,1,8,1.05,Low
19687,15,9,2,5,1.2,Low
19688,22,15,4,5,0.363636364,Low
19695,21,19,1,6,-1.871428571,Low
19699,24,8,4,4,1.65,Low
19704,17,18,7,6,1.664705882,Low
19706,20,13,4,4,0.9,Low
19707,21,19,4,8,-0.371428571,Low
19712,24,13,5,1,1.15,Low
19714,14,17,4,4,0.742857143,Low
19715,23,17,8,4,1.904347826,Low
19719,26,3,2,9,1.553846154,Low
19720,26,17,3,2,-0.746153846,Low
19721,11,16,2,5,0.527272727,Low
19724,19,14,3,8,0.278947368,Low
19725,21,1,1,8,1.728571429,Low
19726,14,13,1,1,0.042857143,Low
19728,23,11,1,5,-0.395652174,Low
19730,15,7,1,6,1.1,Low
19734,26,12,6,3,1.753846154,Low
19738,22,2,1,6,1.463636364,Low
19741,23,18,2,6,-1.295652174,Low
19742,11,17,4,3,1.327272727,Low
19743,20,16,5,6,0.8,Low
19744,26,16,2,8,-1.046153846,Low
19747,14,18,3,5,0.042857143,Low
19748,26,18,4,7,-0.446153846,Low
19749,19,9,1,3,0.278947368,Low
19751,20,15,6,3,1.5,Low
19753,28,13,5,6,0.971428571,Low
19756,13,18,6,6,1.707692308,Low
19760,21,16,4,1,0.228571429,Low
19763,12,8,2,2,1.9,Low
19769,24,4,3,3,1.95,Low
19772,19,15,6,6,1.578947368,Low
19773,9,17,4,4,1.933333333,Low
19775,23,13,2,1,-0.295652174,Low
19779,9,13,1,4,1.233333333,Low
19782,21,16,6,7,1.228571429,Low
19785,17,4,1,4,1.464705882,Low
19788,27,16,7,4,1.411111111,Low
19795,25,13,4,9,0.6,Low
19798,17,16,3,9,0.064705882,Low
19804,20,19,4,2,-0.3,Low
19805,18,11,4,7,1.466666667,Low
19806,26,19,6,4,0.353846154,Low
19807,20,13,2,3,-0.1,Low
19812,26,12,2,8,-0.246153846,Low
19822,24,15,3,7,-0.25,Low
19823,14,19,3,6,-0.157142857,Low
19824,29,17,3,8,-0.865517241,Low
19828,14,19,7,5,1.842857143,Low
19829,26,12,3,6,0.253846154,Low
19831,21,11,3,1,0.728571429,Low
19834,12,5,1,7,2,Low
19838,28,19,3,7,-1.228571429,Low
19841,28,2,1,3,1.171428571,Low
19846,18,16,3,8,-0.033333333,Low
19847,20,11,2,9,0.3,Low
19848,11,18,4,8,1.127272727,Low
19854,22,12,1,1,-0.536363636,Low
19859,26,16,3,5,-0.546153846,Low
19860,23,12,2,1,-0.095652174,Low
19862,22,5,2,5,1.363636364,Low
19865,27,11,4,7,0.911111111,Low
19875,18,12,4,7,1.266666667,Low
19883,14,17,3,1,0.242857143,Low
19884,26,15,1,2,-1.346153846,Low
19887,24,9,5,3,1.95,Low
19890,14,17,5,4,1.242857143,Low
19892,27,8,3,1,1.011111111,Low
19901,21,14,3,7,0.128571429,Low
19903,20,18,5,6,0.4,Low
19905,25,17,6,6,0.8,Low
19907,23,17,5,7,0.404347826,Low
19908,14,19,4,4,0.342857143,Low
19909,24,10,4,3,1.25,Low
19912,24,19,7,4,0.95,Low
19915,24,19,2,4,-1.55,Low
19918,18,17,7,9,1.766666667,Low
19919,20,12,5,8,1.6,Low
19920,29,17,7,8,1.134482759,Low
19921,29,19,2,2,-1.765517241,Low
19925,25,17,4,5,-0.2,Low
19926,11,17,3,4,0.827272727,Low
19932,17,10,1,4,0.264705882,Low
19934,25,2,2,9,1.8,Low
19936,29,3,3,4,1.934482759,Low
19937,27,11,5,5,1.411111111,Low
19938,16,3,1,7,1.775,Low
19943,22,17,8,1,1.963636364,Low
19949,18,19,4,9,-0.133333333,Low
19955,16,17,3,1,-0.025,Low
19957,23,19,1,5,-1.995652174,Low
19963,17,12,1,8,-0.135294118,Low
19964,23,16,3,9,-0.395652174,Low
19967,9,18,4,7,1.733333333,Low
19969,29,5,1,5,0.534482759,Low
19970,28,14,1,7,-1.228571429,Low
19971,16,12,5,3,1.975,Low
19972,19,11,1,4,-0.121052632,Low
19975,9,15,1,9,0.833333333,Low
19976,10,10,1,2,1.5,Low
19977,24,4,2,8,1.45,Low
19979,20,18,1,9,-1.6,Low
19981,15,17,6,3,1.6,Low
19987,24,16,1,5,-1.45,Low
19988,21,7,3,3,1.528571429,Low
19991,28,10,3,3,0.571428571,Low
20000,28,13,3,8,-0.028571429,Low
20001,24,16,6,4,1.05,Low
20002,25,19,1,6,-2.1,Low
20003,20,15,6,1,1.5,Low
20005,21,9,4,3,1.628571429,Low
20009,26,11,2,9,-0.046153846,Low
20012,9,11,1,7,1.633333333,Low
20013,27,17,1,2,-1.788888889,Low
20014,20,12,1,8,-0.4,Low
20016,13,10,1,6,0.807692308,Low
20021,19,14,6,4,1.778947368,Low
20030,21,17,3,7,-0.471428571,Low
20035,27,8,2,5,0.511111111,Low
20036,16,13,1,4,-0.225,Low
20039,24,18,4,2,-0.35,Low
20047,26,11,4,6,0.953846154,Low
20057,25,9,5,6,1.9,Low
20058,24,10,4,4,1.25,Low
20059,27,6,3,1,1.411111111,Low
20064,9,16,2,3,1.133333333,Low
20066,25,15,1,4,-1.3,Low
20068,25,3,1,6,1.1,Low
20069,28,19,3,4,-1.228571429,Low
20071,23,17,2,1,-1.095652174,Low
20076,19,11,2,4,0.378947368,Low
20077,24,4,2,8,1.45,Low
20079,25,19,2,5,-1.6,Low
20080,9,15,1,6,0.833333333,Low
20086,15,14,3,5,0.7,Low
20089,20,13,2,2,-0.1,Low
20090,14,14,4,8,1.342857143,Low
20093,19,15,5,5,1.078947368,Low
20097,24,11,1,5,-0.45,Low
20100,28,15,1,2,-1.428571429,Low
20105,21,18,7,1,1.328571429,Low
20110,16,17,4,1,0.475,Low
20111,25,2,1,1,1.3,Low
20113,25,9,3,1,0.9,Low
20118,24,6,1,4,0.55,Low
20120,26,13,2,5,-0.446153846,Low
20123,26,8,3,6,1.053846154,Low
20126,12,13,3,9,1.4,Low
20128,27,11,1,8,-0.588888889,Low
20129,14,13,4,3,1.542857143,Low
20133,19,13,6,1,1.978947368,Low
20140,27,15,5,6,0.611111111,Low
20142,12,18,6,2,1.9,Low
20144,13,6,1,7,1.607692308,Low
20153,12,18,2,2,-0.1,Low
20155,15,10,3,9,1.5,Low
20156,17,16,5,5,1.064705882,Low
20157,26,15,5,4,0.653846154,Low
20158,22,18,5,4,0.263636364,Low
20161,22,19,4,2,-0.436363636,Low
20162,17,7,2,4,1.364705882,Low
20166,14,17,6,2,1.742857143,Low
20168,20,19,8,2,1.7,Low
20169,21,19,3,8,-0.871428571,Low
20174,25,18,1,6,-1.9,Low
20175,18,13,1,9,-0.433333333,Low
20176,14,17,1,6,-0.757142857,Low
20179,19,14,6,4,1.778947368,Low
20184,28,17,1,4,-1.828571429,Low
20186,19,17,6,4,1.178947368,Low
20190,20,3,1,2,1.4,Low
20191,15,16,4,6,0.8,Low
20192,22,12,5,3,1.463636364,Low
20194,25,8,3,7,1.1,Low
20199,15,19,7,8,1.7,Low
20214,14,18,1,8,-0.957142857,Low
20217,20,16,1,8,-1.2,Low
20222,24,4,1,3,0.95,Low
20228,19,17,5,4,0.678947368,Low
20235,26,15,1,2,-1.346153846,Low
20243,15,13,4,9,1.4,Low
20244,13,10,3,3,1.807692308,Low
20249,27,15,6,4,1.111111111,Low
20253,15,7,1,2,1.1,Low
20257,27,19,4,4,-0.688888889,Low
20261,15,18,6,1,1.4,Low
20265,7,18,2,1,1.685714286,Low
20270,19,5,1,3,1.078947368,Low
20277,27,7,3,8,1.211111111,Low
20278,27,13,1,8,-0.988888889,Low
20279,17,16,3,4,0.064705882,Low
20282,22,8,4,6,1.763636364,Low
20288,21,18,8,2,1.828571429,Low
20291,19,11,3,7,0.878947368,Low
20292,29,7,2,6,0.634482759,Low
20307,16,15,6,2,1.875,Low
20308,18,12,5,2,1.766666667,Low
20312,20,7,2,4,1.1,Low
20314,29,12,2,4,-0.365517241,Low
20317,29,14,1,5,-1.265517241,Low
20330,26,18,2,4,-1.446153846,Low
20336,21,8,3,5,1.328571429,Low
20339,21,19,2,2,-1.371428571,Low
20340,17,16,3,8,0.064705882,Low
20355,12,19,2,5,-0.3,Low
20357,23,10,4,7,1.304347826,Low
20367,11,10,2,8,1.727272727,Low
20371,22,9,4,3,1.563636364,Low
20374,28,6,2,7,0.871428571,Low
20375,29,17,7,8,1.134482759,Low
20376,9,18,4,9,1.733333333,Low
20379,21,15,4,3,0.428571429,Low
20384,15,4,1,1,1.7,Low
20386,14,6,1,5,1.442857143,Low
20387,28,17,5,1,0.171428571,Low
20393,26,9,4,2,1.353846154,Low
20395,29,17,7,4,1.134482759,Low
20401,21,9,2,2,0.628571429,Low
20403,20,17,3,6,-0.4,Low
20404,17,3,1,8,1.664705882,Low
20405,22,16,6,7,1.163636364,Low
20411,25,17,2,9,-1.2,Low
20414,15,10,4,2,2,Low
20418,15,9,3,1,1.7,Low
20423,29,6,1,5,0.334482759,Low
20425,24,14,7,3,1.95,Low
20428,16,8,2,2,1.275,Low
20429,17,8,2,4,1.164705882,Low
20430,21,9,1,7,0.128571429,Low
20431,18,11,2,9,0.466666667,Low
20432,21,15,3,3,-0.071428571,Low
20434,9,18,4,8,1.733333333,Low
20435,21,16,4,8,0.228571429,Low
20437,25,12,5,4,1.3,Low
20442,24,8,2,1,0.65,Low
20445,24,2,1,8,1.35,Low
20446,22,6,3,2,1.663636364,Low
20447,19,14,3,4,0.278947368,Low
20449,19,17,5,2,0.678947368,Low
20455,24,8,2,6,0.65,Low
20457,23,8,4,5,1.704347826,Low
20460,24,17,8,6,1.85,Low
20468,16,8,1,2,0.775,Low
20469,23,14,1,8,-0.995652174,Low
20470,16,7,2,8,1.475,Low
20472,18,15,4,5,0.666666667,Low
20473,19,17,3,7,-0.321052632,Low
20474,9,19,4,2,1.533333333,Low
20475,29,16,8,7,1.834482759,Low
20476,28,17,1,1,-1.828571429,Low
20478,22,19,3,9,-0.936363636,Low
20480,15,9,1,9,0.7,Low
20482,16,18,6,9,1.275,Low
20491,20,18,2,6,-1.1,Low
20493,12,18,5,7,1.4,Low
20494,10,11,2,8,1.8,Low
20502,11,13,1,1,0.627272727,Low
20504,18,11,1,1,-0.033333333,Low
20507,27,16,5,5,0.411111111,Low
20510,29,17,6,4,0.634482759,Low
20511,10,17,4,3,1.6,Low
20513,9,18,3,2,1.233333333,Low
20514,27,15,6,5,1.111111111,Low
20519,28,19,4,3,-0.728571429,Low
20521,21,15,5,2,0.928571429,Low
20523,28,15,2,6,-0.928571429,Low
20524,28,8,4,5,1.471428571,Low
20525,20,19,5,3,0.2,Low
20527,21,14,3,9,0.128571429,Low
20529,18,16,4,5,0.466666667,Low
20530,18,12,2,7,0.266666667,Low
20531,16,18,6,6,1.275,Low
20535,23,18,7,7,1.204347826,Low
20539,10,15,1,5,0.5,Low
20540,18,12,1,9,-0.233333333,Low
20541,9,18,4,2,1.733333333,Low
20547,10,8,1,1,1.9,Low
20548,21,14,2,9,-0.371428571,Low
20562,27,15,6,5,1.111111111,Low
20565,16,17,3,5,-0.025,Low
20572,8,19,2,2,0.95,Low
20573,25,17,8,5,1.8,Low
20584,29,14,5,7,0.734482759,Low
20586,15,11,1,8,0.3,Low
20589,15,17,2,6,-0.4,Low
20590,10,15,1,2,0.5,Low
20596,26,16,4,5,-0.046153846,Low
20598,28,13,1,7,-1.028571429,Low
20599,25,19,1,4,-2.1,Low
20601,28,17,7,3,1.171428571,Low
20602,29,8,5,4,1.934482759,Low
20606,12,17,5,5,1.6,Low
20609,29,15,4,8,0.034482759,Low
20614,22,17,2,3,-1.036363636,Low
20617,17,10,2,7,0.764705882,Low
20619,26,11,6,6,1.953846154,Low
20621,27,9,2,2,0.311111111,Low
20622,23,6,3,1,1.604347826,Low
20628,23,8,4,7,1.704347826,Low
20631,29,14,3,4,-0.265517241,Low
20639,17,9,2,2,0.964705882,Low
20640,21,17,3,4,-0.471428571,Low
20641,20,17,4,5,0.1,Low
20645,24,13,2,9,-0.35,Low
20651,10,13,1,9,0.9,Low
20652,19,18,6,8,0.978947368,Low
20658,15,6,2,5,1.8,Low
20663,14,13,1,7,0.042857143,Low
20666,22,6,3,5,1.663636364,Low
20667,27,14,2,4,-0.688888889,Low
20672,29,9,4,9,1.234482759,Low
20674,16,17,1,9,-1.025,Low
20689,28,16,2,4,-1.128571429,Low
20691,12,13,3,8,1.4,Low
20694,16,13,4,3,1.275,Low
20695,17,10,1,8,0.264705882,Low
20697,29,2,1,9,1.134482759,Low
20698,25,15,6,9,1.2,Low
20699,13,6,1,8,1.607692308,Low
20703,24,7,4,6,1.85,Low
20706,28,14,4,3,0.271428571,Low
20709,11,16,4,4,1.527272727,Low
20711,29,16,8,7,1.834482759,Low
20713,23,14,6,3,1.504347826,Low
20715,11,19,4,2,0.927272727,Low
20717,18,9,1,7,0.366666667,Low
20718,17,10,3,5,1.264705882,Low
20719,12,18,5,5,1.4,Low
20721,23,16,4,6,0.104347826,Low
20723,13,14,1,7,0.007692308,Low
20725,26,17,6,5,0.753846154,Low
20726,12,18,3,8,0.4,Low
20728,13,17,5,2,1.407692308,Low
20729,20,17,2,9,-0.9,Low
20730,22,11,2,2,0.163636364,Low
20735,19,16,7,2,1.878947368,Low
20737,21,3,2,9,1.828571429,Low
20738,24,17,3,9,-0.65,Low
20740,26,10,2,9,0.153846154,Low
20749,10,18,5,6,1.9,Low
20758,21,13,3,9,0.328571429,Low
20765,14,17,5,3,1.242857143,Low
20766,7,15,1,7,1.785714286,Low
20768,13,10,2,9,1.307692308,Low
20771,16,10,2,4,0.875,Low
20776,21,13,5,2,1.328571429,Low
20777,24,6,1,7,0.55,Low
20781,24,19,4,3,-0.55,Low
20789,18,17,2,4,-0.733333333,Low
20795,24,15,5,8,0.75,Low
20796,26,12,6,3,1.753846154,Low
20812,25,2,2,7,1.8,Low
20814,23,9,2,6,0.504347826,Low
20815,23,11,2,2,0.104347826,Low
20820,14,13,3,2,1.042857143,Low
20822,26,9,2,3,0.353846154,Low
20824,14,14,4,2,1.342857143,Low
20827,29,11,2,6,-0.165517241,Low
20829,22,5,3,9,1.863636364,Low
20839,17,14,5,4,1.464705882,Low
20841,24,18,2,4,-1.35,Low
20852,20,11,5,8,1.8,Low
20854,19,9,1,2,0.278947368,Low
20855,15,7,1,6,1.1,Low
20856,19,13,1,8,-0.521052632,Low
20858,13,11,3,3,1.607692308,Low
20859,17,16,5,4,1.064705882,Low
20862,23,19,6,9,0.504347826,Low
20865,22,19,6,7,0.563636364,Low
20867,16,18,2,9,-0.725,Low
20876,23,19,7,9,1.004347826,Low
20882,17,10,3,9,1.264705882,Low
20885,24,15,4,2,0.25,Low
20886,20,19,2,1,-1.3,Low
20889,13,9,2,5,1.507692308,Low
20896,29,9,5,5,1.734482759,Low
20900,29,9,5,4,1.734482759,Low
20902,23,6,2,2,1.104347826,Low
20904,21,14,5,9,1.128571429,Low
20906,13,17,2,2,-0.092307692,Low
20907,22,18,3,7,-0.736363636,Low
20909,23,17,7,2,1.404347826,Low
20911,23,18,5,4,0.204347826,Low
20915,13,12,4,7,1.907692308,Low
20917,21,17,2,9,-0.971428571,Low
20918,29,12,6,2,1.634482759,Low
20919,24,14,2,7,-0.55,Low
20920,22,19,6,1,0.563636364,Low
20921,28,3,1,1,0.971428571,Low
20923,14,7,2,2,1.742857143,Low
20924,18,14,6,6,1.866666667,Low
20926,14,18,2,3,-0.457142857,Low
20930,14,12,4,1,1.742857143,Low
20933,10,18,3,8,0.9,Low
20935,13,18,3,6,0.207692308,Low
20936,16,8,1,6,0.775,Low
20938,14,8,2,4,1.542857143,Low
20940,15,18,4,5,0.4,Low
20941,15,19,5,8,0.7,Low
20944,12,13,3,3,1.4,Low
20945,10,17,1,1,0.1,Low
20952,14,18,6,2,1.542857143,Low
20958,29,3,3,9,1.934482759,Low
20971,16,17,4,6,0.475,Low
20972,21,18,4,8,-0.171428571,Low
20975,25,12,1,5,-0.7,Low
20976,14,18,6,4,1.542857143,Low
20980,28,11,6,4,1.871428571,Low
20982,21,17,6,6,1.028571429,Low
20983,22,12,1,3,-0.536363636,Low
20984,8,17,2,4,1.35,Low
20985,26,19,6,2,0.353846154,Low
20986,12,11,1,7,0.8,Low
20990,13,9,2,3,1.507692308,Low
20992,25,14,7,7,1.9,Low
20995,27,8,1,5,0.011111111,Low
21000,25,16,1,2,-1.5,Low
21001,10,10,2,9,2,Low
21002,18,7,3,2,1.766666667,Low
21003,29,16,4,1,-0.165517241,Low
21004,29,5,3,6,1.534482759,Low
21005,24,10,5,2,1.75,Low
21007,20,9,2,8,0.7,Low
21008,20,17,3,4,-0.4,Low
21012,27,13,5,2,1.011111111,Low
21019,17,17,6,5,1.364705882,Low
21020,20,17,2,7,-0.9,Low
21028,13,18,2,1,-0.292307692,Low
21034,15,10,2,2,1,Low
21046,22,19,6,1,0.563636364,Low
21048,22,16,7,7,1.663636364,Low
21050,13,19,1,9,-0.992307692,Low
21056,17,7,3,9,1.864705882,Low
21060,29,13,5,7,0.934482759,Low
21062,24,9,4,9,1.45,Low
21067,17,15,6,7,1.764705882,Low
21068,29,12,5,9,1.134482759,Low
21071,16,8,1,7,0.775,Low
21072,8,16,1,7,1.05,Low
21073,16,13,5,7,1.775,Low
21074,26,9,3,6,0.853846154,Low
21081,20,14,4,5,0.7,Low
21082,20,17,6,3,1.1,Low
21084,13,15,5,7,1.807692308,Low
21086,24,17,7,3,1.35,Low
21088,17,4,2,3,1.964705882,Low
21090,24,10,5,1,1.75,Low
21092,17,9,2,2,0.964705882,Low
21094,27,5,2,5,1.111111111,Low
21102,26,13,6,4,1.553846154,Low
21106,14,13,4,1,1.542857143,Low
21109,23,8,2,6,0.704347826,Low
21110,24,18,8,8,1.65,Low
21111,17,17,7,7,1.864705882,Low
21113,15,10,2,5,1,Low
21114,26,10,3,7,0.653846154,Low
21118,16,18,5,1,0.775,Low
21120,13,15,3,5,0.807692308,Low
21122,28,1,2,2,1.871428571,Low
21125,22,18,3,2,-0.736363636,Low
21126,21,16,7,7,1.728571429,Low
21128,24,12,2,1,-0.15,Low
21130,14,11,1,3,0.442857143,Low
21131,23,19,7,4,1.004347826,Low
21132,28,16,1,2,-1.628571429,Low
21134,16,19,5,1,0.575,Low
21136,15,12,1,8,0.1,Low
21148,27,2,2,5,1.711111111,Low
21149,25,11,4,7,1,Low
21151,22,14,3,3,0.063636364,Low
21163,20,15,4,1,0.5,Low
21165,27,19,4,8,-0.688888889,Low
21168,25,11,1,8,-0.5,Low
21170,11,19,1,3,-0.572727273,Low
21171,26,17,1,8,-1.746153846,Low
21172,10,15,1,5,0.5,Low
21174,20,9,2,8,0.7,Low
21175,12,5,1,7,2,Low
21178,22,6,1,7,0.663636364,Low
21179,22,5,2,7,1.363636364,Low
21183,24,15,2,2,-0.75,Low
21184,22,12,6,3,1.963636364,Low
21186,23,12,1,7,-0.595652174,Low
21188,19,6,2,5,1.378947368,Low
21189,28,3,3,1,1.971428571,Low
21192,18,15,4,3,0.666666667,Low
21193,29,16,1,5,-1.665517241,Low
21195,20,8,1,2,0.4,Low
21196,21,6,3,2,1.728571429,Low
21197,29,14,4,4,0.234482759,Low
21198,22,19,2,7,-1.436363636,Low
21199,23,18,8,3,1.704347826,Low
21200,16,18,6,3,1.275,Low
21212,20,13,2,2,-0.1,Low
21220,24,14,7,5,1.95,Low
21226,29,19,9,4,1.734482759,Low
21231,12,17,1,2,-0.4,Low
21232,11,17,3,5,0.827272727,Low
21234,24,2,1,5,1.35,Low
21235,19,8,4,3,1.978947368,Low
21240,15,14,4,2,1.2,Low
21241,17,13,5,6,1.664705882,Low
21242,17,15,3,8,0.264705882,Low
21246,26,3,1,7,1.053846154,Low
21247,12,10,1,5,1,Low
21250,17,15,2,8,-0.235294118,Low
21260,16,7,3,2,1.975,Low
21263,28,5,2,7,1.071428571,Low
21264,17,12,5,2,1.864705882,Low
21266,18,15,4,7,0.666666667,Low
21268,17,15,4,8,0.764705882,Low
21269,9,18,1,9,0.233333333,Low
21270,29,19,9,4,1.734482759,Low
21271,24,11,5,4,1.55,Low
21273,26,12,2,1,-0.246153846,Low
21277,25,6,1,2,0.5,Low
21281,27,8,3,9,1.011111111,Low
21284,22,5,3,8,1.863636364,Low
21287,26,12,1,2,-0.746153846,Low
21291,25,8,3,4,1.1,Low
21293,23,11,2,5,0.104347826,Low
21294,18,19,6,7,0.866666667,Low
21297,10,16,2,3,0.8,Low
21298,26,18,5,9,0.053846154,Low
21300,26,9,2,9,0.353846154,Low
21308,25,10,3,1,0.7,Low
21311,22,17,2,1,-1.036363636,Low
21312,20,9,2,9,0.7,Low
21313,21,19,1,9,-1.871428571,Low
21314,26,10,4,9,1.153846154,Low
21318,27,17,3,1,-0.788888889,Low
21320,17,12,4,4,1.364705882,Low
21321,24,15,4,1,0.25,Low
21325,17,12,2,7,0.364705882,Low
21328,18,15,6,3,1.666666667,Low
21330,24,16,3,3,-0.45,Low
21332,24,15,2,2,-0.75,Low
21334,25,16,8,7,2,Low
21341,24,14,2,4,-0.55,Low
21344,16,19,7,9,1.575,Low
21346,29,8,3,5,0.934482759,Low
21352,26,4,2,8,1.353846154,Low
21354,20,10,2,8,0.5,Low
21355,23,12,1,6,-0.595652174,Low
21360,27,10,3,4,0.611111111,Low
21361,29,11,3,5,0.334482759,Low
21362,26,11,6,4,1.953846154,Low
21366,15,15,6,7,2,Low
21367,16,5,1,9,1.375,Low
21370,20,13,3,2,0.4,Low
21376,22,18,7,8,1.263636364,Low
21380,18,16,5,1,0.966666667,Low
21386,13,16,1,1,-0.392307692,Low
21387,18,3,1,4,1.566666667,Low
21390,28,11,2,3,-0.128571429,Low
21402,29,4,1,2,0.734482759,Low
21404,26,11,4,9,0.953846154,Low
21408,21,16,7,4,1.728571429,Low
21412,22,11,3,6,0.663636364,Low
21413,19,10,4,8,1.578947368,Low
21414,25,2,1,8,1.3,Low
21415,29,7,4,1,1.634482759,Low
21416,20,3,1,1,1.4,Low
21417,28,9,4,6,1.271428571,Low
21418,20,9,2,4,0.7,Low
21423,23,15,3,3,-0.195652174,Low
21424,18,10,3,3,1.166666667,Low
21428,16,17,1,1,-1.025,Low
21429,7,19,1,9,0.985714286,Low
21434,25,7,4,9,1.8,Low
21443,14,19,4,5,0.342857143,Low
21447,20,18,6,5,0.9,Low
21454,19,13,2,9,-0.021052632,Low
21458,28,12,2,3,-0.328571429,Low
21461,28,17,8,5,1.671428571,Low
21465,19,14,3,8,0.278947368,Low
21466,14,19,2,4,-0.657142857,Low
21468,14,13,1,2,0.042857143,Low
21469,10,19,2,1,0.2,Low
21471,23,10,3,7,0.804347826,Low
21474,26,15,2,4,-0.846153846,Low
21487,27,9,1,1,-0.188888889,Low
21488,25,14,4,9,0.4,Low
21489,24,11,1,9,-0.45,Low
21495,17,4,2,6,1.964705882,Low
21496,28,19,8,7,1.271428571,Low
21497,28,19,2,2,-1.728571429,Low
21498,23,10,4,1,1.304347826,Low
21502,29,7,4,8,1.634482759,Low
21504,20,14,2,7,-0.3,Low
21505,12,13,4,9,1.9,Low
21506,24,11,1,2,-0.45,Low
21508,29,13,5,6,0.934482759,Low
21509,20,17,6,9,1.1,Low
21511,26,8,4,9,1.553846154,Low
21516,16,13,2,6,0.275,Low
21520,16,9,2,3,1.075,Low
21529,20,19,7,1,1.2,Low
21530,13,18,6,6,1.707692308,Low
21531,28,8,4,4,1.471428571,Low
21535,21,5,2,7,1.428571429,Low
21536,10,18,3,8,0.9,Low
21539,25,19,1,8,-2.1,Low
21540,24,5,3,5,1.75,Low
21541,15,17,4,2,0.6,Low
21544,26,14,4,5,0.353846154,Low
21553,19,19,8,8,1.778947368,Low
21554,25,11,6,6,2,Low
21556,21,19,1,5,-1.871428571,Low
21557,11,15,4,5,1.727272727,Low
21559,21,4,2,3,1.628571429,Low
21565,28,17,1,7,-1.828571429,Low
21566,22,7,3,2,1.463636364,Low
21568,17,11,2,1,0.564705882,Low
21572,22,17,8,2,1.963636364,Low
21575,16,12,4,1,1.475,Low
21578,19,7,3,3,1.678947368,Low
21581,11,17,1,9,-0.172727273,Low
21585,9,13,2,6,1.733333333,Low
21586,16,5,2,9,1.875,Low
21588,16,19,1,5,-1.425,Low
21589,29,17,4,8,-0.365517241,Low
21590,14,11,3,2,1.442857143,Low
21595,11,15,2,5,0.727272727,Low
21597,22,17,7,4,1.463636364,Low
21601,22,17,5,7,0.463636364,Low
21602,11,17,5,9,1.827272727,Low
21605,26,8,2,6,0.553846154,Low
21609,26,18,7,8,1.053846154,Low
21610,26,5,3,2,1.653846154,Low
21611,12,10,2,3,1.5,Low
21612,29,18,1,8,-2.065517241,Low
21613,11,19,1,7,-0.572727273,Low
21619,28,10,5,8,1.571428571,Low
21626,27,1,2,1,1.911111111,Low
21627,28,18,9,1,1.971428571,Low
21631,11,11,2,8,1.527272727,Low
21632,28,18,7,1,0.971428571,Low
21636,23,6,2,5,1.104347826,Low
21638,29,3,3,2,1.934482759,Low
21640,23,15,3,4,-0.195652174,Low
21644,11,19,3,7,0.427272727,Low
21646,19,19,8,2,1.778947368,Low
21657,23,14,1,5,-0.995652174,Low
21658,12,12,2,3,1.1,Low
21659,21,3,1,4,1.328571429,Low
21666,22,19,2,9,-1.436363636,Low
21668,26,9,1,6,-0.146153846,Low
21677,13,10,1,2,0.807692308,Low
21680,25,12,6,6,1.8,Low
21682,16,7,3,2,1.975,Low
21687,18,16,4,4,0.466666667,Low
21688,19,17,1,5,-1.321052632,Low
21694,15,9,1,6,0.7,Low
21695,14,13,1,8,0.042857143,Low
21697,19,19,2,1,-1.221052632,Low
21699,22,5,1,7,0.863636364,Low
21701,21,18,3,2,-0.671428571,Low
21702,19,15,6,8,1.578947368,Low
21708,15,4,1,4,1.7,Low
21710,16,7,3,9,1.975,Low
21711,16,15,6,1,1.875,Low
21712,29,1,2,2,1.834482759,Low
21713,29,18,8,4,1.434482759,Low
21720,18,12,3,8,0.766666667,Low
21722,26,8,1,1,0.053846154,Low
21725,27,9,2,6,0.311111111,Low
21726,18,11,3,6,0.966666667,Low
21732,28,16,2,5,-1.128571429,Low
21738,12,19,4,2,0.7,Low
21739,14,12,4,1,1.742857143,Low
21740,17,5,2,3,1.764705882,Low
21747,22,2,1,9,1.463636364,Low
21748,15,19,3,8,-0.3,Low
21751,25,6,2,3,1,Low
21753,18,16,1,8,-1.033333333,Low
21755,22,19,4,8,-0.436363636,Low
21756,23,10,4,2,1.304347826,Low
21760,25,4,2,5,1.4,Low
21761,20,9,2,9,0.7,Low
21762,15,12,4,4,1.6,Low
21763,22,3,2,2,1.763636364,Low
21765,18,19,1,8,-1.633333333,Low
21770,26,15,1,2,-1.346153846,Low
21772,22,12,5,7,1.463636364,Low
21776,10,14,2,4,1.2,Low
21777,27,16,5,2,0.411111111,Low
21780,19,12,5,8,1.678947368,Low
21784,22,18,8,8,1.763636364,Low
21790,28,3,2,4,1.471428571,Low
21799,18,17,1,4,-1.233333333,Low
21802,22,19,8,2,1.563636364,Low
21804,12,17,1,6,-0.4,Low
21807,14,12,4,7,1.742857143,Low
21809,21,7,1,1,0.528571429,Low
21810,27,16,5,5,0.411111111,Low
21811,26,19,1,7,-2.146153846,Low
21813,21,8,2,7,0.828571429,Low
21817,9,10,1,3,1.833333333,Low
21822,20,19,4,6,-0.3,Low
21823,15,9,2,9,1.2,Low
21824,22,19,8,7,1.563636364,Low
21825,25,19,9,4,1.9,Low
21826,11,14,4,9,1.927272727,Low
21830,23,13,4,3,0.704347826,Low
21833,25,9,2,5,0.4,Low
21837,14,14,4,4,1.342857143,Low
21841,22,19,7,1,1.063636364,Low
21844,22,14,5,6,1.063636364,Low
21845,18,7,1,9,0.766666667,Low
21847,16,12,2,1,0.475,Low
21849,20,7,3,8,1.6,Low
21855,14,19,4,9,0.342857143,Low
21856,28,16,4,6,-0.128571429,Low
21859,15,9,1,3,0.7,Low
21861,13,19,6,1,1.507692308,Low
21863,29,19,3,7,-1.265517241,Low
21866,25,16,1,2,-1.5,Low
21869,13,17,2,7,-0.092307692,Low
21881,9,15,2,3,1.333333333,Low
21883,20,4,2,9,1.7,Low
21884,15,13,3,3,0.9,Low
21885,11,10,2,9,1.727272727,Low
21886,26,14,3,6,-0.146153846,Low
21889,13,19,2,6,-0.492307692,Low
21896,25,19,4,6,-0.6,Low
21897,29,8,1,8,-0.065517241,Low
21902,26,18,5,3,0.053846154,Low
21904,23,17,7,6,1.404347826,Low
21905,29,17,1,5,-1.865517241,Low
21909,7,15,1,2,1.785714286,Low
21910,29,15,6,1,1.034482759,Low
21912,15,14,1,2,-0.3,Low
21916,27,10,2,3,0.111111111,Low
21917,26,4,2,2,1.353846154,Low
21921,19,16,1,8,-1.121052632,Low
21927,27,12,5,3,1.211111111,Low
21929,27,13,2,3,-0.488888889,Low
21931,25,11,2,8,0,Low
21933,27,10,1,2,-0.388888889,Low
21936,20,19,6,9,0.7,Low
21938,26,16,4,8,-0.046153846,Low
21942,22,19,2,6,-1.436363636,Low
21944,13,18,4,6,0.707692308,Low
21948,27,12,4,1,0.711111111,Low
21955,19,17,4,3,0.178947368,Low
21959,22,19,1,1,-1.936363636,Low
21960,27,8,1,4,0.011111111,Low
21962,10,12,1,8,1.1,Low
21963,28,10,1,3,-0.428571429,Low
21966,27,16,3,6,-0.588888889,Low
21968,11,18,3,3,0.627272727,Low
21969,12,18,5,6,1.4,Low
21973,25,8,3,2,1.1,Low
21976,28,2,2,8,1.671428571,Low
21982,15,6,1,5,1.3,Low
21985,22,16,2,6,-0.836363636,Low
21989,10,19,5,2,1.7,Low
21990,29,13,5,7,0.934482759,Low
21992,29,12,2,2,-0.365517241,Low
21995,27,5,1,5,0.611111111,Low
21996,15,19,7,8,1.7,Low
21997,29,16,6,7,0.834482759,Low
22000,15,11,4,8,1.8,Low
22015,16,9,1,4,0.575,Low
22018,28,18,5,1,-0.028571429,Low
22025,16,19,7,7,1.575,Low
22031,17,7,3,6,1.864705882,Low
22034,23,12,1,4,-0.595652174,Low
22035,11,13,2,6,1.127272727,Low
22038,25,11,6,4,2,Low
22046,16,19,3,1,-0.425,Low
22047,19,9,4,7,1.778947368,Low
22049,26,16,8,1,1.953846154,Low
22054,14,9,1,4,0.842857143,Low
22056,9,16,1,1,0.633333333,Low
22058,22,17,5,1,0.463636364,Low
22064,20,5,2,4,1.5,Low
22070,27,17,8,8,1.711111111,Low
22073,11,14,1,9,0.427272727,Low
22077,24,18,6,3,0.65,Low
22081,14,9,2,5,1.342857143,Low
22083,25,19,1,6,-2.1,Low
22084,19,2,1,2,1.678947368,Low
22086,24,9,5,9,1.95,Low
22092,29,6,1,2,0.334482759,Low
22093,25,16,5,2,0.5,Low
22101,27,11,4,6,0.911111111,Low
22102,28,12,2,4,-0.328571429,Low
22108,20,17,7,5,1.6,Low
22109,15,16,1,6,-0.7,Low
22111,22,16,4,3,0.163636364,Low
22113,22,19,1,2,-1.936363636,Low
22118,12,12,3,7,1.6,Low
22132,11,17,3,6,0.827272727,Low
22133,19,18,7,1,1.478947368,Low
22134,15,10,4,9,2,Low
22137,20,2,1,8,1.6,Low
22144,26,16,4,4,-0.046153846,Low
22146,19,13,4,3,0.978947368,Low
22151,11,15,4,9,1.727272727,Low
22152,9,19,3,6,1.033333333,Low
22153,18,5,1,7,1.166666667,Low
22159,23,10,4,9,1.304347826,Low
22162,21,14,3,5,0.128571429,Low
22163,28,16,3,7,-0.628571429,Low
22165,23,18,3,3,-0.795652174,Low
22166,18,15,5,8,1.166666667,Low
22180,9,15,3,8,1.833333333,Low
22181,13,15,3,7,0.807692308,Low
22184,27,12,4,3,0.711111111,Low
22187,27,17,1,4,-1.788888889,Low
22193,11,10,1,4,1.227272727,Low
22198,27,14,7,2,1.811111111,Low
22201,22,18,6,1,0.763636364,Low
22203,28,13,6,2,1.471428571,Low
22205,11,15,4,4,1.727272727,Low
22209,13,14,4,1,1.507692308,Low
22215,10,16,3,4,1.3,Low
22217,29,10,5,3,1.534482759,Low
22218,11,9,1,3,1.427272727,Low
22220,22,13,4,2,0.763636364,Low
22221,28,19,4,2,-0.728571429,Low
22222,25,10,4,4,1.2,Low
22227,21,16,4,5,0.228571429,Low
22231,9,11,1,8,1.633333333,Low
22233,23,16,1,9,-1.395652174,Low
22236,10,16,2,1,0.8,Low
22237,18,16,1,5,-1.033333333,Low
22238,23,16,2,9,-0.895652174,Low
22240,17,14,4,4,0.964705882,Low
22248,16,5,2,8,1.875,Low
22249,18,11,4,3,1.466666667,Low
22252,22,19,4,6,-0.436363636,Low
22257,23,6,2,4,1.104347826,Low
22261,20,6,2,5,1.3,Low
22267,22,10,2,1,0.363636364,Low
22269,15,11,3,3,1.3,Low
22271,23,5,1,1,0.804347826,Low
22273,24,16,2,7,-0.95,Low
22279,22,8,2,7,0.763636364,Low
22280,19,6,3,9,1.878947368,Low
22282,19,9,2,2,0.778947368,Low
22284,26,14,4,9,0.353846154,Low
22287,29,6,4,2,1.834482759,Low
22290,24,3,2,2,1.65,Low
22291,18,11,3,9,0.966666667,Low
22292,24,12,1,2,-0.65,Low
22302,19,7,3,8,1.678947368,Low
22303,24,6,3,9,1.55,Low
22311,29,4,2,8,1.234482759,Low
22323,19,19,1,9,-1.721052632,Low
22325,24,10,2,2,0.25,Low
22330,19,18,7,3,1.478947368,Low
22333,12,17,3,8,0.6,Low
22334,28,5,2,2,1.071428571,Low
22344,24,15,4,9,0.25,Low
22345,17,15,4,3,0.764705882,Low
22346,22,10,1,8,-0.136363636,Low
22347,14,17,2,9,-0.257142857,Low
22350,6,18,1,1,1.9,Low
22353,24,15,4,8,0.25,Low
22354,16,10,1,7,0.375,Low
22356,28,19,7,5,0.771428571,Low
22360,10,14,1,8,0.7,Low
22369,22,16,2,7,-0.836363636,Low
22370,27,13,5,3,1.011111111,Low
22371,22,11,3,3,0.663636364,Low
22372,27,16,7,8,1.411111111,Low
22373,16,13,1,8,-0.225,Low
22377,23,12,5,9,1.404347826,Low
22378,10,13,2,6,1.4,Low
22380,13,15,4,5,1.307692308,Low
22381,15,11,1,9,0.3,Low
22386,17,5,1,1,1.264705882,Low
22388,21,9,3,1,1.128571429,Low
22390,27,13,4,6,0.511111111,Low
22391,27,8,2,8,0.511111111,Low
22392,11,19,1,9,-0.572727273,Low
22396,8,16,1,7,1.05,Low
22397,18,18,2,6,-0.933333333,Low
22399,16,10,1,4,0.375,Low
22401,21,19,1,4,-1.871428571,Low
22402,21,18,2,2,-1.171428571,Low
22406,24,10,2,8,0.25,Low
22409,15,12,4,7,1.6,Low
22410,25,3,2,4,1.6,Low
22415,16,17,5,3,0.975,Low
22416,28,12,6,4,1.671428571,Low
22421,23,15,3,8,-0.195652174,Low
22423,26,17,6,7,0.753846154,Low
22424,13,18,2,8,-0.292307692,Low
22426,28,17,1,6,-1.828571429,Low
22427,15,18,3,2,-0.1,Low
22429,15,12,2,7,0.6,Low
22431,14,15,4,3,1.142857143,Low
22434,26,15,6,6,1.153846154,Low
22439,28,4,2,6,1.271428571,Low
22443,12,10,3,3,2,Low
22448,14,12,3,7,1.242857143,Low
22449,14,6,1,6,1.442857143,Low
22450,26,15,1,6,-1.346153846,Low
22452,22,12,2,9,-0.036363636,Low
22453,16,2,1,4,1.975,Low
22455,25,16,2,5,-1,Low
22456,12,14,1,9,0.2,Low
22463,9,15,3,7,1.833333333,Low
22467,15,8,2,9,1.4,Low
22480,20,19,7,2,1.2,Low
22481,9,19,4,1,1.533333333,Low
22483,16,6,1,2,1.175,Low
22493,15,6,2,2,1.8,Low
22495,29,2,1,2,1.134482759,Low
22496,12,15,4,3,1.5,Low
22502,24,17,5,2,0.35,Low
22503,27,8,1,3,0.011111111,Low
22507,24,13,2,3,-0.35,Low
22508,28,18,6,7,0.471428571,Low
22511,12,19,2,5,-0.3,Low
22512,27,17,7,6,1.211111111,Low
22514,25,12,2,2,-0.2,Low
22521,25,9,3,8,0.9,Low
22522,29,14,2,7,-0.765517241,Low
22524,20,7,1,2,0.6,Low
22525,19,6,1,8,0.878947368,Low
22526,8,19,3,7,1.45,Low
22530,21,8,4,4,1.828571429,Low
22547,29,15,4,5,0.034482759,Low
22549,25,16,5,6,0.5,Low
22550,27,12,3,6,0.211111111,Low
22555,22,8,2,9,0.763636364,Low
22556,18,12,1,3,-0.233333333,Low
22557,18,11,1,5,-0.033333333,Low
22559,29,14,4,5,0.234482759,Low
22567,24,10,4,4,1.25,Low
22573,22,19,5,2,0.063636364,Low
22574,27,2,2,5,1.711111111,Low
22577,18,9,2,6,0.866666667,Low
22579,20,11,5,9,1.8,Low
22580,18,9,3,3,1.366666667,Low
22581,23,14,6,3,1.504347826,Low
22585,27,5,2,5,1.111111111,Low
22589,21,10,5,7,1.928571429,Low
22590,23,15,3,4,-0.195652174,Low
22591,19,9,3,8,1.278947368,Low
22593,10,19,3,8,0.7,Low
22594,26,9,1,4,-0.146153846,Low
22596,29,12,6,2,1.634482759,Low
22597,26,7,2,2,0.753846154,Low
22598,11,12,3,4,1.827272727,Low
22604,17,17,3,6,-0.135294118,Low
22605,22,18,4,7,-0.236363636,Low
22607,8,13,1,9,1.65,Low
22609,26,16,5,6,0.453846154,Low
22614,20,13,2,5,-0.1,Low
22616,29,18,7,4,0.934482759,Low
22622,20,10,2,4,0.5,Low
22623,18,18,5,9,0.566666667,Low
22624,10,14,1,9,0.7,Low
22641,20,18,7,1,1.4,Low
22649,18,17,4,3,0.266666667,Low
22652,16,11,4,4,1.675,Low
22654,27,10,1,9,-0.388888889,Low
22656,12,19,3,4,0.2,Low
22659,27,14,3,8,-0.188888889,Low
22663,19,18,6,8,0.978947368,Low
22665,13,17,5,4,1.407692308,Low
22667,17,8,2,2,1.164705882,Low
22669,11,15,4,6,1.727272727,Low
22673,22,15,6,7,1.363636364,Low
22678,11,14,4,1,1.927272727,Low
22679,26,19,5,1,-0.146153846,Low
22681,26,11,4,3,0.953846154,Low
22682,29,13,5,9,0.934482759,Low
22683,26,10,1,4,-0.346153846,Low
22685,19,13,5,7,1.478947368,Low
22688,29,12,3,3,0.134482759,Low
22691,24,12,4,4,0.85,Low
22693,16,18,7,7,1.775,Low
22695,25,11,3,8,0.5,Low
22698,18,11,3,7,0.966666667,Low
22699,27,12,3,4,0.211111111,Low
22701,12,6,1,6,1.8,Low
22704,27,17,8,5,1.711111111,Low
22708,10,16,4,3,1.8,Low
22709,24,19,7,2,0.95,Low
22710,29,13,1,5,-1.065517241,Low
22715,9,18,3,8,1.233333333,Low
22720,21,12,5,3,1.528571429,Low
22722,28,17,7,5,1.171428571,Low
22723,29,14,5,3,0.734482759,Low
22728,23,13,1,6,-0.795652174,Low
22732,25,10,3,2,0.7,Low
22735,23,11,5,9,1.604347826,Low
22736,24,10,2,2,0.25,Low
22738,27,9,5,1,1.811111111,Low
22740,14,16,2,4,-0.057142857,Low
22745,21,19,6,6,0.628571429,Low
22746,29,7,3,8,1.134482759,Low
22748,27,15,3,9,-0.388888889,Low
22750,17,19,6,8,0.964705882,Low
22751,20,19,8,6,1.7,Low
22763,18,17,1,5,-1.233333333,Low
22767,25,13,2,3,-0.4,Low
22768,13,13,3,2,1.207692308,Low
22770,13,15,3,1,0.807692308,Low
22773,29,17,5,7,0.134482759,Low
22776,15,18,6,8,1.4,Low
22777,23,13,3,4,0.204347826,Low
22778,28,1,2,8,1.871428571,Low
22781,15,13,1,8,-0.1,Low
22783,20,11,1,9,-0.2,Low
22784,15,15,5,3,1.5,Low
22785,29,19,5,4,-0.265517241,Low
22789,16,12,4,4,1.475,Low
22792,26,13,1,7,-0.946153846,Low
22795,15,10,1,6,0.5,Low
22797,12,12,2,3,1.1,Low
22801,16,5,1,6,1.375,Low
22808,16,8,1,7,0.775,Low
22809,29,14,2,1,-0.765517241,Low
22810,25,19,8,8,1.4,Low
22811,29,19,5,7,-0.265517241,Low
22813,26,6,1,4,0.453846154,Low
22814,16,16,1,7,-0.825,Low
22817,29,2,1,9,1.134482759,Low
22830,25,14,2,5,-0.6,Low
22837,17,4,2,7,1.964705882,Low
22840,24,11,3,9,0.55,Low
22842,24,16,7,1,1.55,Low
22844,12,11,3,9,1.8,Low
22846,20,16,4,4,0.3,Low
22848,25,12,5,7,1.3,Low
22849,16,14,4,8,1.075,Low
22851,19,16,1,6,-1.121052632,Low
22852,13,14,2,4,0.507692308,Low
22858,11,16,3,5,1.027272727,Low
22865,19,13,2,8,-0.021052632,Low
22873,29,4,3,4,1.734482759,Low
22874,22,13,6,1,1.763636364,Low
22876,29,11,2,1,-0.165517241,Low
22879,12,13,4,4,1.9,Low
22883,28,17,3,2,-0.828571429,Low
22886,26,8,4,9,1.553846154,Low
22887,19,12,3,8,0.678947368,Low
22889,16,18,1,9,-1.225,Low
22891,11,12,1,5,0.827272727,Low
22892,17,13,2,4,0.164705882,Low
22895,13,13,1,5,0.207692308,Low
22902,12,11,3,6,1.8,Low
22903,12,16,3,5,0.8,Low
22904,20,17,3,4,-0.4,Low
22905,20,13,3,4,0.4,Low
22906,26,2,2,2,1.753846154,Low
22910,25,12,3,7,0.3,Low
22911,16,15,1,2,-0.625,Low
22912,17,6,1,4,1.064705882,Low
22913,17,3,1,1,1.664705882,Low
22919,29,18,1,5,-2.065517241,Low
22924,22,5,2,3,1.363636364,Low
22932,25,17,7,2,1.3,Low
22937,16,16,4,1,0.675,Low
22939,25,10,2,5,0.2,Low
22942,16,4,1,3,1.575,Low
22944,29,15,6,3,1.034482759,Low
22946,26,4,3,6,1.853846154,Low
22949,18,14,3,4,0.366666667,Low
22957,25,16,4,4,0,Low
22962,28,18,2,1,-1.528571429,Low
22963,23,16,5,8,0.604347826,Low
22965,24,19,2,1,-1.55,Low
22973,15,19,7,6,1.7,Low
22974,26,6,1,4,0.453846154,Low
22976,12,10,1,6,1,Low
22980,17,13,3,8,0.664705882,Low
22984,17,18,5,3,0.664705882,Low
22989,13,10,1,1,0.807692308,Low
22990,23,17,7,2,1.404347826,Low
22994,19,18,4,1,-0.021052632,Low
22996,19,11,3,3,0.878947368,Low
23001,25,16,2,1,-1,Low
23004,19,10,2,2,0.578947368,Low
23009,19,11,5,3,1.878947368,Low
23012,28,18,9,4,1.971428571,Low
23014,18,10,3,8,1.166666667,Low
23015,26,18,7,2,1.053846154,Low
23019,21,14,5,6,1.128571429,Low
23023,21,5,3,4,1.928571429,Low
23028,18,16,5,6,0.966666667,Low
23033,28,15,3,5,-0.428571429,Low
23034,21,13,3,5,0.328571429,Low
23035,24,15,1,6,-1.25,Low
23043,21,14,2,4,-0.371428571,Low
23047,23,11,3,6,0.604347826,Low
23048,27,10,4,9,1.111111111,Low
23050,16,17,2,3,-0.525,Low
23052,25,19,4,4,-0.6,Low
23057,6,19,1,2,1.7,Low
23062,24,16,6,9,1.05,Low
23063,17,14,2,6,-0.035294118,Low
23065,13,15,1,1,-0.192307692,Low
23066,27,18,2,8,-1.488888889,Low
23067,16,11,2,6,0.675,Low
23070,16,19,1,1,-1.425,Low
23071,9,13,2,7,1.733333333,Low
23077,8,15,2,1,1.75,Low
23079,29,18,9,7,1.934482759,Low
23083,18,1,1,8,1.966666667,Low
23091,11,13,2,7,1.127272727,Low
23096,19,17,7,3,1.678947368,Low
23097,15,15,1,9,-0.5,Low
23100,18,5,1,5,1.166666667,Low
23104,16,8,2,8,1.275,Low
23107,18,16,4,8,0.466666667,Low
23108,15,15,3,5,0.5,Low
23112,11,14,1,8,0.427272727,Low
23115,21,11,2,8,0.228571429,Low
23117,27,12,5,8,1.211111111,Low
23120,28,13,7,4,1.971428571,Low
23125,17,17,6,7,1.364705882,Low
23127,16,17,1,8,-1.025,Low
23130,26,7,1,7,0.253846154,Low
23132,20,8,3,5,1.4,Low
23135,28,17,7,1,1.171428571,Low
23136,23,17,2,3,-1.095652174,Low
23137,29,8,2,2,0.434482759,Low
23138,19,13,1,6,-0.521052632,Low
23143,29,5,3,7,1.534482759,Low
23149,14,15,5,3,1.642857143,Low
23150,21,19,7,6,1.128571429,Low
23151,17,16,2,1,-0.435294118,Low
23159,21,18,7,5,1.328571429,Low
23161,21,17,7,4,1.528571429,Low
23165,11,17,4,2,1.327272727,Low
23170,16,15,3,4,0.375,Low
23174,20,5,3,8,2,Low
23175,22,6,1,3,0.663636364,Low
23177,26,11,2,5,-0.046153846,Low
23182,17,14,3,6,0.464705882,Low
23183,29,15,4,9,0.034482759,Low
23186,15,8,3,8,1.9,Low
23187,25,12,6,5,1.8,Low
23189,16,15,1,2,-0.625,Low
23191,19,16,2,7,-0.621052632,Low
23194,16,6,1,6,1.175,Low
23195,25,16,1,1,-1.5,Low
23197,13,12,1,9,0.407692308,Low
23198,29,13,4,5,0.434482759,Low
23201,28,6,3,9,1.371428571,Low
23204,21,17,7,8,1.528571429,Low
23206,23,13,1,5,-0.795652174,Low
23207,22,2,1,6,1.463636364,Low
23210,18,10,3,9,1.166666667,Low
23218,26,12,4,8,0.753846154,Low
23220,14,16,4,2,0.942857143,Low
23221,24,13,4,1,0.65,Low
23223,28,16,1,1,-1.628571429,Low
23224,26,8,3,2,1.053846154,Low
23225,29,18,2,8,-1.565517241,Low
23229,23,18,5,4,0.204347826,Low
23231,17,15,5,4,1.264705882,Low
23233,28,19,1,8,-2.228571429,Low
23234,11,19,1,6,-0.572727273,Low
23241,11,17,3,3,0.827272727,Low
23244,10,9,1,1,1.7,Low
23247,26,11,4,8,0.953846154,Low
23253,21,19,1,3,-1.871428571,Low
23254,12,18,3,7,0.4,Low
23259,25,17,2,9,-1.2,Low
23260,14,16,4,7,0.942857143,Low
23266,29,13,5,8,0.934482759,Low
23267,14,12,3,5,1.242857143,Low
23269,19,11,5,5,1.878947368,Low
23272,13,10,2,2,1.307692308,Low
23273,29,19,4,5,-0.765517241,Low
23277,20,10,3,5,1,Low
23282,18,7,2,4,1.266666667,Low
23284,19,19,3,2,-0.721052632,Low
23289,17,18,6,7,1.164705882,Low
23291,27,19,3,9,-1.188888889,Low
23297,25,5,3,4,1.7,Low
23298,13,14,1,6,0.007692308,Low
23299,19,14,4,7,0.778947368,Low
23301,26,8,4,3,1.553846154,Low
23308,23,6,3,3,1.604347826,Low
23315,18,19,3,1,-0.633333333,Low
23316,13,10,3,3,1.807692308,Low
23317,13,17,4,1,0.907692308,Low
23322,22,12,6,3,1.963636364,Low
23323,20,6,3,8,1.8,Low
23324,28,14,6,6,1.271428571,Low
23327,26,14,4,2,0.353846154,Low
23333,26,5,3,5,1.653846154,Low
23338,20,15,4,3,0.5,Low
23340,10,17,4,1,1.6,Low
23343,12,16,2,6,0.3,Low
23344,16,15,5,7,1.375,Low
23345,27,18,6,2,0.511111111,Low
23347,7,16,1,9,1.585714286,Low
23357,25,9,5,7,1.9,Low
23366,26,3,1,8,1.053846154,Low
23368,29,1,2,1,1.834482759,Low
23369,27,15,7,4,1.611111111,Low
23372,15,8,1,6,0.9,Low
23374,23,10,2,6,0.304347826,Low
23375,22,6,1,2,0.663636364,Low
23377,23,18,2,9,-1.295652174,Low
23381,22,9,3,4,1.063636364,Low
23384,10,11,2,4,1.8,Low
23385,19,16,5,4,0.878947368,Low
23386,21,10,5,8,1.928571429,Low
23388,27,9,5,3,1.811111111,Low
23390,19,13,4,8,0.978947368,Low
23398,21,1,1,2,1.728571429,Low
23402,29,19,6,6,0.234482759,Low
23403,15,17,3,6,0.1,Low
23404,28,9,4,6,1.271428571,Low
23406,20,1,1,4,1.8,Low
23409,24,15,4,3,0.25,Low
23410,11,14,1,7,0.427272727,Low
23411,22,10,2,8,0.363636364,Low
23413,28,16,7,1,1.371428571,Low
23415,13,14,3,5,1.007692308,Low
23419,18,6,2,9,1.466666667,Low
23424,16,17,6,7,1.475,Low
23425,21,19,7,2,1.128571429,Low
23427,25,17,1,6,-1.7,Low
23429,16,18,2,3,-0.725,Low
23432,27,6,2,7,0.911111111,Low
23433,9,15,3,8,1.833333333,Low
23442,13,11,1,6,0.607692308,Low
23448,20,17,5,6,0.6,Low
23450,27,14,6,2,1.311111111,Low
23451,22,8,1,9,0.263636364,Low
23452,24,13,5,2,1.15,Low
23454,10,12,1,4,1.1,Low
23455,12,9,2,9,1.7,Low
23459,29,14,3,5,-0.265517241,Low
23462,26,11,6,4,1.953846154,Low
23463,28,12,3,8,0.171428571,Low
23467,10,13,1,5,0.9,Low
23472,21,16,5,3,0.728571429,Low
23477,11,7,1,4,1.827272727,Low
23483,17,4,2,5,1.964705882,Low
23490,9,11,1,1,1.633333333,Low
23492,17,19,5,8,0.464705882,Low
23494,26,12,3,4,0.253846154,Low
23500,24,18,3,9,-0.85,Low
23503,26,2,2,8,1.753846154,Low
23504,24,16,3,1,-0.45,Low
23509,29,13,1,9,-1.065517241,Low
23512,24,16,4,1,0.05,Low
23513,19,17,5,1,0.678947368,Low
23515,25,8,4,8,1.6,Low
23522,22,19,4,6,-0.436363636,Low
23523,25,13,4,4,0.6,Low
23525,26,16,8,7,1.953846154,Low
23526,22,19,5,2,0.063636364,Low
23527,25,17,6,7,0.8,Low
23534,29,19,9,5,1.734482759,Low
23535,26,8,2,8,0.553846154,Low
23536,12,15,2,4,0.5,Low
23538,12,8,1,5,1.4,Low
23539,15,17,5,3,1.1,Low
23543,14,17,4,5,0.742857143,Low
23547,19,10,1,7,0.078947368,Low
23551,27,9,3,2,0.811111111,Low
23554,15,18,4,5,0.4,Low
23557,13,18,4,7,0.707692308,Low
23558,10,19,3,2,0.7,Low
23559,20,15,3,6,0,Low
23560,12,18,2,3,-0.1,Low
23561,18,18,2,1,-0.933333333,Low
23562,27,10,2,2,0.111111111,Low
23564,17,6,1,1,1.064705882,Low
23567,16,17,4,7,0.475,Low
23575,12,15,5,8,2,Low
23578,15,9,1,2,0.7,Low
23579,20,12,5,2,1.6,Low
23584,12,10,1,1,1,Low
23589,17,16,5,3,1.064705882,Low
23593,17,17,1,1,-1.135294118,Low
23594,10,18,4,8,1.4,Low
23595,25,3,2,9,1.6,Low
23598,15,12,4,7,1.6,Low
23600,10,19,5,8,1.7,Low
23603,25,6,2,3,1,Low
23605,9,17,3,2,1.433333333,Low
23607,26,15,5,3,0.653846154,Low
23608,23,13,5,6,1.204347826,Low
23611,12,10,1,8,1,Low
23612,19,19,3,4,-0.721052632,Low
23616,23,16,5,8,0.604347826,Low
23618,12,12,2,1,1.1,Low
23621,11,10,2,1,1.727272727,Low
23622,27,19,1,2,-2.188888889,Low
23624,29,10,2,8,0.034482759,Low
23629,17,19,5,3,0.464705882,Low
23631,15,10,2,6,1,Low
23636,24,17,4,4,-0.15,Low
23637,15,18,4,7,0.4,Low
23639,19,13,6,8,1.978947368,Low
23643,17,19,1,5,-1.535294118,Low
23647,24,12,6,8,1.85,Low
23650,17,7,3,3,1.864705882,Low
23654,15,17,1,4,-0.9,Low
23656,18,14,2,7,-0.133333333,Low
23658,13,16,4,7,1.107692308,Low
23664,17,14,3,4,0.464705882,Low
23667,8,16,1,7,1.05,Low
23670,29,8,4,9,1.434482759,Low
23678,21,13,2,7,-0.171428571,Low
23681,24,7,4,7,1.85,Low
23684,23,13,1,3,-0.795652174,Low
23685,27,13,1,9,-0.988888889,Low
23686,28,13,5,4,0.971428571,Low
23687,28,7,1,9,0.171428571,Low
23690,15,19,2,3,-0.8,Low
23693,22,13,6,6,1.763636364,Low
23695,24,6,3,3,1.55,Low
23698,29,17,4,3,-0.365517241,Low
23701,29,8,4,6,1.434482759,Low
23703,25,1,2,1,2,Low
23704,25,15,5,7,0.7,Low
23707,25,19,3,8,-1.1,Low
23709,23,3,2,2,1.704347826,Low
23713,15,3,1,5,1.9,Low
23714,22,6,3,1,1.663636364,Low
23726,26,17,5,1,0.253846154,Low
23730,15,14,5,5,1.7,Low
23732,29,18,1,1,-2.065517241,Low
23737,25,19,2,8,-1.6,Low
23740,19,1,1,4,1.878947368,Low
23749,22,10,4,1,1.363636364,Low
23751,29,3,1,9,0.934482759,Low
23756,26,14,4,7,0.353846154,Low
23757,27,19,8,7,1.311111111,Low
23760,25,15,1,8,-1.3,Low
23761,8,12,1,5,1.85,Low
23763,22,14,2,6,-0.436363636,Low
23769,14,9,2,4,1.342857143,Low
23773,17,8,1,1,0.664705882,Low
23775,24,7,2,5,0.85,Low
23778,19,10,4,3,1.578947368,Low
23784,27,14,6,5,1.311111111,Low
23785,24,14,6,9,1.45,Low
23787,15,13,4,4,1.4,Low
23789,28,13,1,7,-1.028571429,Low
23791,21,9,2,5,0.628571429,Low
23800,20,15,4,4,0.5,Low
23803,25,18,6,1,0.6,Low
23808,14,9,2,1,1.342857143,Low
23810,19,17,2,1,-0.821052632,Low
23811,23,7,1,9,0.404347826,Low
23814,19,4,2,2,1.778947368,Low
23817,20,13,2,5,-0.1,Low
23818,22,11,5,5,1.663636364,Low
23819,28,12,5,7,1.171428571,Low
23824,27,8,1,1,0.011111111,Low
23825,21,3,2,1,1.828571429,Low
23826,25,13,6,3,1.6,Low
23828,24,17,1,6,-1.65,Low
23830,16,14,2,7,0.075,Low
23831,16,11,2,9,0.675,Low
23832,16,16,2,6,-0.325,Low
23840,22,8,3,2,1.263636364,Low
23843,21,13,2,1,-0.171428571,Low
23845,29,12,3,9,0.134482759,Low
23846,16,17,2,7,-0.525,Low
23847,19,15,5,2,1.078947368,Low
23848,22,11,3,1,0.663636364,Low
23851,11,14,3,2,1.427272727,Low
23856,25,6,2,6,1,Low
23861,20,8,3,1,1.4,Low
23862,18,8,2,9,1.066666667,Low
23863,24,17,1,3,-1.65,Low
23864,26,6,3,2,1.453846154,Low
23866,22,6,1,3,0.663636364,Low
23867,23,12,5,7,1.404347826,Low
23869,25,18,3,3,-0.9,Low
23872,21,5,2,5,1.428571429,Low
23874,29,15,5,6,0.534482759,Low
23875,17,15,3,3,0.264705882,Low
23881,20,15,3,2,0,Low
23882,13,15,5,5,1.807692308,Low
23883,21,17,6,8,1.028571429,Low
23884,14,10,1,6,0.642857143,Low
23885,22,19,8,8,1.563636364,Low
23887,18,16,3,6,-0.033333333,Low
23891,25,10,4,6,1.2,Low
23893,29,18,3,7,-1.065517241,Low
23897,12,15,3,7,1,Low
23898,19,13,5,8,1.478947368,Low
23903,11,12,1,1,0.827272727,Low
23904,28,8,2,7,0.471428571,Low
23906,27,17,6,7,0.711111111,Low
23908,24,6,1,3,0.55,Low
23914,27,11,5,9,1.411111111,Low
23919,19,17,2,1,-0.821052632,Low
23921,16,12,2,9,0.475,Low
23923,28,8,3,8,0.971428571,Low
23925,26,17,5,2,0.253846154,Low
23926,28,15,2,1,-0.928571429,Low
23927,29,16,6,6,0.834482759,Low
23930,24,19,9,7,1.95,Low
23934,17,18,5,7,0.664705882,Low
23936,28,14,3,4,-0.228571429,Low
23938,29,17,3,5,-0.865517241,Low
23940,13,13,3,7,1.207692308,Low
23943,22,19,2,5,-1.436363636,Low
23945,15,14,4,8,1.2,Low
23946,13,14,2,9,0.507692308,Low
23947,27,13,3,7,0.011111111,Low
23948,18,16,7,2,1.966666667,Low
23953,19,14,6,5,1.778947368,Low
23955,25,10,1,3,-0.3,Low
23960,21,9,4,5,1.628571429,Low
23961,25,19,5,5,-0.1,Low
23962,24,19,2,3,-1.55,Low
23966,22,6,3,7,1.663636364,Low
23967,14,4,1,5,1.842857143,Low
23969,26,15,6,6,1.153846154,Low
23971,15,14,5,3,1.7,Low
23972,19,10,1,5,0.078947368,Low
23976,7,18,2,1,1.685714286,Low
23980,27,14,6,6,1.311111111,Low
23985,20,13,3,7,0.4,Low
23992,28,10,4,6,1.071428571,Low
23998,17,14,1,6,-0.535294118,Low
24000,20,15,6,8,1.5,Low
24001,25,1,1,5,1.5,Low
24008,10,15,4,9,2,Low
24009,14,15,5,1,1.642857143,Low
24011,29,15,5,9,0.534482759,Low
24012,12,13,4,1,1.9,Low
24014,12,19,1,9,-0.8,Low
24016,11,19,4,4,0.927272727,Low
24017,24,9,1,2,-0.05,Low
24018,29,10,1,8,-0.465517241,Low
24019,14,13,4,8,1.542857143,Low
24021,24,15,4,4,0.25,Low
24022,24,14,3,4,-0.05,Low
24023,18,10,3,3,1.166666667,Low
24024,27,17,6,7,0.711111111,Low
24028,22,15,2,1,-0.636363636,Low
24031,12,15,1,9,0,Low
24039,24,17,2,2,-1.15,Low
24041,28,15,6,4,1.071428571,Low
24045,12,18,4,4,0.9,Low
24055,17,15,5,1,1.264705882,Low
24056,26,16,5,5,0.453846154,Low
24061,19,10,1,3,0.078947368,Low
24065,15,10,3,3,1.5,Low
24073,20,17,4,4,0.1,Low
24078,20,18,7,7,1.4,Low
24089,14,19,3,3,-0.157142857,Low
24090,26,9,2,8,0.353846154,Low
24091,22,7,4,1,1.963636364,Low
24093,25,4,2,4,1.4,Low
24094,14,14,3,6,0.842857143,Low
24097,25,11,2,4,0,Low
24098,27,14,7,6,1.811111111,Low
24100,29,13,3,8,-0.065517241,Low
24101,12,18,5,9,1.4,Low
24105,18,19,3,1,-0.633333333,Low
24106,22,19,6,6,0.563636364,Low
24107,18,19,2,8,-1.133333333,Low
24108,27,9,1,3,-0.188888889,Low
24116,21,9,1,2,0.128571429,Low
24121,22,13,6,7,1.763636364,Low
24122,29,18,6,8,0.434482759,Low
24125,15,16,5,2,1.3,Low
24127,9,19,3,2,1.033333333,Low
24130,26,18,5,1,0.053846154,Low
24131,10,18,2,2,0.4,Low
24132,28,19,4,3,-0.728571429,Low
24134,27,13,2,3,-0.488888889,Low
24135,17,19,5,4,0.464705882,Low
24138,29,2,2,2,1.634482759,Low
24140,29,7,1,6,0.134482759,Low
24141,20,19,5,5,0.2,Low
24147,18,10,2,9,0.666666667,Low
24153,29,8,3,2,0.934482759,Low
24157,14,16,5,9,1.442857143,Low
24163,24,2,1,7,1.35,Low
24164,29,9,4,8,1.234482759,Low
24169,17,17,5,1,0.864705882,Low
24170,7,15,1,8,1.785714286,Low
24183,12,12,3,2,1.6,Low
24197,21,19,8,4,1.628571429,Low
24202,15,14,1,3,-0.3,Low
24203,27,10,4,5,1.111111111,Low
24204,17,16,3,5,0.064705882,Low
24209,28,11,4,8,0.871428571,Low
24211,23,19,3,1,-0.995652174,Low
24216,29,16,1,8,-1.665517241,Low
24217,28,12,3,3,0.171428571,Low
24223,19,16,2,6,-0.621052632,Low
24226,17,17,2,9,-0.635294118,Low
24227,19,13,1,5,-0.521052632,Low
24230,23,8,3,2,1.204347826,Low
24231,29,1,2,2,1.834482759,Low
24232,20,16,5,7,0.8,Low
24234,14,12,4,8,1.742857143,Low
24236,28,10,5,9,1.571428571,Low
24239,17,17,4,9,0.364705882,Low
24242,15,16,5,7,1.3,Low
24243,8,18,3,2,1.65,Low
24245,14,15,3,6,0.642857143,Low
24250,10,12,1,3,1.1,Low
24251,18,11,2,1,0.466666667,Low
24253,15,16,1,5,-0.7,Low
24257,21,15,1,6,-1.071428571,Low
24258,22,7,4,5,1.963636364,Low
24259,16,16,4,8,0.675,Low
24260,18,18,5,7,0.566666667,Low
24262,20,4,1,2,1.2,Low
24266,13,8,1,7,1.207692308,Low
24270,24,11,4,5,1.05,Low
24272,24,12,6,6,1.85,Low
24273,10,13,1,4,0.9,Low
24281,20,12,1,9,-0.4,Low
24284,26,17,5,4,0.253846154,Low
24289,19,12,5,7,1.678947368,Low
24295,26,16,3,4,-0.546153846,Low
24296,15,17,6,1,1.6,Low
24298,12,19,5,4,1.2,Low
24303,18,7,1,9,0.766666667,Low
24305,15,13,4,6,1.4,Low
24309,22,17,7,2,1.463636364,Low
24319,27,5,1,9,0.611111111,Low
24323,19,7,2,4,1.178947368,Low
24324,29,9,2,6,0.234482759,Low
24325,20,7,3,5,1.6,Low
24327,24,16,2,4,-0.95,Low
24332,13,19,6,9,1.507692308,Low
24336,29,13,4,7,0.434482759,Low
24338,22,18,1,9,-1.736363636,Low
24340,29,13,7,7,1.934482759,Low
24342,15,14,3,3,0.7,Low
24349,22,5,1,1,0.863636364,Low
24350,22,15,6,9,1.363636364,Low
24356,29,9,4,7,1.234482759,Low
24363,12,19,6,3,1.7,Low
24369,16,15,3,8,0.375,Low
24371,13,19,2,1,-0.492307692,Low
24374,14,8,1,8,1.042857143,Low
24375,15,18,2,8,-0.6,Low
24380,17,13,3,2,0.664705882,Low
24384,11,14,4,4,1.927272727,Low
24386,18,10,1,2,0.166666667,Low
24388,15,17,5,5,1.1,Low
24389,28,17,6,6,0.671428571,Low
24392,28,8,5,3,1.971428571,Low
24395,12,19,2,3,-0.3,Low
24398,13,15,1,9,-0.192307692,Low
24399,26,11,6,1,1.953846154,Low
24402,14,6,1,2,1.442857143,Low
24403,12,13,1,3,0.4,Low
24405,28,17,7,8,1.171428571,Low
24409,27,16,6,1,0.911111111,Low
24415,17,6,1,5,1.064705882,Low
24416,23,19,5,3,0.004347826,Low
24418,28,4,2,3,1.271428571,Low
24419,12,16,4,6,1.3,Low
24422,25,12,6,9,1.8,Low
24426,25,10,1,4,-0.3,Low
24427,19,15,3,4,0.078947368,Low
24433,28,19,4,4,-0.728571429,Low
24435,29,8,3,8,0.934482759,Low
24441,23,18,6,3,0.704347826,Low
24444,18,3,1,2,1.566666667,Low
24445,18,17,3,9,-0.233333333,Low
24446,16,6,2,3,1.675,Low
24449,14,14,4,7,1.342857143,Low
24453,21,11,5,1,1.728571429,Low
24463,13,15,3,7,0.807692308,Low
24467,28,18,8,8,1.471428571,Low
24470,17,17,5,2,0.864705882,Low
24471,26,17,3,8,-0.746153846,Low
24474,24,5,2,8,1.25,Low
24485,13,15,1,4,-0.192307692,Low
24488,13,15,1,3,-0.192307692,Low
24491,24,16,4,8,0.05,Low
24492,23,10,5,8,1.804347826,Low
24494,23,12,5,5,1.404347826,Low
24498,18,10,4,1,1.666666667,Low
24499,20,15,5,5,1,Low
24504,26,9,3,2,0.853846154,Low
24506,29,16,6,9,0.834482759,Low
24507,28,11,6,6,1.871428571,Low
24508,26,13,3,9,0.053846154,Low
24511,22,19,3,7,-0.936363636,Low
24513,25,13,5,5,1.1,Low
24515,23,9,2,4,0.504347826,Low
24520,28,18,8,5,1.471428571,Low
24521,28,3,1,9,0.971428571,Low
24523,26,17,2,4,-1.246153846,Low
24527,25,14,6,2,1.4,Low
24529,24,16,1,9,-1.45,Low
24544,16,19,1,9,-1.425,Low
24546,17,12,2,4,0.364705882,Low
24549,10,12,2,2,1.6,Low
24553,22,11,2,6,0.163636364,Low
24554,7,16,1,1,1.585714286,Low
24555,18,4,1,9,1.366666667,Low
24559,16,15,1,5,-0.625,Low
24560,12,18,2,9,-0.1,Low
24567,11,18,5,8,1.627272727,Low
24570,25,17,8,4,1.8,Low
24572,22,13,3,2,0.263636364,Low
24573,19,5,2,6,1.578947368,Low
24574,19,9,4,8,1.778947368,Low
24577,11,14,3,2,1.427272727,Low
24579,28,12,2,7,-0.328571429,Low
24586,13,11,3,4,1.607692308,Low
24593,15,14,3,1,0.7,Low
24594,21,1,1,7,1.728571429,Low
24596,16,16,1,3,-0.825,Low
24599,19,13,6,3,1.978947368,Low
24600,10,19,5,5,1.7,Low
24602,28,8,1,8,-0.028571429,Low
24603,17,12,3,7,0.864705882,Low
24604,26,10,4,6,1.153846154,Low
24605,17,15,4,9,0.764705882,Low
24606,19,18,1,8,-1.521052632,Low
24614,28,12,3,2,0.171428571,Low
24615,28,17,4,1,-0.328571429,Low
24621,14,15,2,1,0.142857143,Low
24622,25,19,2,8,-1.6,Low
24626,24,7,2,4,0.85,Low
24632,21,17,2,3,-0.971428571,Low
24633,7,15,1,3,1.785714286,Low
24635,28,16,4,4,-0.128571429,Low
24637,25,7,4,3,1.8,Low
24640,15,18,4,9,0.4,Low
24643,29,11,1,8,-0.665517241,Low
24644,16,16,2,3,-0.325,Low
24647,12,16,5,6,1.8,Low
24648,26,14,7,9,1.853846154,Low
24649,28,17,6,2,0.671428571,Low
24650,16,13,5,7,1.775,Low
24651,22,14,3,2,0.063636364,Low
24654,29,19,8,1,1.234482759,Low
24658,27,5,3,1,1.611111111,Low
24661,24,17,6,6,0.85,Low
24663,23,16,5,9,0.604347826,Low
24664,11,14,1,1,0.427272727,Low
24665,18,6,3,7,1.966666667,Low
24666,11,17,2,2,0.327272727,Low
24667,11,14,1,6,0.427272727,Low
24671,13,10,2,9,1.307692308,Low
24673,26,18,4,6,-0.446153846,Low
24674,28,18,1,4,-2.028571429,Low
24677,10,18,4,7,1.4,Low
24678,24,13,2,5,-0.35,Low
24679,26,19,7,2,0.853846154,Low
24682,11,14,3,1,1.427272727,Low
24685,18,17,2,5,-0.733333333,Low
24689,22,9,4,8,1.563636364,Low
24692,12,15,1,7,0,Low
24694,17,16,4,4,0.564705882,Low
24696,24,4,3,4,1.95,Low
24699,22,14,5,5,1.063636364,Low
24702,15,12,4,1,1.6,Low
24705,17,4,2,3,1.964705882,Low
24708,21,18,8,5,1.828571429,Low
24710,20,18,5,6,0.4,Low
24711,26,19,9,9,1.853846154,Low
24712,27,17,5,6,0.211111111,Low
24714,28,10,5,4,1.571428571,Low
24718,28,7,3,3,1.171428571,Low
24720,24,17,1,8,-1.65,Low
24721,29,8,5,5,1.934482759,Low
24722,25,10,2,9,0.2,Low
24725,11,13,1,9,0.627272727,Low
24727,25,12,1,9,-0.7,Low
24734,28,16,4,2,-0.128571429,Low
24738,25,6,1,1,0.5,Low
24745,28,17,3,2,-0.828571429,Low
24752,10,17,2,9,0.6,Low
24754,16,7,3,6,1.975,Low
24763,20,10,2,9,0.5,Low
24765,22,8,3,8,1.263636364,Low
24766,19,8,4,7,1.978947368,Low
24769,19,19,8,6,1.778947368,Low
24771,29,12,3,9,0.134482759,Low
24776,19,5,2,2,1.578947368,Low
24778,19,18,2,2,-1.021052632,Low
24781,20,16,4,6,0.3,Low
24786,26,9,1,5,-0.146153846,Low
24787,29,12,6,4,1.634482759,Low
24789,20,9,1,3,0.2,Low
24791,13,9,2,7,1.507692308,Low
24792,26,10,3,9,0.653846154,Low
24793,10,16,4,6,1.8,Low
24796,14,17,4,2,0.742857143,Low
24798,25,5,1,9,0.7,Low
24800,21,19,1,1,-1.871428571,Low
24801,19,14,2,5,-0.221052632,Low
24804,21,11,2,8,0.228571429,Low
24805,19,3,2,7,1.978947368,Low
24806,20,5,2,6,1.5,Low
24810,12,8,1,9,1.4,Low
24812,19,12,2,9,0.178947368,Low
24813,16,13,4,5,1.275,Low
24816,19,19,2,7,-1.221052632,Low
24817,25,17,1,3,-1.7,Low
24819,26,13,4,3,0.553846154,Low
24820,22,19,8,1,1.563636364,Low
24822,16,16,3,5,0.175,Low
24824,20,12,3,9,0.6,Low
24825,25,5,3,8,1.7,Low
24827,20,3,2,9,1.9,Low
24828,22,11,5,8,1.663636364,Low
24832,17,14,5,7,1.464705882,Low
24835,19,9,2,5,0.778947368,Low
24836,15,18,2,3,-0.6,Low
24838,25,9,5,9,1.9,Low
24840,16,19,2,4,-0.925,Low
24842,22,4,1,3,1.063636364,Low
24845,17,7,2,2,1.364705882,Low
24847,11,16,4,2,1.527272727,Low
24849,18,14,5,9,1.366666667,Low
24850,17,17,1,1,-1.135294118,Low
24851,21,15,2,1,-0.571428571,Low
24860,26,5,1,1,0.653846154,Low
24863,20,15,6,8,1.5,Low
24864,20,17,4,7,0.1,Low
24878,27,8,1,6,0.011111111,Low
24879,19,17,5,2,0.678947368,Low
24882,17,4,2,7,1.964705882,Low
24885,22,6,2,6,1.163636364,Low
24886,20,19,8,8,1.7,Low
24891,22,19,6,1,0.563636364,Low
24892,23,8,4,8,1.704347826,Low
24894,27,13,5,1,1.011111111,Low
24896,8,15,1,3,1.25,Low
24904,24,4,3,8,1.95,Low
24905,8,19,2,1,0.95,Low
24907,22,15,4,3,0.363636364,Low
24908,20,9,4,7,1.7,Low
24909,20,11,5,7,1.8,Low
24911,19,9,4,5,1.778947368,Low
24912,27,3,1,5,1.011111111,Low
24918,13,17,2,2,-0.092307692,Low
24919,10,19,5,8,1.7,Low
24921,13,10,3,9,1.807692308,Low
24923,23,16,2,2,-0.895652174,Low
24925,14,19,1,5,-1.157142857,Low
24927,14,13,2,7,0.542857143,Low
24933,21,18,2,3,-1.171428571,Low
24935,9,17,1,3,0.433333333,Low
24938,23,17,1,4,-1.595652174,Low
24939,28,7,2,2,0.671428571,Low
24940,14,11,3,6,1.442857143,Low
24941,16,9,3,3,1.575,Low
24943,15,16,4,7,0.8,Low
24944,29,9,1,1,-0.265517241,Low
24950,19,16,6,7,1.378947368,Low
24951,22,6,3,1,1.663636364,Low
24952,15,18,7,7,1.9,Low
24955,6,19,1,6,1.7,Low
24962,12,14,3,7,1.2,Low
24965,10,18,5,5,1.9,Low
24970,20,19,4,4,-0.3,Low
24972,19,7,2,9,1.178947368,Low
24973,21,17,5,9,0.528571429,Low
24976,28,16,4,5,-0.128571429,Low
24978,22,8,2,3,0.763636364,Low
24981,26,12,6,3,1.753846154,Low
24983,17,16,2,9,-0.435294118,Low
24993,22,13,5,4,1.263636364,Low
25001,26,10,1,1,-0.346153846,Low
25009,11,8,1,5,1.627272727,Low
25010,25,1,1,5,1.5,Low
25016,19,19,5,5,0.278947368,Low
25017,20,18,4,3,-0.1,Low
25020,23,2,2,8,1.904347826,Low
25026,26,2,2,8,1.753846154,Low
25031,12,18,6,6,1.9,Low
25035,22,10,5,1,1.863636364,Low
25036,17,16,4,1,0.564705882,Low
25038,26,14,5,1,0.853846154,Low
25039,21,18,5,5,0.328571429,Low
25040,27,15,5,7,0.611111111,Low
25043,25,18,7,8,1.1,Low
25045,20,12,2,6,0.1,Low
25051,27,8,2,3,0.511111111,Low
25052,21,19,1,4,-1.871428571,Low
25054,29,13,1,4,-1.065517241,Low
25056,23,15,7,8,1.804347826,Low
25060,17,16,5,1,1.064705882,Low
25061,17,14,4,7,0.964705882,Low
25062,29,19,1,7,-2.265517241,Low
25063,18,14,6,9,1.866666667,Low
25067,20,12,3,8,0.6,Low
25072,22,6,1,5,0.663636364,Low
25073,14,19,1,2,-1.157142857,Low
25078,19,16,6,9,1.378947368,Low
25082,23,8,4,7,1.704347826,Low
25086,13,17,1,2,-0.592307692,Low
25087,24,15,1,5,-1.25,Low
25088,23,8,4,5,1.704347826,Low
25089,29,16,4,9,-0.165517241,Low
25091,24,7,2,2,0.85,Low
25093,16,14,5,7,1.575,Low
25096,21,17,2,7,-0.971428571,Low
25099,27,16,2,8,-1.088888889,Low
25101,24,19,7,2,0.95,Low
25105,16,14,4,1,1.075,Low
25106,25,18,3,6,-0.9,Low
25110,18,14,1,1,-0.633333333,Low
25116,26,7,2,4,0.753846154,Low
25117,21,16,4,4,0.228571429,Low
25118,23,18,4,9,-0.295652174,Low
25120,10,19,3,6,0.7,Low
25121,14,10,2,6,1.142857143,Low
25123,10,13,1,7,0.9,Low
25129,22,15,1,9,-1.136363636,Low
25134,28,5,3,1,1.571428571,Low
25137,29,13,7,2,1.934482759,Low
25142,17,6,2,8,1.564705882,Low
25146,26,18,5,1,0.053846154,Low
25147,14,6,1,5,1.442857143,Low
25150,19,17,4,8,0.178947368,Low
25152,24,3,2,7,1.65,Low
25156,8,18,1,4,0.65,Low
25159,23,12,6,3,1.904347826,Low
25161,23,16,4,2,0.104347826,Low
25165,13,19,4,5,0.507692308,Low
25166,26,14,1,6,-1.146153846,Low
25179,11,8,1,6,1.627272727,Low
25188,24,18,6,3,0.65,Low
25191,18,16,7,1,1.966666667,Low
25196,25,15,3,4,-0.3,Low
25197,28,17,8,4,1.671428571,Low
25200,24,16,4,5,0.05,Low
25204,29,6,2,7,0.834482759,Low
25205,22,14,4,6,0.563636364,Low
25211,22,19,2,2,-1.436363636,Low
25213,28,16,8,1,1.871428571,Low
25214,17,7,1,3,0.864705882,Low
25217,19,11,3,6,0.878947368,Low
25227,18,18,7,4,1.566666667,Low
25230,28,8,4,1,1.471428571,Low
25236,11,17,1,5,-0.172727273,Low
25243,26,14,4,6,0.353846154,Low
25247,13,19,3,8,0.007692308,Low
25248,23,8,3,5,1.204347826,Low
25250,22,19,8,6,1.563636364,Low
25254,18,12,3,4,0.766666667,Low
25255,28,12,6,5,1.671428571,Low
25256,29,16,5,1,0.334482759,Low
25257,29,16,1,6,-1.665517241,Low
25266,23,11,5,1,1.604347826,Low
25269,23,6,3,2,1.604347826,Low
25270,23,19,6,9,0.504347826,Low
25271,18,18,1,6,-1.433333333,Low
25272,24,13,2,5,-0.35,Low
25273,21,5,2,7,1.428571429,Low
25279,10,15,4,2,2,Low
25280,25,17,4,2,-0.2,Low
25283,26,14,1,8,-1.146153846,Low
25286,23,12,5,4,1.404347826,Low
25296,25,5,1,8,0.7,Low
25298,16,12,5,9,1.975,Low
25299,25,12,3,2,0.3,Low
25301,25,16,3,8,-0.5,Low
25310,26,12,1,5,-0.746153846,Low
25314,22,17,3,4,-0.536363636,Low
25323,15,15,5,1,1.5,Low
25324,23,15,7,2,1.804347826,Low
25328,22,6,1,6,0.663636364,Low
25331,22,11,3,8,0.663636364,Low
25334,19,17,3,3,-0.321052632,Low
25337,11,9,2,6,1.927272727,Low
25338,17,15,1,6,-0.735294118,Low
25339,15,16,2,7,-0.2,Low
25340,17,16,4,6,0.564705882,Low
25343,23,16,5,4,0.604347826,Low
25348,26,14,3,7,-0.146153846,Low
25351,29,16,8,6,1.834482759,Low
25353,29,2,2,4,1.634482759,Low
25356,24,14,7,9,1.95,Low
25357,19,5,1,9,1.078947368,Low
25358,27,16,7,5,1.411111111,Low
25361,10,9,1,8,1.7,Low
25362,18,18,7,9,1.566666667,Low
25364,28,8,2,8,0.471428571,Low
25368,15,19,7,6,1.7,Low
25369,29,16,8,7,1.834482759,Low
25371,29,15,4,6,0.034482759,Low
25378,21,19,2,9,-1.371428571,Low
25381,28,3,3,1,1.971428571,Low
25382,22,8,2,9,0.763636364,Low
25388,26,18,4,7,-0.446153846,Low
25394,23,12,1,6,-0.595652174,Low
25395,9,13,1,7,1.233333333,Low
25397,19,13,6,4,1.978947368,Low
25398,17,12,2,1,0.364705882,Low
25399,27,13,5,5,1.011111111,Low
25400,21,3,2,6,1.828571429,Low
25408,13,10,1,2,0.807692308,Low
25410,26,9,3,2,0.853846154,Low
25414,20,18,7,8,1.4,Low
25416,22,19,2,5,-1.436363636,Low
25422,18,9,1,1,0.366666667,Low
25423,18,4,2,6,1.866666667,Low
25424,27,9,1,7,-0.188888889,Low
25426,27,14,6,2,1.311111111,Low
25429,13,14,3,7,1.007692308,Low
25431,19,12,5,6,1.678947368,Low
25433,23,15,4,7,0.304347826,Low
25435,28,18,7,3,0.971428571,Low
25437,12,14,3,2,1.2,Low
25440,24,10,3,1,0.75,Low
25442,29,8,3,1,0.934482759,Low
25443,18,15,4,5,0.666666667,Low
25445,22,12,2,1,-0.036363636,Low
25450,14,18,5,7,1.042857143,Low
25454,15,12,1,2,0.1,Low
25455,28,8,4,2,1.471428571,Low
25456,27,17,3,3,-0.788888889,Low
25461,18,1,1,2,1.966666667,Low
25463,16,15,3,3,0.375,Low
25466,26,14,3,2,-0.146153846,Low
25467,14,16,3,6,0.442857143,Low
25470,23,17,7,8,1.404347826,Low
25471,16,14,3,2,0.575,Low
25475,26,3,2,7,1.553846154,Low
25476,28,17,3,2,-0.828571429,Low
25478,15,19,4,5,0.2,Low
25482,15,16,4,8,0.8,Low
25484,24,17,5,5,0.35,Low
25488,22,17,1,9,-1.536363636,Low
25494,25,4,3,1,1.9,Low
25495,25,6,3,9,1.5,Low
25497,24,18,2,5,-1.35,Low
25498,20,15,6,1,1.5,Low
25503,27,16,7,5,1.411111111,Low
25506,22,16,6,4,1.163636364,Low
25512,16,13,5,7,1.775,Low
25516,21,17,2,8,-0.971428571,Low
25518,20,9,2,5,0.7,Low
25520,20,11,1,7,-0.2,Low
25521,24,10,4,9,1.25,Low
25525,25,19,8,2,1.4,Low
25526,29,18,6,8,0.434482759,Low
25528,19,18,1,7,-1.521052632,Low
25531,29,7,4,6,1.634482759,Low
25532,17,5,2,9,1.764705882,Low
25534,26,4,3,3,1.853846154,Low
25535,17,16,5,6,1.064705882,Low
25536,28,17,7,1,1.171428571,Low
25538,18,6,3,3,1.966666667,Low
25540,23,4,2,4,1.504347826,Low
25541,29,12,5,5,1.134482759,Low
25542,11,14,4,1,1.927272727,Low
25544,27,14,6,2,1.311111111,Low
25548,29,15,4,8,0.034482759,Low
25550,19,18,2,3,-1.021052632,Low
25551,24,6,1,1,0.55,Low
25552,18,8,2,4,1.066666667,Low
25555,15,19,4,2,0.2,Low
25557,25,14,2,1,-0.6,Low
25561,26,5,2,6,1.153846154,Low
25564,25,15,4,7,0.2,Low
25569,13,7,1,8,1.407692308,Low
25572,17,14,5,9,1.464705882,Low
25576,27,5,1,8,0.611111111,Low
25577,24,13,4,1,0.65,Low
25580,22,3,2,8,1.763636364,Low
25583,29,14,7,7,1.734482759,Low
25589,17,11,3,6,1.064705882,Low
25590,20,6,1,3,0.8,Low
25592,18,19,1,7,-1.633333333,Low
25593,25,17,4,4,-0.2,Low
25599,21,12,2,5,0.028571429,Low
25601,13,11,2,8,1.107692308,Low
25605,11,18,4,9,1.127272727,Low
25607,14,18,5,7,1.042857143,Low
25609,26,7,4,9,1.753846154,Low
25612,12,16,2,7,0.3,Low
25613,22,7,1,6,0.463636364,Low
25614,27,17,6,4,0.711111111,Low
25616,11,12,3,4,1.827272727,Low
25620,12,15,5,4,2,Low
25621,29,14,3,2,-0.265517241,Low
25623,28,13,7,9,1.971428571,Low
25625,14,15,3,5,0.642857143,Low
25632,25,6,2,9,1,Low
25637,22,19,3,6,-0.936363636,Low
25638,15,9,2,2,1.2,Low
25646,29,19,7,1,0.734482759,Low
25654,23,8,1,5,0.204347826,Low
25656,17,13,5,2,1.664705882,Low
25658,8,17,1,7,0.85,Low
25660,14,11,3,8,1.442857143,Low
25661,17,12,5,6,1.864705882,Low
25662,20,15,2,7,-0.5,Low
25667,21,13,1,1,-0.671428571,Low
25680,28,4,2,2,1.271428571,Low
25682,15,11,4,1,1.8,Low
25684,18,12,3,5,0.766666667,Low
25698,16,16,4,6,0.675,Low
25702,21,6,3,3,1.728571429,Low
25703,27,14,3,1,-0.188888889,Low
25705,22,11,2,4,0.163636364,Low
25708,17,16,5,5,1.064705882,Low
25710,25,19,7,6,0.9,Low
25712,28,13,5,5,0.971428571,Low
25714,21,12,1,6,-0.471428571,Low
25715,19,16,3,8,-0.121052632,Low
25718,29,9,3,1,0.734482759,Low
25719,18,15,1,8,-0.833333333,Low
25722,13,18,2,7,-0.292307692,Low
25724,19,14,6,1,1.778947368,Low
25726,14,11,4,2,1.942857143,Low
25727,18,15,5,6,1.166666667,Low
25728,19,11,3,1,0.878947368,Low
25732,29,11,5,2,1.334482759,Low
25735,26,12,1,6,-0.746153846,Low
25736,19,11,1,7,-0.121052632,Low
25739,17,8,2,6,1.164705882,Low
25749,17,15,6,5,1.764705882,Low
25752,22,13,3,3,0.263636364,Low
25753,19,10,4,8,1.578947368,Low
25754,13,16,1,3,-0.392307692,Low
25755,18,15,3,1,0.166666667,Low
25756,16,9,3,2,1.575,Low
25758,13,18,5,5,1.207692308,Low
25761,27,12,6,8,1.711111111,Low
25762,26,13,6,4,1.553846154,Low
25767,22,11,1,4,-0.336363636,Low
25772,17,10,4,7,1.764705882,Low
25773,15,18,3,4,-0.1,Low
25781,24,17,1,1,-1.65,Low
25782,22,6,1,7,0.663636364,Low
25784,28,15,2,8,-0.928571429,Low
25787,15,19,1,1,-1.3,Low
25788,26,14,4,5,0.353846154,Low
25791,25,12,2,8,-0.2,Low
25798,20,18,3,5,-0.6,Low
25799,10,8,1,2,1.9,Low
25801,26,15,6,3,1.153846154,Low
25806,18,6,2,4,1.466666667,Low
25811,22,16,7,5,1.663636364,Low
25815,27,17,7,8,1.211111111,Low
25817,28,8,4,5,1.471428571,Low
25818,24,19,8,5,1.45,Low
25819,15,15,6,5,2,Low
25824,15,18,3,4,-0.1,Low
25825,28,16,1,8,-1.628571429,Low
25828,18,7,2,8,1.266666667,Low
25829,26,13,4,2,0.553846154,Low
25836,24,13,6,8,1.65,Low
25839,20,19,4,7,-0.3,Low
25842,23,3,2,3,1.704347826,Low
25845,22,15,3,2,-0.136363636,Low
25847,26,18,4,6,-0.446153846,Low
25850,11,14,1,8,0.427272727,Low
25851,20,14,3,8,0.2,Low
25863,29,17,3,6,-0.865517241,Low
25864,19,1,1,8,1.878947368,Low
25867,22,13,2,1,-0.236363636,Low
25869,12,10,3,6,2,Low
25870,29,1,2,9,1.834482759,Low
25872,19,19,4,6,-0.221052632,Low
25875,23,19,3,3,-0.995652174,Low
25878,21,4,2,2,1.628571429,Low
25880,14,7,1,3,1.242857143,Low
25881,9,15,2,2,1.333333333,Low
25883,7,19,3,3,1.985714286,Low
25885,22,11,4,6,1.163636364,Low
25886,11,14,2,3,0.927272727,Low
25887,26,5,3,4,1.653846154,Low
25892,28,10,5,3,1.571428571,Low
25893,13,16,2,8,0.107692308,Low
25897,19,9,2,8,0.778947368,Low
25900,12,18,4,2,0.9,Low
25901,28,6,4,3,1.871428571,Low
25904,13,10,1,3,0.807692308,Low
25907,21,12,4,8,1.028571429,Low
25910,16,7,2,7,1.475,Low
25914,29,5,1,5,0.534482759,Low
25927,29,2,2,9,1.634482759,Low
25928,18,12,4,1,1.266666667,Low
25930,28,13,3,1,-0.028571429,Low
25931,25,9,5,2,1.9,Low
25935,24,12,5,5,1.35,Low
25936,14,12,2,1,0.742857143,Low
25942,26,14,3,2,-0.146153846,Low
25946,15,14,3,7,0.7,Low
25948,22,19,6,6,0.563636364,Low
25952,10,19,3,9,0.7,Low
25954,29,17,8,6,1.634482759,Low
25955,26,11,6,6,1.953846154,Low
25956,17,19,6,3,0.964705882,Low
25959,28,16,2,1,-1.128571429,Low
25961,24,12,5,3,1.35,Low
25963,29,11,6,4,1.834482759,Low
25965,14,6,1,6,1.442857143,Low
25971,14,9,2,8,1.342857143,Low
25972,16,7,1,2,0.975,Low
25974,26,13,1,9,-0.946153846,Low
25976,24,3,1,8,1.15,Low
25989,13,18,2,6,-0.292307692,Low
25990,16,18,5,1,0.775,Low
25991,9,12,2,5,1.933333333,Low
25992,26,18,6,5,0.553846154,Low
25998,13,12,2,8,0.907692308,Low
26002,11,8,1,5,1.627272727,Low
26003,23,5,2,6,1.304347826,Low
26004,27,6,1,5,0.411111111,Low
26005,28,9,5,7,1.771428571,Low
26006,15,8,1,4,0.9,Low
26007,13,15,1,6,-0.192307692,Low
26012,29,13,4,9,0.434482759,Low
26016,21,17,1,4,-1.471428571,Low
26018,28,6,3,4,1.371428571,Low
26020,29,14,3,3,-0.265517241,Low
26021,26,4,1,8,0.853846154,Low
26022,24,13,1,9,-0.85,Low
26023,29,15,2,9,-0.965517241,Low
26024,25,13,1,4,-0.9,Low
26028,21,1,1,6,1.728571429,Low
26029,22,10,2,3,0.363636364,Low
26030,27,14,4,4,0.311111111,Low
26031,19,13,3,3,0.478947368,Low
26036,22,2,1,6,1.463636364,Low
26041,27,16,3,5,-0.588888889,Low
26042,29,11,4,7,0.834482759,Low
26045,21,9,4,7,1.628571429,Low
26047,25,12,2,9,-0.2,Low
26049,28,16,4,4,-0.128571429,Low
26055,14,19,2,9,-0.657142857,Low
26063,23,18,2,6,-1.295652174,Low
26064,19,1,1,1,1.878947368,Low
26066,24,16,5,6,0.55,Low
26067,23,18,8,7,1.704347826,Low
26076,13,15,1,5,-0.192307692,Low
26082,21,9,1,1,0.128571429,Low
26083,27,1,1,6,1.411111111,Low
26086,15,16,2,8,-0.2,Low
26087,10,8,1,7,1.9,Low
26098,22,14,4,7,0.563636364,Low
26103,19,4,2,9,1.778947368,Low
26108,27,16,6,9,0.911111111,Low
26113,29,18,9,5,1.934482759,Low
26114,18,15,3,1,0.166666667,Low
26116,26,16,8,1,1.953846154,Low
26117,12,8,2,4,1.9,Low
26123,29,19,1,4,-2.265517241,Low
26125,19,13,6,2,1.978947368,Low
26126,22,5,3,3,1.863636364,Low
26128,29,19,2,3,-1.765517241,Low
26130,26,19,4,7,-0.646153846,Low
26135,12,15,3,5,1,Low
26137,23,18,7,6,1.204347826,Low
26139,15,13,4,9,1.4,Low
26142,21,9,1,8,0.128571429,Low
26146,13,15,5,3,1.807692308,Low
26148,11,12,2,3,1.327272727,Low
26149,14,10,1,6,0.642857143,Low
26152,18,18,5,2,0.566666667,Low
26156,11,17,4,5,1.327272727,Low
26168,16,19,2,9,-0.925,Low
26170,19,11,1,2,-0.121052632,Low
26171,11,10,1,5,1.227272727,Low
26172,27,11,3,2,0.411111111,Low
26176,17,13,2,7,0.164705882,Low
26177,23,16,7,4,1.604347826,Low
26178,14,16,2,7,-0.057142857,Low
26182,10,13,2,7,1.4,Low
26183,27,18,3,9,-0.988888889,Low
26188,15,18,4,1,0.4,Low
26199,28,16,1,8,-1.628571429,Low
26201,12,19,5,7,1.2,Low
26202,13,17,6,2,1.907692308,Low
26204,24,12,1,9,-0.65,Low
26206,27,16,1,5,-1.588888889,Low
26207,22,16,2,4,-0.836363636,Low
26208,27,9,2,4,0.311111111,Low
26209,22,12,1,9,-0.536363636,Low
26211,22,4,2,9,1.563636364,Low
26216,16,12,1,2,-0.025,Low
26218,20,19,5,3,0.2,Low
26219,23,15,5,5,0.804347826,Low
26222,17,17,1,1,-1.135294118,Low
26227,19,17,2,6,-0.821052632,Low
26228,18,17,1,6,-1.233333333,Low
26229,25,9,5,6,1.9,Low
26237,25,4,3,2,1.9,Low
26238,17,17,7,5,1.864705882,Low
26239,21,13,5,2,1.328571429,Low
26240,26,12,3,9,0.253846154,Low
26241,28,14,1,1,-1.228571429,Low
26242,25,13,2,9,-0.4,Low
26248,22,6,1,2,0.663636364,Low
26250,20,13,3,1,0.4,Low
26251,22,5,2,6,1.363636364,Low
26252,29,11,5,6,1.334482759,Low
26253,7,14,1,8,1.985714286,Low
26254,29,8,4,1,1.434482759,Low
26256,23,19,1,2,-1.995652174,Low
26260,22,13,2,5,-0.236363636,Low
26262,25,14,4,4,0.4,Low
26269,26,9,5,8,1.853846154,Low
26276,29,8,3,3,0.934482759,Low
26278,22,7,1,9,0.463636364,Low
26280,26,19,3,2,-1.146153846,Low
26281,19,12,1,9,-0.321052632,Low
26285,16,9,3,7,1.575,Low
26286,28,19,8,6,1.271428571,Low
26291,18,17,7,3,1.766666667,Low
26292,12,9,1,8,1.2,Low
26294,18,16,1,3,-1.033333333,Low
26295,6,19,1,2,1.7,Low
26296,18,7,2,2,1.266666667,Low
26297,29,16,4,5,-0.165517241,Low
26300,27,9,2,2,0.311111111,Low
26305,16,12,3,2,0.975,Low
26308,29,8,2,7,0.434482759,Low
26310,16,6,2,6,1.675,Low
26315,24,12,4,3,0.85,Low
26318,29,15,7,6,1.534482759,Low
26325,27,16,4,8,-0.088888889,Low
26326,17,12,4,5,1.364705882,Low
26330,19,14,1,7,-0.721052632,Low
26333,28,8,2,4,0.471428571,Low
26340,14,18,5,4,1.042857143,Low
26359,20,8,1,5,0.4,Low
26362,19,16,6,5,1.378947368,Low
26366,27,7,3,3,1.211111111,Low
26367,26,11,2,2,-0.046153846,Low
26375,17,17,5,3,0.864705882,Low
26377,18,6,2,7,1.466666667,Low
26385,24,17,2,9,-1.15,Low
26392,25,9,2,7,0.4,Low
26397,12,16,1,8,-0.2,Low
26398,28,10,3,2,0.571428571,Low
26400,11,7,1,6,1.827272727,Low
26403,29,18,6,3,0.434482759,Low
26405,18,7,3,4,1.766666667,Low
26407,27,19,8,4,1.311111111,Low
26412,29,2,1,2,1.134482759,Low
26414,24,14,7,1,1.95,Low
26417,19,18,3,3,-0.521052632,Low
26422,23,18,2,8,-1.295652174,Low
26427,18,11,3,4,0.966666667,Low
26429,25,15,6,2,1.2,Low
26430,28,6,4,7,1.871428571,Low
26432,17,12,1,1,-0.135294118,Low
26434,17,5,1,3,1.264705882,Low
26435,17,18,7,3,1.664705882,Low
26436,10,18,4,5,1.4,Low
26439,29,19,1,6,-2.265517241,Low
26442,26,13,2,5,-0.446153846,Low
26444,22,14,1,9,-0.936363636,Low
26446,15,12,3,2,1.1,Low
26448,20,16,6,3,1.3,Low
26450,19,18,8,9,1.978947368,Low
26451,19,17,4,3,0.178947368,Low
26462,28,18,6,9,0.471428571,Low
26465,28,10,5,3,1.571428571,Low
26475,19,14,2,5,-0.221052632,Low
26479,28,18,1,1,-2.028571429,Low
26482,28,11,5,4,1.371428571,Low
26483,8,14,1,2,1.45,Low
26484,26,9,3,2,0.853846154,Low
26492,21,8,1,5,0.328571429,Low
26498,17,10,2,9,0.764705882,Low
26500,12,11,1,6,0.8,Low
26501,25,19,9,7,1.9,Low
26502,20,17,1,6,-1.4,Low
26503,22,15,7,5,1.863636364,Low
26504,18,19,1,9,-1.633333333,Low
26505,22,4,2,3,1.563636364,Low
26506,11,18,4,2,1.127272727,Low
26520,19,18,2,2,-1.021052632,Low
26521,11,13,1,4,0.627272727,Low
26522,26,18,6,7,0.553846154,Low
26523,22,8,3,3,1.263636364,Low
26527,19,19,7,6,1.278947368,Low
26528,28,9,1,1,-0.228571429,Low
26536,27,9,3,6,0.811111111,Low
26540,13,10,1,2,0.807692308,Low
26545,22,19,5,7,0.063636364,Low
26550,16,11,1,6,0.175,Low
26551,29,9,3,8,0.734482759,Low
26554,19,19,6,3,0.778947368,Low
26557,28,18,4,7,-0.528571429,Low
26559,12,12,2,2,1.1,Low
26560,29,13,4,8,0.434482759,Low
26564,25,1,1,2,1.5,Low
26566,22,18,3,5,-0.736363636,Low
26568,16,19,2,4,-0.925,Low
26569,22,17,3,9,-0.536363636,Low
26573,21,14,1,7,-0.871428571,Low
26574,22,3,2,8,1.763636364,Low
26575,20,13,3,5,0.4,Low
26576,26,18,3,3,-0.946153846,Low
26577,20,1,1,9,1.8,Low
26583,20,16,3,6,-0.2,Low
26584,27,10,1,6,-0.388888889,Low
26586,25,9,2,7,0.4,Low
26587,28,9,3,1,0.771428571,Low
26589,17,13,3,3,0.664705882,Low
26592,27,9,2,5,0.311111111,Low
26597,11,14,3,2,1.427272727,Low
26599,12,15,1,9,0,Low
26601,27,18,7,6,1.011111111,Low
26603,20,8,1,3,0.4,Low
26606,23,5,1,1,0.804347826,Low
26607,17,8,1,5,0.664705882,Low
26608,27,18,2,4,-1.488888889,Low
26613,16,17,1,5,-1.025,Low
26614,15,9,1,3,0.7,Low
26618,23,5,1,6,0.804347826,Low
26619,23,16,1,6,-1.395652174,Low
26623,22,13,5,1,1.263636364,Low
26624,18,17,5,3,0.766666667,Low
26625,21,15,4,5,0.428571429,Low
26626,29,7,4,4,1.634482759,Low
26627,11,17,2,1,0.327272727,Low
26628,20,18,1,2,-1.6,Low
26631,16,19,1,3,-1.425,Low
26634,16,16,6,2,1.675,Low
26636,22,19,4,3,-0.436363636,Low
26639,18,19,5,4,0.366666667,Low
26642,21,16,7,3,1.728571429,Low
26648,9,16,3,2,1.633333333,Low
26650,20,13,4,5,0.9,Low
26652,23,5,1,8,0.804347826,Low
26653,14,17,6,7,1.742857143,Low
26654,29,8,5,1,1.934482759,Low
26659,15,16,3,4,0.3,Low
26661,19,17,5,7,0.678947368,Low
26667,20,16,7,8,1.8,Low
26668,23,13,4,7,0.704347826,Low
26669,25,9,3,2,0.9,Low
26672,23,10,2,3,0.304347826,Low
26675,27,19,5,7,-0.188888889,Low
26680,23,4,2,7,1.504347826,Low
26681,27,16,3,3,-0.588888889,Low
26684,28,9,2,1,0.271428571,Low
26688,24,17,4,1,-0.15,Low
26691,29,7,4,8,1.634482759,Low
26692,9,19,3,4,1.033333333,Low
26699,17,19,8,7,1.964705882,Low
26704,9,16,1,9,0.633333333,Low
26716,26,17,6,4,0.753846154,Low
26719,7,16,1,5,1.585714286,Low
26725,24,7,4,2,1.85,Low
26728,24,19,1,7,-2.05,Low
26735,13,12,2,2,0.907692308,Low
26737,23,11,1,6,-0.395652174,Low
26739,16,6,2,3,1.675,Low
26741,16,15,2,1,-0.125,Low
26749,15,16,1,6,-0.7,Low
26752,18,18,1,5,-1.433333333,Low
26756,17,18,2,6,-0.835294118,Low
26758,25,16,3,8,-0.5,Low
26760,8,18,3,6,1.65,Low
26762,25,3,2,2,1.6,Low
26764,22,12,3,1,0.463636364,Low
26769,17,14,5,1,1.464705882,Low
26772,23,19,3,9,-0.995652174,Low
26774,26,18,8,3,1.553846154,Low
26776,23,8,4,6,1.704347826,Low
26778,21,17,3,7,-0.471428571,Low
26779,16,16,4,6,0.675,Low
26780,11,9,2,8,1.927272727,Low
26783,15,4,1,1,1.7,Low
26785,23,9,2,6,0.504347826,Low
26786,27,19,2,7,-1.688888889,Low
26787,24,13,1,7,-0.85,Low
26788,13,8,1,7,1.207692308,Low
26790,26,11,5,3,1.453846154,Low
26791,28,1,2,6,1.871428571,Low
26792,28,7,3,2,1.171428571,Low
26795,24,16,1,4,-1.45,Low
26796,23,16,1,9,-1.395652174,Low
26799,27,7,2,3,0.711111111,Low
26805,28,16,5,2,0.371428571,Low
26807,24,19,2,6,-1.55,Low
26809,16,15,4,8,0.875,Low
26811,26,16,1,5,-1.546153846,Low
26815,26,13,6,6,1.553846154,Low
26817,29,19,4,7,-0.765517241,Low
26818,22,8,3,2,1.263636364,Low
26820,26,9,2,2,0.353846154,Low
26822,12,13,3,7,1.4,Low
26824,15,10,1,2,0.5,Low
26825,16,9,3,5,1.575,Low
26826,18,4,2,1,1.866666667,Low
26830,10,15,4,4,2,Low
26831,25,14,3,2,-0.1,Low
26833,10,18,4,8,1.4,Low
26834,21,10,2,4,0.428571429,Low
26836,19,6,1,3,0.878947368,Low
26837,19,13,4,2,0.978947368,Low
26839,11,14,1,3,0.427272727,Low
26841,23,8,4,5,1.704347826,Low
26842,9,15,3,8,1.833333333,Low
26843,26,3,2,1,1.553846154,Low
26845,11,16,4,5,1.527272727,Low
26851,16,14,1,2,-0.425,Low
26858,24,13,1,5,-0.85,Low
26859,19,12,5,2,1.678947368,Low
26861,19,3,2,3,1.978947368,Low
26864,13,6,1,1,1.607692308,Low
26865,16,13,2,5,0.275,Low
26868,20,10,2,6,0.5,Low
26872,26,12,6,4,1.753846154,Low
26876,29,16,4,8,-0.165517241,Low
26885,11,14,2,4,0.927272727,Low
26887,20,1,1,8,1.8,Low
26891,16,17,5,1,0.975,Low
26894,24,19,5,1,-0.05,Low
26899,24,10,2,3,0.25,Low
26901,19,4,2,2,1.778947368,Low
26902,14,7,2,2,1.742857143,Low
26904,27,18,7,3,1.011111111,Low
26905,18,9,1,2,0.366666667,Low
26906,17,19,3,4,-0.535294118,Low
26910,22,17,8,2,1.963636364,Low
26913,23,7,3,5,1.404347826,Low
26915,24,3,1,7,1.15,Low
26916,28,19,5,1,-0.228571429,Low
26920,20,12,3,7,0.6,Low
26921,24,2,2,4,1.85,Low
26926,18,16,7,9,1.966666667,Low
26927,21,14,4,2,0.628571429,Low
26928,28,8,1,8,-0.028571429,Low
26930,9,13,1,7,1.233333333,Low
26934,13,16,3,7,0.607692308,Low
26941,28,12,4,1,0.671428571,Low
26942,24,14,5,7,0.95,Low
26944,10,19,2,2,0.2,Low
26949,23,5,3,3,1.804347826,Low
26955,16,19,3,5,-0.425,Low
26956,28,19,9,9,1.771428571,Low
26958,26,16,3,1,-0.546153846,Low
26959,21,17,7,7,1.528571429,Low
26963,26,3,1,7,1.053846154,Low
26964,21,5,1,2,0.928571429,Low
26966,28,9,1,9,-0.228571429,Low
26968,21,6,2,3,1.228571429,Low
26969,23,3,1,8,1.204347826,Low
26971,27,18,4,1,-0.488888889,Low
26974,8,15,1,1,1.25,Low
26976,26,10,5,1,1.653846154,Low
26977,22,7,3,4,1.463636364,Low
26982,15,5,1,6,1.5,Low
26985,10,17,4,3,1.6,Low
26986,16,10,3,9,1.375,Low
26988,25,5,2,8,1.2,Low
26989,22,13,3,5,0.263636364,Low
26991,16,13,2,8,0.275,Low
26992,27,2,1,4,1.211111111,Low
26993,13,13,1,6,0.207692308,Low
26999,26,11,5,7,1.453846154,Low
27000,20,11,2,3,0.3,Low
27001,15,18,7,7,1.9,Low
27004,29,18,2,6,-1.565517241,Low
27010,12,16,5,6,1.8,Low
27012,24,10,2,4,0.25,Low
27015,13,9,1,4,1.007692308,Low
27017,25,11,6,9,2,Low
27019,20,15,7,5,2,Low
27020,28,19,5,9,-0.228571429,Low
27021,15,8,1,3,0.9,Low
27022,27,12,1,8,-0.788888889,Low
27029,28,2,1,7,1.171428571,Low
27030,16,5,2,6,1.875,Low
27033,18,17,4,1,0.266666667,Low
27034,17,18,1,1,-1.335294118,Low
27036,24,10,2,9,0.25,Low
27044,25,13,1,9,-0.9,Low
27045,18,8,2,6,1.066666667,Low
27051,13,17,4,9,0.907692308,Low
27052,10,17,3,7,1.1,Low
27054,28,13,2,7,-0.528571429,Low
27059,25,16,2,9,-1,Low
27060,15,19,7,9,1.7,Low
27061,18,8,1,6,0.566666667,Low
27062,26,16,1,4,-1.546153846,Low
27066,26,9,5,4,1.853846154,Low
27069,15,6,1,4,1.3,Low
27070,22,9,2,9,0.563636364,Low
27071,19,12,2,9,0.178947368,Low
27076,26,2,2,4,1.753846154,Low
27082,21,18,4,3,-0.171428571,Low
27085,29,14,4,2,0.234482759,Low
27087,14,8,2,6,1.542857143,Low
27093,16,7,2,5,1.475,Low
27094,14,17,6,6,1.742857143,Low
27095,29,14,2,7,-0.765517241,Low
27097,13,19,5,5,1.007692308,Low
27098,22,17,3,8,-0.536363636,Low
27102,27,6,4,9,1.911111111,Low
27103,13,9,2,5,1.507692308,Low
27105,28,2,2,1,1.671428571,Low
27107,8,18,3,6,1.65,Low
27108,29,6,3,6,1.334482759,Low
27110,17,9,3,3,1.464705882,Low
27111,11,11,1,9,1.027272727,Low
27114,26,16,6,8,0.953846154,Low
27115,26,7,2,2,0.753846154,Low
27117,26,12,1,6,-0.746153846,Low
27121,19,17,1,5,-1.321052632,Low
27124,20,17,1,2,-1.4,Low
27125,26,9,5,9,1.853846154,Low
27130,19,16,6,9,1.378947368,Low
27133,17,18,7,1,1.664705882,Low
27135,23,17,6,2,0.904347826,Low
27138,23,9,3,3,1.004347826,Low
27141,25,6,2,4,1,Low
27150,26,12,1,3,-0.746153846,Low
27151,15,19,6,7,1.2,Low
27155,9,19,2,8,0.533333333,Low
27161,20,15,3,2,0,Low
27162,12,9,2,8,1.7,Low
27163,11,18,2,2,0.127272727,Low
27165,12,7,1,8,1.6,Low
27167,22,13,2,5,-0.236363636,Low
27168,27,12,6,4,1.711111111,Low
27173,19,7,3,2,1.678947368,Low
27175,11,8,1,9,1.627272727,Low
27178,21,18,8,2,1.828571429,Low
27179,14,18,1,2,-0.957142857,Low
27181,26,19,8,3,1.353846154,Low
27183,20,15,2,6,-0.5,Low
27184,20,14,2,4,-0.3,Low
27185,27,5,2,3,1.111111111,Low
27186,28,5,3,9,1.571428571,Low
27187,24,5,3,5,1.75,Low
27190,29,18,3,3,-1.065517241,Low
27193,18,11,4,8,1.466666667,Low
27196,14,17,6,7,1.742857143,Low
27198,25,17,6,6,0.8,Low
27200,29,16,7,9,1.334482759,Low
27202,20,1,1,1,1.8,Low
27207,12,13,2,9,0.9,Low
27211,22,1,1,5,1.663636364,Low
27218,13,19,6,9,1.507692308,Low
27221,22,12,2,6,-0.036363636,Low
27223,15,16,3,9,0.3,Low
27228,22,16,7,4,1.663636364,Low
27229,11,13,2,8,1.127272727,Low
27230,20,15,1,2,-1,Low
27235,22,6,2,1,1.163636364,Low
27239,14,15,2,1,0.142857143,Low
27240,27,6,2,6,0.911111111,Low
27247,23,18,8,7,1.704347826,Low
27248,22,18,7,3,1.263636364,Low
27249,14,16,3,2,0.442857143,Low
27256,14,14,2,3,0.342857143,Low
27258,20,19,8,2,1.7,Low
27260,25,3,1,8,1.1,Low
27261,10,13,3,8,1.9,Low
27263,28,18,9,4,1.971428571,Low
27264,28,18,1,3,-2.028571429,Low
27265,20,18,4,4,-0.1,Low
27267,24,19,4,3,-0.55,Low
27268,20,9,3,9,1.2,Low
27271,27,9,3,9,0.811111111,Low
27273,22,11,4,1,1.163636364,Low
27275,22,4,2,2,1.563636364,Low
27277,21,8,4,7,1.828571429,Low
27279,25,15,6,5,1.2,Low
27282,18,6,3,1,1.966666667,Low
27286,13,10,3,1,1.807692308,Low
27287,11,17,2,1,0.327272727,Low
27293,23,12,5,4,1.404347826,Low
27300,19,9,4,4,1.778947368,Low
27308,20,12,1,1,-0.4,Low
27309,27,4,2,2,1.311111111,Low
27310,25,18,5,5,0.1,Low
27311,20,6,3,7,1.8,Low
27316,27,8,4,3,1.511111111,Low
27318,25,19,7,8,0.9,Low
27319,9,18,1,5,0.233333333,Low
27329,27,12,4,5,0.711111111,Low
27331,11,16,2,8,0.527272727,Low
27337,28,3,1,9,0.971428571,Low
27338,25,4,3,1,1.9,Low
27345,16,7,2,2,1.475,Low
27354,19,13,4,1,0.978947368,Low
27361,13,15,2,8,0.307692308,Low
27363,19,17,4,9,0.178947368,Low
27376,20,15,7,8,2,Low
27377,25,19,7,9,0.9,Low
27379,27,3,2,8,1.511111111,Low
27380,28,4,3,5,1.771428571,Low
27389,24,17,8,3,1.85,Low
27397,22,19,6,1,0.563636364,Low
27398,12,12,1,6,0.6,Low
27402,12,18,1,7,-0.6,Low
27403,27,8,2,7,0.511111111,Low
27404,28,10,1,7,-0.428571429,Low
27406,7,19,1,3,0.985714286,Low
27409,24,12,6,2,1.85,Low
27411,23,11,1,4,-0.395652174,Low
27413,24,4,2,3,1.45,Low
27418,13,5,1,7,1.807692308,Low
27419,20,13,4,7,0.9,Low
27421,23,8,2,3,0.704347826,Low
27423,24,13,1,1,-0.85,Low
27425,28,11,2,5,-0.128571429,Low
27426,26,11,1,1,-0.546153846,Low
27437,12,11,3,7,1.8,Low
27438,13,12,1,7,0.407692308,Low
27458,26,13,5,3,1.053846154,Low
27463,29,19,8,4,1.234482759,Low
27464,28,1,2,8,1.871428571,Low
27466,17,6,2,1,1.564705882,Low
27468,29,9,3,9,0.734482759,Low
27469,10,13,2,5,1.4,Low
27476,22,11,4,6,1.163636364,Low
27481,7,19,3,5,1.985714286,Low
27482,22,19,6,3,0.563636364,Low
27483,29,17,2,7,-1.365517241,Low
27487,20,17,4,8,0.1,Low
27489,24,15,7,6,1.75,Low
27490,17,13,3,5,0.664705882,Low
27491,14,18,6,1,1.542857143,Low
27492,25,11,3,9,0.5,Low
27493,17,10,2,5,0.764705882,Low
27494,17,5,2,8,1.764705882,Low
27495,25,17,3,9,-0.7,Low
27499,9,17,3,5,1.433333333,Low
27500,17,16,1,6,-0.935294118,Low
27503,20,13,3,3,0.4,Low
27504,14,17,6,1,1.742857143,Low
27510,21,13,3,9,0.328571429,Low
27514,28,9,5,4,1.771428571,Low
27516,22,12,3,3,0.463636364,Low
27522,22,18,6,3,0.763636364,Low
27525,25,8,1,9,0.1,Low
27526,20,18,4,3,-0.1,Low
27527,11,18,1,1,-0.372727273,Low
27529,25,14,5,1,0.9,Low
27534,14,12,2,2,0.742857143,Low
27539,25,14,7,9,1.9,Low
27540,17,6,2,1,1.564705882,Low
27546,19,1,1,2,1.878947368,Low
27547,29,17,6,7,0.634482759,Low
27549,23,8,2,2,0.704347826,Low
27550,18,16,7,1,1.966666667,Low
27557,19,12,3,7,0.678947368,Low
27559,12,15,2,8,0.5,Low
27563,9,16,1,4,0.633333333,Low
27564,8,12,1,7,1.85,Low
27569,25,19,8,6,1.4,Low
27572,16,17,4,3,0.475,Low
27573,29,18,7,4,0.934482759,Low
27575,10,16,2,9,0.8,Low
27582,11,9,2,6,1.927272727,Low
27584,20,11,3,6,0.8,Low
27585,28,8,2,6,0.471428571,Low
27586,9,14,1,7,1.033333333,Low
27599,25,7,3,7,1.3,Low
27601,12,10,1,7,1,Low
27611,27,7,2,9,0.711111111,Low
27624,25,15,4,5,0.2,Low
27626,19,18,3,5,-0.521052632,Low
27629,22,18,2,5,-1.236363636,Low
27638,25,16,2,6,-1,Low
27641,24,2,2,4,1.85,Low
27643,11,14,1,9,0.427272727,Low
27646,21,19,2,8,-1.371428571,Low
27649,14,9,1,2,0.842857143,Low
27650,13,13,1,5,0.207692308,Low
27652,26,12,6,7,1.753846154,Low
27653,14,15,1,8,-0.357142857,Low
27654,9,18,2,8,0.733333333,Low
27656,23,12,5,8,1.404347826,Low
27659,18,14,2,3,-0.133333333,Low
27664,14,15,5,5,1.642857143,Low
27674,8,14,1,2,1.45,Low
27682,26,10,2,8,0.153846154,Low
27683,17,19,4,1,-0.035294118,Low
27687,18,17,4,1,0.266666667,Low
27688,26,19,9,4,1.853846154,Low
27692,23,18,2,2,-1.295652174,Low
27695,10,10,1,5,1.5,Low
27696,29,11,6,3,1.834482759,Low
27700,27,9,1,8,-0.188888889,Low
27704,22,15,6,7,1.363636364,Low
27708,14,11,1,5,0.442857143,Low
27712,26,9,2,5,0.353846154,Low
27713,18,13,2,9,0.066666667,Low
27716,13,18,3,9,0.207692308,Low
27717,25,17,1,4,-1.7,Low
27721,22,18,1,2,-1.736363636,Low
27722,29,6,3,1,1.334482759,Low
27723,28,6,4,9,1.871428571,Low
27726,26,4,3,9,1.853846154,Low
27727,26,7,3,1,1.253846154,Low
27729,27,9,1,9,-0.188888889,Low
27730,16,19,1,1,-1.425,Low
27731,18,12,5,4,1.766666667,Low
27732,17,17,6,4,1.364705882,Low
27739,21,12,3,3,0.528571429,Low
27740,27,6,3,1,1.411111111,Low
27745,7,15,1,4,1.785714286,Low
27747,28,17,5,9,0.171428571,Low
27748,29,14,7,3,1.734482759,Low
27756,15,18,5,3,0.9,Low
27759,28,13,7,5,1.971428571,Low
27761,25,17,3,8,-0.7,Low
27763,22,17,5,6,0.463636364,Low
27764,18,17,6,2,1.266666667,Low
27770,20,10,2,3,0.5,Low
27772,16,7,1,7,0.975,Low
27782,28,11,1,1,-0.628571429,Low
27785,28,9,5,9,1.771428571,Low
27789,15,17,3,9,0.1,Low
27795,28,4,1,7,0.771428571,Low
27796,23,9,2,1,0.504347826,Low
27806,16,19,6,3,1.075,Low
27807,21,10,3,8,0.928571429,Low
27812,18,15,1,6,-0.833333333,Low
27814,20,10,4,6,1.5,Low
27822,20,7,1,1,0.6,Low
27827,29,13,6,7,1.434482759,Low
27830,18,17,4,2,0.266666667,Low
27832,23,12,2,9,-0.095652174,Low
27834,15,18,2,2,-0.6,Low
27837,7,16,1,1,1.585714286,Low
27840,24,4,2,2,1.45,Low
27841,16,17,3,8,-0.025,Low
27846,10,15,4,9,2,Low
27847,9,10,1,1,1.833333333,Low
27848,29,8,3,7,0.934482759,Low
27851,9,16,2,8,1.133333333,Low
27852,22,19,3,7,-0.936363636,Low
27853,12,14,4,6,1.7,Low
27867,16,13,4,6,1.275,Low
27869,28,7,1,7,0.171428571,Low
27872,19,12,2,2,0.178947368,Low
27873,12,5,1,9,2,Low
27874,28,18,4,6,-0.528571429,Low
27876,22,7,3,6,1.463636364,Low
27878,26,13,6,2,1.553846154,Low
27879,23,10,4,6,1.304347826,Low
27883,11,9,2,8,1.927272727,Low
27884,25,16,2,9,-1,Low
27885,12,13,4,9,1.9,Low
27891,14,11,2,5,0.942857143,Low
27892,16,13,4,4,1.275,Low
27893,26,5,2,5,1.153846154,Low
27897,23,11,4,2,1.104347826,Low
27898,21,5,1,1,0.928571429,Low
27905,21,14,5,8,1.128571429,Low
27911,26,16,6,5,0.953846154,Low
27913,20,5,3,5,2,Low
27917,20,4,1,8,1.2,Low
27921,27,5,3,5,1.611111111,Low
27923,13,15,4,3,1.307692308,Low
27926,20,6,3,4,1.8,Low
27931,29,19,2,7,-1.765517241,Low
27935,21,15,1,8,-1.071428571,Low
27943,20,19,4,1,-0.3,Low
27947,24,19,6,6,0.45,Low
27952,13,12,1,6,0.407692308,Low
27955,28,3,2,1,1.471428571,Low
27957,11,13,3,7,1.627272727,Low
27960,15,17,2,1,-0.4,Low
27961,26,13,6,6,1.553846154,Low
27962,12,8,2,8,1.9,Low
27963,15,10,2,9,1,Low
27969,22,17,8,2,1.963636364,Low
27975,17,19,6,4,0.964705882,Low
27984,22,12,2,6,-0.036363636,Low
27995,10,16,4,3,1.8,Low
27999,9,18,2,9,0.733333333,Low
28000,12,19,6,2,1.7,Low
28008,12,18,6,2,1.9,Low
28013,27,3,2,3,1.511111111,Low
28014,12,13,3,5,1.4,Low
28020,25,9,4,1,1.4,Low
28024,18,9,2,4,0.866666667,Low
28026,29,18,2,9,-1.565517241,Low
28034,16,5,2,6,1.875,Low
28035,24,16,5,8,0.55,Low
28036,13,11,3,5,1.607692308,Low
28045,26,19,7,4,0.853846154,Low
28047,29,12,5,3,1.134482759,Low
28048,28,16,4,3,-0.128571429,Low
28062,20,11,4,4,1.3,Low
28063,23,19,7,1,1.004347826,Low
28069,28,7,1,3,0.171428571,Low
28073,21,16,1,8,-1.271428571,Low
28076,29,18,5,6,-0.065517241,Low
28079,28,19,5,9,-0.228571429,Low
28092,17,18,6,9,1.164705882,Low
28094,21,6,3,1,1.728571429,Low
28096,27,16,1,5,-1.588888889,Low
28097,28,19,3,8,-1.228571429,Low
28098,16,14,5,9,1.575,Low
28101,27,11,2,1,-0.088888889,Low
28103,17,18,3,1,-0.335294118,Low
28108,22,5,3,8,1.863636364,Low
28109,27,16,2,3,-1.088888889,Low
28110,16,5,1,1,1.375,Low
28114,21,18,4,8,-0.171428571,Low
28116,16,7,1,8,0.975,Low
28129,18,10,2,1,0.666666667,Low
28137,19,15,5,5,1.078947368,Low
28138,26,16,1,5,-1.546153846,Low
28140,22,14,3,7,0.063636364,Low
28142,18,17,3,4,-0.233333333,Low
28144,12,18,5,2,1.4,Low
28145,19,7,3,5,1.678947368,Low
28146,28,10,2,3,0.071428571,Low
28149,28,5,2,5,1.071428571,Low
28151,26,18,8,6,1.553846154,Low
28153,19,6,1,8,0.878947368,Low
28161,28,5,2,2,1.071428571,Low
28165,29,3,2,9,1.434482759,Low
28170,20,6,3,8,1.8,Low
28171,28,6,4,3,1.871428571,Low
28174,21,12,5,7,1.528571429,Low
28176,9,19,1,4,0.033333333,Low
28177,24,18,7,8,1.15,Low
28185,22,18,2,9,-1.236363636,Low
28186,28,13,4,6,0.471428571,Low
28188,14,10,2,9,1.142857143,Low
28191,15,9,3,9,1.7,Low
28192,26,14,5,5,0.853846154,Low
28195,14,16,4,2,0.942857143,Low
28197,16,8,2,5,1.275,Low
28199,25,11,6,8,2,Low
28203,17,8,2,4,1.164705882,Low
28208,15,18,5,9,0.9,Low
28212,14,18,4,5,0.542857143,Low
28214,29,16,6,4,0.834482759,Low
28216,18,16,7,4,1.966666667,Low
28219,29,13,2,4,-0.565517241,Low
28221,29,18,5,6,-0.065517241,Low
28229,26,16,6,5,0.953846154,Low
28230,26,12,4,7,0.753846154,Low
28232,28,7,2,2,0.671428571,Low
28234,15,5,2,9,2,Low
28235,16,15,3,4,0.375,Low
28236,10,11,1,6,1.3,Low
28237,14,14,1,3,-0.157142857,Low
28241,23,12,3,4,0.404347826,Low
28243,29,13,6,5,1.434482759,Low
28245,18,19,7,4,1.366666667,Low
28249,21,18,2,8,-1.171428571,Low
28250,29,19,3,7,-1.265517241,Low
28264,26,4,2,7,1.353846154,Low
28268,26,6,3,6,1.453846154,Low
28272,26,4,2,6,1.353846154,Low
28287,21,15,3,4,-0.071428571,Low
28294,22,17,6,8,0.963636364,Low
28298,16,11,2,5,0.675,Low
28301,26,19,6,9,0.353846154,Low
28303,15,12,1,1,0.1,Low
28306,27,5,1,6,0.611111111,Low
28310,25,9,3,3,0.9,Low
28311,29,9,5,6,1.734482759,Low
28313,23,6,3,7,1.604347826,Low
28322,26,13,3,7,0.053846154,Low
28324,27,7,1,1,0.211111111,Low
28330,20,15,5,8,1,Low
28331,8,17,1,2,0.85,Low
28333,23,4,2,8,1.504347826,Low
28337,18,14,1,9,-0.633333333,Low
28340,16,17,1,1,-1.025,Low
28341,19,13,4,5,0.978947368,Low
28343,28,10,1,9,-0.428571429,Low
28352,25,7,2,9,0.8,Low
28356,11,19,6,3,1.927272727,Low
28358,24,19,8,8,1.45,Low
28367,19,18,3,9,-0.521052632,Low
28372,18,16,3,6,-0.033333333,Low
28374,20,15,3,8,0,Low
28375,18,14,2,4,-0.133333333,Low
28376,14,19,4,8,0.342857143,Low
28378,29,19,6,2,0.234482759,Low
28379,25,11,3,7,0.5,Low
28386,22,12,2,8,-0.036363636,Low
28392,13,16,5,1,1.607692308,Low
28399,15,15,6,3,2,Low
28403,29,18,8,4,1.434482759,Low
28405,8,19,1,5,0.45,Low
28413,13,19,5,6,1.007692308,Low
28415,22,18,2,7,-1.236363636,Low
28416,16,19,5,4,0.575,Low
28420,28,10,1,3,-0.428571429,Low
28421,11,13,2,7,1.127272727,Low
28423,21,1,1,4,1.728571429,Low
28424,29,16,7,6,1.334482759,Low
28427,15,6,1,4,1.3,Low
28428,9,17,1,6,0.433333333,Low
28432,27,11,6,8,1.911111111,Low
28433,16,14,2,3,0.075,Low
28434,18,15,4,3,0.666666667,Low
28439,22,15,5,7,0.863636364,Low
28441,10,17,4,6,1.6,Low
28444,8,14,2,3,1.95,Low
28448,20,14,2,9,-0.3,Low
28451,12,10,3,5,2,Low
28452,24,18,5,9,0.15,Low
28461,9,15,2,2,1.333333333,Low
28470,27,6,2,9,0.911111111,Low
28481,27,18,6,6,0.511111111,Low
28483,17,19,3,8,-0.535294118,Low
28489,24,9,1,4,-0.05,Low
28490,24,4,1,3,0.95,Low
28493,25,10,3,9,0.7,Low
28495,27,12,5,1,1.211111111,Low
28500,12,5,1,1,2,Low
28501,28,18,6,9,0.471428571,Low
28510,25,4,1,3,0.9,Low
28511,28,18,7,1,0.971428571,Low
28513,10,16,1,8,0.3,Low
28515,17,10,2,2,0.764705882,Low
28516,29,9,1,3,-0.265517241,Low
28517,8,14,2,9,1.95,Low
28520,16,16,1,5,-0.825,Low
28527,25,9,2,3,0.4,Low
28531,22,17,2,7,-1.036363636,Low
28534,26,17,3,2,-0.746153846,Low
28535,17,19,6,9,0.964705882,Low
28537,15,9,2,5,1.2,Low
28538,10,12,2,5,1.6,Low
28545,21,13,3,8,0.328571429,Low
28552,24,10,5,4,1.75,Low
28553,20,12,5,7,1.6,Low
28555,28,3,1,2,0.971428571,Low
28560,27,19,4,4,-0.688888889,Low
28562,18,17,5,7,0.766666667,Low
28566,27,1,1,9,1.411111111,Low
28568,17,13,2,4,0.164705882,Low
28570,27,7,1,4,0.211111111,Low
28573,25,13,1,4,-0.9,Low
28575,29,16,6,4,0.834482759,Low
28581,20,14,1,6,-0.8,Low
28582,16,19,5,9,0.575,Low
28584,25,13,2,6,-0.4,Low
28586,24,1,1,5,1.55,Low
28589,28,18,7,5,0.971428571,Low
28591,16,17,3,2,-0.025,Low
28594,19,19,3,5,-0.721052632,Low
28600,25,15,4,5,0.2,Low
28601,25,18,6,4,0.6,Low
28604,15,14,1,5,-0.3,Low
28605,22,12,2,8,-0.036363636,Low
28606,29,15,5,1,0.534482759,Low
28608,25,3,1,7,1.1,Low
28611,7,15,1,7,1.785714286,Low
28613,27,5,3,2,1.611111111,Low
28617,26,7,2,7,0.753846154,Low
28618,15,6,2,3,1.8,Low
28620,19,13,6,2,1.978947368,Low
28624,28,18,6,1,0.471428571,Low
28629,13,13,3,4,1.207692308,Low
28630,25,6,1,8,0.5,Low
28632,27,18,4,8,-0.488888889,Low
28634,14,5,1,7,1.642857143,Low
28638,12,15,5,7,2,Low
28642,26,12,4,6,0.753846154,Low
28646,24,14,4,6,0.45,Low
28649,17,15,6,2,1.764705882,Low
28653,29,19,9,8,1.734482759,Low
28654,22,12,3,4,0.463636364,Low
28665,20,3,2,9,1.9,Low
28667,23,2,1,1,1.404347826,Low
28675,23,12,6,1,1.904347826,Low
28676,19,13,5,1,1.478947368,Low
28679,27,11,6,2,1.911111111,Low
28681,26,13,2,3,-0.446153846,Low
28686,24,9,2,9,0.45,Low
28693,24,6,1,6,0.55,Low
28699,13,18,3,5,0.207692308,Low
28701,28,6,1,1,0.371428571,Low
28703,19,14,5,8,1.278947368,Low
28705,28,18,4,8,-0.528571429,Low
28709,24,12,3,7,0.35,Low
28714,28,4,3,3,1.771428571,Low
28717,19,5,2,2,1.578947368,Low
28719,28,13,4,7,0.471428571,Low
28720,24,16,4,8,0.05,Low
28722,27,6,4,3,1.911111111,Low
28723,14,18,5,9,1.042857143,Low
28727,23,13,4,6,0.704347826,Low
28728,11,17,3,2,0.827272727,Low
28729,24,18,5,2,0.15,Low
28734,26,13,5,5,1.053846154,Low
28742,8,18,1,9,0.65,Low
28745,20,9,3,4,1.2,Low
28746,14,17,1,7,-0.757142857,Low
28751,17,15,1,2,-0.735294118,Low
28758,19,11,5,9,1.878947368,Low
28762,10,17,3,6,1.1,Low
28764,10,17,1,3,0.1,Low
28772,10,13,2,8,1.4,Low
28774,29,18,8,1,1.434482759,Low
28775,25,1,1,9,1.5,Low
28778,23,11,2,5,0.104347826,Low
28783,16,18,4,3,0.275,Low
28786,29,7,2,1,0.634482759,Low
28789,17,11,2,7,0.564705882,Low
28790,29,11,6,2,1.834482759,Low
28792,16,17,1,3,-1.025,Low
28794,29,4,2,1,1.234482759,Low
28795,25,8,2,5,0.6,Low
28797,7,15,1,8,1.785714286,Low
28798,26,19,3,9,-1.146153846,Low
28802,28,3,3,6,1.971428571,Low
28805,11,9,2,1,1.927272727,Low
28806,19,16,2,8,-0.621052632,Low
28809,9,12,2,7,1.933333333,Low
28811,26,15,2,7,-0.846153846,Low
28813,22,9,4,7,1.563636364,Low
28817,17,4,1,8,1.464705882,Low
28827,24,9,1,5,-0.05,Low
28830,26,19,9,5,1.853846154,Low
28832,21,7,1,5,0.528571429,Low
28833,20,13,5,3,1.4,Low
28834,28,19,1,3,-2.228571429,Low
28836,9,15,3,3,1.833333333,Low
28838,24,17,6,3,0.85,Low
28842,24,15,6,4,1.25,Low
28843,20,17,7,3,1.6,Low
28845,25,2,1,3,1.3,Low
28849,25,17,7,5,1.3,Low
28850,11,18,1,5,-0.372727273,Low
28852,29,16,8,8,1.834482759,Low
28854,17,7,3,6,1.864705882,Low
28861,27,19,3,3,-1.188888889,Low
28863,15,17,2,7,-0.4,Low
28864,24,18,6,7,0.65,Low
28869,19,11,3,2,0.878947368,Low
28870,23,18,7,6,1.204347826,Low
28871,11,14,1,2,0.427272727,Low
28874,23,19,6,2,0.504347826,Low
28877,19,9,4,2,1.778947368,Low
28881,22,17,6,5,0.963636364,Low
28886,18,13,4,5,1.066666667,Low
28889,20,16,5,3,0.8,Low
28893,18,7,1,9,0.766666667,Low
28902,24,2,2,3,1.85,Low
28905,29,10,1,6,-0.465517241,Low
28909,25,16,6,1,1,Low
28912,27,12,3,6,0.211111111,Low
28915,27,18,8,7,1.511111111,Low
28917,22,16,6,2,1.163636364,Low
28925,29,18,1,4,-2.065517241,Low
28927,8,19,4,4,1.95,Low
28929,23,9,4,2,1.504347826,Low
28936,29,17,8,9,1.634482759,Low
28937,27,18,2,8,-1.488888889,Low
28938,15,12,4,1,1.6,Low
28940,19,19,7,9,1.278947368,Low
28941,28,13,6,5,1.471428571,Low
28942,27,13,2,5,-0.488888889,Low
28947,26,15,3,4,-0.346153846,Low
28948,23,12,1,3,-0.595652174,Low
28953,12,16,5,4,1.8,Low
28957,22,18,5,4,0.263636364,Low
28958,29,19,4,9,-0.765517241,Low
28959,28,18,6,3,0.471428571,Low
28962,12,15,3,3,1,Low
28963,16,14,3,8,0.575,Low
28967,20,15,1,3,-1,Low
28973,28,14,1,8,-1.228571429,Low
28975,14,19,3,9,-0.157142857,Low
28978,20,18,8,4,1.9,Low
28979,27,19,1,4,-2.188888889,Low
28984,21,5,1,8,0.928571429,Low
28990,24,15,2,1,-0.75,Low
28994,13,14,1,9,0.007692308,Low
29002,28,19,9,3,1.771428571,Low
29006,21,11,2,6,0.228571429,Low
29008,26,19,7,2,0.853846154,Low
29012,24,13,6,5,1.65,Low
29015,13,10,2,5,1.307692308,Low
29016,10,12,2,5,1.6,Low
29018,20,10,4,5,1.5,Low
29021,22,8,2,6,0.763636364,Low
29025,25,19,6,5,0.4,Low
29028,26,14,7,3,1.853846154,Low
29029,21,4,2,3,1.628571429,Low
29030,29,16,4,9,-0.165517241,Low
29038,25,9,5,7,1.9,Low
29055,21,13,4,7,0.828571429,Low
29057,22,12,5,3,1.463636364,Low
29060,19,1,1,3,1.878947368,Low
29062,10,12,1,8,1.1,Low
29067,17,15,5,9,1.264705882,Low
29071,27,9,5,1,1.811111111,Low
29078,22,4,2,6,1.563636364,Low
29080,19,16,5,1,0.878947368,Low
29081,9,15,3,6,1.833333333,Low
29085,26,4,3,6,1.853846154,Low
29086,21,7,2,7,1.028571429,Low
29090,13,7,2,2,1.907692308,Low
29103,29,3,1,2,0.934482759,Low
29105,29,15,3,9,-0.465517241,Low
29107,11,16,1,2,0.027272727,Low
29110,25,19,9,3,1.9,Low
29112,17,4,2,5,1.964705882,Low
29113,20,1,1,5,1.8,Low
29115,14,19,7,3,1.842857143,Low
29116,17,15,6,3,1.764705882,Low
29118,18,6,1,1,0.966666667,Low
29126,19,19,5,9,0.278947368,Low
29127,20,18,1,4,-1.6,Low
29128,20,12,5,1,1.6,Low
29133,26,15,3,9,-0.346153846,Low
29134,14,14,1,2,-0.157142857,Low
29140,10,14,2,3,1.2,Low
29142,18,17,2,4,-0.733333333,Low
29144,11,15,2,4,0.727272727,Low
29145,21,15,7,9,1.928571429,Low
29146,22,9,1,2,0.063636364,Low
29150,19,9,3,6,1.278947368,Low
29154,28,13,7,7,1.971428571,Low
29157,16,18,7,1,1.775,Low
29163,22,7,4,4,1.963636364,Low
29164,19,15,6,3,1.578947368,Low
29166,13,16,2,6,0.107692308,Low
29172,22,13,3,7,0.263636364,Low
29173,24,1,1,1,1.55,Low
29174,29,12,5,4,1.134482759,Low
29175,23,12,4,1,0.904347826,Low
29176,25,4,2,4,1.4,Low
29177,29,19,1,5,-2.265517241,Low
29181,27,8,2,8,0.511111111,Low
29182,24,11,5,9,1.55,Low
29185,10,14,1,2,0.7,Low
29186,16,17,7,9,1.975,Low
29188,26,9,4,1,1.353846154,Low
29189,13,17,1,5,-0.592307692,Low
29193,15,13,3,3,0.9,Low
29194,25,14,4,9,0.4,Low
29198,25,14,4,9,0.4,Low
29199,21,17,6,8,1.028571429,Low
29201,17,15,1,1,-0.735294118,Low
29205,19,9,1,6,0.278947368,Low
29208,17,3,1,5,1.664705882,Low
29212,12,13,3,6,1.4,Low
29213,10,8,1,3,1.9,Low
29214,25,17,4,7,-0.2,Low
29217,26,2,1,5,1.253846154,Low
29221,28,11,4,2,0.871428571,Low
29222,16,5,1,3,1.375,Low
29223,24,4,2,3,1.45,Low
29226,26,8,2,5,0.553846154,Low
29227,15,5,1,3,1.5,Low
29232,24,17,4,7,-0.15,Low
29234,19,2,1,4,1.678947368,Low
29237,25,19,6,8,0.4,Low
29239,23,17,2,8,-1.095652174,Low
29240,27,16,1,7,-1.588888889,Low
29241,26,2,2,1,1.753846154,Low
29242,14,19,7,7,1.842857143,Low
29245,29,16,1,3,-1.665517241,Low
29246,12,14,2,5,0.7,Low
29248,29,16,1,9,-1.665517241,Low
29249,10,13,2,4,1.4,Low
29251,20,16,1,2,-1.2,Low
29252,21,4,2,1,1.628571429,Low
29254,28,17,7,5,1.171428571,Low
29258,26,13,4,3,0.553846154,Low
29260,26,10,1,4,-0.346153846,Low
29261,16,14,1,8,-0.425,Low
29268,27,19,6,1,0.311111111,Low
29269,21,9,2,5,0.628571429,Low
29270,25,10,2,8,0.2,Low
29271,10,18,2,4,0.4,Low
29272,16,14,5,7,1.575,Low
29275,16,5,2,8,1.875,Low
29276,26,17,1,8,-1.746153846,Low
29279,22,11,5,3,1.663636364,Low
29281,23,16,7,2,1.604347826,Low
29287,28,16,2,4,-1.128571429,Low
29288,27,17,5,9,0.211111111,Low
29301,17,3,1,1,1.664705882,Low
29306,25,12,5,8,1.3,Low
29312,20,16,7,3,1.8,Low
29314,28,13,4,7,0.471428571,Low
29317,16,10,3,2,1.375,Low
29322,24,17,5,1,0.35,Low
29323,29,19,1,5,-2.265517241,Low
29325,29,16,1,3,-1.665517241,Low
29327,14,19,3,7,-0.157142857,Low
29335,15,17,2,5,-0.4,Low
29339,10,11,2,8,1.8,Low
29345,29,4,3,6,1.734482759,Low
29347,24,18,4,9,-0.35,Low
29349,25,13,6,1,1.6,Low
29350,20,19,4,3,-0.3,Low
29358,9,12,2,9,1.933333333,Low
29359,19,11,2,6,0.378947368,Low
29360,14,17,5,6,1.242857143,Low
29362,13,13,4,8,1.707692308,Low
29363,11,14,3,3,1.427272727,Low
29364,17,19,4,1,-0.035294118,Low
29366,13,12,2,3,0.907692308,Low
29367,17,16,4,6,0.564705882,Low
29369,29,9,3,4,0.734482759,Low
29370,12,16,5,7,1.8,Low
29371,13,11,2,9,1.107692308,Low
29377,12,14,1,8,0.2,Low
29378,25,12,6,2,1.8,Low
29379,17,4,1,6,1.464705882,Low
29381,20,19,3,2,-0.8,Low
29383,15,13,2,9,0.4,Low
29385,21,19,6,9,0.628571429,Low
29387,21,18,7,2,1.328571429,Low
29389,7,14,1,4,1.985714286,Low
29390,23,15,6,7,1.304347826,Low
29391,27,19,2,8,-1.688888889,Low
29394,20,6,3,2,1.8,Low
29395,28,15,6,7,1.071428571,Low
29400,29,19,5,8,-0.265517241,Low
29409,18,16,5,2,0.966666667,Low
29414,26,1,1,7,1.453846154,Low
29416,16,17,1,6,-1.025,Low
29419,25,7,3,3,1.3,Low
29420,18,16,7,4,1.966666667,Low
29425,29,8,5,3,1.934482759,Low
29430,15,19,7,1,1.7,Low
29433,29,15,6,5,1.034482759,Low
29437,13,17,1,6,-0.592307692,Low
29440,26,15,2,3,-0.846153846,Low
29444,21,2,1,8,1.528571429,Low
29447,24,6,2,4,1.05,Low
29449,23,18,2,8,-1.295652174,Low
29451,18,4,2,2,1.866666667,Low
29457,14,7,1,8,1.242857143,Low
29469,29,8,3,2,0.934482759,Low
29474,26,15,3,7,-0.346153846,Low
29477,28,11,4,3,0.871428571,Low
29482,12,16,4,7,1.3,Low
29484,16,10,4,8,1.875,Low
29494,23,14,2,2,-0.495652174,Low
29496,16,17,6,1,1.475,Low
29500,7,18,2,4,1.685714286,Low
29501,15,10,3,8,1.5,Low
29504,29,4,2,5,1.234482759,Low
29506,28,18,1,8,-2.028571429,Low
29507,28,8,4,5,1.471428571,Low
29509,13,14,4,3,1.507692308,Low
29510,17,19,8,9,1.964705882,Low
29513,26,7,1,7,0.253846154,Low
29514,26,1,2,2,1.953846154,Low
29515,24,13,3,4,0.15,Low
29517,29,15,1,9,-1.465517241,Low
29519,16,15,5,7,1.375,Low
29521,13,8,1,7,1.207692308,Low
29529,17,19,8,6,1.964705882,Low
29534,17,17,7,6,1.864705882,Low
29535,24,16,4,9,0.05,Low
29539,20,16,5,2,0.8,Low
29541,22,15,3,6,-0.136363636,Low
29543,22,8,4,2,1.763636364,Low
29544,8,16,1,7,1.05,Low
29548,28,5,1,9,0.571428571,Low
29550,20,14,6,2,1.7,Low
29555,27,1,1,6,1.411111111,Low
29557,21,13,6,3,1.828571429,Low
29559,14,13,1,6,0.042857143,Low
29564,13,17,4,1,0.907692308,Low
29567,18,12,4,8,1.266666667,Low
29568,19,18,8,1,1.978947368,Low
29570,21,17,4,2,0.028571429,Low
29578,13,16,5,7,1.607692308,Low
29579,24,18,2,3,-1.35,Low
29582,20,14,1,1,-0.8,Low
29583,23,16,4,2,0.104347826,Low
29585,8,16,2,8,1.55,Low
29586,29,11,5,7,1.334482759,Low
29587,27,11,1,7,-0.588888889,Low
29588,17,5,1,2,1.264705882,Low
29592,28,9,4,1,1.271428571,Low
29593,22,6,2,4,1.163636364,Low
29594,20,8,4,1,1.9,Low
29599,26,18,6,6,0.553846154,Low
29600,27,13,1,1,-0.988888889,Low
29606,24,14,6,7,1.45,Low
29607,20,19,7,5,1.2,Low
29616,12,19,4,7,0.7,Low
29617,18,17,1,3,-1.233333333,Low
29620,19,8,3,9,1.478947368,Low
29621,10,14,1,1,0.7,Low
29622,21,3,2,5,1.828571429,Low
29623,26,19,9,7,1.853846154,Low
29628,19,5,2,6,1.578947368,Low
29630,29,15,5,3,0.534482759,Low
29631,13,19,6,6,1.507692308,Low
29634,20,10,5,4,2,Low
29639,22,19,7,3,1.063636364,Low
29647,28,19,5,8,-0.228571429,Low
29651,11,19,5,4,1.427272727,Low
29652,29,5,3,8,1.534482759,Low
29655,28,11,2,8,-0.128571429,Low
29659,25,18,8,2,1.6,Low
29661,20,12,1,9,-0.4,Low
29664,15,14,1,4,-0.3,Low
29669,18,10,2,1,0.666666667,Low
29670,20,18,4,6,-0.1,Low
29671,23,11,5,3,1.604347826,Low
29673,12,18,6,5,1.9,Low
29675,18,6,1,7,0.966666667,Low
29678,12,19,2,4,-0.3,Low
29679,29,18,4,8,-0.565517241,Low
29680,12,10,2,9,1.5,Low
29683,21,17,3,5,-0.471428571,Low
29686,20,12,2,8,0.1,Low
29688,28,16,5,4,0.371428571,Low
29690,15,13,1,8,-0.1,Low
29694,24,9,2,7,0.45,Low
29695,24,5,1,3,0.75,Low
29696,18,16,4,2,0.466666667,Low
29701,25,11,3,2,0.5,Low
29703,20,9,2,3,0.7,Low
29704,22,10,1,2,-0.136363636,Low
29705,23,11,3,5,0.604347826,Low
29708,17,6,1,5,1.064705882,Low
29709,11,9,1,1,1.427272727,Low
29710,22,15,3,6,-0.136363636,Low
29712,9,14,2,3,1.533333333,Low
29713,17,6,1,2,1.064705882,Low
29715,25,2,2,1,1.8,Low
29718,28,18,3,7,-1.028571429,Low
29719,21,16,2,9,-0.771428571,Low
29723,22,17,3,6,-0.536363636,Low
29725,9,17,3,9,1.433333333,Low
29729,9,19,1,1,0.033333333,Low
29733,26,17,7,8,1.253846154,Low
29736,24,11,2,7,0.05,Low
29737,25,15,7,1,1.7,Low
29739,29,1,1,1,1.334482759,Low
29741,20,13,1,9,-0.6,Low
29743,24,11,4,4,1.05,Low
29750,26,16,3,1,-0.546153846,Low
29754,20,16,3,7,-0.2,Low
29755,26,12,3,6,0.253846154,Low
29758,27,18,8,1,1.511111111,Low
29761,20,6,3,9,1.8,Low
29762,9,13,1,1,1.233333333,Low
29764,17,17,5,3,0.864705882,Low
29766,8,18,3,7,1.65,Low
29769,25,19,1,5,-2.1,Low
29779,23,12,5,7,1.404347826,Low
29782,16,17,4,6,0.475,Low
29784,10,13,1,1,0.9,Low
29786,29,16,7,8,1.334482759,Low
29789,21,10,3,2,0.928571429,Low
29790,14,17,2,6,-0.257142857,Low
29791,29,19,6,1,0.234482759,Low
29793,15,14,5,9,1.7,Low
29794,18,17,4,5,0.266666667,Low
29799,22,18,8,5,1.763636364,Low
29801,24,19,1,1,-2.05,Low
29802,12,18,6,9,1.9,Low
29803,10,19,5,1,1.7,Low
29804,23,17,3,1,-0.595652174,Low
29807,28,17,1,9,-1.828571429,Low
29810,14,9,1,1,0.842857143,Low
29811,29,15,4,1,0.034482759,Low
29816,19,19,5,2,0.278947368,Low
29821,25,16,8,6,2,Low
29823,24,13,3,2,0.15,Low
29824,24,5,2,4,1.25,Low
29832,8,19,2,6,0.95,Low
29836,16,16,2,2,-0.325,Low
29838,21,19,1,7,-1.871428571,Low
29839,25,16,3,7,-0.5,Low
29842,18,19,5,8,0.366666667,Low
29845,13,10,1,4,0.807692308,Low
29846,29,8,5,5,1.934482759,Low
29850,27,14,4,8,0.311111111,Low
29856,21,10,4,3,1.428571429,Low
29864,12,11,3,7,1.8,Low
29866,26,4,3,1,1.853846154,Low
29872,16,9,2,7,1.075,Low
29874,15,5,2,4,2,Low
29875,24,18,6,5,0.65,Low
29876,16,7,2,2,1.475,Low
29882,27,14,5,7,0.811111111,Low
29886,20,19,7,3,1.2,Low
29888,21,5,2,7,1.428571429,Low
29889,26,4,1,1,0.853846154,Low
29891,19,1,1,1,1.878947368,Low
29892,12,14,4,6,1.7,Low
29893,25,11,5,5,1.5,Low
29896,29,19,5,4,-0.265517241,Low
29902,23,5,3,3,1.804347826,Low
29904,18,16,3,7,-0.033333333,Low
29906,16,15,3,1,0.375,Low
29910,26,18,3,5,-0.946153846,Low
29911,20,17,4,5,0.1,Low
29920,11,18,1,2,-0.372727273,Low
29921,16,15,4,9,0.875,Low
29924,24,17,4,2,-0.15,Low
29925,25,19,5,7,-0.1,Low
29927,13,15,4,8,1.307692308,Low
29928,9,18,2,4,0.733333333,Low
29930,8,18,3,6,1.65,Low
29932,26,10,3,5,0.653846154,Low
29936,14,6,2,3,1.942857143,Low
29938,18,19,4,5,-0.133333333,Low
29941,17,12,1,3,-0.135294118,Low
29949,22,19,6,5,0.563636364,Low
29950,19,19,7,4,1.278947368,Low
29954,28,9,5,3,1.771428571,Low
29956,24,14,4,5,0.45,Low
29957,13,15,4,5,1.307692308,Low
29964,25,17,5,7,0.3,Low
29966,26,12,4,5,0.753846154,Low
29968,26,13,6,2,1.553846154,Low
29969,13,10,3,7,1.807692308,Low
29971,26,14,5,1,0.853846154,Low
29974,29,19,7,1,0.734482759,Low
29977,19,6,2,4,1.378947368,Low
29981,9,11,1,1,1.633333333,Low
29982,20,13,5,7,1.4,Low
29986,28,3,3,5,1.971428571,Low
29988,28,15,1,6,-1.428571429,Low
29989,24,17,8,9,1.85,Low
29990,16,12,2,1,0.475,Low
29991,10,15,3,2,1.5,Low
29992,19,17,4,7,0.178947368,Low
29996,20,14,2,1,-0.3,Low
29998,17,14,3,9,0.464705882,Low
29999,28,10,4,4,1.071428571,Low
30004,18,11,1,7,-0.033333333,Low
30006,15,16,2,6,-0.2,Low
30008,19,11,2,1,0.378947368,Low
30011,20,7,1,5,0.6,Low
30013,23,19,5,3,0.004347826,Low
30015,24,16,1,4,-1.45,Low
30016,12,15,3,1,1,Low
30017,27,19,1,5,-2.188888889,Low
30020,17,11,4,8,1.564705882,Low
30022,19,17,4,8,0.178947368,Low
30024,21,3,2,3,1.828571429,Low
30027,14,14,2,5,0.342857143,Low
30030,29,16,1,6,-1.665517241,Low
30033,28,8,5,6,1.971428571,Low
30035,8,14,2,2,1.95,Low
30036,25,12,6,5,1.8,Low
30040,23,19,7,4,1.004347826,Low
30044,29,16,7,7,1.334482759,Low
30046,19,8,3,1,1.478947368,Low
30053,16,13,3,4,0.775,Low
30057,22,7,2,2,0.963636364,Low
30063,17,9,4,4,1.964705882,Low
30064,29,12,6,5,1.634482759,Low
30066,27,10,1,6,-0.388888889,Low
30070,27,6,4,4,1.911111111,Low
30072,16,6,2,2,1.675,Low
30077,19,19,6,7,0.778947368,Low
30079,9,19,3,9,1.033333333,Low
30081,28,13,5,2,0.971428571,Low
30091,20,19,5,3,0.2,Low
30100,15,15,1,6,-0.5,Low
30105,9,10,1,7,1.833333333,Low
30106,23,15,6,2,1.304347826,Low
30107,20,8,1,1,0.4,Low
30119,18,16,1,1,-1.033333333,Low
30123,8,19,4,7,1.95,Low
30126,15,17,6,2,1.6,Low
30129,14,11,2,9,0.942857143,Low
30135,17,10,4,6,1.764705882,Low
30136,11,15,4,9,1.727272727,Low
30139,14,16,5,1,1.442857143,Low
30146,27,15,2,9,-0.888888889,Low
30149,16,11,2,5,0.675,Low
30150,18,6,3,9,1.966666667,Low
30153,28,14,7,5,1.771428571,Low
30154,29,14,5,5,0.734482759,Low
30161,9,19,4,3,1.533333333,Low
30168,20,19,4,8,-0.3,Low
30172,8,18,3,1,1.65,Low
30178,13,19,2,4,-0.492307692,Low
30179,22,15,4,5,0.363636364,Low
30180,26,15,4,7,0.153846154,Low
30181,16,9,1,7,0.575,Low
30182,19,19,4,6,-0.221052632,Low
30185,18,18,7,9,1.566666667,Low
30186,21,11,4,8,1.228571429,Low
30189,25,9,5,3,1.9,Low
30193,23,17,7,9,1.404347826,Low
30194,26,11,3,3,0.453846154,Low
30196,17,10,3,4,1.264705882,Low
30199,24,15,2,6,-0.75,Low
30202,25,13,5,2,1.1,Low
30203,19,13,3,1,0.478947368,Low
30206,11,10,2,8,1.727272727,Low
30207,12,15,4,9,1.5,Low
30218,18,13,3,5,0.566666667,Low
30222,27,15,3,6,-0.388888889,Low
30226,20,18,3,3,-0.6,Low
30229,24,9,3,6,0.95,Low
30235,11,13,3,7,1.627272727,Low
30236,25,9,2,4,0.4,Low
30238,23,17,3,1,-0.595652174,Low
30239,27,16,3,1,-0.588888889,Low
30240,15,9,1,6,0.7,Low
30243,29,9,1,8,-0.265517241,Low
30244,17,12,5,4,1.864705882,Low
30245,22,19,2,4,-1.436363636,Low
30248,10,10,1,7,1.5,Low
30250,27,10,5,9,1.611111111,Low
30251,24,4,2,9,1.45,Low
30260,23,16,4,9,0.104347826,Low
30262,20,14,5,2,1.2,Low
30263,27,11,6,8,1.911111111,Low
30269,21,11,1,9,-0.271428571,Low
30273,20,15,3,1,0,Low
30275,16,16,4,4,0.675,Low
30279,24,14,7,1,1.95,Low
30288,20,13,3,4,0.4,Low
30290,26,2,1,1,1.253846154,Low
30292,23,11,4,9,1.104347826,Low
30293,16,19,4,8,0.075,Low
30294,18,18,6,5,1.066666667,Low
30295,20,15,7,8,2,Low
30296,29,10,2,3,0.034482759,Low
30303,28,14,5,8,0.771428571,Low
30304,15,18,5,4,0.9,Low
30306,29,19,8,9,1.234482759,Low
30308,8,19,3,2,1.45,Low
30310,23,8,2,6,0.704347826,Low
30311,14,18,2,5,-0.457142857,Low
30315,20,19,7,2,1.2,Low
30318,17,13,2,4,0.164705882,Low
30322,29,14,7,5,1.734482759,Low
30326,19,15,1,6,-0.921052632,Low
30329,17,13,5,3,1.664705882,Low
30330,23,18,3,6,-0.795652174,Low
30332,18,11,3,7,0.966666667,Low
30335,24,11,1,7,-0.45,Low
30336,25,17,1,1,-1.7,Low
30341,14,17,5,1,1.242857143,Low
30346,26,15,6,8,1.153846154,Low
30354,20,4,1,5,1.2,Low
30355,24,18,4,9,-0.35,Low
30358,21,12,2,5,0.028571429,Low
30363,22,4,1,9,1.063636364,Low
30366,22,14,1,8,-0.936363636,Low
30370,25,18,7,5,1.1,Low
30372,22,17,5,1,0.463636364,Low
30377,19,14,2,3,-0.221052632,Low
30384,26,19,7,2,0.853846154,Low
30389,24,15,6,6,1.25,Low
30391,20,16,3,2,-0.2,Low
30392,12,12,3,4,1.6,Low
30395,15,16,5,2,1.3,Low
30398,17,11,2,9,0.564705882,Low
30403,12,18,6,7,1.9,Low
30404,16,12,5,6,1.975,Low
30407,29,18,3,5,-1.065517241,Low
30409,29,8,5,5,1.934482759,Low
30412,10,14,1,9,0.7,Low
30414,25,15,1,7,-1.3,Low
30419,21,17,1,9,-1.471428571,Low
30422,24,17,7,5,1.35,Low
30423,13,9,1,9,1.007692308,Low
30425,17,19,8,2,1.964705882,Low
30426,24,4,2,1,1.45,Low
30427,27,8,2,1,0.511111111,Low
30428,17,11,1,7,0.064705882,Low
30435,11,14,1,8,0.427272727,Low
30438,28,17,8,6,1.671428571,Low
30440,14,10,1,9,0.642857143,Low
30445,24,15,2,1,-0.75,Low
30447,22,7,2,2,0.963636364,Low
30454,29,12,2,3,-0.365517241,Low
30455,16,18,6,9,1.275,Low
30457,17,11,4,5,1.564705882,Low
30465,13,15,5,3,1.807692308,Low
30466,25,19,1,5,-2.1,Low
30469,22,19,5,8,0.063636364,Low
30472,17,17,6,3,1.364705882,Low
30483,19,17,3,7,-0.321052632,Low
30484,25,3,1,1,1.1,Low
30490,13,19,2,1,-0.492307692,Low
30493,15,14,1,7,-0.3,Low
30498,27,13,4,2,0.511111111,Low
30502,25,17,3,8,-0.7,Low
30503,22,15,6,7,1.363636364,Low
30505,24,13,2,8,-0.35,Low
30507,25,16,2,4,-1,Low
30508,15,12,2,1,0.6,Low
30511,27,4,3,8,1.811111111,Low
30512,14,14,2,2,0.342857143,Low
30514,26,9,2,2,0.353846154,Low
30517,22,12,6,1,1.963636364,Low
30518,19,8,4,1,1.978947368,Low
30522,22,16,7,3,1.663636364,Low
30525,17,18,6,4,1.164705882,Low
30526,14,17,5,2,1.242857143,Low
30527,23,9,1,9,0.004347826,Low
30529,15,8,2,2,1.4,Low
30536,20,10,2,6,0.5,Low
30537,22,5,1,9,0.863636364,Low
30541,27,11,3,8,0.411111111,Low
30556,23,5,1,1,0.804347826,Low
30559,25,16,3,1,-0.5,Low
30560,27,13,3,5,0.011111111,Low
30561,22,14,3,3,0.063636364,Low
30564,25,4,1,5,0.9,Low
30567,14,14,1,5,-0.157142857,Low
30572,23,19,4,4,-0.495652174,Low
30573,19,19,6,8,0.778947368,Low
30578,21,12,1,9,-0.471428571,Low
30582,28,5,2,7,1.071428571,Low
30585,24,13,3,6,0.15,Low
30586,16,18,5,2,0.775,Low
30589,12,6,1,5,1.8,Low
30592,26,18,7,2,1.053846154,Low
30596,17,2,1,7,1.864705882,Low
30597,20,14,6,3,1.7,Low
30599,29,18,4,3,-0.565517241,Low
30604,17,5,2,3,1.764705882,Low
30606,17,12,1,1,-0.135294118,Low
30607,21,10,4,4,1.428571429,Low
30619,13,14,3,9,1.007692308,Low
30622,20,11,1,5,-0.2,Low
30628,28,17,2,1,-1.328571429,Low
30630,13,13,4,7,1.707692308,Low
30636,18,15,1,2,-0.833333333,Low
30640,28,7,4,2,1.671428571,Low
30641,15,3,1,1,1.9,Low
30642,21,10,3,7,0.928571429,Low
30643,26,17,5,3,0.253846154,Low
30644,19,10,2,6,0.578947368,Low
30645,14,16,6,6,1.942857143,Low
30646,23,9,3,5,1.004347826,Low
30650,16,12,2,6,0.475,Low
30652,9,12,1,9,1.433333333,Low
30653,24,5,1,1,0.75,Low
30659,17,5,2,2,1.764705882,Low
30662,29,18,2,6,-1.565517241,Low
30664,15,19,6,6,1.2,Low
30667,14,11,1,1,0.442857143,Low
30669,25,2,1,5,1.3,Low
30671,25,12,3,7,0.3,Low
30674,24,10,2,7,0.25,Low
30675,26,7,1,4,0.253846154,Low
30679,10,10,1,2,1.5,Low
30687,11,10,1,3,1.227272727,Low
30690,25,13,4,6,0.6,Low
30691,13,17,5,3,1.407692308,Low
30692,15,13,1,1,-0.1,Low
30696,15,19,3,4,-0.3,Low
30697,19,6,3,3,1.878947368,Low
30708,28,8,5,4,1.971428571,Low
30711,25,19,5,9,-0.1,Low
30712,28,18,2,2,-1.528571429,Low
30713,29,5,2,9,1.034482759,Low
30714,11,11,2,7,1.527272727,Low
30715,24,8,3,6,1.15,Low
30716,18,12,4,4,1.266666667,Low
30717,19,9,1,5,0.278947368,Low
30719,27,3,1,3,1.011111111,Low
30725,26,11,5,2,1.453846154,Low
30726,18,17,4,8,0.266666667,Low
30728,12,14,2,4,0.7,Low
30729,10,18,3,7,0.9,Low
30730,12,9,2,4,1.7,Low
30731,9,18,2,1,0.733333333,Low
30732,28,9,4,5,1.271428571,Low
30733,19,14,6,7,1.778947368,Low
30737,25,9,1,7,-0.1,Low
30739,8,16,2,3,1.55,Low
30744,13,19,6,7,1.507692308,Low
30745,23,2,1,1,1.404347826,Low
30754,24,17,4,9,-0.15,Low
30757,9,13,2,3,1.733333333,Low
30759,23,2,1,7,1.404347826,Low
30760,17,13,4,8,1.164705882,Low
30765,24,18,6,6,0.65,Low
30767,21,11,5,6,1.728571429,Low
30773,21,8,2,6,0.828571429,Low
30775,19,17,1,3,-1.321052632,Low
30781,20,11,5,5,1.8,Low
30785,28,14,3,7,-0.228571429,Low
30787,23,2,2,7,1.904347826,Low
30792,14,9,3,9,1.842857143,Low
30795,27,9,3,1,0.811111111,Low
30797,17,13,4,1,1.164705882,Low
30800,13,12,4,1,1.907692308,Low
30801,8,18,1,4,0.65,Low
30802,15,17,5,5,1.1,Low
30805,28,15,1,1,-1.428571429,Low
30807,29,12,5,2,1.134482759,Low
30812,23,17,7,2,1.404347826,Low
30816,22,14,6,6,1.563636364,Low
30825,9,15,3,9,1.833333333,Low
30839,19,10,4,1,1.578947368,Low
30842,22,5,3,1,1.863636364,Low
30843,26,2,1,3,1.253846154,Low
30844,17,8,1,9,0.664705882,Low
30848,18,15,1,9,-0.833333333,Low
30849,19,6,1,3,0.878947368,Low
30850,19,17,7,9,1.678947368,Low
30854,10,19,2,2,0.2,Low
30855,26,7,1,2,0.253846154,Low
30856,29,15,1,9,-1.465517241,Low
30859,25,8,4,2,1.6,Low
30861,21,4,2,2,1.628571429,Low
30863,24,18,5,6,0.15,Low
30865,19,16,1,5,-1.121052632,Low
30866,27,3,2,1,1.511111111,Low
30867,26,14,1,9,-1.146153846,Low
30871,24,10,1,3,-0.25,Low
30873,23,18,3,3,-0.795652174,Low
30876,22,17,3,9,-0.536363636,Low
30880,20,16,5,8,0.8,Low
30883,16,19,1,4,-1.425,Low
30886,12,17,1,4,-0.4,Low
30888,27,15,2,7,-0.888888889,Low
30889,26,7,2,8,0.753846154,Low
30895,25,15,5,7,0.7,Low
30896,14,19,3,6,-0.157142857,Low
30900,28,18,5,1,-0.028571429,Low
30903,21,18,1,8,-1.671428571,Low
30904,28,19,5,1,-0.228571429,Low
30906,25,14,6,5,1.4,Low
30912,24,10,3,7,0.75,Low
30914,17,13,5,6,1.664705882,Low
30915,18,14,1,8,-0.633333333,Low
30916,24,9,4,5,1.45,Low
30917,14,7,2,7,1.742857143,Low
30919,8,18,2,4,1.15,Low
30920,24,10,3,6,0.75,Low
30924,28,14,3,5,-0.228571429,Low
30925,16,13,3,9,0.775,Low
30927,25,6,2,1,1,Low
30929,28,18,4,3,-0.528571429,Low
30930,29,13,4,6,0.434482759,Low
30937,28,9,4,3,1.271428571,Low
30940,23,14,3,5,0.004347826,Low
30941,24,16,7,2,1.55,Low
30946,25,14,4,6,0.4,Low
30949,18,4,1,1,1.366666667,Low
30957,18,11,2,6,0.466666667,Low
30959,19,15,2,7,-0.421052632,Low
30963,26,9,5,7,1.853846154,Low
30964,21,8,2,7,0.828571429,Low
30970,21,14,1,5,-0.871428571,Low
30975,16,19,4,4,0.075,Low
30977,16,17,1,8,-1.025,Low
30980,11,12,1,7,0.827272727,Low
30983,22,19,8,3,1.563636364,Low
30985,18,19,7,8,1.366666667,Low
30990,28,19,9,4,1.771428571,Low
30994,19,14,3,9,0.278947368,Low
30995,27,11,3,8,0.411111111,Low
30997,24,7,3,9,1.35,Low
31000,10,18,4,8,1.4,Low
31002,14,14,3,4,0.842857143,Low
31010,23,19,1,1,-1.995652174,Low
31013,25,7,2,3,0.8,Low
31014,18,16,5,2,0.966666667,Low
31015,29,4,2,4,1.234482759,Low
31018,28,15,6,5,1.071428571,Low
31023,28,19,5,5,-0.228571429,Low
31026,27,17,6,4,0.711111111,Low
31027,23,8,2,3,0.704347826,Low
31028,28,4,3,1,1.771428571,Low
31030,24,3,1,3,1.15,Low
31031,19,17,3,1,-0.321052632,Low
31032,26,19,8,4,1.353846154,Low
31038,24,18,4,9,-0.35,Low
31040,11,19,4,5,0.927272727,Low
31042,15,18,2,9,-0.6,Low
31047,20,14,1,8,-0.8,Low
31050,26,16,2,4,-1.046153846,Low
31052,21,14,1,7,-0.871428571,Low
31055,22,18,7,1,1.263636364,Low
31062,16,9,3,3,1.575,Low
31065,15,8,1,1,0.9,Low
31069,26,11,1,4,-0.546153846,Low
31074,13,13,2,1,0.707692308,Low
31080,23,7,2,4,0.904347826,Low
31081,17,14,3,8,0.464705882,Low
31091,22,15,4,8,0.363636364,Low
31092,16,15,6,1,1.875,Low
31096,27,18,7,6,1.011111111,Low
31099,27,19,8,1,1.311111111,Low
31103,25,17,1,7,-1.7,Low
31106,18,11,4,9,1.466666667,Low
31109,17,4,2,9,1.964705882,Low
31110,14,13,4,7,1.542857143,Low
31112,25,19,2,5,-1.6,Low
31120,25,16,7,1,1.5,Low
31121,24,7,2,7,0.85,Low
31123,27,11,5,7,1.411111111,Low
31124,16,6,2,3,1.675,Low
31125,24,7,3,5,1.35,Low
31126,28,11,1,7,-0.628571429,Low
31129,12,19,3,3,0.2,Low
31130,22,8,2,2,0.763636364,Low
31131,14,12,2,9,0.742857143,Low
31134,15,14,5,6,1.7,Low
31136,26,19,2,5,-1.646153846,Low
31138,24,17,3,3,-0.65,Low
31139,19,17,7,2,1.678947368,Low
31144,29,17,4,1,-0.365517241,Low
31145,21,4,1,2,1.128571429,Low
31147,12,18,3,5,0.4,Low
31149,12,17,3,7,0.6,Low
31150,25,8,2,9,0.6,Low
31154,22,3,2,2,1.763636364,Low
31155,22,19,7,1,1.063636364,Low
31164,29,9,4,1,1.234482759,Low
31168,10,19,5,4,1.7,Low
31171,25,2,1,9,1.3,Low
31172,11,18,5,5,1.627272727,Low
31174,15,15,5,6,1.5,Low
31177,25,19,1,9,-2.1,Low
31179,20,16,4,2,0.3,Low
31180,14,18,6,5,1.542857143,Low
31182,29,17,8,7,1.634482759,Low
31183,18,18,7,6,1.566666667,Low
31185,24,3,2,2,1.65,Low
31186,27,5,2,1,1.111111111,Low
31188,29,2,1,6,1.134482759,Low
31190,14,17,3,9,0.242857143,Low
31198,26,10,5,3,1.653846154,Low
31207,15,18,1,7,-1.1,Low
31208,25,14,7,8,1.9,Low
31209,25,13,4,9,0.6,Low
31211,27,19,2,5,-1.688888889,Low
31212,21,3,2,7,1.828571429,Low
31213,24,9,5,4,1.95,Low
31215,11,10,2,2,1.727272727,Low
31216,27,15,5,9,0.611111111,Low
31222,20,19,4,1,-0.3,Low
31229,16,2,1,7,1.975,Low
31231,28,12,6,3,1.671428571,Low
31236,24,11,2,4,0.05,Low
31239,23,12,1,1,-0.595652174,Low
31241,21,16,7,1,1.728571429,Low
31246,16,8,1,7,0.775,Low
31247,28,19,2,9,-1.728571429,Low
31248,17,9,3,8,1.464705882,Low
31252,23,19,6,5,0.504347826,Low
31255,26,7,2,2,0.753846154,Low
31256,27,4,3,3,1.811111111,Low
31257,18,15,6,9,1.666666667,Low
31260,14,8,1,8,1.042857143,Low
31265,15,6,2,6,1.8,Low
31267,23,10,3,6,0.804347826,Low
31270,17,7,3,3,1.864705882,Low
31272,16,9,3,7,1.575,Low
31273,17,6,2,9,1.564705882,Low
31274,18,11,2,4,0.466666667,Low
31277,29,4,1,8,0.734482759,Low
31281,24,15,2,9,-0.75,Low
31288,21,11,1,6,-0.271428571,Low
31295,29,7,4,2,1.634482759,Low
31296,29,5,1,8,0.534482759,Low
31297,23,13,1,7,-0.795652174,Low
31300,25,17,4,6,-0.2,Low
31305,26,6,4,4,1.953846154,Low
31306,24,4,1,5,0.95,Low
31313,25,16,2,4,-1,Low
31318,10,18,1,3,-0.1,Low
31320,21,17,2,5,-0.971428571,Low
31322,27,4,3,3,1.811111111,Low
31323,28,11,6,3,1.871428571,Low
31324,20,18,8,7,1.9,Low
31325,18,14,2,1,-0.133333333,Low
31326,28,18,5,1,-0.028571429,Low
31327,23,16,7,7,1.604347826,Low
31333,24,11,2,9,0.05,Low
31334,23,11,4,8,1.104347826,Low
31338,22,9,1,9,0.063636364,Low
31339,27,17,5,6,0.211111111,Low
31340,29,10,2,1,0.034482759,Low
31346,29,17,7,2,1.134482759,Low
31347,19,11,2,6,0.378947368,Low
31354,11,19,5,2,1.427272727,Low
31356,19,8,3,8,1.478947368,Low
31361,16,5,2,4,1.875,Low
31373,25,13,6,5,1.6,Low
31374,21,6,2,1,1.228571429,Low
31376,23,13,1,7,-0.795652174,Low
31377,20,11,1,1,-0.2,Low
31382,13,15,3,5,0.807692308,Low
31387,28,14,3,3,-0.228571429,Low
31392,25,19,9,6,1.9,Low
31393,24,7,3,2,1.35,Low
31401,22,2,2,1,1.963636364,Low
31408,29,19,2,7,-1.765517241,Low
31410,18,19,5,7,0.366666667,Low
31413,26,10,4,1,1.153846154,Low
31418,25,13,1,8,-0.9,Low
31421,18,19,2,9,-1.133333333,Low
31427,28,10,3,6,0.571428571,Low
31428,29,17,8,1,1.634482759,Low
31432,21,18,3,8,-0.671428571,Low
31434,22,19,6,5,0.563636364,Low
31436,23,2,1,6,1.404347826,Low
31440,27,17,6,4,0.711111111,Low
31451,20,15,4,6,0.5,Low
31460,15,15,1,4,-0.5,Low
31461,27,19,5,4,-0.188888889,Low
31463,29,19,4,3,-0.765517241,Low
31465,14,14,2,9,0.342857143,Low
31471,23,7,3,1,1.404347826,Low
31474,26,19,3,7,-1.146153846,Low
31475,20,13,3,7,0.4,Low
31479,20,11,1,4,-0.2,Low
31480,16,19,3,6,-0.425,Low
31481,18,17,4,5,0.266666667,Low
31484,27,17,1,4,-1.788888889,Low
31487,25,5,1,2,0.7,Low
31489,20,16,4,8,0.3,Low
31493,11,15,4,3,1.727272727,Low
31499,26,6,1,6,0.453846154,Low
31504,23,17,3,4,-0.595652174,Low
31505,27,15,5,7,0.611111111,Low
31508,26,3,2,9,1.553846154,Low
31509,25,13,5,3,1.1,Low
31511,10,18,1,4,-0.1,Low
31512,21,17,2,3,-0.971428571,Low
31514,12,14,1,7,0.2,Low
31515,12,18,3,2,0.4,Low
31520,17,10,2,9,0.764705882,Low
31525,15,3,1,8,1.9,Low
31526,19,16,7,2,1.878947368,Low
31527,29,16,2,4,-1.165517241,Low
31529,20,12,2,9,0.1,Low
31531,13,15,4,8,1.307692308,Low
31533,28,16,3,5,-0.628571429,Low
31534,27,12,3,4,0.211111111,Low
31538,16,12,3,4,0.975,Low
31543,7,19,3,8,1.985714286,Low
31547,9,18,1,1,0.233333333,Low
31548,19,10,4,5,1.578947368,Low
31559,29,12,6,6,1.634482759,Low
31567,21,18,1,5,-1.671428571,Low
31572,28,13,4,3,0.471428571,Low
31573,29,11,3,9,0.334482759,Low
31577,21,18,2,1,-1.171428571,Low
31578,21,17,3,9,-0.471428571,Low
31579,22,13,3,7,0.263636364,Low
31581,28,10,1,8,-0.428571429,Low
31583,20,19,7,7,1.2,Low
31584,23,13,3,9,0.204347826,Low
31588,28,15,5,5,0.571428571,Low
31590,27,16,8,6,1.911111111,Low
31594,22,11,3,7,0.663636364,Low
31605,20,14,3,3,0.2,Low
31606,13,13,4,5,1.707692308,Low
31607,18,10,4,1,1.666666667,Low
31609,28,16,8,5,1.871428571,Low
31610,13,8,1,5,1.207692308,Low
31611,13,15,5,5,1.807692308,Low
31613,10,19,4,6,1.2,Low
31614,27,16,2,8,-1.088888889,Low
31616,19,7,3,4,1.678947368,Low
31618,18,17,7,6,1.766666667,Low
31619,28,17,8,6,1.671428571,Low
31620,16,15,2,8,-0.125,Low
31621,24,6,2,9,1.05,Low
31623,10,10,2,4,2,Low
31626,15,16,1,7,-0.7,Low
31627,14,19,3,1,-0.157142857,Low
31629,10,11,1,6,1.3,Low
31630,18,10,4,6,1.666666667,Low
31631,22,18,3,1,-0.736363636,Low
31633,16,13,5,9,1.775,Low
31638,26,3,1,5,1.053846154,Low
31639,10,18,2,2,0.4,Low
31641,11,10,2,8,1.727272727,Low
31642,22,7,2,4,0.963636364,Low
31650,24,19,8,2,1.45,Low
31652,15,4,1,1,1.7,Low
31653,25,5,3,9,1.7,Low
31659,26,14,6,7,1.353846154,Low
31662,21,8,3,8,1.328571429,Low
31668,24,11,3,3,0.55,Low
31672,27,5,3,9,1.611111111,Low
31673,21,12,4,8,1.028571429,Low
31675,23,18,6,1,0.704347826,Low
31683,18,19,3,9,-0.633333333,Low
31684,19,19,2,6,-1.221052632,Low
31697,19,17,7,3,1.678947368,Low
31699,17,19,5,4,0.464705882,Low
31701,22,18,3,2,-0.736363636,Low
31705,28,13,2,3,-0.528571429,Low
31706,14,6,2,2,1.942857143,Low
31709,29,16,5,3,0.334482759,Low
31710,21,17,2,1,-0.971428571,Low
31718,27,19,8,3,1.311111111,Low
31723,26,5,3,2,1.653846154,Low
31725,24,18,4,9,-0.35,Low
31726,25,19,5,3,-0.1,Low
31733,29,4,1,5,0.734482759,Low
31736,28,13,6,4,1.471428571,Low
31739,18,11,2,9,0.466666667,Low
31741,21,13,4,2,0.828571429,Low
31746,28,3,3,8,1.971428571,Low
31747,22,12,2,6,-0.036363636,Low
31749,15,7,2,2,1.6,Low
31751,21,11,2,4,0.228571429,Low
31754,15,14,2,5,0.2,Low
31758,21,12,1,8,-0.471428571,Low
31762,13,15,3,1,0.807692308,Low
31765,15,13,4,6,1.4,Low
31767,25,17,4,4,-0.2,Low
31768,20,14,2,2,-0.3,Low
31770,9,16,1,1,0.633333333,Low
31773,19,13,5,3,1.478947368,Low
31775,17,15,2,2,-0.235294118,Low
31777,26,11,6,2,1.953846154,Low
31780,18,10,4,5,1.666666667,Low
31782,18,11,5,5,1.966666667,Low
31783,19,6,3,8,1.878947368,Low
31786,24,15,7,5,1.75,Low
31788,26,11,3,7,0.453846154,Low
31792,14,13,1,8,0.042857143,Low
31795,11,18,5,6,1.627272727,Low
31797,16,19,7,4,1.575,Low
31798,10,19,5,3,1.7,Low
31805,10,15,3,3,1.5,Low
31806,12,19,2,2,-0.3,Low
31808,18,15,1,1,-0.833333333,Low
31810,22,13,3,8,0.263636364,Low
31811,21,13,5,5,1.328571429,Low
31812,16,5,2,3,1.875,Low
31814,29,18,6,6,0.434482759,Low
31821,14,16,3,9,0.442857143,Low
31823,27,14,7,7,1.811111111,Low
31826,13,9,1,3,1.007692308,Low
31827,29,8,2,4,0.434482759,Low
31828,18,19,2,4,-1.133333333,Low
31830,13,7,2,7,1.907692308,Low
31839,29,6,3,4,1.334482759,Low
31840,29,1,2,9,1.834482759,Low
31841,21,6,1,6,0.728571429,Low
31843,28,13,4,3,0.471428571,Low
31846,19,15,4,4,0.578947368,Low
31847,29,16,5,4,0.334482759,Low
31852,15,19,5,4,0.7,Low
31859,21,10,2,7,0.428571429,Low
31864,23,4,1,2,1.004347826,Low
31869,12,13,1,7,0.4,Low
31870,24,12,5,7,1.35,Low
31871,15,19,5,4,0.7,Low
31872,29,19,8,5,1.234482759,Low
31874,29,7,2,4,0.634482759,Low
31876,12,14,3,1,1.2,Low
31882,18,15,3,7,0.166666667,Low
31886,24,16,6,1,1.05,Low
31891,12,8,2,4,1.9,Low
31894,24,15,3,3,-0.25,Low
31895,23,15,4,4,0.304347826,Low
31900,24,10,3,3,0.75,Low
31902,26,14,6,1,1.353846154,Low
31905,29,13,6,8,1.434482759,Low
31906,13,18,2,8,-0.292307692,Low
31907,18,19,6,5,0.866666667,Low
31909,16,7,3,4,1.975,Low
31910,26,8,3,7,1.053846154,Low
31913,22,16,2,2,-0.836363636,Low
31916,23,6,1,1,0.604347826,Low
31918,15,19,7,3,1.7,Low
31922,22,19,8,2,1.563636364,Low
31924,23,13,5,4,1.204347826,Low
31927,14,16,5,8,1.442857143,Low
31928,29,16,2,4,-1.165517241,Low
31930,26,6,2,2,0.953846154,Low
31933,28,19,7,4,0.771428571,Low
31934,22,15,4,8,0.363636364,Low
31939,22,9,4,8,1.563636364,Low
31940,20,12,4,3,1.1,Low
31944,24,4,3,7,1.95,Low
31945,20,19,3,9,-0.8,Low
31947,23,12,3,4,0.404347826,Low
31948,12,17,1,5,-0.4,Low
31950,19,11,5,3,1.878947368,Low
31952,23,19,5,2,0.004347826,Low
31955,16,13,1,8,-0.225,Low
31957,27,17,7,5,1.211111111,Low
31960,25,16,4,4,0,Low
31961,26,18,7,6,1.053846154,Low
31965,22,18,2,2,-1.236363636,Low
31969,19,14,5,8,1.278947368,Low
31976,25,18,5,3,0.1,Low
31978,22,13,5,1,1.263636364,Low
31979,7,17,1,4,1.385714286,Low
31984,15,13,4,4,1.4,Low
31987,11,19,1,3,-0.572727273,Low
31991,8,17,2,7,1.35,Low
31992,20,12,2,3,0.1,Low
31997,25,7,3,2,1.3,Low
31999,21,14,1,9,-0.871428571,Low
32002,18,17,1,2,-1.233333333,Low
32003,26,16,7,3,1.453846154,Low
32005,17,7,2,4,1.364705882,Low
32006,26,17,2,5,-1.246153846,Low
32007,21,15,1,4,-1.071428571,Low
32010,9,17,3,8,1.433333333,Low
32012,29,8,2,1,0.434482759,Low
32023,29,14,4,5,0.234482759,Low
32033,13,15,3,6,0.807692308,Low
32035,28,15,4,4,0.071428571,Low
32037,26,13,4,7,0.553846154,Low
32038,25,3,1,8,1.1,Low
32043,20,10,3,9,1,Low
32048,14,13,2,4,0.542857143,Low
32052,20,8,1,3,0.4,Low
32055,23,10,2,4,0.304347826,Low
32057,13,15,1,5,-0.192307692,Low
32061,12,6,1,5,1.8,Low
32062,14,10,2,9,1.142857143,Low
32065,25,15,5,8,0.7,Low
32068,18,18,5,7,0.566666667,Low
32069,29,16,8,6,1.834482759,Low
32071,17,13,5,8,1.664705882,Low
32076,26,15,6,9,1.153846154,Low
32078,28,15,6,5,1.071428571,Low
32080,21,14,3,1,0.128571429,Low
32087,13,18,2,7,-0.292307692,Low
32088,26,14,2,4,-0.646153846,Low
32094,25,19,8,2,1.4,Low
32100,28,8,1,3,-0.028571429,Low
32101,12,17,1,7,-0.4,Low
32110,28,1,1,1,1.371428571,Low
32111,15,15,3,2,0.5,Low
32114,19,10,3,8,1.078947368,Low
32119,14,10,1,2,0.642857143,Low
32120,18,4,1,4,1.366666667,Low
32122,29,14,6,9,1.234482759,Low
32123,19,2,1,2,1.678947368,Low
32129,27,14,1,8,-1.188888889,Low
32130,23,16,5,9,0.604347826,Low
32134,21,13,1,1,-0.671428571,Low
32135,26,16,4,2,-0.046153846,Low
32141,24,5,1,1,0.75,Low
32148,7,19,2,6,1.485714286,Low
32152,14,10,1,2,0.642857143,Low
32153,23,17,4,7,-0.095652174,Low
32157,27,3,1,8,1.011111111,Low
32158,14,11,2,4,0.942857143,Low
32159,24,13,3,7,0.15,Low
32163,11,9,1,6,1.427272727,Low
32170,29,11,3,4,0.334482759,Low
32171,15,18,3,7,-0.1,Low
32179,17,14,5,4,1.464705882,Low
32180,11,18,1,6,-0.372727273,Low
32184,11,17,2,2,0.327272727,Low
32186,11,16,3,7,1.027272727,Low
32187,10,19,3,6,0.7,Low
32193,21,15,5,8,0.928571429,Low
32194,23,13,3,2,0.204347826,Low
32198,27,12,1,2,-0.788888889,Low
32200,23,12,4,4,0.904347826,Low
32203,18,13,3,7,0.566666667,Low
32205,11,9,1,7,1.427272727,Low
32207,26,13,3,7,0.053846154,Low
32211,21,14,4,1,0.628571429,Low
32214,24,18,5,5,0.15,Low
32216,21,16,4,7,0.228571429,Low
32226,17,17,4,1,0.364705882,Low
32233,29,12,5,2,1.134482759,Low
32234,14,10,3,6,1.642857143,Low
32239,16,13,4,2,1.275,Low
32242,11,14,2,2,0.927272727,Low
32245,20,10,5,1,2,Low
32249,22,14,1,8,-0.936363636,Low
32250,18,6,3,6,1.966666667,Low
32266,12,8,2,3,1.9,Low
32271,17,14,2,3,-0.035294118,Low
32275,11,17,5,6,1.827272727,Low
32277,24,5,1,2,0.75,Low
32278,15,19,5,4,0.7,Low
32279,27,13,2,3,-0.488888889,Low
32280,28,17,1,8,-1.828571429,Low
32285,20,17,7,3,1.6,Low
32290,28,14,6,9,1.271428571,Low
32294,16,14,5,3,1.575,Low
32295,29,14,4,6,0.234482759,Low
32304,28,8,2,1,0.471428571,Low
32308,28,15,5,3,0.571428571,Low
32310,14,18,6,3,1.542857143,Low
32329,27,17,1,3,-1.788888889,Low
32332,29,13,5,4,0.934482759,Low
32333,16,17,4,5,0.475,Low
32340,26,17,7,3,1.253846154,Low
32346,22,1,1,4,1.663636364,Low
32350,26,4,3,5,1.853846154,Low
32354,24,19,8,8,1.45,Low
32355,24,18,7,7,1.15,Low
32357,29,7,4,5,1.634482759,Low
32360,17,16,1,8,-0.935294118,Low
32365,27,17,1,5,-1.788888889,Low
32367,19,17,4,6,0.178947368,Low
32369,20,13,5,9,1.4,Low
32375,13,12,4,8,1.907692308,Low
32377,25,18,1,3,-1.9,Low
32380,12,9,1,3,1.2,Low
32381,11,12,2,7,1.327272727,Low
32384,18,12,1,6,-0.233333333,Low
32388,27,19,6,2,0.311111111,Low
32393,29,14,2,9,-0.765517241,Low
32394,12,19,4,1,0.7,Low
32395,24,19,4,5,-0.55,Low
32396,24,4,3,7,1.95,Low
32398,16,18,6,8,1.275,Low
32400,28,16,7,9,1.371428571,Low
32402,24,14,5,3,0.95,Low
32405,11,19,3,4,0.427272727,Low
32406,29,19,2,4,-1.765517241,Low
32409,29,17,7,1,1.134482759,Low
32411,13,17,4,4,0.907692308,Low
32412,26,18,1,2,-1.946153846,Low
32414,22,19,8,9,1.563636364,Low
32415,25,11,3,1,0.5,Low
32416,16,8,2,1,1.275,Low
32420,22,6,1,6,0.663636364,Low
32423,16,14,2,1,0.075,Low
32428,25,18,3,2,-0.9,Low
32432,15,17,3,9,0.1,Low
32439,27,15,4,7,0.111111111,Low
32442,21,9,3,8,1.128571429,Low
32443,24,14,2,9,-0.55,Low
32444,10,18,2,2,0.4,Low
32446,20,17,3,8,-0.4,Low
32448,21,9,3,6,1.128571429,Low
32449,19,4,2,4,1.778947368,Low
32450,24,15,5,4,0.75,Low
32454,26,6,4,2,1.953846154,Low
32459,29,13,3,6,-0.065517241,Low
32467,28,13,2,6,-0.528571429,Low
32468,19,16,1,8,-1.121052632,Low
32469,29,15,7,3,1.534482759,Low
32470,28,14,3,3,-0.228571429,Low
32473,20,11,1,6,-0.2,Low
32474,7,19,2,4,1.485714286,Low
32476,24,13,2,4,-0.35,Low
32479,25,15,1,7,-1.3,Low
32481,27,7,3,5,1.211111111,Low
32482,15,17,4,1,0.6,Low
32483,25,13,5,2,1.1,Low
32484,17,10,1,5,0.264705882,Low
32485,26,4,3,6,1.853846154,Low
32488,20,9,1,9,0.2,Low
32490,11,18,1,6,-0.372727273,Low
32493,20,18,6,1,0.9,Low
32494,15,16,6,4,1.8,Low
32495,15,19,3,3,-0.3,Low
32497,27,2,2,1,1.711111111,Low
32502,20,14,6,7,1.7,Low
32505,14,15,4,1,1.142857143,Low
32506,16,15,5,4,1.375,Low
32508,27,15,1,4,-1.388888889,Low
32512,23,11,1,8,-0.395652174,Low
32513,19,14,6,5,1.778947368,Low
32514,25,18,4,6,-0.4,Low
32515,29,11,3,3,0.334482759,Low
32516,15,15,3,5,0.5,Low
32520,29,19,4,2,-0.765517241,Low
32528,26,5,2,1,1.153846154,Low
32533,26,14,4,4,0.353846154,Low
32535,26,12,5,1,1.253846154,Low
32537,13,15,4,4,1.307692308,Low
32538,11,19,5,7,1.427272727,Low
32539,18,18,5,9,0.566666667,Low
32542,27,12,6,7,1.711111111,Low
32544,17,15,2,2,-0.235294118,Low
32545,24,12,6,7,1.85,Low
32546,25,16,6,9,1,Low
32548,25,9,3,1,0.9,Low
32549,10,13,1,1,0.9,Low
32555,22,14,5,5,1.063636364,Low
32557,22,7,1,3,0.463636364,Low
32560,28,12,1,4,-0.828571429,Low
32562,24,15,4,5,0.25,Low
32565,9,10,1,7,1.833333333,Low
32566,9,17,2,2,0.933333333,Low
32567,25,9,1,7,-0.1,Low
32568,23,9,3,9,1.004347826,Low
32573,27,19,3,7,-1.188888889,Low
32574,21,18,5,7,0.328571429,Low
32575,19,14,4,5,0.778947368,Low
32577,27,12,2,3,-0.288888889,Low
32578,20,16,4,6,0.3,Low
32579,24,18,2,5,-1.35,Low
32580,14,9,1,6,0.842857143,Low
32588,20,12,3,6,0.6,Low
32594,17,19,1,8,-1.535294118,Low
32595,19,10,1,6,0.078947368,Low
32599,28,13,4,4,0.471428571,Low
32600,10,16,2,8,0.8,Low
32605,15,17,2,5,-0.4,Low
32609,28,16,7,7,1.371428571,Low
32611,8,14,2,4,1.95,Low
32616,26,17,3,4,-0.746153846,Low
32617,21,10,4,9,1.428571429,Low
32619,14,17,4,4,0.742857143,Low
32622,19,19,2,4,-1.221052632,Low
32627,16,7,3,3,1.975,Low
32628,27,17,8,9,1.711111111,Low
32635,23,2,1,4,1.404347826,Low
32637,28,2,1,1,1.171428571,Low
32643,21,13,5,8,1.328571429,Low
32644,16,10,4,9,1.875,Low
32645,20,18,7,2,1.4,Low
32649,26,18,7,5,1.053846154,Low
32651,18,17,4,1,0.266666667,Low
32655,27,19,3,3,-1.188888889,Low
32658,28,8,3,2,0.971428571,Low
32661,27,5,1,8,0.611111111,Low
32672,26,17,1,1,-1.746153846,Low
32674,28,7,1,9,0.171428571,Low
32675,21,15,2,4,-0.571428571,Low
32676,20,17,6,3,1.1,Low
32677,25,18,2,4,-1.4,Low
32678,13,8,2,4,1.707692308,Low
32683,27,15,5,3,0.611111111,Low
32684,21,18,6,9,0.828571429,Low
32687,22,14,5,7,1.063636364,Low
32689,24,14,6,9,1.45,Low
32694,19,8,4,2,1.978947368,Low
32696,25,11,4,7,1,Low
32698,20,14,1,6,-0.8,Low
32702,24,18,8,3,1.65,Low
32706,16,3,1,1,1.775,Low
32707,21,11,4,3,1.228571429,Low
32708,29,17,7,5,1.134482759,Low
32710,24,15,4,2,0.25,Low
32714,27,19,6,8,0.311111111,Low
32717,22,14,3,9,0.063636364,Low
32721,20,9,1,2,0.2,Low
32722,18,15,1,1,-0.833333333,Low
32725,14,10,1,1,0.642857143,Low
32728,22,10,5,7,1.863636364,Low
32729,24,17,5,1,0.35,Low
32730,26,4,1,1,0.853846154,Low
32733,16,10,3,1,1.375,Low
32734,11,12,3,1,1.827272727,Low
32735,27,13,1,4,-0.988888889,Low
32737,25,18,2,8,-1.4,Low
32738,20,13,1,2,-0.6,Low
32742,10,11,2,5,1.8,Low
32743,24,16,5,8,0.55,Low
32747,13,14,4,3,1.507692308,Low
32748,15,18,3,3,-0.1,Low
32750,28,19,5,9,-0.228571429,Low
32752,25,17,3,6,-0.7,Low
32754,21,15,6,1,1.428571429,Low
32757,28,8,1,5,-0.028571429,Low
32762,29,14,7,3,1.734482759,Low
32766,25,7,1,1,0.3,Low
32774,16,9,3,9,1.575,Low
32775,25,4,1,9,0.9,Low
32778,22,11,5,2,1.663636364,Low
32779,12,18,2,1,-0.1,Low
32784,26,1,1,7,1.453846154,Low
32786,27,2,1,6,1.211111111,Low
32787,12,14,4,2,1.7,Low
32792,15,9,3,3,1.7,Low
32794,25,17,7,2,1.3,Low
32796,19,11,2,6,0.378947368,Low
32798,25,18,5,5,0.1,Low
32799,7,18,1,8,1.185714286,Low
32802,14,18,3,2,0.042857143,Low
32807,16,10,4,3,1.875,Low
32808,20,15,5,1,1,Low
32809,19,5,2,9,1.578947368,Low
32810,26,15,4,2,0.153846154,Low
32812,24,16,5,7,0.55,Low
32815,15,13,2,4,0.4,Low
32816,29,2,1,6,1.134482759,Low
32821,10,14,1,7,0.7,Low
32822,27,9,5,3,1.811111111,Low
32823,14,19,2,5,-0.657142857,Low
32828,25,9,3,2,0.9,Low
32829,21,10,2,3,0.428571429,Low
32832,19,8,2,2,0.978947368,Low
32835,18,12,5,5,1.766666667,Low
32839,28,9,4,7,1.271428571,Low
32841,19,5,1,9,1.078947368,Low
32843,23,17,5,5,0.404347826,Low
32847,21,17,3,3,-0.471428571,Low
32858,29,9,4,7,1.234482759,Low
32861,19,18,5,1,0.478947368,Low
32863,22,4,1,6,1.063636364,Low
32865,25,6,3,6,1.5,Low
32866,18,4,1,7,1.366666667,Low
32869,28,15,1,5,-1.428571429,Low
32870,7,19,3,8,1.985714286,Low
32878,17,13,3,9,0.664705882,Low
32880,16,18,6,4,1.275,Low
32881,24,17,6,6,0.85,Low
32882,28,12,6,5,1.671428571,Low
32884,26,3,1,1,1.053846154,Low
32885,29,10,1,6,-0.465517241,Low
32886,23,14,5,5,1.004347826,Low
32889,15,17,2,7,-0.4,Low
32892,19,19,4,5,-0.221052632,Low
32893,24,11,2,6,0.05,Low
32894,11,17,4,5,1.327272727,Low
32896,18,12,4,8,1.266666667,Low
32897,16,16,6,2,1.675,Low
32898,29,6,4,7,1.834482759,Low
32901,29,3,1,7,0.934482759,Low
32903,11,17,5,3,1.827272727,Low
32907,29,17,8,4,1.634482759,Low
32911,23,10,4,1,1.304347826,Low
32913,27,11,1,9,-0.588888889,Low
32917,13,15,4,2,1.307692308,Low
32918,28,17,7,5,1.171428571,Low
32923,12,11,3,3,1.8,Low
32930,21,8,1,9,0.328571429,Low
32931,19,17,4,7,0.178947368,Low
32933,25,7,4,8,1.8,Low
32938,26,11,4,3,0.953846154,Low
32940,27,18,7,1,1.011111111,Low
32941,29,17,1,9,-1.865517241,Low
32942,23,17,3,8,-0.595652174,Low
32947,28,8,3,4,0.971428571,Low
32948,19,14,2,8,-0.221052632,Low
32955,25,9,3,7,0.9,Low
32956,22,2,2,5,1.963636364,Low
32958,23,15,6,6,1.304347826,Low
32960,16,19,5,3,0.575,Low
32962,13,18,4,8,0.707692308,Low
32963,21,10,5,2,1.928571429,Low
32964,21,18,1,2,-1.671428571,Low
32966,17,13,2,5,0.164705882,Low
32968,29,14,3,8,-0.265517241,Low
32975,25,16,6,7,1,Low
32976,13,19,6,7,1.507692308,Low
32977,25,18,2,9,-1.4,Low
32978,14,5,1,3,1.642857143,Low
32984,17,8,2,3,1.164705882,Low
32985,23,19,7,3,1.004347826,Low
32986,27,19,6,6,0.311111111,Low
32987,24,13,2,6,-0.35,Low
32992,19,18,3,8,-0.521052632,Low
32994,25,19,6,8,0.4,Low
33003,23,14,2,1,-0.495652174,Low
33004,21,16,2,3,-0.771428571,Low
33005,20,14,5,1,1.2,Low
33007,29,11,2,2,-0.165517241,Low
33011,27,7,1,8,0.211111111,Low
33014,23,14,5,9,1.004347826,Low
33017,23,12,5,5,1.404347826,Low
33026,21,5,2,7,1.428571429,Low
33027,13,6,1,1,1.607692308,Low
33040,24,3,2,9,1.65,Low
33043,29,3,2,1,1.434482759,Low
33048,23,13,1,6,-0.795652174,Low
33050,14,4,1,9,1.842857143,Low
33052,28,6,3,4,1.371428571,Low
33055,29,18,4,4,-0.565517241,Low
33059,26,6,2,6,0.953846154,Low
33060,23,17,8,1,1.904347826,Low
33061,22,19,5,3,0.063636364,Low
33063,17,14,4,6,0.964705882,Low
33067,24,19,7,5,0.95,Low
33073,29,10,4,2,1.034482759,Low
33078,27,19,6,1,0.311111111,Low
33081,8,14,1,4,1.45,Low
33085,19,5,1,6,1.078947368,Low
33087,28,6,1,2,0.371428571,Low
33090,16,6,1,8,1.175,Low
33093,27,18,5,5,0.011111111,Low
33095,24,3,1,6,1.15,Low
33101,25,9,5,9,1.9,Low
33104,11,11,2,4,1.527272727,Low
33106,28,13,3,4,-0.028571429,Low
33108,27,13,5,9,1.011111111,Low
33112,29,16,2,4,-1.165517241,Low
33114,18,19,2,4,-1.133333333,Low
33115,13,15,4,5,1.307692308,Low
33116,9,19,1,3,0.033333333,Low
33117,27,7,2,5,0.711111111,Low
33123,21,4,1,6,1.128571429,Low
33127,20,16,1,9,-1.2,Low
33130,28,17,7,9,1.171428571,Low
33131,28,14,5,6,0.771428571,Low
33133,29,19,8,6,1.234482759,Low
33134,14,14,2,5,0.342857143,Low
33135,14,4,1,6,1.842857143,Low
33136,13,16,5,7,1.607692308,Low
33142,10,15,4,3,2,Low
33143,28,11,3,5,0.371428571,Low
33146,27,11,4,7,0.911111111,Low
33150,22,17,7,3,1.463636364,Low
33153,19,16,7,1,1.878947368,Low
33156,23,7,1,5,0.404347826,Low
33162,19,18,8,7,1.978947368,Low
33163,11,13,3,2,1.627272727,Low
33166,23,10,2,8,0.304347826,Low
33173,28,11,5,2,1.371428571,Low
33181,9,18,1,5,0.233333333,Low
33185,20,19,8,3,1.7,Low
33187,16,19,1,5,-1.425,Low
33191,26,10,4,9,1.153846154,Low
33192,20,8,3,3,1.4,Low
33195,21,9,4,7,1.628571429,Low
33197,26,9,5,8,1.853846154,Low
33198,21,15,4,9,0.428571429,Low
33211,14,5,1,3,1.642857143,Low
33216,11,15,1,3,0.227272727,Low
33221,29,11,2,6,-0.165517241,Low
33222,25,19,4,8,-0.6,Low
33224,24,17,1,5,-1.65,Low
33226,27,12,4,3,0.711111111,Low
33227,25,18,5,5,0.1,Low
33228,28,6,1,9,0.371428571,Low
33230,24,19,3,7,-1.05,Low
33234,29,6,3,3,1.334482759,Low
33237,9,19,2,3,0.533333333,Low
33238,14,17,1,7,-0.757142857,Low
33242,9,19,2,2,0.533333333,Low
33243,21,3,1,2,1.328571429,Low
33244,25,2,1,5,1.3,Low
33245,28,12,3,4,0.171428571,Low
33246,18,12,1,2,-0.233333333,Low
33249,29,11,5,9,1.334482759,Low
33253,11,7,1,2,1.827272727,Low
33255,14,16,1,7,-0.557142857,Low
33256,25,16,5,1,0.5,Low
33257,28,13,1,4,-1.028571429,Low
33258,22,17,6,1,0.963636364,Low
33259,11,9,2,4,1.927272727,Low
33260,13,10,2,5,1.307692308,Low
33267,12,10,3,6,2,Low
33269,25,19,8,3,1.4,Low
33272,16,19,5,7,0.575,Low
33274,21,4,2,9,1.628571429,Low
33282,17,9,3,2,1.464705882,Low
33292,29,4,1,5,0.734482759,Low
33293,24,16,7,5,1.55,Low
33294,18,15,5,3,1.166666667,Low
33295,28,6,1,9,0.371428571,Low
33298,19,17,1,2,-1.321052632,Low
33302,16,13,1,2,-0.225,Low
33303,25,5,1,6,0.7,Low
33312,24,9,3,1,0.95,Low
33315,18,15,2,6,-0.333333333,Low
33317,17,19,3,7,-0.535294118,Low
33320,17,19,6,9,0.964705882,Low
33321,17,19,4,2,-0.035294118,Low
33326,24,18,8,5,1.65,Low
33327,28,18,4,6,-0.528571429,Low
33328,27,11,2,9,-0.088888889,Low
33330,25,10,3,3,0.7,Low
33333,13,18,1,6,-0.792307692,Low
33334,24,8,3,4,1.15,Low
33335,16,13,2,3,0.275,Low
33336,29,11,3,9,0.334482759,Low
33344,11,17,2,8,0.327272727,Low
33351,22,12,3,5,0.463636364,Low
33352,27,13,5,7,1.011111111,Low
33354,18,8,1,1,0.566666667,Low
33359,19,15,5,8,1.078947368,Low
33364,21,8,1,4,0.328571429,Low
33370,20,2,1,5,1.6,Low
33372,25,12,4,2,0.8,Low
33375,22,15,7,6,1.863636364,Low
33376,18,5,1,2,1.166666667,Low
33377,17,17,2,7,-0.635294118,Low
33381,23,11,2,3,0.104347826,Low
33382,18,15,6,8,1.666666667,Low
33386,26,8,4,6,1.553846154,Low
33387,21,10,5,6,1.928571429,Low
33392,28,17,6,7,0.671428571,Low
33393,27,12,6,9,1.711111111,Low
33394,27,18,3,8,-0.988888889,Low
33399,26,8,4,8,1.553846154,Low
33400,21,13,1,3,-0.671428571,Low
33401,25,17,2,4,-1.2,Low
33403,17,18,7,3,1.664705882,Low
33407,24,11,3,3,0.55,Low
33409,18,12,3,3,0.766666667,Low
33410,20,8,4,3,1.9,Low
33413,27,16,1,8,-1.588888889,Low
33414,27,8,4,2,1.511111111,Low
33417,22,19,6,6,0.563636364,Low
33419,10,13,2,8,1.4,Low
33420,17,19,7,9,1.464705882,Low
33422,24,19,2,8,-1.55,Low
33427,13,18,2,6,-0.292307692,Low
33430,12,16,1,4,-0.2,Low
33435,27,17,8,4,1.711111111,Low
33437,25,13,4,5,0.6,Low
33439,22,11,5,9,1.663636364,Low
33440,25,14,4,5,0.4,Low
33441,11,16,3,5,1.027272727,Low
33443,9,18,1,9,0.233333333,Low
33445,20,16,3,2,-0.2,Low
33447,17,19,4,5,-0.035294118,Low
33449,13,16,3,7,0.607692308,Low
33454,24,12,5,7,1.35,Low
33458,23,15,7,1,1.804347826,Low
33460,21,14,4,4,0.628571429,Low
33463,24,9,1,6,-0.05,Low
33464,13,10,2,8,1.307692308,Low
33465,20,17,6,7,1.1,Low
33472,12,11,3,9,1.8,Low
33475,29,18,1,7,-2.065517241,Low
33477,22,18,3,2,-0.736363636,Low
33480,27,16,2,7,-1.088888889,Low
33485,12,11,3,5,1.8,Low
33489,15,8,2,9,1.4,Low
33491,22,2,2,6,1.963636364,Low
33496,28,11,1,4,-0.628571429,Low
33505,25,9,2,8,0.4,Low
33506,27,14,5,4,0.811111111,Low
33507,26,15,3,7,-0.346153846,Low
33510,26,12,5,3,1.253846154,Low
33514,13,11,2,2,1.107692308,Low
33521,29,2,2,7,1.634482759,Low
33523,29,3,3,7,1.934482759,Low
33524,22,17,8,8,1.963636364,Low
33529,15,9,1,4,0.7,Low
33530,25,17,8,8,1.8,Low
33539,17,12,3,3,0.864705882,Low
33542,26,10,5,1,1.653846154,Low
33545,11,11,2,2,1.527272727,Low
33547,11,13,3,3,1.627272727,Low
33549,19,10,1,7,0.078947368,Low
33557,20,16,7,9,1.8,Low
33560,22,8,3,3,1.263636364,Low
33563,19,14,5,4,1.278947368,Low
33564,27,12,2,8,-0.288888889,Low
33573,29,11,3,8,0.334482759,Low
33578,10,18,1,1,-0.1,Low
33589,29,17,3,9,-0.865517241,Low
33590,14,14,3,5,0.842857143,Low
33592,21,13,3,4,0.328571429,Low
33593,16,11,2,7,0.675,Low
33599,25,19,2,8,-1.6,Low
33602,22,19,5,4,0.063636364,Low
33603,22,19,1,7,-1.936363636,Low
33604,17,17,5,7,0.864705882,Low
33605,12,9,1,2,1.2,Low
33607,18,7,2,2,1.266666667,Low
33609,20,16,2,4,-0.7,Low
33611,25,16,7,6,1.5,Low
33613,23,9,2,3,0.504347826,Low
33615,15,17,4,4,0.6,Low
33616,22,13,4,5,0.763636364,Low
33617,26,16,1,8,-1.546153846,Low
33623,14,15,2,7,0.142857143,Low
33625,17,17,5,5,0.864705882,Low
33633,17,17,1,6,-1.135294118,Low
33634,28,17,6,1,0.671428571,Low
33636,16,17,5,4,0.975,Low
33638,20,15,1,1,-1,Low
33640,14,15,4,5,1.142857143,Low
33641,22,17,3,6,-0.536363636,Low
33643,25,4,2,7,1.4,Low
33646,23,15,1,6,-1.195652174,Low
33647,22,17,5,2,0.463636364,Low
33657,22,12,1,5,-0.536363636,Low
33658,13,19,4,2,0.507692308,Low
33659,19,11,1,2,-0.121052632,Low
33661,17,12,5,9,1.864705882,Low
33678,27,11,4,9,0.911111111,Low
33680,19,14,3,7,0.278947368,Low
33681,13,10,3,2,1.807692308,Low
33682,19,13,6,1,1.978947368,Low
33685,9,16,2,9,1.133333333,Low
33686,22,9,3,6,1.063636364,Low
33693,18,18,6,6,1.066666667,Low
33697,23,4,2,5,1.504347826,Low
33703,19,10,4,7,1.578947368,Low
33704,23,3,2,9,1.704347826,Low
33707,29,18,4,8,-0.565517241,Low
33708,18,15,3,9,0.166666667,Low
33713,16,7,2,1,1.475,Low
33714,25,18,6,2,0.6,Low
33722,7,17,1,5,1.385714286,Low
33725,19,5,2,3,1.578947368,Low
33730,22,18,2,1,-1.236363636,Low
33732,19,18,2,6,-1.021052632,Low
33733,27,18,5,3,0.011111111,Low
33734,16,19,5,8,0.575,Low
33736,28,18,2,8,-1.528571429,Low
33740,25,9,5,4,1.9,Low
33747,15,18,3,7,-0.1,Low
33752,22,12,3,6,0.463636364,Low
33754,10,19,2,8,0.2,Low
33759,26,8,2,2,0.553846154,Low
33761,21,8,2,2,0.828571429,Low
33769,27,16,2,3,-1.088888889,Low
33778,21,12,1,4,-0.471428571,Low
33779,22,18,4,7,-0.236363636,Low
33783,26,8,1,2,0.053846154,Low
33787,23,15,5,4,0.804347826,Low
33789,27,19,5,2,-0.188888889,Low
33791,28,8,5,2,1.971428571,Low
33795,13,19,3,5,0.007692308,Low
33796,25,7,2,8,0.8,Low
33797,13,17,2,1,-0.092307692,Low
33798,13,17,6,7,1.907692308,Low
33805,25,19,1,4,-2.1,Low
33807,24,11,2,7,0.05,Low
33811,17,18,1,6,-1.335294118,Low
33813,19,13,3,2,0.478947368,Low
33818,24,16,5,9,0.55,Low
33820,14,12,3,2,1.242857143,Low
33821,26,2,2,6,1.753846154,Low
33824,21,19,7,8,1.128571429,Low
33825,8,18,3,4,1.65,Low
33827,18,15,2,5,-0.333333333,Low
33829,14,18,5,2,1.042857143,Low
33837,22,17,6,4,0.963636364,Low
33840,16,14,2,1,0.075,Low
33843,24,8,3,7,1.15,Low
33847,15,6,2,2,1.8,Low
33851,24,18,6,8,0.65,Low
33852,29,9,3,4,0.734482759,Low
33857,21,15,4,9,0.428571429,Low
33864,17,11,3,2,1.064705882,Low
33865,19,17,2,1,-0.821052632,Low
33867,13,18,5,8,1.207692308,Low
33868,27,15,4,7,0.111111111,Low
33874,19,13,4,5,0.978947368,Low
33877,20,1,1,9,1.8,Low
33878,18,12,2,6,0.266666667,Low
33888,17,6,1,9,1.064705882,Low
33889,14,9,3,4,1.842857143,Low
33892,22,8,1,3,0.263636364,Low
33894,28,9,4,3,1.271428571,Low
33897,27,9,2,9,0.311111111,Low
33899,26,12,3,7,0.253846154,Low
33902,26,19,8,4,1.353846154,Low
33903,20,5,3,5,2,Low
33906,29,18,6,6,0.434482759,Low
33915,28,8,4,2,1.471428571,Low
33917,14,4,1,9,1.842857143,Low
33919,24,18,7,1,1.15,Low
33923,21,14,3,9,0.128571429,Low
33928,17,19,3,8,-0.535294118,Low
33929,22,19,2,5,-1.436363636,Low
33932,10,11,2,4,1.8,Low
33950,23,2,2,9,1.904347826,Low
33952,13,13,4,1,1.707692308,Low
33960,21,1,1,1,1.728571429,Low
33961,11,19,6,4,1.927272727,Low
33965,8,18,2,7,1.15,Low
33971,23,6,2,2,1.104347826,Low
33977,25,15,3,3,-0.3,Low
33979,25,13,1,2,-0.9,Low
33980,20,17,6,9,1.1,Low
33986,18,12,1,4,-0.233333333,Low
33997,13,16,5,6,1.607692308,Low
34001,27,13,6,4,1.511111111,Low
34010,19,10,2,5,0.578947368,Low
34017,27,19,2,3,-1.688888889,Low
34018,26,7,4,4,1.753846154,Low
34019,11,19,3,2,0.427272727,Low
34023,13,17,6,5,1.907692308,Low
34027,12,13,2,6,0.9,Low
34030,27,18,6,6,0.511111111,Low
34032,12,13,4,8,1.9,Low
34033,29,3,2,4,1.434482759,Low
34038,20,15,6,9,1.5,Low
34039,20,19,7,7,1.2,Low
34042,25,18,4,3,-0.4,Low
34044,23,2,2,6,1.904347826,Low
34045,23,18,1,5,-1.795652174,Low
34052,18,15,4,5,0.666666667,Low
34055,17,18,7,5,1.664705882,Low
34056,7,15,1,4,1.785714286,Low
34058,15,19,6,6,1.2,Low
34065,29,10,5,4,1.534482759,Low
34068,16,8,2,2,1.275,Low
34070,15,14,1,3,-0.3,Low
34071,21,4,1,2,1.128571429,Low
34073,16,17,5,5,0.975,Low
34076,22,7,1,9,0.463636364,Low
34078,29,11,1,8,-0.665517241,Low
34079,23,10,5,1,1.804347826,Low
34089,20,6,3,2,1.8,Low
34093,20,12,3,5,0.6,Low
34096,22,11,1,7,-0.336363636,Low
34106,28,11,3,4,0.371428571,Low
34110,25,16,7,3,1.5,Low
34111,26,13,3,5,0.053846154,Low
34119,19,11,5,3,1.878947368,Low
34120,29,8,1,3,-0.065517241,Low
34124,18,17,3,7,-0.233333333,Low
34125,27,18,7,6,1.011111111,Low
34129,27,17,4,4,-0.288888889,Low
34131,14,14,4,5,1.342857143,Low
34134,13,8,1,4,1.207692308,Low
34135,26,9,5,6,1.853846154,Low
34136,18,5,2,4,1.666666667,Low
34137,17,17,6,6,1.364705882,Low
34141,14,16,4,7,0.942857143,Low
34142,23,16,3,9,-0.395652174,Low
34143,13,19,3,3,0.007692308,Low
34144,29,19,7,5,0.734482759,Low
34148,22,5,1,5,0.863636364,Low
34149,19,17,5,3,0.678947368,Low
34150,17,13,1,2,-0.335294118,Low
34156,21,14,5,1,1.128571429,Low
34159,21,10,1,7,-0.071428571,Low
34166,11,10,2,4,1.727272727,Low
34169,21,13,4,2,0.828571429,Low
34175,23,5,3,2,1.804347826,Low
34177,16,9,1,8,0.575,Low
34178,18,1,1,5,1.966666667,Low
34182,23,11,2,3,0.104347826,Low
34183,19,10,1,8,0.078947368,Low
34184,22,15,5,8,0.863636364,Low
34185,16,14,3,1,0.575,Low
34186,20,16,3,7,-0.2,Low
34189,21,1,1,7,1.728571429,Low
34190,24,19,9,8,1.95,Low
34191,18,15,3,2,0.166666667,Low
34199,25,15,2,9,-0.8,Low
34200,18,16,1,4,-1.033333333,Low
34205,15,11,2,4,0.8,Low
34207,27,17,8,5,1.711111111,Low
34208,24,4,1,2,0.95,Low
34212,20,14,6,1,1.7,Low
34213,25,6,1,5,0.5,Low
34219,16,16,2,4,-0.325,Low
34226,18,11,2,9,0.466666667,Low
34232,8,17,3,1,1.85,Low
34234,20,15,6,9,1.5,Low
34235,28,6,1,8,0.371428571,Low
34245,29,18,8,9,1.434482759,Low
34247,18,12,3,9,0.766666667,Low
34248,25,18,5,9,0.1,Low
34249,16,8,2,7,1.275,Low
34254,15,19,6,5,1.2,Low
34256,17,12,3,6,0.864705882,Low
34257,25,14,7,9,1.9,Low
34262,6,18,1,3,1.9,Low
34264,27,13,2,9,-0.488888889,Low
34268,16,17,4,2,0.475,Low
34271,25,11,2,3,0,Low
34275,12,6,1,8,1.8,Low
34276,16,17,3,5,-0.025,Low
34277,19,18,5,6,0.478947368,Low
34279,11,17,5,2,1.827272727,Low
34280,17,10,3,1,1.264705882,Low
34285,20,15,5,5,1,Low
34291,24,13,6,7,1.65,Low
34294,28,10,4,5,1.071428571,Low
34296,11,13,2,9,1.127272727,Low
34301,26,8,3,4,1.053846154,Low
34304,8,15,1,3,1.25,Low
34311,28,15,3,4,-0.428571429,Low
34314,12,11,2,6,1.3,Low
34315,20,19,1,1,-1.8,Low
34316,20,16,7,3,1.8,Low
34317,21,18,2,8,-1.171428571,Low
34319,23,5,1,5,0.804347826,Low
34331,21,13,1,7,-0.671428571,Low
34335,29,8,4,9,1.434482759,Low
34338,21,18,2,2,-1.171428571,Low
34339,26,19,8,9,1.353846154,Low
34341,19,8,2,4,0.978947368,Low
34342,28,4,3,7,1.771428571,Low
34343,27,17,1,3,-1.788888889,Low
34347,23,14,4,7,0.504347826,Low
34348,23,9,4,2,1.504347826,Low
34352,23,18,8,8,1.704347826,Low
34355,18,14,4,6,0.866666667,Low
34357,23,10,3,6,0.804347826,Low
34362,22,16,5,6,0.663636364,Low
34370,26,15,5,4,0.653846154,Low
34373,27,1,2,8,1.911111111,Low
34376,23,9,1,4,0.004347826,Low
34377,26,7,1,7,0.253846154,Low
34378,27,7,2,1,0.711111111,Low
34379,19,15,5,9,1.078947368,Low
34383,15,13,2,8,0.4,Low
34388,23,8,2,6,0.704347826,Low
34389,18,19,8,9,1.866666667,Low
34390,27,16,4,9,-0.088888889,Low
34399,16,13,5,1,1.775,Low
34404,20,11,2,2,0.3,Low
34413,26,13,2,5,-0.446153846,Low
34415,20,14,6,7,1.7,Low
34420,22,19,1,8,-1.936363636,Low
34427,29,12,2,4,-0.365517241,Low
34428,19,18,1,8,-1.521052632,Low
34431,14,18,5,5,1.042857143,Low
34433,20,4,1,4,1.2,Low
34434,15,17,2,1,-0.4,Low
34437,28,16,5,2,0.371428571,Low
34439,21,14,1,1,-0.871428571,Low
34441,19,16,1,3,-1.121052632,Low
34442,14,19,1,4,-1.157142857,Low
34446,17,10,3,6,1.264705882,Low
34448,18,6,3,5,1.966666667,Low
34449,10,15,4,8,2,Low
34453,19,3,1,7,1.478947368,Low
34457,18,18,6,3,1.066666667,Low
34459,27,18,7,3,1.011111111,Low
34460,28,7,2,2,0.671428571,Low
34465,8,16,2,4,1.55,Low
34467,26,7,4,9,1.753846154,Low
34482,19,8,2,2,0.978947368,Low
34483,17,17,1,7,-1.135294118,Low
34484,29,12,4,3,0.634482759,Low
34485,18,11,1,2,-0.033333333,Low
34487,13,17,3,7,0.407692308,Low
34491,18,13,2,9,0.066666667,Low
34495,24,12,2,1,-0.15,Low
34499,9,15,2,5,1.333333333,Low
34500,19,18,6,8,0.978947368,Low
34505,18,16,5,8,0.966666667,Low
34506,11,14,4,3,1.927272727,Low
34511,15,5,1,6,1.5,Low
34516,21,14,3,6,0.128571429,Low
34518,21,19,7,2,1.128571429,Low
34520,26,14,2,1,-0.646153846,Low
34522,19,11,4,7,1.378947368,Low
34523,16,10,4,6,1.875,Low
34526,20,18,7,9,1.4,Low
34527,12,19,3,3,0.2,Low
34528,17,12,1,6,-0.135294118,Low
34532,18,10,3,3,1.166666667,Low
34537,27,16,7,1,1.411111111,Low
34539,17,16,2,3,-0.435294118,Low
34545,20,18,7,4,1.4,Low
34546,18,16,1,3,-1.033333333,Low
34547,22,15,2,1,-0.636363636,Low
34550,27,6,3,7,1.411111111,Low
34556,24,9,4,9,1.45,Low
34557,29,17,3,2,-0.865517241,Low
34558,29,5,1,9,0.534482759,Low
34561,10,15,1,2,0.5,Low
34566,10,17,3,9,1.1,Low
34567,12,5,1,1,2,Low
34569,21,4,1,1,1.128571429,Low
34570,24,18,5,1,0.15,Low
34574,24,19,2,3,-1.55,Low
34582,21,13,1,2,-0.671428571,Low
34587,18,15,3,4,0.166666667,Low
34589,26,19,6,4,0.353846154,Low
34597,18,15,6,6,1.666666667,Low
34598,28,8,4,1,1.471428571,Low
34599,19,15,5,3,1.078947368,Low
34600,16,11,4,9,1.675,Low
34608,27,4,3,3,1.811111111,Low
34609,21,6,3,7,1.728571429,Low
34610,16,14,2,2,0.075,Low
34611,19,8,1,4,0.478947368,Low
34614,27,7,2,3,0.711111111,Low
34615,29,18,8,6,1.434482759,Low
34616,13,16,4,5,1.107692308,Low
34618,10,14,3,5,1.7,Low
34619,21,10,2,3,0.428571429,Low
34621,19,18,5,3,0.478947368,Low
34624,18,19,2,4,-1.133333333,Low
34628,9,17,2,4,0.933333333,Low
34631,25,18,5,5,0.1,Low
34635,25,9,4,3,1.4,Low
34638,27,11,1,1,-0.588888889,Low
34642,7,19,1,3,0.985714286,Low
34644,20,15,3,1,0,Low
34646,14,6,1,5,1.442857143,Low
34647,21,11,2,1,0.228571429,Low
34653,18,8,3,5,1.566666667,Low
34656,13,10,1,8,0.807692308,Low
34657,15,13,2,1,0.4,Low
34661,22,19,7,3,1.063636364,Low
34662,12,16,2,1,0.3,Low
34663,11,19,1,2,-0.572727273,Low
34670,20,15,2,6,-0.5,Low
34675,16,18,5,2,0.775,Low
34680,17,12,2,2,0.364705882,Low
34684,22,18,4,2,-0.236363636,Low
34686,25,4,3,1,1.9,Low
34693,27,4,2,9,1.311111111,Low
34695,13,18,1,9,-0.792307692,Low
34697,19,19,6,9,0.778947368,Low
34698,27,11,1,3,-0.588888889,Low
34700,11,19,2,2,-0.072727273,Low
34703,11,14,1,3,0.427272727,Low
34710,13,10,3,7,1.807692308,Low
34713,12,9,1,1,1.2,Low
34714,27,19,8,1,1.311111111,Low
34715,20,15,3,1,0,Low
34717,24,15,1,9,-1.25,Low
34721,20,7,2,6,1.1,Low
34724,12,18,6,7,1.9,Low
34725,27,18,2,6,-1.488888889,Low
34728,29,5,1,7,0.534482759,Low
34731,15,8,2,9,1.4,Low
34732,17,15,4,8,0.764705882,Low
34733,24,15,6,6,1.25,Low
34735,14,11,1,1,0.442857143,Low
34736,15,19,1,6,-1.3,Low
34741,26,16,2,3,-1.046153846,Low
34743,10,14,1,2,0.7,Low
34749,29,18,8,5,1.434482759,Low
34751,23,12,6,2,1.904347826,Low
34759,15,15,1,2,-0.5,Low
34762,8,17,3,6,1.85,Low
34766,12,10,2,8,1.5,Low
34767,18,16,4,7,0.466666667,Low
34769,19,15,2,3,-0.421052632,Low
34772,18,16,1,1,-1.033333333,Low
34773,27,17,6,5,0.711111111,Low
34781,24,11,1,4,-0.45,Low
34783,19,19,2,4,-1.221052632,Low
34790,24,5,2,2,1.25,Low
34791,18,17,1,5,-1.233333333,Low
34792,15,15,6,6,2,Low
34796,29,13,1,1,-1.065517241,Low
34798,12,18,4,4,0.9,Low
34800,21,18,2,7,-1.171428571,Low
34804,16,19,3,1,-0.425,Low
34808,28,18,8,7,1.471428571,Low
34811,12,15,3,2,1,Low
34814,28,18,1,1,-2.028571429,Low
34816,20,17,5,2,0.6,Low
34821,16,16,5,1,1.175,Low
34826,20,17,4,1,0.1,Low
34827,18,4,2,2,1.866666667,Low
34830,15,12,1,5,0.1,Low
34841,11,18,2,3,0.127272727,Low
34843,18,17,3,8,-0.233333333,Low
34848,19,18,4,7,-0.021052632,Low
34849,19,12,2,4,0.178947368,Low
34851,26,5,1,5,0.653846154,Low
34853,16,15,1,4,-0.625,Low
34857,21,15,2,2,-0.571428571,Low
34860,29,6,4,1,1.834482759,Low
34866,23,12,4,7,0.904347826,Low
34868,18,17,4,6,0.266666667,Low
34870,25,9,2,8,0.4,Low
34874,27,17,4,4,-0.288888889,Low
34882,24,15,2,5,-0.75,Low
34883,29,15,5,7,0.534482759,Low
34885,22,11,5,6,1.663636364,Low
34890,19,12,5,4,1.678947368,Low
34892,23,14,2,3,-0.495652174,Low
34893,26,16,1,4,-1.546153846,Low
34894,25,6,3,3,1.5,Low
34896,21,14,6,5,1.628571429,Low
34902,8,15,2,7,1.75,Low
34904,16,18,6,4,1.275,Low
34908,16,17,6,9,1.475,Low
34916,16,19,7,9,1.575,Low
34917,16,15,5,6,1.375,Low
34920,26,19,8,3,1.353846154,Low
34921,12,10,1,9,1,Low
34923,26,19,9,4,1.853846154,Low
34929,26,19,4,5,-0.646153846,Low
34930,29,9,2,5,0.234482759,Low
34933,10,11,1,9,1.3,Low
34941,13,9,1,4,1.007692308,Low
34942,20,14,3,2,0.2,Low
34944,21,17,5,6,0.528571429,Low
34945,27,2,1,1,1.211111111,Low
34948,29,5,2,8,1.034482759,Low
34952,14,19,5,8,0.842857143,Low
34957,22,17,8,5,1.963636364,Low
34959,27,7,1,3,0.211111111,Low
34960,15,13,2,5,0.4,Low
34961,20,18,4,9,-0.1,Low
34962,10,13,2,3,1.4,Low
34963,18,19,7,7,1.366666667,Low
34965,23,7,2,5,0.904347826,Low
34967,25,12,2,7,-0.2,Low
34968,29,7,3,7,1.134482759,Low
34970,13,5,1,3,1.807692308,Low
34973,11,15,1,7,0.227272727,Low
34977,26,16,4,3,-0.046153846,Low
34978,14,18,4,9,0.542857143,Low
34982,26,14,1,2,-1.146153846,Low
34985,27,15,4,1,0.111111111,Low
34989,20,14,3,2,0.2,Low
34990,15,11,4,8,1.8,Low
34999,13,17,1,7,-0.592307692,Low
35000,25,9,3,7,0.9,Low
35007,26,11,5,1,1.453846154,Low
35008,12,15,1,9,0,Low
35014,27,19,2,5,-1.688888889,Low
35015,17,3,1,3,1.664705882,Low
35018,24,11,4,3,1.05,Low
35019,29,17,1,5,-1.865517241,Low
35022,15,15,2,7,0,Low
35027,28,10,1,3,-0.428571429,Low
35029,23,7,4,8,1.904347826,Low
35033,16,19,5,2,0.575,Low
35037,17,16,2,7,-0.435294118,Low
35038,27,18,2,8,-1.488888889,Low
35039,19,14,2,3,-0.221052632,Low
35040,9,11,1,4,1.633333333,Low
35043,22,7,3,1,1.463636364,Low
35044,19,13,2,1,-0.021052632,Low
35047,28,5,1,8,0.571428571,Low
35051,21,19,6,6,0.628571429,Low
35057,29,6,3,6,1.334482759,Low
35061,26,18,1,6,-1.946153846,Low
35066,12,8,1,4,1.4,Low
35072,14,11,2,9,0.942857143,Low
35074,25,19,9,4,1.9,Low
35076,22,6,2,6,1.163636364,Low
35078,7,15,1,7,1.785714286,Low
35080,28,14,6,6,1.271428571,Low
35085,16,19,3,2,-0.425,Low
35086,22,9,1,1,0.063636364,Low
35089,16,18,2,5,-0.725,Low
35094,15,19,4,7,0.2,Low
35095,17,11,3,1,1.064705882,Low
35097,28,18,9,8,1.971428571,Low
35099,22,6,2,4,1.163636364,Low
35112,14,9,2,9,1.342857143,Low
35113,27,16,7,6,1.411111111,Low
35114,19,12,4,8,1.178947368,Low
35116,20,15,6,1,1.5,Low
35121,15,17,2,2,-0.4,Low
35123,26,19,5,9,-0.146153846,Low
35124,11,11,1,2,1.027272727,Low
35126,19,14,2,5,-0.221052632,Low
35127,26,12,5,4,1.253846154,Low
35134,21,19,2,5,-1.371428571,Low
35135,22,6,1,7,0.663636364,Low
35142,20,18,3,8,-0.6,Low
35143,24,16,5,5,0.55,Low
35144,10,18,2,3,0.4,Low
35147,8,17,2,4,1.35,Low
35148,22,18,2,5,-1.236363636,Low
35149,20,16,3,8,-0.2,Low
35151,25,18,4,2,-0.4,Low
35168,25,7,4,3,1.8,Low
35169,18,18,2,1,-0.933333333,Low
35176,25,15,7,8,1.7,Low
35180,27,18,6,5,0.511111111,Low
35181,22,14,3,4,0.063636364,Low
35182,23,15,4,1,0.304347826,Low
35183,10,19,4,7,1.2,Low
35186,10,10,1,3,1.5,Low
35187,27,17,5,8,0.211111111,Low
35189,23,13,5,5,1.204347826,Low
35195,16,16,5,2,1.175,Low
35198,29,16,3,4,-0.665517241,Low
35199,25,7,3,9,1.3,Low
35200,25,17,3,3,-0.7,Low
35205,23,5,1,6,0.804347826,Low
35210,20,6,2,5,1.3,Low
35213,8,13,1,8,1.65,Low
35214,28,18,6,6,0.471428571,Low
35217,21,5,3,2,1.928571429,Low
35220,19,4,2,7,1.778947368,Low
35226,15,16,3,9,0.3,Low
35231,23,13,4,9,0.704347826,Low
35232,17,19,7,2,1.464705882,Low
35235,24,19,4,2,-0.55,Low
35239,26,3,2,5,1.553846154,Low
35244,28,16,8,9,1.871428571,Low
35250,18,18,2,3,-0.933333333,Low
35253,15,15,5,1,1.5,Low
35255,28,14,4,4,0.271428571,Low
35256,27,14,6,7,1.311111111,Low
35259,13,7,2,8,1.907692308,Low
35262,20,14,6,1,1.7,Low
35265,20,5,3,1,2,Low
35268,25,4,1,5,0.9,Low
35269,20,10,2,5,0.5,Low
35273,22,17,3,9,-0.536363636,Low
35276,20,16,7,5,1.8,Low
35279,11,17,3,1,0.827272727,Low
35281,17,14,1,7,-0.535294118,Low
35283,27,17,1,5,-1.788888889,Low
35289,16,14,1,5,-0.425,Low
35290,9,16,3,8,1.633333333,Low
35293,12,11,2,8,1.3,Low
35297,28,10,3,8,0.571428571,Low
35301,19,18,3,7,-0.521052632,Low
35302,26,6,4,6,1.953846154,Low
35304,11,17,3,3,0.827272727,Low
35306,21,9,3,4,1.128571429,Low
35307,19,17,2,8,-0.821052632,Low
35310,26,6,1,3,0.453846154,Low
35313,14,10,1,2,0.642857143,Low
35320,10,12,1,1,1.1,Low
35323,20,8,1,7,0.4,Low
35329,27,19,1,9,-2.188888889,Low
35331,24,15,3,7,-0.25,Low
35332,24,15,6,6,1.25,Low
35333,24,14,5,6,0.95,Low
35335,16,17,6,4,1.475,Low
35337,18,10,4,9,1.666666667,Low
35338,11,9,1,4,1.427272727,Low
35339,18,18,6,4,1.066666667,Low
35347,25,15,6,1,1.2,Low
35349,19,15,1,1,-0.921052632,Low
35351,22,12,4,3,0.963636364,Low
35353,24,16,1,8,-1.45,Low
35354,16,3,1,7,1.775,Low
35356,12,18,2,3,-0.1,Low
35357,27,19,2,4,-1.688888889,Low
35358,29,2,1,1,1.134482759,Low
35359,26,19,8,9,1.353846154,Low
35362,28,9,2,9,0.271428571,Low
35364,24,19,5,6,-0.05,Low
35365,22,2,1,7,1.463636364,Low
35367,24,9,5,7,1.95,Low
35368,17,19,4,6,-0.035294118,Low
35369,25,2,2,1,1.8,Low
35375,24,7,1,1,0.35,Low
35379,28,9,5,7,1.771428571,Low
35380,25,16,4,5,0,Low
35381,25,6,2,2,1,Low
35383,18,13,2,3,0.066666667,Low
35384,26,12,2,8,-0.246153846,Low
35387,22,11,1,6,-0.336363636,Low
35389,20,11,5,9,1.8,Low
35390,9,18,3,7,1.233333333,Low
35397,16,18,3,9,-0.225,Low
35400,24,9,2,5,0.45,Low
35403,18,8,3,5,1.566666667,Low
35407,29,12,6,1,1.634482759,Low
35410,25,11,3,8,0.5,Low
35412,24,12,1,1,-0.65,Low
35416,16,14,4,5,1.075,Low
35417,21,9,2,1,0.628571429,Low
35418,12,17,3,4,0.6,Low
35423,21,5,3,4,1.928571429,Low
35428,27,18,1,1,-1.988888889,Low
35429,25,8,2,1,0.6,Low
35434,12,19,1,8,-0.8,Low
35439,25,8,4,5,1.6,Low
35442,25,10,4,9,1.2,Low
35445,22,6,1,1,0.663636364,Low
35446,25,9,2,9,0.4,Low
35450,29,8,3,6,0.934482759,Low
35451,28,14,2,4,-0.728571429,Low
35460,21,11,4,8,1.228571429,Low
35461,28,8,1,1,-0.028571429,Low
35463,28,18,7,8,0.971428571,Low
35465,24,17,4,6,-0.15,Low
35466,28,19,7,5,0.771428571,Low
35467,15,15,6,1,2,Low
35470,24,17,4,2,-0.15,Low
35471,22,9,3,3,1.063636364,Low
35477,26,18,2,9,-1.446153846,Low
35479,28,5,2,1,1.071428571,Low
35481,24,12,4,3,0.85,Low
35484,16,17,4,4,0.475,Low
35490,10,14,3,2,1.7,Low
35491,22,11,1,4,-0.336363636,Low
35493,25,6,1,9,0.5,Low
35494,25,14,1,9,-1.1,Low
35500,12,17,2,7,0.1,Low
35501,21,17,6,3,1.028571429,Low
35503,21,15,5,7,0.928571429,Low
35505,21,13,2,9,-0.171428571,Low
35513,24,17,8,8,1.85,Low
35514,22,10,5,1,1.863636364,Low
35515,16,10,1,1,0.375,Low
35516,23,5,1,8,0.804347826,Low
35519,18,9,4,7,1.866666667,Low
35529,26,7,4,1,1.753846154,Low
35530,29,13,7,3,1.934482759,Low
35531,24,6,2,3,1.05,Low
35535,27,16,5,5,0.411111111,Low
35539,28,12,2,6,-0.328571429,Low
35540,28,18,1,8,-2.028571429,Low
35542,12,13,4,2,1.9,Low
35543,10,12,1,5,1.1,Low
35544,26,18,1,4,-1.946153846,Low
35546,29,13,7,2,1.934482759,Low
35548,18,18,4,3,0.066666667,Low
35549,17,18,5,3,0.664705882,Low
35553,14,12,1,3,0.242857143,Low
35556,27,13,5,7,1.011111111,Low
35557,22,12,4,5,0.963636364,Low
35558,17,11,2,7,0.564705882,Low
35560,7,14,1,5,1.985714286,Low
35563,25,15,1,7,-1.3,Low
35568,10,14,1,6,0.7,Low
35571,23,10,5,6,1.804347826,Low
35585,20,7,3,3,1.6,Low
35588,11,17,3,3,0.827272727,Low
35593,16,18,7,2,1.775,Low
35595,28,1,2,7,1.871428571,Low
35596,29,14,6,9,1.234482759,Low
35597,19,14,2,9,-0.221052632,Low
35598,20,6,1,9,0.8,Low
35600,21,16,2,1,-0.771428571,Low
35605,23,12,2,1,-0.095652174,Low
35609,28,19,6,3,0.271428571,Low
35620,25,8,2,1,0.6,Low
35621,22,17,1,7,-1.536363636,Low
35622,29,18,3,4,-1.065517241,Low
35626,16,17,6,1,1.475,Low
35627,8,12,1,4,1.85,Low
35632,18,13,5,5,1.566666667,Low
35637,19,16,6,5,1.378947368,Low
35647,23,3,1,5,1.204347826,Low
35648,18,14,5,7,1.366666667,Low
35649,19,9,4,1,1.778947368,Low
35650,7,19,2,1,1.485714286,Low
35652,21,14,4,3,0.628571429,Low
35655,22,13,1,9,-0.736363636,Low
35657,18,7,3,2,1.766666667,Low
35658,24,5,3,9,1.75,Low
35662,28,15,1,5,-1.428571429,Low
35663,13,11,2,5,1.107692308,Low
35664,23,18,4,5,-0.295652174,Low
35666,22,19,8,7,1.563636364,Low
35669,27,18,1,5,-1.988888889,Low
35670,26,17,3,6,-0.746153846,Low
35676,15,8,3,7,1.9,Low
35677,24,17,3,1,-0.65,Low
35680,15,15,5,5,1.5,Low
35693,17,13,4,4,1.164705882,Low
35696,27,18,2,7,-1.488888889,Low
35697,9,12,2,8,1.933333333,Low
35715,14,17,5,6,1.242857143,Low
35716,18,19,2,3,-1.133333333,Low
35719,22,16,7,1,1.663636364,Low
35726,25,16,6,9,1,Low
35731,18,15,3,1,0.166666667,Low
35732,19,14,3,4,0.278947368,Low
35737,24,13,5,1,1.15,Low
35738,18,9,3,9,1.366666667,Low
35741,18,6,3,4,1.966666667,Low
35744,24,9,2,2,0.45,Low
35751,27,8,1,6,0.011111111,Low
35752,25,10,3,8,0.7,Low
35754,9,14,1,4,1.033333333,Low
35761,18,3,1,2,1.566666667,Low
35766,20,11,3,6,0.8,Low
35768,29,13,6,9,1.434482759,Low
35771,13,16,3,5,0.607692308,Low
35775,16,17,4,5,0.475,Low
35776,17,13,4,1,1.164705882,Low
35778,18,12,3,2,0.766666667,Low
35782,19,10,2,5,0.578947368,Low
35784,27,19,7,5,0.811111111,Low
35785,24,5,2,7,1.25,Low
35790,18,11,1,5,-0.033333333,Low
35794,13,13,3,8,1.207692308,Low
35795,21,10,4,6,1.428571429,Low
35799,19,11,3,9,0.878947368,Low
35800,22,17,4,8,-0.036363636,Low
35801,22,6,3,4,1.663636364,Low
35802,19,12,2,8,0.178947368,Low
35805,24,11,1,8,-0.45,Low
35806,27,9,1,9,-0.188888889,Low
35811,21,15,5,9,0.928571429,Low
35815,16,13,3,5,0.775,Low
35819,28,5,3,8,1.571428571,Low
35821,17,16,1,3,-0.935294118,Low
35823,25,17,7,6,1.3,Low
35825,13,17,6,6,1.907692308,Low
35830,27,13,5,7,1.011111111,Low
35832,19,17,6,6,1.178947368,Low
35833,27,7,4,3,1.711111111,Low
35835,29,3,3,1,1.934482759,Low
35836,14,15,5,9,1.642857143,Low
35839,13,14,2,3,0.507692308,Low
35841,10,11,2,7,1.8,Low
35843,28,8,1,1,-0.028571429,Low
35847,24,9,1,2,-0.05,Low
35851,11,14,2,4,0.927272727,Low
35852,27,11,2,7,-0.088888889,Low
35853,20,19,7,5,1.2,Low
35855,11,8,1,1,1.627272727,Low
35856,24,18,1,8,-1.85,Low
35858,26,18,4,7,-0.446153846,Low
35863,23,17,4,1,-0.095652174,Low
35864,28,9,1,3,-0.228571429,Low
35866,29,11,2,6,-0.165517241,Low
35872,19,9,2,9,0.778947368,Low
35873,27,19,2,3,-1.688888889,Low
35877,28,18,8,8,1.471428571,Low
35880,17,18,3,8,-0.335294118,Low
35881,28,12,5,7,1.171428571,Low
35882,19,18,4,3,-0.021052632,Low
35886,24,17,4,1,-0.15,Low
35887,16,19,2,2,-0.925,Low
35888,23,17,1,8,-1.595652174,Low
35900,17,9,1,8,0.464705882,Low
35901,14,6,1,6,1.442857143,Low
35907,27,11,1,3,-0.588888889,Low
35908,24,10,4,6,1.25,Low
35911,25,13,2,4,-0.4,Low
35913,16,19,3,4,-0.425,Low
35914,16,11,3,4,1.175,Low
35915,28,13,5,4,0.971428571,Low
35919,27,19,5,6,-0.188888889,Low
35925,22,19,4,9,-0.436363636,Low
35926,15,9,1,4,0.7,Low
35928,25,11,1,5,-0.5,Low
35929,17,9,2,7,0.964705882,Low
35933,27,13,1,1,-0.988888889,Low
35935,16,5,1,8,1.375,Low
35937,16,11,4,2,1.675,Low
35940,22,12,6,7,1.963636364,Low
35942,15,10,3,2,1.5,Low
35943,29,11,2,1,-0.165517241,Low
35945,27,4,2,6,1.311111111,Low
35947,20,18,8,7,1.9,Low
35948,23,2,2,7,1.904347826,Low
35949,16,9,1,4,0.575,Low
35951,14,15,4,1,1.142857143,Low
35952,20,19,3,4,-0.8,Low
35955,27,3,2,4,1.511111111,Low
35958,27,19,4,2,-0.688888889,Low
35959,9,10,1,7,1.833333333,Low
35960,25,9,2,5,0.4,Low
35962,24,3,2,9,1.65,Low
35980,18,9,4,7,1.866666667,Low
35981,21,19,6,2,0.628571429,Low
35982,12,14,2,1,0.7,Low
35983,22,8,4,9,1.763636364,Low
35984,28,13,1,7,-1.028571429,Low
35985,26,19,3,8,-1.146153846,Low
35991,26,10,1,6,-0.346153846,Low
35994,24,9,3,9,0.95,Low
35998,21,6,1,8,0.728571429,Low
35999,10,17,3,1,1.1,Low
36003,25,19,8,6,1.4,Low
36010,28,15,1,1,-1.428571429,Low
36012,17,19,7,2,1.464705882,Low
36013,17,17,6,2,1.364705882,Low
36014,21,10,1,4,-0.071428571,Low
36015,26,12,3,7,0.253846154,Low
36017,21,5,2,9,1.428571429,Low
36018,19,7,1,4,0.678947368,Low
36019,12,9,1,3,1.2,Low
36020,28,19,3,7,-1.228571429,Low
36021,15,4,1,2,1.7,Low
36025,21,9,1,4,0.128571429,Low
36027,27,19,2,1,-1.688888889,Low
36029,23,17,5,6,0.404347826,Low
36031,22,17,8,3,1.963636364,Low
36032,9,13,1,2,1.233333333,Low
36033,29,6,2,4,0.834482759,Low
36041,26,16,5,4,0.453846154,Low
36047,13,17,2,2,-0.092307692,Low
36051,27,10,3,5,0.611111111,Low
36059,28,18,9,2,1.971428571,Low
36063,22,9,2,4,0.563636364,Low
36064,29,8,5,1,1.934482759,Low
36065,25,11,2,9,0,Low
36066,24,17,2,6,-1.15,Low
36069,21,9,3,5,1.128571429,Low
36070,21,14,1,7,-0.871428571,Low
36072,12,15,3,7,1,Low
36076,21,13,4,1,0.828571429,Low
36077,22,18,3,2,-0.736363636,Low
36079,26,12,2,8,-0.246153846,Low
36080,17,10,2,6,0.764705882,Low
36085,20,19,4,1,-0.3,Low
36092,13,17,6,3,1.907692308,Low
36093,17,7,3,7,1.864705882,Low
36100,27,17,1,6,-1.788888889,Low
36102,19,9,3,9,1.278947368,Low
36106,15,8,3,6,1.9,Low
36109,13,8,2,2,1.707692308,Low
36111,24,14,6,5,1.45,Low
36112,17,16,3,2,0.064705882,Low
36114,15,18,1,8,-1.1,Low
36115,29,14,1,9,-1.265517241,Low
36120,20,9,3,2,1.2,Low
36121,15,10,4,2,2,Low
36125,27,11,6,7,1.911111111,Low
36127,24,4,1,6,0.95,Low
36129,27,19,4,1,-0.688888889,Low
36130,17,4,1,4,1.464705882,Low
36133,18,10,2,6,0.666666667,Low
36136,10,14,3,4,1.7,Low
36141,25,16,5,3,0.5,Low
36143,7,19,1,7,0.985714286,Low
36145,19,4,1,4,1.278947368,Low
36146,21,19,8,4,1.628571429,Low
36155,26,15,5,3,0.653846154,Low
36158,22,12,6,7,1.963636364,Low
36159,14,13,3,6,1.042857143,Low
36165,15,14,4,2,1.2,Low
36166,22,8,2,3,0.763636364,Low
36168,20,17,6,1,1.1,Low
36170,20,11,3,5,0.8,Low
36173,29,9,1,4,-0.265517241,Low
36175,26,10,4,2,1.153846154,Low
36183,19,6,2,5,1.378947368,Low
36189,22,11,5,7,1.663636364,Low
36190,16,9,3,3,1.575,Low
36195,19,18,6,3,0.978947368,Low
36203,10,18,4,5,1.4,Low
36206,26,16,7,2,1.453846154,Low
36209,16,17,6,5,1.475,Low
36212,13,16,5,3,1.607692308,Low
36214,28,10,3,5,0.571428571,Low
36215,20,2,1,5,1.6,Low
36220,10,15,2,9,1,Low
36223,19,19,6,9,0.778947368,Low
36224,23,12,5,2,1.404347826,Low
36229,18,9,1,8,0.366666667,Low
36234,16,18,5,1,0.775,Low
36237,24,17,3,1,-0.65,Low
36238,13,12,3,4,1.407692308,Low
36240,16,2,1,9,1.975,Low
36241,22,17,2,2,-1.036363636,Low
36244,13,13,2,1,0.707692308,Low
36247,16,15,3,7,0.375,Low
36248,10,19,2,5,0.2,Low
36251,13,19,1,9,-0.992307692,Low
36253,29,17,2,3,-1.365517241,Low
36257,19,16,4,1,0.378947368,Low
36258,21,14,5,3,1.128571429,Low
36266,22,17,8,9,1.963636364,Low
36267,17,13,4,9,1.164705882,Low
36271,21,16,7,4,1.728571429,Low
36272,22,7,4,3,1.963636364,Low
36274,26,12,4,4,0.753846154,Low
36275,28,13,7,4,1.971428571,Low
36280,18,5,2,7,1.666666667,Low
36282,28,17,8,3,1.671428571,Low
36283,23,19,2,2,-1.495652174,Low
36284,17,6,1,3,1.064705882,Low
36286,22,12,1,9,-0.536363636,Low
36287,19,13,4,3,0.978947368,Low
36292,25,16,3,1,-0.5,Low
36300,20,12,3,6,0.6,Low
36301,28,11,5,2,1.371428571,Low
36304,27,16,1,1,-1.588888889,Low
36308,14,10,3,5,1.642857143,Low
36312,24,6,1,7,0.55,Low
36314,28,4,1,8,0.771428571,Low
36316,22,12,3,9,0.463636364,Low
36317,13,17,3,6,0.407692308,Low
36319,29,16,2,2,-1.165517241,Low
36321,24,18,2,4,-1.35,Low
36326,25,9,4,8,1.4,Low
36331,17,15,5,6,1.264705882,Low
36332,14,19,1,6,-1.157142857,Low
36339,25,12,2,5,-0.2,Low
36340,22,15,7,9,1.863636364,Low
36347,29,13,3,7,-0.065517241,Low
36356,29,10,1,5,-0.465517241,Low
36364,19,15,3,6,0.078947368,Low
36367,22,4,2,2,1.563636364,Low
36371,14,18,2,1,-0.457142857,Low
36372,28,19,9,3,1.771428571,Low
36374,20,3,2,7,1.9,Low
36375,23,16,3,4,-0.395652174,Low
36376,20,8,1,7,0.4,Low
36378,13,16,1,2,-0.392307692,Low
36381,13,11,1,8,0.607692308,Low
36382,13,18,3,4,0.207692308,Low
36384,13,12,3,6,1.407692308,Low
36388,23,11,3,5,0.604347826,Low
36389,24,19,7,2,0.95,Low
36392,10,11,1,8,1.3,Low
36393,23,8,3,7,1.204347826,Low
36395,24,5,1,2,0.75,Low
36396,9,14,2,9,1.533333333,Low
36400,27,8,1,7,0.011111111,Low
36401,22,19,8,6,1.563636364,Low
36404,12,19,5,1,1.2,Low
36405,27,12,3,6,0.211111111,Low
36408,25,11,5,3,1.5,Low
36414,18,14,1,6,-0.633333333,Low
36416,22,16,5,8,0.663636364,Low
36419,15,15,4,3,1,Low
36421,20,4,2,6,1.7,Low
36426,23,16,4,6,0.104347826,Low
36431,17,10,1,2,0.264705882,Low
36433,27,13,5,1,1.011111111,Low
36434,16,15,2,7,-0.125,Low
36437,19,19,2,1,-1.221052632,Low
36447,28,17,4,9,-0.328571429,Low
36448,18,19,7,1,1.366666667,Low
36456,24,14,4,6,0.45,Low
36457,13,8,1,7,1.207692308,Low
36458,20,19,4,9,-0.3,Low
36467,24,13,2,6,-0.35,Low
36470,21,8,2,5,0.828571429,Low
36472,12,18,5,5,1.4,Low
36474,23,16,3,2,-0.395652174,Low
36476,25,19,5,9,-0.1,Low
36481,29,8,2,2,0.434482759,Low
36483,25,9,5,5,1.9,Low
36489,21,18,4,9,-0.171428571,Low
36490,15,11,2,1,0.8,Low
36491,25,16,1,5,-1.5,Low
36493,20,11,1,5,-0.2,Low
36494,27,15,7,6,1.611111111,Low
36499,19,15,1,9,-0.921052632,Low
36501,26,18,5,6,0.053846154,Low
36504,24,19,7,5,0.95,Low
36506,28,15,4,6,0.071428571,Low
36509,19,4,1,6,1.278947368,Low
36510,29,13,1,6,-1.065517241,Low
36513,24,8,4,4,1.65,Low
36515,28,19,2,9,-1.728571429,Low
36520,28,17,3,3,-0.828571429,Low
36522,17,19,4,5,-0.035294118,Low
36523,24,14,7,2,1.95,Low
36525,28,2,2,9,1.671428571,Low
36528,21,11,5,5,1.728571429,Low
36531,13,11,2,4,1.107692308,Low
36532,24,17,4,8,-0.15,Low
36533,19,1,1,5,1.878947368,Low
36537,26,18,4,4,-0.446153846,Low
36539,21,12,3,4,0.528571429,Low
36548,24,18,4,2,-0.35,Low
36552,20,13,4,6,0.9,Low
36553,28,9,1,9,-0.228571429,Low
36559,9,18,2,8,0.733333333,Low
36563,18,10,4,1,1.666666667,Low
36564,9,19,4,5,1.533333333,Low
36566,19,19,7,6,1.278947368,Low
36569,13,7,2,8,1.907692308,Low
36571,11,8,1,5,1.627272727,Low
36574,15,17,5,5,1.1,Low
36575,20,18,7,8,1.4,Low
36577,26,18,2,1,-1.446153846,Low
36579,29,11,1,5,-0.665517241,Low
36580,27,19,7,2,0.811111111,Low
36582,23,17,1,3,-1.595652174,Low
36598,24,9,4,6,1.45,Low
36602,13,18,1,2,-0.792307692,Low
36603,20,2,1,9,1.6,Low
36605,18,15,4,1,0.666666667,Low
36607,14,19,3,5,-0.157142857,Low
36609,18,17,2,4,-0.733333333,Low
36610,14,13,1,3,0.042857143,Low
36611,27,4,1,8,0.811111111,Low
36612,10,19,1,4,-0.3,Low
36614,17,8,1,3,0.664705882,Low
36617,25,4,1,6,0.9,Low
36622,29,17,7,5,1.134482759,Low
36629,23,5,3,4,1.804347826,Low
36631,15,7,1,9,1.1,Low
36634,26,8,4,5,1.553846154,Low
36636,14,10,1,2,0.642857143,Low
36637,29,19,4,3,-0.765517241,Low
36638,23,17,1,6,-1.595652174,Low
36639,13,19,1,8,-0.992307692,Low
36643,14,18,5,4,1.042857143,Low
36644,22,13,3,2,0.263636364,Low
36646,26,9,2,3,0.353846154,Low
36647,17,14,3,4,0.464705882,Low
36648,11,17,4,6,1.327272727,Low
36650,20,19,6,4,0.7,Low
36651,15,11,4,2,1.8,Low
36657,29,18,4,8,-0.565517241,Low
36659,18,14,3,1,0.366666667,Low
36660,23,14,1,5,-0.995652174,Low
36667,14,4,1,1,1.842857143,Low
36669,16,5,1,9,1.375,Low
36671,23,10,2,9,0.304347826,Low
36682,11,9,2,3,1.927272727,Low
36685,15,15,6,6,2,Low
36686,23,4,1,3,1.004347826,Low
36688,18,15,3,5,0.166666667,Low
36689,27,12,4,9,0.711111111,Low
36690,13,17,4,4,0.907692308,Low
36692,27,16,7,9,1.411111111,Low
36696,24,11,5,9,1.55,Low
36699,29,16,2,8,-1.165517241,Low
36700,29,12,2,5,-0.365517241,Low
36702,19,7,1,6,0.678947368,Low
36704,17,13,3,2,0.664705882,Low
36706,20,10,3,5,1,Low
36710,23,12,3,9,0.404347826,Low
36716,18,19,2,7,-1.133333333,Low
36717,16,2,1,8,1.975,Low
36719,21,9,4,6,1.628571429,Low
36723,9,14,1,1,1.033333333,Low
36727,24,6,2,3,1.05,Low
36728,12,16,2,4,0.3,Low
36729,29,19,3,3,-1.265517241,Low
36733,24,18,3,2,-0.85,Low
36737,18,19,6,1,0.866666667,Low
36747,20,2,1,1,1.6,Low
36751,27,10,1,4,-0.388888889,Low
36752,12,14,2,8,0.7,Low
36756,26,17,5,9,0.253846154,Low
36757,15,18,3,5,-0.1,Low
36759,20,13,5,5,1.4,Low
36760,19,13,5,6,1.478947368,Low
36761,16,6,1,5,1.175,Low
36763,27,14,4,6,0.311111111,Low
36764,26,16,6,4,0.953846154,Low
36766,23,10,4,6,1.304347826,Low
36770,25,18,8,9,1.6,Low
36773,18,10,1,6,0.166666667,Low
36774,26,9,1,1,-0.146153846,Low
36775,23,18,5,7,0.204347826,Low
36780,27,17,7,9,1.211111111,Low
36781,23,11,5,3,1.604347826,Low
36785,28,19,6,1,0.271428571,Low
36786,18,19,4,4,-0.133333333,Low
36788,19,12,5,4,1.678947368,Low
36790,15,16,5,3,1.3,Low
36791,9,19,4,7,1.533333333,Low
36793,20,18,7,3,1.4,Low
36794,13,11,2,9,1.107692308,Low
36796,21,5,2,7,1.428571429,Low
36799,22,12,5,4,1.463636364,Low
36805,19,13,3,8,0.478947368,Low
36806,15,15,6,5,2,Low
36808,27,14,3,2,-0.188888889,Low
36809,28,14,4,3,0.271428571,Low
36814,25,6,3,5,1.5,Low
36815,26,12,6,5,1.753846154,Low
36818,29,6,3,7,1.334482759,Low
36819,17,5,1,4,1.264705882,Low
36822,26,19,2,9,-1.646153846,Low
36823,10,16,2,8,0.8,Low
36824,13,15,4,4,1.307692308,Low
36826,29,4,2,6,1.234482759,Low
36827,29,13,4,6,0.434482759,Low
36833,11,18,1,7,-0.372727273,Low
36834,28,4,2,1,1.271428571,Low
36835,20,15,4,8,0.5,Low
36849,24,19,7,5,0.95,Low
36851,25,9,3,5,0.9,Low
36853,23,16,5,5,0.604347826,Low
36856,21,14,2,6,-0.371428571,Low
36863,21,12,1,3,-0.471428571,Low
36864,17,11,4,5,1.564705882,Low
36865,7,19,1,3,0.985714286,Low
36866,12,15,5,8,2,Low
36868,20,4,1,1,1.2,Low
36870,26,6,2,4,0.953846154,Low
36874,24,16,5,7,0.55,Low
36877,17,10,1,6,0.264705882,Low
36878,24,19,4,2,-0.55,Low
36879,17,17,4,5,0.364705882,Low
36881,24,16,3,9,-0.45,Low
36882,22,7,1,4,0.463636364,Low
36883,28,11,5,9,1.371428571,Low
36886,23,14,2,4,-0.495652174,Low
36888,25,14,6,7,1.4,Low
36889,24,18,2,6,-1.35,Low
36890,19,12,3,4,0.678947368,Low
36891,27,19,6,5,0.311111111,Low
36892,25,13,1,4,-0.9,Low
36894,11,11,1,9,1.027272727,Low
36898,13,16,1,7,-0.392307692,Low
36903,28,17,3,2,-0.828571429,Low
36904,17,16,5,8,1.064705882,Low
36908,9,13,2,9,1.733333333,Low
36909,27,12,2,4,-0.288888889,Low
36911,24,9,3,6,0.95,Low
36915,29,19,8,2,1.234482759,Low
36920,27,15,2,6,-0.888888889,Low
36924,9,12,1,9,1.433333333,Low
36928,26,18,5,8,0.053846154,Low
36931,6,18,1,1,1.9,Low
36932,25,16,2,9,-1,Low
36935,19,8,3,2,1.478947368,Low
36937,18,17,2,5,-0.733333333,Low
36939,15,12,3,5,1.1,Low
36941,28,16,1,9,-1.628571429,Low
36946,25,6,4,1,2,Low
36947,8,14,2,3,1.95,Low
36948,16,12,1,9,-0.025,Low
36953,21,16,2,9,-0.771428571,Low
36964,16,19,1,1,-1.425,Low
36966,17,10,4,6,1.764705882,Low
36970,17,15,1,7,-0.735294118,Low
36973,27,17,4,3,-0.288888889,Low
36975,19,13,6,8,1.978947368,Low
36980,27,16,2,5,-1.088888889,Low
36984,23,17,5,4,0.404347826,Low
36985,19,14,4,3,0.778947368,Low
36986,17,16,2,8,-0.435294118,Low
36990,14,15,1,2,-0.357142857,Low
36994,18,18,7,8,1.566666667,Low
36998,25,11,2,4,0,Low
37003,12,15,4,3,1.5,Low
37007,21,10,3,8,0.928571429,Low
37008,20,14,2,3,-0.3,Low
37010,19,19,5,2,0.278947368,Low
37017,20,10,4,1,1.5,Low
37018,29,19,9,4,1.734482759,Low
37020,20,17,1,9,-1.4,Low
37022,17,7,3,4,1.864705882,Low
37023,29,17,6,9,0.634482759,Low
37025,21,13,5,8,1.328571429,Low
37029,15,15,4,8,1,Low
37030,12,10,1,3,1,Low
37031,18,17,3,4,-0.233333333,Low
37032,29,16,4,5,-0.165517241,Low
37033,21,13,1,9,-0.671428571,Low
37034,29,11,4,8,0.834482759,Low
37044,15,18,1,2,-1.1,Low
37045,29,9,1,2,-0.265517241,Low
37050,23,13,6,4,1.704347826,Low
37058,25,14,4,5,0.4,Low
37063,29,11,6,3,1.834482759,Low
37070,27,8,3,5,1.011111111,Low
37072,19,5,1,1,1.078947368,Low
37073,28,18,4,8,-0.528571429,Low
37078,24,12,1,7,-0.65,Low
37080,28,17,3,3,-0.828571429,Low
37082,24,6,1,3,0.55,Low
37086,29,7,2,8,0.634482759,Low
37089,24,14,3,2,-0.05,Low
37091,25,19,8,2,1.4,Low
37093,9,15,3,7,1.833333333,Low
37094,28,16,8,1,1.871428571,Low
37098,19,14,6,2,1.778947368,Low
37099,22,19,2,9,-1.436363636,Low
37100,12,14,2,3,0.7,Low
37101,19,17,2,2,-0.821052632,Low
37102,28,18,5,3,-0.028571429,Low
37109,26,18,4,6,-0.446153846,Low
37112,16,5,1,5,1.375,Low
37117,18,4,1,2,1.366666667,Low
37120,19,15,4,3,0.578947368,Low
37122,18,19,5,1,0.366666667,Low
37123,24,4,1,5,0.95,Low
37124,23,12,2,8,-0.095652174,Low
37125,12,19,1,3,-0.8,Low
37126,16,6,1,1,1.175,Low
37130,25,14,5,7,0.9,Low
37134,24,13,1,3,-0.85,Low
37135,27,15,2,9,-0.888888889,Low
37136,25,1,2,8,2,Low
37137,28,19,3,8,-1.228571429,Low
37140,27,2,2,9,1.711111111,Low
37141,17,11,4,6,1.564705882,Low
37142,19,16,7,4,1.878947368,Low
37143,21,17,7,8,1.528571429,Low
37146,22,8,3,9,1.263636364,Low
37149,25,17,5,3,0.3,Low
37151,24,12,1,7,-0.65,Low
37153,27,13,5,4,1.011111111,Low
37154,15,13,4,1,1.4,Low
37155,23,14,5,4,1.004347826,Low
37156,27,16,1,5,-1.588888889,Low
37161,27,19,2,1,-1.688888889,Low
37163,16,5,1,6,1.375,Low
37165,20,13,3,1,0.4,Low
37173,24,14,7,1,1.95,Low
37176,27,19,7,7,0.811111111,Low
37178,25,8,3,7,1.1,Low
37183,28,7,1,8,0.171428571,Low
37194,19,14,2,9,-0.221052632,Low
37195,25,10,5,7,1.7,Low
37196,9,14,1,6,1.033333333,Low
37197,14,9,2,4,1.342857143,Low
37207,19,9,2,1,0.778947368,Low
37215,14,15,2,5,0.142857143,Low
37217,12,18,5,8,1.4,Low
37218,18,14,1,8,-0.633333333,Low
37220,26,17,5,8,0.253846154,Low
37224,15,19,6,6,1.2,Low
37226,19,1,1,7,1.878947368,Low
37227,27,4,3,7,1.811111111,Low
37233,8,17,3,1,1.85,Low
37238,25,17,6,2,0.8,Low
37242,12,13,2,5,0.9,Low
37245,14,19,6,6,1.342857143,Low
37247,28,17,3,9,-0.828571429,Low
37252,23,17,3,4,-0.595652174,Low
37253,23,10,2,9,0.304347826,Low
37255,29,14,3,9,-0.265517241,Low
37257,11,18,2,4,0.127272727,Low
37259,21,19,7,4,1.128571429,Low
37260,23,6,3,8,1.604347826,Low
37263,28,4,2,8,1.271428571,Low
37266,29,15,1,6,-1.465517241,Low
37269,19,5,2,6,1.578947368,Low
37275,26,14,6,6,1.353846154,Low
37278,28,11,3,9,0.371428571,Low
37280,27,16,2,5,-1.088888889,Low
37282,29,15,5,7,0.534482759,Low
37283,15,9,1,7,0.7,Low
37285,14,15,2,3,0.142857143,Low
37294,21,15,1,5,-1.071428571,Low
37297,14,8,1,6,1.042857143,Low
37304,29,16,5,6,0.334482759,Low
37306,24,19,5,2,-0.05,Low
37312,17,9,3,4,1.464705882,Low
37314,15,7,1,1,1.1,Low
37315,9,13,2,7,1.733333333,Low
37316,25,18,5,1,0.1,Low
37322,24,10,5,9,1.75,Low
37329,22,14,5,3,1.063636364,Low
37330,29,19,6,3,0.234482759,Low
37335,15,10,4,4,2,Low
37336,29,18,3,4,-1.065517241,Low
37344,28,19,4,8,-0.728571429,Low
37345,14,17,2,9,-0.257142857,Low
37346,18,14,1,6,-0.633333333,Low
37351,22,12,4,1,0.963636364,Low
37353,17,16,3,4,0.064705882,Low
37354,19,9,2,5,0.778947368,Low
37355,25,2,1,3,1.3,Low
37358,16,11,3,1,1.175,Low
37360,24,17,5,8,0.35,Low
37363,28,8,2,3,0.471428571,Low
37365,16,13,1,6,-0.225,Low
37367,27,12,1,6,-0.788888889,Low
37372,25,14,2,7,-0.6,Low
37375,20,5,3,5,2,Low
37381,14,7,2,5,1.742857143,Low
37382,27,18,1,3,-1.988888889,Low
37385,27,17,5,6,0.211111111,Low
37387,16,17,2,6,-0.525,Low
37390,24,18,5,4,0.15,Low
37396,15,8,2,1,1.4,Low
37400,29,1,1,1,1.334482759,Low
37401,14,8,1,5,1.042857143,Low
37402,16,10,4,7,1.875,Low
37403,15,19,3,7,-0.3,Low
37405,22,3,1,6,1.263636364,Low
37409,10,15,4,5,2,Low
37411,16,4,1,3,1.575,Low
37420,26,19,2,2,-1.646153846,Low
37421,23,19,3,1,-0.995652174,Low
37424,25,3,2,2,1.6,Low
37427,17,18,7,3,1.664705882,Low
37428,28,16,7,5,1.371428571,Low
37438,24,18,5,2,0.15,Low
37441,21,15,3,5,-0.071428571,Low
37445,24,19,2,5,-1.55,Low
37447,25,8,3,1,1.1,Low
37451,19,7,1,5,0.678947368,Low
37452,18,7,3,9,1.766666667,Low
37458,15,17,4,1,0.6,Low
37460,17,14,1,9,-0.535294118,Low
37461,17,7,1,4,0.864705882,Low
37465,22,1,1,4,1.663636364,Low
37478,18,15,1,4,-0.833333333,Low
37485,22,7,4,4,1.963636364,Low
37490,28,12,3,3,0.171428571,Low
37492,17,18,3,7,-0.335294118,Low
37493,15,14,5,1,1.7,Low
37499,27,15,1,8,-1.388888889,Low
37500,15,16,4,9,0.8,Low
37501,26,3,1,8,1.053846154,Low
37502,14,15,3,4,0.642857143,Low
37504,26,19,8,8,1.353846154,Low
37505,20,10,5,7,2,Low
37508,25,15,7,2,1.7,Low
37514,26,13,2,2,-0.446153846,Low
37515,29,10,1,4,-0.465517241,Low
37517,29,2,2,7,1.634482759,Low
37520,25,12,1,3,-0.7,Low
37525,13,13,2,6,0.707692308,Low
37528,18,10,1,3,0.166666667,Low
37532,20,6,2,3,1.3,Low
37534,18,8,1,3,0.566666667,Low
37535,19,8,2,8,0.978947368,Low
37536,13,14,4,8,1.507692308,Low
37540,27,10,3,4,0.611111111,Low
37543,13,14,1,4,0.007692308,Low
37551,27,6,1,8,0.411111111,Low
37557,13,18,1,6,-0.792307692,Low
37561,29,18,9,2,1.934482759,Low
37563,16,8,1,2,0.775,Low
37565,17,12,2,1,0.364705882,Low
37566,26,15,5,3,0.653846154,Low
37567,26,17,3,3,-0.746153846,Low
37580,28,7,3,9,1.171428571,Low
37587,18,2,1,3,1.766666667,Low
37589,21,16,7,9,1.728571429,Low
37591,20,18,6,6,0.9,Low
37592,10,12,1,1,1.1,Low
37594,29,12,3,2,0.134482759,Low
37595,26,16,1,9,-1.546153846,Low
37596,23,18,6,3,0.704347826,Low
37597,26,14,4,3,0.353846154,Low
37598,12,11,3,8,1.8,Low
37603,23,19,1,1,-1.995652174,Low
37604,13,17,6,4,1.907692308,Low
37607,25,2,1,8,1.3,Low
37608,22,9,3,1,1.063636364,Low
37612,8,17,3,7,1.85,Low
37613,15,19,6,1,1.2,Low
37616,16,19,3,6,-0.425,Low
37618,26,16,8,5,1.953846154,Low
37620,20,18,6,9,0.9,Low
37621,26,15,2,8,-0.846153846,Low
37622,22,12,6,9,1.963636364,Low
37625,19,15,6,8,1.578947368,Low
37626,19,8,3,9,1.478947368,Low
37630,9,12,1,8,1.433333333,Low
37633,28,15,5,5,0.571428571,Low
37635,14,15,3,1,0.642857143,Low
37638,21,4,1,8,1.128571429,Low
37640,13,19,2,4,-0.492307692,Low
37643,14,8,1,7,1.042857143,Low
37645,16,14,4,2,1.075,Low
37651,23,19,5,9,0.004347826,Low
37658,21,19,4,6,-0.371428571,Low
37662,23,16,1,4,-1.395652174,Low
37665,27,6,2,2,0.911111111,Low
37681,29,7,3,8,1.134482759,Low
37682,16,19,5,5,0.575,Low
37685,28,15,2,7,-0.928571429,Low
37686,22,13,4,7,0.763636364,Low
37691,25,5,1,9,0.7,Low
37694,26,14,7,3,1.853846154,Low
37697,26,15,3,5,-0.346153846,Low
37698,18,9,1,1,0.366666667,Low
37699,24,19,8,3,1.45,Low
37709,12,18,5,7,1.4,Low
37712,25,18,1,7,-1.9,Low
37715,22,14,2,1,-0.436363636,Low
37717,25,13,5,4,1.1,Low
37722,25,4,2,8,1.4,Low
37733,17,19,3,8,-0.535294118,Low
37739,23,12,3,6,0.404347826,Low
37745,29,10,5,9,1.534482759,Low
37747,16,15,5,4,1.375,Low
37751,13,15,4,9,1.307692308,Low
37754,11,17,4,4,1.327272727,Low
37755,20,19,3,3,-0.8,Low
37758,12,10,3,7,2,Low
37762,15,14,3,7,0.7,Low
37772,25,16,1,6,-1.5,Low
37779,28,18,3,9,-1.028571429,Low
37781,9,14,1,5,1.033333333,Low
37782,16,18,2,4,-0.725,Low
37788,28,16,4,2,-0.128571429,Low
37790,27,9,5,5,1.811111111,Low
37794,17,18,2,7,-0.835294118,Low
37799,17,13,1,7,-0.335294118,Low
37802,21,18,2,5,-1.171428571,Low
37818,28,7,2,2,0.671428571,Low
37819,23,17,2,9,-1.095652174,Low
37820,27,18,7,9,1.011111111,Low
37821,9,17,2,6,0.933333333,Low
37822,20,14,5,8,1.2,Low
37824,21,7,1,1,0.528571429,Low
37826,29,12,3,7,0.134482759,Low
37829,24,13,3,1,0.15,Low
37830,26,16,7,2,1.453846154,Low
37831,25,11,4,4,1,Low
37833,21,5,1,7,0.928571429,Low
37836,21,16,4,1,0.228571429,Low
37839,13,13,3,9,1.207692308,Low
37840,29,14,3,1,-0.265517241,Low
37851,22,9,4,1,1.563636364,Low
37856,22,15,1,5,-1.136363636,Low
37864,19,11,3,5,0.878947368,Low
37865,20,16,3,2,-0.2,Low
37866,23,9,2,7,0.504347826,Low
37867,21,3,2,8,1.828571429,Low
37868,12,19,1,4,-0.8,Low
37872,8,18,3,9,1.65,Low
37877,19,9,2,2,0.778947368,Low
37878,14,19,4,4,0.342857143,Low
37882,22,18,1,8,-1.736363636,Low
37884,19,4,1,1,1.278947368,Low
37885,23,19,2,8,-1.495652174,Low
37887,16,18,4,6,0.275,Low
37888,26,15,7,7,1.653846154,Low
37891,20,19,4,2,-0.3,Low
37896,24,7,4,1,1.85,Low
37897,11,19,4,4,0.927272727,Low
37900,18,4,1,4,1.366666667,Low
37903,28,18,1,3,-2.028571429,Low
37904,20,17,6,8,1.1,Low
37905,21,5,2,5,1.428571429,Low
37918,24,10,5,4,1.75,Low
37919,11,11,1,6,1.027272727,Low
37921,11,17,2,6,0.327272727,Low
37922,24,11,1,1,-0.45,Low
37923,29,12,6,4,1.634482759,Low
37925,23,12,4,2,0.904347826,Low
37929,14,13,2,6,0.542857143,Low
37931,21,16,1,5,-1.271428571,Low
37932,13,12,1,1,0.407692308,Low
37933,15,9,3,4,1.7,Low
37934,27,6,2,9,0.911111111,Low
37941,29,19,1,2,-2.265517241,Low
37943,15,7,2,2,1.6,Low
37944,13,8,1,8,1.207692308,Low
37946,16,14,3,1,0.575,Low
37949,19,5,1,5,1.078947368,Low
37955,22,18,8,6,1.763636364,Low
37957,27,17,8,8,1.711111111,Low
37958,9,17,3,6,1.433333333,Low
37960,28,8,2,4,0.471428571,Low
37961,26,19,3,7,-1.146153846,Low
37964,25,19,1,5,-2.1,Low
37966,12,14,1,4,0.2,Low
37968,13,18,2,6,-0.292307692,Low
37970,7,14,1,9,1.985714286,Low
37978,29,9,3,3,0.734482759,Low
37980,25,1,1,9,1.5,Low
37990,21,1,1,5,1.728571429,Low
37994,26,12,6,4,1.753846154,Low
37995,13,6,1,4,1.607692308,Low
37996,9,16,1,7,0.633333333,Low
38002,28,14,5,3,0.771428571,Low
38004,14,5,1,1,1.642857143,Low
38005,13,13,1,7,0.207692308,Low
38007,26,18,3,1,-0.946153846,Low
38015,21,3,1,3,1.328571429,Low
38022,27,18,3,2,-0.988888889,Low
38025,7,19,1,8,0.985714286,Low
38026,23,5,3,6,1.804347826,Low
38027,24,14,3,1,-0.05,Low
38029,11,14,4,9,1.927272727,Low
38031,29,15,7,6,1.534482759,Low
38037,24,17,2,9,-1.15,Low
38042,24,16,7,5,1.55,Low
38044,19,11,3,5,0.878947368,Low
38050,14,7,2,6,1.742857143,Low
38051,20,15,5,6,1,Low
38055,11,7,1,6,1.827272727,Low
38056,29,15,7,5,1.534482759,Low
38060,28,16,3,8,-0.628571429,Low
38061,8,18,1,7,0.65,Low
38063,25,18,5,6,0.1,Low
38064,29,17,4,6,-0.365517241,Low
38070,25,12,1,7,-0.7,Low
38073,17,17,6,4,1.364705882,Low
38077,11,17,5,5,1.827272727,Low
38091,27,3,2,7,1.511111111,Low
38093,19,13,4,3,0.978947368,Low
38095,27,12,6,2,1.711111111,Low
38096,8,15,1,1,1.25,Low
38100,19,18,5,8,0.478947368,Low
38111,27,7,2,8,0.711111111,Low
38113,24,16,5,3,0.55,Low
38117,18,2,1,3,1.766666667,Low
38121,26,3,2,1,1.553846154,Low
38122,12,19,6,1,1.7,Low
38123,18,6,2,3,1.466666667,Low
38126,27,15,6,8,1.111111111,Low
38128,27,13,4,9,0.511111111,Low
38129,28,11,3,7,0.371428571,Low
38132,12,13,3,4,1.4,Low
38136,17,12,4,3,1.364705882,Low
38139,21,11,5,7,1.728571429,Low
38143,9,19,1,9,0.033333333,Low
38145,10,19,2,9,0.2,Low
38146,12,16,4,3,1.3,Low
38153,25,14,3,2,-0.1,Low
38155,12,16,2,8,0.3,Low
38157,27,1,2,2,1.911111111,Low
38165,12,14,2,3,0.7,Low
38167,24,8,1,6,0.15,Low
38169,24,14,4,7,0.45,Low
38170,17,15,5,7,1.264705882,Low
38171,14,12,1,5,0.242857143,Low
38175,15,18,7,3,1.9,Low
38178,8,19,3,3,1.45,Low
38183,19,6,1,9,0.878947368,Low
38192,29,4,2,7,1.234482759,Low
38193,26,15,7,6,1.653846154,Low
38194,10,17,3,9,1.1,Low
38198,11,18,5,5,1.627272727,Low
38199,25,17,2,9,-1.2,Low
38201,27,8,2,8,0.511111111,Low
38203,24,13,2,6,-0.35,Low
38205,29,17,5,8,0.134482759,Low
38207,23,4,2,5,1.504347826,Low
38210,19,14,5,8,1.278947368,Low
38211,20,4,1,8,1.2,Low
38217,20,19,4,4,-0.3,Low
38223,12,10,2,7,1.5,Low
38225,28,17,8,5,1.671428571,Low
38232,29,19,3,3,-1.265517241,Low
38234,29,18,1,8,-2.065517241,Low
38236,26,19,7,1,0.853846154,Low
38237,12,15,5,8,2,Low
38243,29,16,4,7,-0.165517241,Low
38247,10,19,3,6,0.7,Low
38249,14,13,1,9,0.042857143,Low
38250,16,17,7,7,1.975,Low
38255,10,14,1,4,0.7,Low
38256,19,18,5,5,0.478947368,Low
38258,16,16,4,9,0.675,Low
38259,28,8,1,2,-0.028571429,Low
38260,24,11,1,2,-0.45,Low
38262,20,4,2,3,1.7,Low
38263,25,12,6,7,1.8,Low
38265,24,9,2,1,0.45,Low
38268,23,16,1,7,-1.395652174,Low
38270,19,13,4,5,0.978947368,Low
38279,15,18,4,9,0.4,Low
38280,19,7,2,1,1.178947368,Low
38281,18,17,5,9,0.766666667,Low
38282,26,15,7,4,1.653846154,Low
38283,20,9,2,6,0.7,Low
38284,19,18,6,9,0.978947368,Low
38285,16,11,1,3,0.175,Low
38291,29,7,3,5,1.134482759,Low
38292,24,17,5,8,0.35,Low
38294,20,16,3,6,-0.2,Low
38295,19,11,1,9,-0.121052632,Low
38297,14,18,1,8,-0.957142857,Low
38302,14,17,2,1,-0.257142857,Low
38303,24,19,6,1,0.45,Low
38314,20,15,1,2,-1,Low
38317,27,16,1,1,-1.588888889,Low
38322,28,8,4,8,1.471428571,Low
38323,17,15,1,2,-0.735294118,Low
38327,20,10,3,5,1,Low
38331,27,14,6,6,1.311111111,Low
38343,27,16,7,4,1.411111111,Low
38347,23,11,5,1,1.604347826,Low
38351,12,19,4,1,0.7,Low
38360,27,7,4,5,1.711111111,Low
38362,24,17,2,6,-1.15,Low
38363,25,6,2,8,1,Low
38368,14,13,1,4,0.042857143,Low
38371,16,17,3,4,-0.025,Low
38377,10,9,1,5,1.7,Low
38378,26,10,4,1,1.153846154,Low
38385,28,8,1,3,-0.028571429,Low
38386,19,19,5,4,0.278947368,Low
38391,13,6,1,2,1.607692308,Low
38392,20,18,1,5,-1.6,Low
38397,22,17,2,2,-1.036363636,Low
38402,21,9,4,1,1.628571429,Low
38404,15,10,4,9,2,Low
38405,15,5,1,9,1.5,Low
38406,22,16,1,1,-1.336363636,Low
38417,27,17,1,1,-1.788888889,Low
38419,28,5,2,9,1.071428571,Low
38421,25,10,3,4,0.7,Low
38425,19,14,1,7,-0.721052632,Low
38426,18,17,1,4,-1.233333333,Low
38428,23,10,2,3,0.304347826,Low
38429,18,7,2,3,1.266666667,Low
38434,20,6,2,4,1.3,Low
38438,26,15,6,2,1.153846154,Low
38439,26,2,2,9,1.753846154,Low
38441,18,16,5,4,0.966666667,Low
38449,26,7,1,9,0.253846154,Low
38452,23,8,3,7,1.204347826,Low
38453,9,14,2,5,1.533333333,Low
38454,13,13,1,4,0.207692308,Low
38457,23,15,6,5,1.304347826,Low
38460,21,15,5,4,0.928571429,Low
38462,16,18,1,3,-1.225,Low
38463,14,12,1,7,0.242857143,Low
38467,26,14,5,8,0.853846154,Low
38468,23,10,2,1,0.304347826,Low
38469,27,16,5,6,0.411111111,Low
38474,28,9,3,7,0.771428571,Low
38475,15,15,4,6,1,Low
38488,28,14,3,7,-0.228571429,Low
38492,24,18,1,5,-1.85,Low
38493,24,11,3,6,0.55,Low
38494,19,16,2,7,-0.621052632,Low
38497,28,5,2,6,1.071428571,Low
38498,14,17,3,6,0.242857143,Low
38500,20,16,6,7,1.3,Low
38502,24,5,1,7,0.75,Low
38503,14,17,6,2,1.742857143,Low
38507,8,13,1,5,1.65,Low
38514,12,12,3,6,1.6,Low
38518,25,7,3,5,1.3,Low
38519,28,5,1,6,0.571428571,Low
38525,26,12,5,4,1.253846154,Low
38528,14,13,4,9,1.542857143,Low
38534,24,10,2,2,0.25,Low
38535,14,17,5,3,1.242857143,Low
38537,25,19,4,6,-0.6,Low
38539,23,19,8,1,1.504347826,Low
38540,25,11,1,7,-0.5,Low
38545,16,19,2,3,-0.925,Low
38546,9,13,2,7,1.733333333,Low
38548,22,19,3,7,-0.936363636,Low
38550,24,7,3,9,1.35,Low
38551,22,16,7,7,1.663636364,Low
38552,22,19,4,1,-0.436363636,Low
38554,13,12,4,2,1.907692308,Low
38555,28,19,2,3,-1.728571429,Low
38561,18,6,3,5,1.966666667,Low
38562,26,13,2,8,-0.446153846,Low
38563,28,18,1,1,-2.028571429,Low
38567,29,16,2,2,-1.165517241,Low
38572,29,18,3,5,-1.065517241,Low
38574,22,13,1,5,-0.736363636,Low
38580,18,19,5,1,0.366666667,Low
38588,11,19,3,9,0.427272727,Low
38590,24,4,3,7,1.95,Low
38591,21,4,1,3,1.128571429,Low
38592,27,13,1,4,-0.988888889,Low
38595,23,7,4,6,1.904347826,Low
38596,22,12,2,4,-0.036363636,Low
38599,27,18,4,1,-0.488888889,Low
38601,16,18,3,1,-0.225,Low
38610,19,5,1,5,1.078947368,Low
38612,20,16,2,2,-0.7,Low
38613,14,15,5,6,1.642857143,Low
38614,23,19,6,2,0.504347826,Low
38616,23,18,1,2,-1.795652174,Low
38617,26,17,4,2,-0.246153846,Low
38618,14,4,1,1,1.842857143,Low
38628,17,12,5,9,1.864705882,Low
38631,26,13,6,1,1.553846154,Low
38633,20,12,1,3,-0.4,Low
38640,20,15,6,7,1.5,Low
38645,21,17,7,4,1.528571429,Low
38647,23,16,7,9,1.604347826,Low
38650,23,12,5,9,1.404347826,Low
38652,10,18,3,6,0.9,Low
38664,12,9,1,3,1.2,Low
38665,28,14,5,1,0.771428571,Low
38666,16,19,2,1,-0.925,Low
38673,29,14,7,3,1.734482759,Low
38677,14,17,5,4,1.242857143,Low
38678,27,8,1,3,0.011111111,Low
38681,22,7,1,4,0.463636364,Low
38683,24,18,2,4,-1.35,Low
38687,28,16,4,8,-0.128571429,Low
38690,8,19,3,9,1.45,Low
38692,23,6,1,5,0.604347826,Low
38693,25,18,1,7,-1.9,Low
38698,22,18,4,4,-0.236363636,Low
38702,29,15,5,6,0.534482759,Low
38704,26,18,4,1,-0.446153846,Low
38711,29,11,3,1,0.334482759,Low
38714,14,10,1,4,0.642857143,Low
38715,28,10,1,2,-0.428571429,Low
38718,26,16,5,9,0.453846154,Low
38721,25,7,2,3,0.8,Low
38722,23,8,3,9,1.204347826,Low
38723,21,19,6,4,0.628571429,Low
38725,29,16,4,6,-0.165517241,Low
38726,23,18,6,6,0.704347826,Low
38728,16,6,1,9,1.175,Low
38733,13,7,1,1,1.407692308,Low
38735,14,16,2,2,-0.057142857,Low
38736,13,16,3,7,0.607692308,Low
38737,18,19,7,2,1.366666667,Low
38740,23,3,2,9,1.704347826,Low
38743,16,18,4,4,0.275,Low
38745,18,16,1,7,-1.033333333,Low
38746,14,7,1,8,1.242857143,Low
38747,28,18,3,5,-1.028571429,Low
38748,10,9,1,7,1.7,Low
38750,21,12,3,4,0.528571429,Low
38755,21,15,7,3,1.928571429,Low
38756,9,13,1,6,1.233333333,Low
38760,13,16,5,5,1.607692308,Low
38763,19,19,7,5,1.278947368,Low
38770,25,12,3,1,0.3,Low
38771,6,18,1,3,1.9,Low
38772,13,15,1,6,-0.192307692,Low
38773,19,16,1,5,-1.121052632,Low
38774,25,12,5,5,1.3,Low
38777,25,1,2,7,2,Low
38778,25,18,4,8,-0.4,Low
38785,13,13,3,3,1.207692308,Low
38789,20,7,3,4,1.6,Low
38801,29,6,4,9,1.834482759,Low
38802,14,16,3,9,0.442857143,Low
38804,28,8,1,7,-0.028571429,Low
38808,21,17,1,2,-1.471428571,Low
38811,20,15,6,3,1.5,Low
38813,24,6,2,5,1.05,Low
38825,22,7,3,8,1.463636364,Low
38829,25,18,6,3,0.6,Low
38830,21,19,3,8,-0.871428571,Low
38835,23,3,1,1,1.204347826,Low
38836,24,7,1,3,0.35,Low
38839,15,14,4,8,1.2,Low
38840,27,1,1,4,1.411111111,Low
38844,17,10,4,3,1.764705882,Low
38846,29,10,3,5,0.534482759,Low
38847,18,19,8,6,1.866666667,Low
38848,21,8,1,8,0.328571429,Low
38849,24,16,6,4,1.05,Low
38850,25,5,2,5,1.2,Low
38851,7,18,2,1,1.685714286,Low
38853,20,18,2,7,-1.1,Low
38856,23,10,3,7,0.804347826,Low
38857,11,10,2,6,1.727272727,Low
38865,29,12,6,3,1.634482759,Low
38866,11,17,2,8,0.327272727,Low
38867,26,11,5,3,1.453846154,Low
38873,22,8,3,4,1.263636364,Low
38880,26,16,5,9,0.453846154,Low
38883,28,12,1,6,-0.828571429,Low
38887,15,3,1,5,1.9,Low
38891,18,19,3,9,-0.633333333,Low
38892,22,15,2,2,-0.636363636,Low
38893,19,10,4,7,1.578947368,Low
38895,19,8,3,6,1.478947368,Low
38898,16,18,2,1,-0.725,Low
38899,29,10,5,9,1.534482759,Low
38901,25,11,1,1,-0.5,Low
38906,9,18,2,7,0.733333333,Low
38909,17,11,1,3,0.064705882,Low
38915,23,19,5,2,0.004347826,Low
38917,25,7,3,3,1.3,Low
38919,17,16,2,6,-0.435294118,Low
38922,26,14,7,4,1.853846154,Low
38923,17,17,2,8,-0.635294118,Low
38934,22,11,5,6,1.663636364,Low
38936,10,9,1,5,1.7,Low
38937,21,16,6,2,1.228571429,Low
38938,23,13,6,3,1.704347826,Low
38943,9,11,1,1,1.633333333,Low
38945,25,10,1,5,-0.3,Low
38949,19,9,1,5,0.278947368,Low
38954,21,16,7,2,1.728571429,Low
38958,19,15,6,7,1.578947368,Low
38964,18,15,6,3,1.666666667,Low
38967,25,8,4,5,1.6,Low
38969,16,17,3,5,-0.025,Low
38972,16,13,2,6,0.275,Low
38973,22,5,3,9,1.863636364,Low
38976,29,18,2,8,-1.565517241,Low
38979,28,15,5,8,0.571428571,Low
38980,15,17,2,4,-0.4,Low
38981,18,17,5,1,0.766666667,Low
38983,28,9,3,7,0.771428571,Low
38988,11,10,1,7,1.227272727,Low
38989,15,15,3,3,0.5,Low
38991,14,18,2,2,-0.457142857,Low
38992,26,11,4,2,0.953846154,Low
38995,28,13,1,7,-1.028571429,Low
38999,27,13,1,4,-0.988888889,Low
39000,26,10,1,2,-0.346153846,Low
39004,12,13,4,3,1.9,Low
39008,19,17,3,8,-0.321052632,Low
39010,20,13,3,5,0.4,Low
39013,26,13,6,8,1.553846154,Low
39015,12,10,1,9,1,Low
39016,16,16,1,3,-0.825,Low
39019,25,11,5,5,1.5,Low
39021,28,19,8,5,1.271428571,Low
39025,22,14,4,5,0.563636364,Low
39027,17,11,2,7,0.564705882,Low
39029,19,9,1,4,0.278947368,Low
39030,16,9,2,2,1.075,Low
39034,19,19,3,9,-0.721052632,Low
39035,21,8,1,3,0.328571429,Low
39036,26,16,7,9,1.453846154,Low
39041,14,14,3,9,0.842857143,Low
39042,25,19,5,9,-0.1,Low
39044,16,6,2,4,1.675,Low
39045,16,19,2,1,-0.925,Low
39047,17,18,5,3,0.664705882,Low
39050,24,9,1,2,-0.05,Low
39053,24,14,4,3,0.45,Low
39057,12,16,2,2,0.3,Low
39059,8,15,1,5,1.25,Low
39065,19,9,2,3,0.778947368,Low
39066,17,18,5,4,0.664705882,Low
39068,28,19,1,2,-2.228571429,Low
39074,24,14,2,3,-0.55,Low
39076,29,17,5,2,0.134482759,Low
39080,29,19,7,8,0.734482759,Low
39082,13,16,3,1,0.607692308,Low
39084,13,19,2,8,-0.492307692,Low
39085,16,11,3,1,1.175,Low
39086,26,10,5,5,1.653846154,Low
39087,25,5,1,3,0.7,Low
39093,23,19,4,4,-0.495652174,Low
39100,10,19,5,2,1.7,Low
39103,29,10,4,7,1.034482759,Low
39104,29,6,3,5,1.334482759,Low
39106,29,17,5,4,0.134482759,Low
39107,28,19,9,7,1.771428571,Low
39108,14,14,1,9,-0.157142857,Low
39110,25,8,1,1,0.1,Low
39111,10,15,3,6,1.5,Low
39114,29,16,4,4,-0.165517241,Low
39115,21,19,2,7,-1.371428571,Low
39117,27,12,3,3,0.211111111,Low
39125,17,18,3,6,-0.335294118,Low
39127,26,13,1,9,-0.946153846,Low
39128,10,14,2,7,1.2,Low
39129,24,19,5,6,-0.05,Low
39131,13,12,3,4,1.407692308,Low
39133,20,11,3,1,0.8,Low
39139,14,5,1,9,1.642857143,Low
39140,27,11,5,9,1.411111111,Low
39142,29,12,1,4,-0.865517241,Low
39144,10,18,4,5,1.4,Low
39149,21,3,2,2,1.828571429,Low
39151,18,15,3,7,0.166666667,Low
39152,14,14,4,4,1.342857143,Low
39157,15,19,1,5,-1.3,Low
39158,18,10,3,2,1.166666667,Low
39161,28,19,9,3,1.771428571,Low
39162,19,13,3,2,0.478947368,Low
39166,21,16,6,9,1.228571429,Low
39168,17,2,1,7,1.864705882,Low
39172,9,14,2,6,1.533333333,Low
39176,18,17,4,4,0.266666667,Low
39178,24,15,6,4,1.25,Low
39180,27,18,1,9,-1.988888889,Low
39191,17,19,1,8,-1.535294118,Low
39194,10,17,3,5,1.1,Low
39197,12,19,6,9,1.7,Low
39199,23,16,3,2,-0.395652174,Low
39200,19,11,4,8,1.378947368,Low
39203,28,17,4,2,-0.328571429,Low
39209,8,14,2,3,1.95,Low
39214,17,18,7,5,1.664705882,Low
39219,16,9,1,4,0.575,Low
39220,22,3,2,4,1.763636364,Low
39224,29,9,5,6,1.734482759,Low
39227,19,16,7,3,1.878947368,Low
39246,29,5,1,1,0.534482759,Low
39248,20,8,2,9,0.9,Low
39252,27,17,6,2,0.711111111,Low
39260,16,5,2,1,1.875,Low
39263,28,19,6,6,0.271428571,Low
39264,17,14,3,1,0.464705882,Low
39266,26,15,5,3,0.653846154,Low
39267,23,13,2,3,-0.295652174,Low
39269,21,8,2,5,0.828571429,Low
39270,24,9,3,1,0.95,Low
39281,23,16,6,4,1.104347826,Low
39284,24,10,4,4,1.25,Low
39287,17,17,1,9,-1.135294118,Low
39288,15,14,3,4,0.7,Low
39303,20,11,2,5,0.3,Low
39305,18,8,1,8,0.566666667,Low
39311,21,19,6,6,0.628571429,Low
39312,23,19,5,9,0.004347826,Low
39314,22,13,4,6,0.763636364,Low
39315,10,14,1,4,0.7,Low
39316,27,12,6,4,1.711111111,Low
39317,19,3,1,4,1.478947368,Low
39318,27,17,8,6,1.711111111,Low
39319,8,19,4,9,1.95,Low
39322,14,16,6,5,1.942857143,Low
39324,27,14,6,3,1.311111111,Low
39332,23,4,1,2,1.004347826,Low
39333,19,17,4,4,0.178947368,Low
39335,13,18,5,7,1.207692308,Low
39339,24,13,3,8,0.15,Low
39341,19,16,4,9,0.378947368,Low
39342,13,6,1,1,1.607692308,Low
39343,14,16,5,3,1.442857143,Low
39344,26,15,7,3,1.653846154,Low
39347,24,18,6,3,0.65,Low
39350,27,16,8,7,1.911111111,Low
39351,28,18,3,2,-1.028571429,Low
39353,21,5,1,8,0.928571429,Low
39361,28,3,2,9,1.471428571,Low
39364,21,5,3,2,1.928571429,Low
39367,26,18,3,4,-0.946153846,Low
39370,21,18,5,7,0.328571429,Low
39373,18,9,1,3,0.366666667,Low
39375,24,13,1,1,-0.85,Low
39376,28,4,2,9,1.271428571,Low
39377,24,19,9,3,1.95,Low
39380,26,3,2,8,1.553846154,Low
39388,7,17,1,8,1.385714286,Low
39389,19,6,2,7,1.378947368,Low
39391,17,14,5,1,1.464705882,Low
39392,28,19,9,9,1.771428571,Low
39394,22,15,1,3,-1.136363636,Low
39396,28,18,6,3,0.471428571,Low
39402,22,8,3,9,1.263636364,Low
39408,27,13,5,8,1.011111111,Low
39411,17,19,6,1,0.964705882,Low
39414,7,15,1,8,1.785714286,Low
39415,26,14,3,4,-0.146153846,Low
39418,25,8,4,1,1.6,Low
39419,16,15,5,1,1.375,Low
39421,23,7,1,6,0.404347826,Low
39422,29,16,5,8,0.334482759,Low
39423,17,19,7,8,1.464705882,Low
39426,25,14,1,6,-1.1,Low
39427,27,12,2,7,-0.288888889,Low
39435,27,9,2,5,0.311111111,Low
39436,21,18,2,5,-1.171428571,Low
39439,29,18,5,3,-0.065517241,Low
39440,27,16,5,8,0.411111111,Low
39444,21,13,5,9,1.328571429,Low
39447,27,17,4,5,-0.288888889,Low
39462,18,11,4,9,1.466666667,Low
39464,21,15,7,7,1.928571429,Low
39475,18,18,5,8,0.566666667,Low
39479,27,14,3,3,-0.188888889,Low
39481,24,18,4,1,-0.35,Low
39482,16,19,3,7,-0.425,Low
39483,23,10,3,6,0.804347826,Low
39496,23,18,1,4,-1.795652174,Low
39497,28,4,1,5,0.771428571,Low
39498,28,19,8,6,1.271428571,Low
39500,26,13,5,6,1.053846154,Low
39503,21,17,7,8,1.528571429,Low
39509,16,18,2,1,-0.725,Low
39513,28,10,3,8,0.571428571,Low
39514,23,10,3,7,0.804347826,Low
39520,12,17,5,6,1.6,Low
39522,22,17,8,6,1.963636364,Low
39523,25,7,3,2,1.3,Low
39524,13,9,1,1,1.007692308,Low
39526,20,10,5,9,2,Low
39528,10,13,2,6,1.4,Low
39530,20,9,1,2,0.2,Low
39532,13,19,5,8,1.007692308,Low
39533,24,18,7,8,1.15,Low
39537,10,10,2,9,2,Low
39539,19,1,1,2,1.878947368,Low
39540,25,11,6,1,2,Low
39541,23,14,3,9,0.004347826,Low
39548,19,11,4,3,1.378947368,Low
39551,22,13,6,6,1.763636364,Low
39553,19,18,6,4,0.978947368,Low
39554,22,11,1,9,-0.336363636,Low
39555,24,18,6,6,0.65,Low
39556,17,9,3,6,1.464705882,Low
39559,22,11,4,9,1.163636364,Low
39567,21,16,3,6,-0.271428571,Low
39570,29,8,4,4,1.434482759,Low
39574,29,12,5,7,1.134482759,Low
39577,22,9,2,6,0.563636364,Low
39579,21,7,3,5,1.528571429,Low
39580,29,13,3,8,-0.065517241,Low
39581,15,16,4,8,0.8,Low
39584,25,12,2,1,-0.2,Low
39592,18,11,1,3,-0.033333333,Low
39594,29,19,1,9,-2.265517241,Low
39603,19,11,2,6,0.378947368,Low
39605,9,17,4,4,1.933333333,Low
39606,24,16,1,5,-1.45,Low
39607,25,12,3,5,0.3,Low
39608,16,10,1,2,0.375,Low
39613,19,11,4,5,1.378947368,Low
39626,28,15,1,6,-1.428571429,Low
39627,29,17,5,6,0.134482759,Low
39633,21,13,2,7,-0.171428571,Low
39637,27,15,7,1,1.611111111,Low
39642,20,18,5,5,0.4,Low
39645,27,12,4,8,0.711111111,Low
39655,13,18,4,7,0.707692308,Low
39657,28,4,1,3,0.771428571,Low
39658,20,18,6,5,0.9,Low
39659,25,10,4,9,1.2,Low
39661,29,16,2,9,-1.165517241,Low
39664,22,19,6,7,0.563636364,Low
39665,13,14,1,9,0.007692308,Low
39668,16,2,1,3,1.975,Low
39675,28,13,1,9,-1.028571429,Low
39684,27,18,4,7,-0.488888889,Low
39696,27,10,1,8,-0.388888889,Low
39698,24,18,5,6,0.15,Low
39702,17,16,1,3,-0.935294118,Low
39707,29,11,1,6,-0.665517241,Low
39713,25,19,2,5,-1.6,Low
39714,19,8,2,7,0.978947368,Low
39716,29,17,3,6,-0.865517241,Low
39718,25,2,1,3,1.3,Low
39719,17,9,3,5,1.464705882,Low
39725,19,9,2,4,0.778947368,Low
39726,28,14,5,1,0.771428571,Low
39732,19,9,3,1,1.278947368,Low
39738,25,1,2,9,2,Low
39744,29,12,1,5,-0.865517241,Low
39746,25,19,9,3,1.9,Low
39747,24,11,2,1,0.05,Low
39749,14,17,5,1,1.242857143,Low
39752,28,15,1,4,-1.428571429,Low
39753,26,19,5,1,-0.146153846,Low
39757,20,10,4,1,1.5,Low
39762,19,16,5,2,0.878947368,Low
39763,27,14,1,4,-1.188888889,Low
39764,29,12,6,4,1.634482759,Low
39765,23,14,2,2,-0.495652174,Low
39766,24,19,1,5,-2.05,Low
39769,25,19,5,8,-0.1,Low
39774,17,18,7,2,1.664705882,Low
39777,26,18,8,3,1.553846154,Low
39780,27,18,2,3,-1.488888889,Low
39782,16,12,4,7,1.475,Low
39783,20,15,1,5,-1,Low
39788,27,6,4,4,1.911111111,Low
39790,15,4,1,8,1.7,Low
39791,18,19,4,8,-0.133333333,Low
39794,25,13,1,5,-0.9,Low
39795,12,16,3,9,0.8,Low
39796,24,17,1,1,-1.65,Low
39798,27,18,5,7,0.011111111,Low
39800,21,11,1,5,-0.271428571,Low
39802,28,9,4,3,1.271428571,Low
39805,17,11,3,9,1.064705882,Low
39806,29,9,5,6,1.734482759,Low
39811,24,3,2,8,1.65,Low
39819,20,18,1,9,-1.6,Low
39823,28,11,1,7,-0.628571429,Low
39824,23,10,1,6,-0.195652174,Low
39826,29,16,5,3,0.334482759,Low
39828,28,17,4,5,-0.328571429,Low
39830,22,14,3,9,0.063636364,Low
39832,24,7,2,2,0.85,Low
39835,19,18,4,6,-0.021052632,Low
39841,13,6,1,6,1.607692308,Low
39843,22,18,8,2,1.763636364,Low
39847,16,7,3,3,1.975,Low
39850,18,10,1,4,0.166666667,Low
39852,17,19,4,9,-0.035294118,Low
39854,19,7,1,8,0.678947368,Low
39858,11,10,1,8,1.227272727,Low
39861,11,14,4,6,1.927272727,Low
39867,26,7,1,2,0.253846154,Low
39869,26,18,1,4,-1.946153846,Low
39870,16,19,4,7,0.075,Low
39872,19,17,2,4,-0.821052632,Low
39873,19,6,2,3,1.378947368,Low
39877,29,11,4,1,0.834482759,Low
39884,28,12,5,6,1.171428571,Low
39885,19,14,3,2,0.278947368,Low
39886,12,9,2,4,1.7,Low
39888,20,18,1,9,-1.6,Low
39889,14,18,2,3,-0.457142857,Low
39890,13,15,3,9,0.807692308,Low
39892,24,16,1,8,-1.45,Low
39893,13,14,1,8,0.007692308,Low
39897,23,9,4,1,1.504347826,Low
39899,27,18,6,4,0.511111111,Low
39900,23,16,1,6,-1.395652174,Low
39904,23,2,2,6,1.904347826,Low
39905,18,8,2,8,1.066666667,Low
39909,24,7,4,4,1.85,Low
39910,14,13,4,6,1.542857143,Low
39911,21,14,4,8,0.628571429,Low
39912,25,19,9,2,1.9,Low
39913,21,4,1,9,1.128571429,Low
39915,14,19,4,6,0.342857143,Low
39918,16,16,3,6,0.175,Low
39923,27,19,1,4,-2.188888889,Low
39924,21,17,2,5,-0.971428571,Low
39929,28,5,2,5,1.071428571,Low
39933,28,12,3,6,0.171428571,Low
39938,24,9,5,3,1.95,Low
39939,29,18,2,2,-1.565517241,Low
39945,6,18,1,9,1.9,Low
39949,22,19,5,8,0.063636364,Low
39953,18,7,1,5,0.766666667,Low
39954,12,8,1,4,1.4,Low
39962,27,10,3,2,0.611111111,Low
39963,25,17,5,5,0.3,Low
39965,21,15,5,5,0.928571429,Low
39967,15,7,1,3,1.1,Low
39970,17,18,6,1,1.164705882,Low
39976,22,6,3,1,1.663636364,Low
39989,17,11,3,8,1.064705882,Low
39997,14,10,2,1,1.142857143,Low
40000,18,19,3,2,-0.633333333,Low
40004,14,16,1,7,-0.557142857,Low
40005,20,8,4,4,1.9,Low
40008,15,8,1,9,0.9,Low
40009,19,18,8,3,1.978947368,Low
40011,20,16,4,2,0.3,Low
40013,25,9,5,7,1.9,Low
40014,26,17,3,3,-0.746153846,Low
40015,27,17,7,1,1.211111111,Low
40017,17,10,3,8,1.264705882,Low
40018,24,19,3,7,-1.05,Low
40021,25,10,1,4,-0.3,Low
40025,13,14,4,7,1.507692308,Low
40026,22,13,4,9,0.763636364,Low
40028,28,19,5,2,-0.228571429,Low
40031,24,13,1,5,-0.85,Low
40033,15,16,5,6,1.3,Low
40037,12,13,2,7,0.9,Low
40039,29,8,3,9,0.934482759,Low
40040,15,18,5,2,0.9,Low
40041,10,18,5,4,1.9,Low
40043,25,15,5,7,0.7,Low
40046,17,15,5,3,1.264705882,Low
40054,28,4,1,9,0.771428571,Low
40058,28,9,3,7,0.771428571,Low
40061,26,14,6,1,1.353846154,Low
40064,19,8,4,9,1.978947368,Low
40065,23,15,7,9,1.804347826,Low
40066,27,5,1,5,0.611111111,Low
40068,15,12,2,2,0.6,Low
40069,27,10,3,2,0.611111111,Low
40073,12,12,2,7,1.1,Low
40079,24,19,6,5,0.45,Low
40090,16,14,5,8,1.575,Low
40094,26,19,2,5,-1.646153846,Low
40095,17,11,1,6,0.064705882,Low
40096,26,16,1,4,-1.546153846,Low
40097,15,15,1,7,-0.5,Low
40100,14,18,2,3,-0.457142857,Low
40101,22,18,1,9,-1.736363636,Low
40102,12,15,4,7,1.5,Low
40110,22,12,2,3,-0.036363636,Low
40112,27,16,5,1,0.411111111,Low
40114,11,16,4,4,1.527272727,Low
40116,24,16,3,8,-0.45,Low
40122,19,14,4,8,0.778947368,Low
40125,24,11,4,9,1.05,Low
40127,28,18,8,9,1.471428571,Low
40136,29,7,2,1,0.634482759,Low
40139,27,19,2,2,-1.688888889,Low
40142,26,12,5,1,1.253846154,Low
40158,20,15,4,3,0.5,Low
40161,13,10,2,6,1.307692308,Low
40162,10,14,2,2,1.2,Low
40165,12,17,5,3,1.6,Low
40167,15,16,6,7,1.8,Low
40169,27,13,6,8,1.511111111,Low
40170,19,11,5,8,1.878947368,Low
40172,28,16,5,9,0.371428571,Low
40176,29,13,6,5,1.434482759,Low
40180,14,17,2,3,-0.257142857,Low
40185,24,12,5,1,1.35,Low
40186,26,18,6,7,0.553846154,Low
40187,28,18,6,4,0.471428571,Low
40188,16,3,1,4,1.775,Low
40190,27,8,1,8,0.011111111,Low
40194,19,5,1,9,1.078947368,Low
40195,14,17,4,1,0.742857143,Low
40200,26,14,2,3,-0.646153846,Low
40201,21,4,2,7,1.628571429,Low
40202,22,5,3,6,1.863636364,Low
40203,20,11,4,7,1.3,Low
40204,12,18,2,8,-0.1,Low
40210,22,6,1,1,0.663636364,Low
40212,18,11,3,5,0.966666667,Low
40213,17,3,1,3,1.664705882,Low
40215,23,19,1,9,-1.995652174,Low
40216,18,15,1,8,-0.833333333,Low
40227,22,12,5,8,1.463636364,Low
40228,28,11,3,9,0.371428571,Low
40232,24,13,1,5,-0.85,Low
40234,10,15,2,9,1,Low
40236,25,4,2,7,1.4,Low
40238,27,8,2,4,0.511111111,Low
40247,16,19,6,6,1.075,Low
40249,13,17,3,2,0.407692308,Low
40253,22,12,2,2,-0.036363636,Low
40257,28,18,2,9,-1.528571429,Low
40258,23,14,5,5,1.004347826,Low
40260,29,3,3,3,1.934482759,Low
40261,29,1,2,4,1.834482759,Low
40268,16,13,4,1,1.275,Low
40271,19,1,1,4,1.878947368,Low
40276,25,3,2,1,1.6,Low
40281,22,5,3,5,1.863636364,Low
40284,9,14,1,2,1.033333333,Low
40288,21,12,4,5,1.028571429,Low
40294,22,16,7,7,1.663636364,Low
40296,22,12,4,9,0.963636364,Low
40299,18,17,3,6,-0.233333333,Low
40300,20,11,5,1,1.8,Low
40304,13,16,4,3,1.107692308,Low
40305,11,14,4,6,1.927272727,Low
40307,27,17,8,6,1.711111111,Low
40311,20,8,1,5,0.4,Low
40312,10,19,5,2,1.7,Low
40313,26,5,3,4,1.653846154,Low
40314,18,10,2,3,0.666666667,Low
40316,22,16,7,5,1.663636364,Low
40317,22,19,6,4,0.563636364,Low
40321,26,6,4,4,1.953846154,Low
40324,16,15,4,2,0.875,Low
40334,25,14,6,8,1.4,Low
40336,18,12,2,5,0.266666667,Low
40341,21,10,3,9,0.928571429,Low
40343,29,14,1,8,-1.265517241,Low
40348,26,13,4,5,0.553846154,Low
40349,19,18,2,6,-1.021052632,Low
40351,23,9,2,9,0.504347826,Low
40353,19,5,2,5,1.578947368,Low
40359,18,9,4,6,1.866666667,Low
40364,29,8,2,3,0.434482759,Low
40365,15,16,6,4,1.8,Low
40366,8,18,3,5,1.65,Low
40367,26,10,2,1,0.153846154,Low
40368,16,18,2,2,-0.725,Low
40372,23,16,1,3,-1.395652174,Low
40378,15,9,3,2,1.7,Low
40380,13,17,6,2,1.907692308,Low
40382,22,19,6,6,0.563636364,Low
40383,27,16,5,8,0.411111111,Low
40384,28,11,1,3,-0.628571429,Low
40390,28,17,5,9,0.171428571,Low
40391,12,14,3,7,1.2,Low
40392,26,19,4,4,-0.646153846,Low
40397,28,11,6,6,1.871428571,Low
40399,23,13,3,7,0.204347826,Low
40400,17,5,1,1,1.264705882,Low
40411,18,19,6,6,0.866666667,Low
40412,17,17,3,2,-0.135294118,Low
40414,15,12,3,8,1.1,Low
40424,26,15,7,6,1.653846154,Low
40425,23,13,3,8,0.204347826,Low
40426,16,17,3,9,-0.025,Low
40427,29,19,1,3,-2.265517241,Low
40428,10,17,4,5,1.6,Low
40431,14,18,6,9,1.542857143,Low
40440,19,17,5,1,0.678947368,Low
40441,19,17,6,2,1.178947368,Low
40444,19,13,6,6,1.978947368,Low
40448,15,12,4,6,1.6,Low
40451,16,19,2,6,-0.925,Low
40453,20,19,7,5,1.2,Low
40462,29,19,7,9,0.734482759,Low
40464,27,14,7,8,1.811111111,Low
40465,27,18,4,9,-0.488888889,Low
40467,13,18,4,2,0.707692308,Low
40469,25,11,5,6,1.5,Low
40470,22,10,2,1,0.363636364,Low
40473,17,2,1,7,1.864705882,Low
40474,10,18,5,9,1.9,Low
40479,24,1,1,3,1.55,Low
40480,25,15,6,9,1.2,Low
40483,29,11,5,5,1.334482759,Low
40485,26,11,6,5,1.953846154,Low
40488,16,19,5,1,0.575,Low
40489,12,14,3,7,1.2,Low
40490,11,13,2,4,1.127272727,Low
40492,18,6,2,4,1.466666667,Low
40510,17,10,4,4,1.764705882,Low
40512,22,9,2,7,0.563636364,Low
40513,22,11,4,3,1.163636364,Low
40515,9,19,2,8,0.533333333,Low
40516,19,16,4,2,0.378947368,Low
40517,23,18,3,6,-0.795652174,Low
40519,22,7,2,5,0.963636364,Low
40521,26,12,4,3,0.753846154,Low
40527,12,18,3,6,0.4,Low
40528,14,18,2,2,-0.457142857,Low
40531,13,9,2,8,1.507692308,Low
40533,22,16,2,4,-0.836363636,Low
40535,12,19,5,5,1.2,Low
40536,19,18,4,1,-0.021052632,Low
40539,25,15,5,6,0.7,Low
40542,24,16,1,9,-1.45,Low
40543,17,18,3,5,-0.335294118,Low
40545,8,12,1,9,1.85,Low
40546,19,4,2,5,1.778947368,Low
40547,14,19,2,4,-0.657142857,Low
40550,24,8,3,2,1.15,Low
40553,23,16,1,6,-1.395652174,Low
40554,20,14,5,5,1.2,Low
40556,28,3,1,7,0.971428571,Low
40559,9,18,1,8,0.233333333,Low
40560,17,19,8,7,1.964705882,Low
40565,17,5,2,5,1.764705882,Low
40567,11,13,2,9,1.127272727,Low
40570,29,14,3,3,-0.265517241,Low
40572,26,16,4,5,-0.046153846,Low
40589,28,16,7,7,1.371428571,Low
40590,13,11,2,4,1.107692308,Low
40592,14,18,1,9,-0.957142857,Low
40593,26,14,7,7,1.853846154,Low
40594,23,4,1,3,1.004347826,Low
40598,24,10,1,1,-0.25,Low
40604,25,18,8,4,1.6,Low
40605,25,14,5,2,0.9,Low
40610,21,8,3,5,1.328571429,Low
40611,22,19,2,9,-1.436363636,Low
40617,18,16,2,3,-0.533333333,Low
40620,21,19,5,3,0.128571429,Low
40624,15,14,2,9,0.2,Low
40628,25,4,3,6,1.9,Low
40631,29,17,8,6,1.634482759,Low
40638,29,13,3,7,-0.065517241,Low
40642,23,9,3,9,1.004347826,Low
40647,26,10,2,8,0.153846154,Low
40650,14,19,6,8,1.342857143,Low
40653,27,18,3,8,-0.988888889,Low
40655,29,17,6,1,0.634482759,Low
40656,20,7,3,2,1.6,Low
40660,28,12,2,1,-0.328571429,Low
40661,18,17,7,6,1.766666667,Low
40666,28,6,3,6,1.371428571,Low
40672,22,3,1,1,1.263636364,Low
40674,14,6,2,4,1.942857143,Low
40675,22,18,6,4,0.763636364,Low
40676,11,19,3,2,0.427272727,Low
40678,13,14,2,6,0.507692308,Low
40684,9,18,3,3,1.233333333,Low
40685,18,11,3,3,0.966666667,Low
40687,22,11,2,1,0.163636364,Low
40691,27,14,7,3,1.811111111,Low
40693,11,15,3,3,1.227272727,Low
40697,13,17,1,5,-0.592307692,Low
40698,16,11,3,3,1.175,Low
40704,27,7,1,4,0.211111111,Low
40705,19,11,3,5,0.878947368,Low
40709,24,19,5,4,-0.05,Low
40710,10,15,1,8,0.5,Low
40712,26,16,4,3,-0.046153846,Low
40719,21,3,1,6,1.328571429,Low
40720,26,14,7,3,1.853846154,Low
40726,29,7,2,8,0.634482759,Low
40727,15,9,2,5,1.2,Low
40731,27,16,7,4,1.411111111,Low
40734,15,12,2,9,0.6,Low
40736,29,10,4,5,1.034482759,Low
40737,15,10,4,3,2,Low
40740,29,18,5,1,-0.065517241,Low
40743,17,12,3,3,0.864705882,Low
40746,10,16,2,1,0.8,Low
40747,18,4,1,6,1.366666667,Low
40748,21,1,1,4,1.728571429,Low
40750,25,14,6,6,1.4,Low
40754,20,11,1,6,-0.2,Low
40755,22,18,7,1,1.263636364,Low
40756,29,7,4,6,1.634482759,Low
40760,23,7,4,5,1.904347826,Low
40761,11,10,2,1,1.727272727,Low
40766,25,7,3,8,1.3,Low
40767,18,14,4,5,0.866666667,Low
40768,18,9,2,3,0.866666667,Low
40769,25,19,6,7,0.4,Low
40773,26,15,7,6,1.653846154,Low
40774,14,14,5,8,1.842857143,Low
40775,18,14,5,5,1.366666667,Low
40777,26,9,5,4,1.853846154,Low
40778,18,16,1,5,-1.033333333,Low
40779,16,7,3,7,1.975,Low
40788,25,6,3,9,1.5,Low
40789,13,18,1,3,-0.792307692,Low
40790,24,10,2,9,0.25,Low
40791,13,19,3,5,0.007692308,Low
40796,28,18,4,3,-0.528571429,Low
40797,17,17,3,6,-0.135294118,Low
40799,8,18,2,9,1.15,Low
40800,27,10,2,3,0.111111111,Low
40803,15,15,6,2,2,Low
40807,16,13,4,8,1.275,Low
40808,23,14,6,4,1.504347826,Low
40810,21,16,1,8,-1.271428571,Low
40812,25,6,2,8,1,Low
40813,17,11,2,8,0.564705882,Low
40814,26,16,3,4,-0.546153846,Low
40816,13,11,1,4,0.607692308,Low
40817,27,14,2,2,-0.688888889,Low
40818,27,13,1,5,-0.988888889,Low
40819,9,16,2,2,1.133333333,Low
40823,13,17,6,1,1.907692308,Low
40826,25,13,3,7,0.1,Low
40827,26,7,3,2,1.253846154,Low
40832,29,17,2,5,-1.365517241,Low
40835,13,16,2,2,0.107692308,Low
40839,26,18,7,3,1.053846154,Low
40841,13,17,6,1,1.907692308,Low
40843,10,13,2,1,1.4,Low
40845,27,13,6,7,1.511111111,Low
40851,15,9,2,6,1.2,Low
40858,29,18,7,7,0.934482759,Low
40859,13,11,2,7,1.107692308,Low
40866,25,18,3,4,-0.9,Low
40867,27,9,3,8,0.811111111,Low
40873,27,18,5,6,0.011111111,Low
40874,28,10,1,7,-0.428571429,Low
40877,18,11,3,3,0.966666667,Low
40880,22,4,1,3,1.063636364,Low
40884,20,19,5,2,0.2,Low
40890,28,15,1,4,-1.428571429,Low
40892,13,19,1,8,-0.992307692,Low
40894,7,18,2,5,1.685714286,Low
40908,23,16,3,4,-0.395652174,Low
40911,22,8,3,4,1.263636364,Low
40915,19,10,2,7,0.578947368,Low
40920,24,11,3,7,0.55,Low
40921,18,11,3,6,0.966666667,Low
40924,12,13,3,9,1.4,Low
40926,29,17,2,2,-1.365517241,Low
40927,24,18,1,1,-1.85,Low
40929,25,17,4,3,-0.2,Low
40935,23,13,5,3,1.204347826,Low
40937,29,14,6,9,1.234482759,Low
40952,27,15,6,6,1.111111111,Low
40953,27,19,1,8,-2.188888889,Low
40954,25,12,3,4,0.3,Low
40957,25,3,2,3,1.6,Low
40958,25,17,4,1,-0.2,Low
40959,29,15,2,9,-0.965517241,Low
40960,23,5,2,6,1.304347826,Low
40964,22,14,2,3,-0.436363636,Low
40967,17,13,4,5,1.164705882,Low
40970,26,11,1,5,-0.546153846,Low
40971,10,15,1,1,0.5,Low
40972,28,16,5,5,0.371428571,Low
40974,26,10,5,6,1.653846154,Low
40977,24,15,4,8,0.25,Low
40978,16,15,4,8,0.875,Low
40980,13,18,2,7,-0.292307692,Low
40985,10,13,2,8,1.4,Low
40991,28,10,2,9,0.071428571,Low
40998,28,19,3,3,-1.228571429,Low
40999,22,12,5,3,1.463636364,Low
41000,26,15,7,1,1.653846154,Low
41006,18,12,5,8,1.766666667,Low
41010,25,10,2,1,0.2,Low
41013,28,15,7,2,1.571428571,Low
41015,15,11,4,2,1.8,Low
41020,13,9,2,5,1.507692308,Low
41022,21,15,1,6,-1.071428571,Low
41026,21,17,6,1,1.028571429,Low
41028,17,15,1,9,-0.735294118,Low
41031,28,13,1,3,-1.028571429,Low
41032,16,10,1,2,0.375,Low
41033,27,5,3,1,1.611111111,Low
41038,18,7,1,5,0.766666667,Low
41042,29,17,1,2,-1.865517241,Low
41046,17,15,2,3,-0.235294118,Low
41047,20,19,7,6,1.2,Low
41048,18,13,3,6,0.566666667,Low
41049,21,13,5,1,1.328571429,Low
41050,26,8,4,4,1.553846154,Low
41055,8,18,1,5,0.65,Low
41058,12,11,1,3,0.8,Low
41059,19,5,2,5,1.578947368,Low
41060,28,16,6,4,0.871428571,Low
41063,15,10,3,3,1.5,Low
41074,26,17,1,2,-1.746153846,Low
41075,15,12,1,9,0.1,Low
41080,27,12,1,9,-0.788888889,Low
41081,22,14,6,4,1.563636364,Low
41083,28,19,1,9,-2.228571429,Low
41090,10,13,2,2,1.4,Low
41092,21,18,5,2,0.328571429,Low
41093,13,19,4,9,0.507692308,Low
41098,20,16,1,8,-1.2,Low
41104,22,10,2,6,0.363636364,Low
41107,26,17,3,1,-0.746153846,Low
41110,24,7,2,5,0.85,Low
41114,18,1,1,2,1.966666667,Low
41116,22,12,3,6,0.463636364,Low
41117,28,8,5,8,1.971428571,Low
41123,26,8,3,9,1.053846154,Low
41124,26,14,3,2,-0.146153846,Low
41130,26,5,3,7,1.653846154,Low
41136,13,16,1,6,-0.392307692,Low
41139,19,8,1,3,0.478947368,Low
41140,17,16,6,6,1.564705882,Low
41141,16,15,5,3,1.375,Low
41145,14,17,2,4,-0.257142857,Low
41149,20,5,2,7,1.5,Low
41152,23,13,3,1,0.204347826,Low
41154,17,5,1,4,1.264705882,Low
41155,29,16,1,2,-1.665517241,Low
41157,22,19,8,4,1.563636364,Low
41158,18,16,4,1,0.466666667,Low
41161,24,8,4,1,1.65,Low
41162,22,15,6,5,1.363636364,Low
41172,28,19,5,8,-0.228571429,Low
41174,14,13,3,3,1.042857143,Low
41176,12,6,1,3,1.8,Low
41178,10,18,4,6,1.4,Low
41180,15,11,3,9,1.3,Low
41181,23,18,7,1,1.204347826,Low
41183,27,4,2,9,1.311111111,Low
41186,11,9,1,8,1.427272727,Low
41187,23,12,5,8,1.404347826,Low
41189,29,6,2,9,0.834482759,Low
41190,12,5,1,6,2,Low
41192,14,6,2,7,1.942857143,Low
41193,19,16,6,3,1.378947368,Low
41194,10,16,4,5,1.8,Low
41197,27,14,6,6,1.311111111,Low
41201,16,8,1,3,0.775,Low
41202,18,10,4,3,1.666666667,Low
41213,10,19,3,5,0.7,Low
41214,21,5,1,5,0.928571429,Low
41215,19,11,4,3,1.378947368,Low
41216,18,6,1,8,0.966666667,Low
41220,21,19,6,7,0.628571429,Low
41221,24,17,8,9,1.85,Low
41225,18,11,5,5,1.966666667,Low
41229,16,10,3,7,1.375,Low
41231,28,15,5,6,0.571428571,Low
41232,21,7,1,6,0.528571429,Low
41234,27,8,3,8,1.011111111,Low
41235,21,17,6,6,1.028571429,Low
41239,16,12,3,8,0.975,Low
41242,25,15,2,4,-0.8,Low
41246,21,19,6,5,0.628571429,Low
41250,19,8,1,4,0.478947368,Low
41251,10,16,4,4,1.8,Low
41252,21,15,3,1,-0.071428571,Low
41254,28,13,2,7,-0.528571429,Low
41258,18,12,3,1,0.766666667,Low
41259,13,11,3,7,1.607692308,Low
41260,26,10,1,8,-0.346153846,Low
41266,18,10,4,7,1.666666667,Low
41267,15,16,3,8,0.3,Low
41268,7,19,1,9,0.985714286,Low
41269,20,6,3,8,1.8,Low
41275,15,10,4,9,2,Low
41277,27,11,1,7,-0.588888889,Low
41280,29,9,1,4,-0.265517241,Low
41282,18,13,3,1,0.566666667,Low
41285,29,16,8,1,1.834482759,Low
41286,15,15,1,6,-0.5,Low
41287,14,12,1,3,0.242857143,Low
41291,28,14,7,9,1.771428571,Low
41294,15,16,2,8,-0.2,Low
41296,12,13,1,5,0.4,Low
41302,24,17,5,2,0.35,Low
41303,12,19,6,9,1.7,Low
41306,22,17,2,1,-1.036363636,Low
41309,24,13,4,8,0.65,Low
41310,23,17,5,6,0.404347826,Low
41312,29,18,5,6,-0.065517241,Low
41316,26,2,2,4,1.753846154,Low
41321,17,14,2,4,-0.035294118,Low
41322,26,8,2,4,0.553846154,Low
41326,23,14,3,7,0.004347826,Low
41327,12,18,1,4,-0.6,Low
41334,25,18,5,6,0.1,Low
41337,12,18,5,7,1.4,Low
41342,17,7,2,1,1.364705882,Low
41344,27,16,2,7,-1.088888889,Low
41346,19,16,2,1,-0.621052632,Low
41348,29,15,3,3,-0.465517241,Low
41349,27,10,3,6,0.611111111,Low
41350,19,15,5,6,1.078947368,Low
41351,20,15,7,1,2,Low
41353,17,16,3,8,0.064705882,Low
41357,15,15,6,1,2,Low
41358,20,4,1,4,1.2,Low
41365,22,19,4,5,-0.436363636,Low
41366,24,12,5,8,1.35,Low
41367,21,10,2,9,0.428571429,Low
41368,10,17,3,3,1.1,Low
41370,16,7,1,6,0.975,Low
41373,21,11,3,9,0.728571429,Low
41376,19,13,4,5,0.978947368,Low
41384,18,17,5,3,0.766666667,Low
41388,26,12,5,6,1.253846154,Low
41390,18,12,2,2,0.266666667,Low
41391,20,11,1,5,-0.2,Low
41392,19,15,5,5,1.078947368,Low
41397,18,8,1,7,0.566666667,Low
41398,19,16,2,1,-0.621052632,Low
41399,22,9,1,7,0.063636364,Low
41401,26,6,3,6,1.453846154,Low
41402,15,19,7,6,1.7,Low
41405,29,9,4,1,1.234482759,Low
41406,21,18,8,2,1.828571429,Low
41408,15,14,1,2,-0.3,Low
41416,10,18,4,2,1.4,Low
41417,14,15,3,6,0.642857143,Low
41418,15,6,1,9,1.3,Low
41419,25,14,6,1,1.4,Low
41430,24,19,2,7,-1.55,Low
41435,23,8,3,2,1.204347826,Low
41439,22,18,4,6,-0.236363636,Low
41440,27,10,2,7,0.111111111,Low
41443,18,16,1,2,-1.033333333,Low
41444,24,13,4,9,0.65,Low
41445,28,14,4,1,0.271428571,Low
41446,28,17,8,4,1.671428571,Low
41453,20,10,5,7,2,Low
41454,17,18,1,5,-1.335294118,Low
41455,20,18,6,5,0.9,Low
41460,29,14,3,1,-0.265517241,Low
41461,18,16,1,6,-1.033333333,Low
41467,29,6,2,6,0.834482759,Low
41469,14,18,6,1,1.542857143,Low
41470,10,9,1,5,1.7,Low
41471,24,17,5,1,0.35,Low
41475,17,12,2,5,0.364705882,Low
41477,22,15,2,3,-0.636363636,Low
41483,28,13,2,5,-0.528571429,Low
41487,18,17,7,8,1.766666667,Low
41489,23,12,3,7,0.404347826,Low
41490,19,8,3,5,1.478947368,Low
41495,7,14,1,3,1.985714286,Low
41496,11,18,2,1,0.127272727,Low
41499,18,18,4,8,0.066666667,Low
41500,29,6,1,4,0.334482759,Low
41502,14,5,1,7,1.642857143,Low
41503,20,7,3,9,1.6,Low
41505,24,19,9,9,1.95,Low
41509,15,19,4,9,0.2,Low
41511,15,13,1,7,-0.1,Low
41517,21,8,2,6,0.828571429,Low
41519,21,12,2,7,0.028571429,Low
41520,22,11,1,1,-0.336363636,Low
41522,28,19,3,6,-1.228571429,Low
41524,28,12,5,8,1.171428571,Low
41534,18,2,1,1,1.766666667,Low
41544,29,13,7,8,1.934482759,Low
41546,28,15,2,7,-0.928571429,Low
41549,28,17,7,7,1.171428571,Low
41551,28,8,2,8,0.471428571,Low
41554,14,13,2,5,0.542857143,Low
41558,24,13,6,1,1.65,Low
41560,29,11,6,2,1.834482759,Low
41561,21,11,2,1,0.228571429,Low
41562,23,18,7,3,1.204347826,Low
41564,23,11,3,1,0.604347826,Low
41571,21,15,5,7,0.928571429,Low
41582,28,18,3,3,-1.028571429,Low
41584,21,14,2,9,-0.371428571,Low
41588,14,8,1,1,1.042857143,Low
41589,29,19,9,6,1.734482759,Low
41593,19,18,5,1,0.478947368,Low
41594,18,14,5,4,1.366666667,Low
41598,26,18,1,7,-1.946153846,Low
41600,19,18,6,1,0.978947368,Low
41603,29,13,4,8,0.434482759,Low
41607,13,16,3,3,0.607692308,Low
41612,26,5,3,7,1.653846154,Low
41618,14,17,2,2,-0.257142857,Low
41620,26,19,1,5,-2.146153846,Low
41623,26,6,1,8,0.453846154,Low
41626,18,18,7,6,1.566666667,Low
41627,28,12,1,5,-0.828571429,Low
41629,20,18,6,7,0.9,Low
41630,25,18,5,7,0.1,Low
41631,21,18,3,5,-0.671428571,Low
41632,25,15,1,8,-1.3,Low
41637,24,16,5,1,0.55,Low
41638,13,15,2,8,0.307692308,Low
41640,28,7,3,4,1.171428571,Low
41641,21,19,3,6,-0.871428571,Low
41644,13,7,1,8,1.407692308,Low
41648,27,18,1,3,-1.988888889,Low
41649,26,8,4,3,1.553846154,Low
41650,29,15,7,8,1.534482759,Low
41651,12,9,1,6,1.2,Low
41652,25,14,3,7,-0.1,Low
41653,21,16,1,7,-1.271428571,Low
41658,24,14,3,5,-0.05,Low
41660,7,19,2,3,1.485714286,Low
41669,18,2,1,7,1.766666667,Low
41675,12,19,5,2,1.2,Low
41679,28,19,3,6,-1.228571429,Low
41680,15,7,1,9,1.1,Low
41682,18,13,2,7,0.066666667,Low
41689,25,19,7,3,0.9,Low
41691,14,14,4,9,1.342857143,Low
41693,24,8,3,7,1.15,Low
41695,14,13,4,6,1.542857143,Low
41696,22,8,4,6,1.763636364,Low
41710,21,19,7,7,1.128571429,Low
41711,11,19,4,5,0.927272727,Low
41713,19,17,7,2,1.678947368,Low
41714,25,9,2,7,0.4,Low
41715,28,7,2,6,0.671428571,Low
41717,28,8,3,3,0.971428571,Low
41721,26,12,3,8,0.253846154,Low
41724,23,4,1,4,1.004347826,Low
41729,27,17,6,9,0.711111111,Low
41735,27,14,4,8,0.311111111,Low
41739,17,19,4,5,-0.035294118,Low
41743,18,19,4,5,-0.133333333,Low
41749,24,3,1,6,1.15,Low
41756,6,18,1,7,1.9,Low
41759,18,16,5,7,0.966666667,Low
41761,13,16,5,1,1.607692308,Low
41762,24,19,5,6,-0.05,Low
41763,15,9,1,6,0.7,Low
41764,14,8,1,7,1.042857143,Low
41776,24,19,6,4,0.45,Low
41779,24,4,3,5,1.95,Low
41780,16,10,1,1,0.375,Low
41784,27,4,1,2,0.811111111,Low
41786,24,11,4,3,1.05,Low
41787,29,14,1,9,-1.265517241,Low
41789,27,12,2,7,-0.288888889,Low
41790,25,12,4,6,0.8,Low
41797,29,18,8,7,1.434482759,Low
41798,23,13,5,1,1.204347826,Low
41799,12,14,2,3,0.7,Low
41803,16,18,1,9,-1.225,Low
41804,16,18,5,1,0.775,Low
41806,19,4,2,5,1.778947368,Low
41808,14,7,2,3,1.742857143,Low
41815,25,19,5,8,-0.1,Low
41816,11,9,2,7,1.927272727,Low
41817,20,7,2,8,1.1,Low
41821,29,13,3,5,-0.065517241,Low
41822,27,14,3,8,-0.188888889,Low
41823,26,9,3,4,0.853846154,Low
41830,11,15,1,5,0.227272727,Low
41831,20,10,3,8,1,Low
41833,14,11,1,6,0.442857143,Low
41835,19,2,1,3,1.678947368,Low
41838,26,17,5,6,0.253846154,Low
41840,26,16,8,9,1.953846154,Low
41841,25,17,3,2,-0.7,Low
41842,14,19,4,6,0.342857143,Low
41844,24,3,2,6,1.65,Low
41847,25,6,2,7,1,Low
41851,26,19,3,2,-1.146153846,Low
41852,21,12,3,8,0.528571429,Low
41853,22,9,4,2,1.563636364,Low
41856,27,10,2,5,0.111111111,Low
41858,11,16,3,2,1.027272727,Low
41861,12,17,4,3,1.1,Low
41862,10,10,2,3,2,Low
41865,20,6,1,7,0.8,Low
41868,19,1,1,9,1.878947368,Low
41872,23,13,6,8,1.704347826,Low
41874,20,13,3,3,0.4,Low
41877,10,17,1,8,0.1,Low
41882,12,13,2,8,0.9,Low
41883,15,13,1,1,-0.1,Low
41887,25,10,3,3,0.7,Low
41896,29,18,2,6,-1.565517241,Low
41897,9,18,1,3,0.233333333,Low
41898,22,19,6,1,0.563636364,Low
41899,21,17,5,5,0.528571429,Low
41903,29,10,5,4,1.534482759,Low
41921,15,16,6,6,1.8,Low
41923,29,17,7,9,1.134482759,Low
41924,23,1,1,5,1.604347826,Low
41925,26,5,1,3,0.653846154,Low
41927,19,15,5,9,1.078947368,Low
41934,21,8,1,8,0.328571429,Low
41936,14,17,5,7,1.242857143,Low
41939,28,3,3,8,1.971428571,Low
41940,9,17,4,9,1.933333333,Low
41942,19,4,1,1,1.278947368,Low
41949,17,16,1,4,-0.935294118,Low
41950,23,9,4,4,1.504347826,Low
41954,16,14,2,8,0.075,Low
41955,20,5,2,5,1.5,Low
41956,29,12,6,6,1.634482759,Low
41957,13,11,2,1,1.107692308,Low
41960,24,17,8,4,1.85,Low
41961,23,15,1,6,-1.195652174,Low
41964,20,13,4,9,0.9,Low
41968,10,13,1,2,0.9,Low
41970,17,14,5,5,1.464705882,Low
41977,12,11,1,5,0.8,Low
41979,13,17,4,3,0.907692308,Low
41983,28,17,7,3,1.171428571,Low
41985,16,7,2,8,1.475,Low
41986,27,15,7,3,1.611111111,Low
41989,26,11,2,1,-0.046153846,Low
41993,29,8,5,9,1.934482759,Low
41996,25,15,7,3,1.7,Low
41998,21,15,3,3,-0.071428571,Low
41999,24,17,5,6,0.35,Low
42004,18,15,1,8,-0.833333333,Low
42009,15,11,3,7,1.3,Low
42011,25,7,2,3,0.8,Low
42012,23,16,7,1,1.604347826,Low
42014,28,15,6,7,1.071428571,Low
42019,20,19,5,3,0.2,Low
42020,7,14,1,7,1.985714286,Low
42022,26,19,5,2,-0.146153846,Low
42027,27,9,1,3,-0.188888889,Low
42030,13,18,5,4,1.207692308,Low
42037,22,6,3,5,1.663636364,Low
42039,28,4,1,4,0.771428571,Low
42041,26,19,3,3,-1.146153846,Low
42044,22,13,1,1,-0.736363636,Low
42053,26,18,7,2,1.053846154,Low
42054,14,19,3,6,-0.157142857,Low
42059,23,6,2,8,1.104347826,Low
42061,18,5,1,7,1.166666667,Low
42062,20,16,6,7,1.3,Low
42066,26,14,3,2,-0.146153846,Low
42073,14,16,4,3,0.942857143,Low
42074,26,17,5,3,0.253846154,Low
42078,11,17,2,9,0.327272727,Low
42080,27,14,1,8,-1.188888889,Low
42082,15,6,2,6,1.8,Low
42084,20,10,2,2,0.5,Low
42087,16,16,2,8,-0.325,Low
42088,25,11,4,6,1,Low
42090,28,18,3,7,-1.028571429,Low
42093,19,19,8,6,1.778947368,Low
42095,16,13,1,7,-0.225,Low
42103,22,12,6,3,1.963636364,Low
42104,16,19,6,2,1.075,Low
42105,16,6,1,6,1.175,Low
42107,14,10,1,4,0.642857143,Low
42110,22,12,6,1,1.963636364,Low
42112,18,19,5,4,0.366666667,Low
42115,20,19,8,9,1.7,Low
42116,19,15,4,8,0.578947368,Low
42117,28,18,1,9,-2.028571429,Low
42119,20,15,4,1,0.5,Low
42129,28,11,2,7,-0.128571429,Low
42131,10,18,4,8,1.4,Low
42134,26,6,1,7,0.453846154,Low
42140,26,9,4,9,1.353846154,Low
42141,22,19,5,8,0.063636364,Low
42147,26,19,7,6,0.853846154,Low
42149,28,13,3,8,-0.028571429,Low
42150,14,16,2,4,-0.057142857,Low
42151,27,10,5,2,1.611111111,Low
42153,26,12,2,9,-0.246153846,Low
42154,20,6,2,1,1.3,Low
42163,27,12,1,5,-0.788888889,Low
42164,24,17,3,8,-0.65,Low
42165,24,18,3,7,-0.85,Low
42168,17,16,3,5,0.064705882,Low
42170,15,9,3,4,1.7,Low
42178,12,14,3,2,1.2,Low
42183,29,18,1,2,-2.065517241,Low
42184,24,14,6,3,1.45,Low
42186,23,6,2,5,1.104347826,Low
42187,25,6,4,9,2,Low
42188,15,16,3,7,0.3,Low
42190,24,16,4,9,0.05,Low
42191,22,14,2,5,-0.436363636,Low
42192,25,15,6,2,1.2,Low
42196,13,9,2,5,1.507692308,Low
42197,17,9,3,8,1.464705882,Low
42202,19,11,5,9,1.878947368,Low
42207,21,19,7,4,1.128571429,Low
42210,19,16,2,6,-0.621052632,Low
42211,28,14,3,9,-0.228571429,Low
42213,15,18,6,9,1.4,Low
42216,25,18,8,6,1.6,Low
42217,24,7,1,8,0.35,Low
42218,22,10,1,9,-0.136363636,Low
42219,27,7,1,6,0.211111111,Low
42222,13,13,1,8,0.207692308,Low
42223,16,19,4,6,0.075,Low
42226,21,11,5,8,1.728571429,Low
42238,11,16,4,3,1.527272727,Low
42239,29,7,4,8,1.634482759,Low
42240,24,12,5,6,1.35,Low
42244,18,7,3,2,1.766666667,Low
42250,14,8,1,9,1.042857143,Low
42251,17,3,1,5,1.664705882,Low
42254,11,14,3,3,1.427272727,Low
42255,22,11,3,5,0.663636364,Low
42258,27,1,1,1,1.411111111,Low
42259,24,15,5,9,0.75,Low
42262,14,17,6,9,1.742857143,Low
42264,24,16,5,9,0.55,Low
42270,28,19,9,1,1.771428571,Low
42272,15,18,6,4,1.4,Low
42274,27,5,2,2,1.111111111,Low
42277,14,19,5,8,0.842857143,Low
42278,13,16,5,2,1.607692308,Low
42279,20,15,6,2,1.5,Low
42283,16,5,2,8,1.875,Low
42284,22,17,8,4,1.963636364,Low
42285,22,13,4,1,0.763636364,Low
42286,12,17,2,2,0.1,Low
42288,10,16,1,3,0.3,Low
42290,12,18,5,7,1.4,Low
42291,18,8,3,1,1.566666667,Low
42293,27,15,6,6,1.111111111,Low
42294,23,18,5,4,0.204347826,Low
42297,28,15,4,4,0.071428571,Low
42299,25,11,6,7,2,Low
42300,22,7,3,9,1.463636364,Low
42302,13,19,4,9,0.507692308,Low
42304,15,13,5,8,1.9,Low
42306,22,19,1,5,-1.936363636,Low
42307,13,10,1,3,0.807692308,Low
42309,25,4,3,1,1.9,Low
42310,15,10,4,9,2,Low
42318,14,15,4,4,1.142857143,Low
42319,14,19,6,7,1.342857143,Low
42320,29,10,1,1,-0.465517241,Low
42322,28,9,2,4,0.271428571,Low
42329,9,16,3,1,1.633333333,Low
42330,27,16,7,9,1.411111111,Low
42331,17,19,4,6,-0.035294118,Low
42334,22,8,1,9,0.263636364,Low
42342,22,17,7,3,1.463636364,Low
42344,29,16,6,1,0.834482759,Low
42351,14,12,1,1,0.242857143,Low
42353,27,18,6,2,0.511111111,Low
42354,27,14,1,9,-1.188888889,Low
42356,11,11,2,5,1.527272727,Low
42359,29,14,4,6,0.234482759,Low
42360,21,11,5,3,1.728571429,Low
42362,16,18,2,4,-0.725,Low
42363,15,15,3,6,0.5,Low
42365,8,12,1,3,1.85,Low
42366,16,18,4,8,0.275,Low
42370,26,15,1,3,-1.346153846,Low
42372,25,19,2,7,-1.6,Low
42373,27,10,5,1,1.611111111,Low
42374,20,14,1,2,-0.8,Low
42380,29,12,6,8,1.634482759,Low
42382,15,4,1,6,1.7,Low
42386,16,14,1,9,-0.425,Low
42390,27,16,4,5,-0.088888889,Low
42391,24,16,2,8,-0.95,Low
42392,21,15,7,1,1.928571429,Low
42393,24,17,1,4,-1.65,Low
42395,25,13,5,8,1.1,Low
42397,21,18,3,6,-0.671428571,Low
42402,15,17,6,9,1.6,Low
42409,19,17,6,2,1.178947368,Low
42410,22,10,2,1,0.363636364,Low
42421,23,12,6,6,1.904347826,Low
42422,25,13,4,1,0.6,Low
42427,16,12,3,5,0.975,Low
42433,28,11,6,2,1.871428571,Low
42436,20,1,1,7,1.8,Low
42437,18,12,5,9,1.766666667,Low
42438,17,4,2,2,1.964705882,Low
42440,24,18,1,6,-1.85,Low
42442,26,19,9,8,1.853846154,Low
42443,19,17,4,5,0.178947368,Low
42446,23,16,7,8,1.604347826,Low
42450,20,16,1,8,-1.2,Low
42453,24,8,1,8,0.15,Low
42456,24,6,3,4,1.55,Low
42459,21,8,1,4,0.328571429,Low
42460,9,15,1,7,0.833333333,Low
42461,18,19,5,5,0.366666667,Low
42465,26,16,7,3,1.453846154,Low
42466,16,8,1,2,0.775,Low
42467,25,18,8,7,1.6,Low
42468,26,12,4,4,0.753846154,Low
42472,18,13,1,8,-0.433333333,Low
42473,29,13,5,4,0.934482759,Low
42474,19,16,6,3,1.378947368,Low
42476,24,18,5,1,0.15,Low
42479,22,15,6,6,1.363636364,Low
42481,27,3,2,2,1.511111111,Low
42486,24,12,1,5,-0.65,Low
42487,20,14,6,2,1.7,Low
42488,24,7,4,7,1.85,Low
42494,26,2,2,6,1.753846154,Low
42497,23,12,3,7,0.404347826,Low
42498,18,15,2,9,-0.333333333,Low
42500,17,14,5,6,1.464705882,Low
42503,27,14,2,9,-0.688888889,Low
42505,24,13,6,7,1.65,Low
42509,29,17,5,5,0.134482759,Low
42515,27,8,3,8,1.011111111,Low
42522,23,11,4,2,1.104347826,Low
42523,21,18,7,8,1.328571429,Low
42524,28,13,1,5,-1.028571429,Low
42530,27,17,3,4,-0.788888889,Low
42534,27,10,4,2,1.111111111,Low
42537,19,14,6,6,1.778947368,Low
42539,26,5,3,6,1.653846154,Low
42541,28,19,3,7,-1.228571429,Low
42543,29,12,3,5,0.134482759,Low
42544,16,19,6,7,1.075,Low
42545,19,18,7,7,1.478947368,Low
42547,9,18,4,9,1.733333333,Low
42549,21,15,2,7,-0.571428571,Low
42550,26,9,5,5,1.853846154,Low
42551,28,13,3,9,-0.028571429,Low
42552,9,18,1,4,0.233333333,Low
42555,8,14,1,7,1.45,Low
42556,18,4,1,8,1.366666667,Low
42557,15,19,2,7,-0.8,Low
42558,27,1,2,4,1.911111111,Low
42561,8,17,3,7,1.85,Low
42566,16,15,5,2,1.375,Low
42567,16,12,1,1,-0.025,Low
42568,22,12,4,4,0.963636364,Low
42569,23,18,2,9,-1.295652174,Low
42570,16,19,6,4,1.075,Low
42572,18,8,3,6,1.566666667,Low
42573,29,10,1,8,-0.465517241,Low
42575,27,6,4,1,1.911111111,Low
42576,15,17,6,3,1.6,Low
42577,26,10,1,5,-0.346153846,Low
42582,25,11,1,6,-0.5,Low
42587,15,18,5,8,0.9,Low
42588,29,15,5,5,0.534482759,Low
42590,28,9,3,5,0.771428571,Low
42591,25,8,4,2,1.6,Low
42599,19,15,4,8,0.578947368,Low
42600,15,15,6,7,2,Low
42612,22,18,1,7,-1.736363636,Low
42615,17,14,1,1,-0.535294118,Low
42617,27,5,3,6,1.611111111,Low
42619,12,5,1,8,2,Low
42623,19,18,6,8,0.978947368,Low
42628,10,15,4,2,2,Low
42639,29,12,3,1,0.134482759,Low
42642,26,17,7,1,1.253846154,Low
42643,22,5,3,9,1.863636364,Low
42645,21,17,5,4,0.528571429,Low
42646,16,7,2,4,1.475,Low
42651,17,12,5,1,1.864705882,Low
42660,19,17,3,3,-0.321052632,Low
42667,11,13,1,5,0.627272727,Low
42668,26,15,3,6,-0.346153846,Low
42669,29,16,5,9,0.334482759,Low
42670,19,11,3,2,0.878947368,Low
42672,16,13,2,7,0.275,Low
42675,14,10,2,6,1.142857143,Low
42676,23,15,4,9,0.304347826,Low
42678,8,17,2,9,1.35,Low
42684,9,17,4,2,1.933333333,Low
42685,13,14,2,1,0.507692308,Low
42688,22,18,8,9,1.763636364,Low
42696,21,5,3,2,1.928571429,Low
42697,27,16,2,8,-1.088888889,Low
42700,25,17,1,5,-1.7,Low
42701,11,9,2,6,1.927272727,Low
42703,20,19,3,7,-0.8,Low
42704,17,12,5,1,1.864705882,Low
42705,27,16,4,2,-0.088888889,Low
42706,19,11,2,2,0.378947368,Low
42708,16,16,1,7,-0.825,Low
42712,22,7,4,5,1.963636364,Low
42715,10,19,3,4,0.7,Low
42716,15,17,5,3,1.1,Low
42724,9,18,1,3,0.233333333,Low
42728,16,8,1,7,0.775,Low
42729,9,15,3,5,1.833333333,Low
42733,20,18,5,8,0.4,Low
42734,28,19,7,4,0.771428571,Low
42739,29,19,4,2,-0.765517241,Low
42740,21,2,1,5,1.528571429,Low
42741,26,9,5,3,1.853846154,Low
42743,22,14,6,6,1.563636364,Low
42744,24,6,2,2,1.05,Low
42747,16,2,1,4,1.975,Low
42748,29,17,5,7,0.134482759,Low
42749,25,9,4,4,1.4,Low
42751,28,19,2,4,-1.728571429,Low
42759,27,19,5,7,-0.188888889,Low
42762,23,16,7,7,1.604347826,Low
42764,11,13,1,4,0.627272727,Low
42766,27,8,1,8,0.011111111,Low
42767,24,17,2,9,-1.15,Low
42770,21,18,7,2,1.328571429,Low
42772,12,15,1,4,0,Low
42774,21,3,1,9,1.328571429,Low
42775,18,8,2,2,1.066666667,Low
42777,23,19,2,4,-1.495652174,Low
42779,29,11,5,2,1.334482759,Low
42781,26,14,5,7,0.853846154,Low
42791,25,15,7,1,1.7,Low
42792,26,16,2,4,-1.046153846,Low
42793,22,11,4,4,1.163636364,Low
42803,28,10,4,3,1.071428571,Low
42806,28,13,4,8,0.471428571,Low
42808,26,11,3,3,0.453846154,Low
42809,20,10,4,9,1.5,Low
42810,24,17,7,7,1.35,Low
42813,12,17,5,7,1.6,Low
42814,24,14,7,9,1.95,Low
42817,14,11,3,3,1.442857143,Low
42818,25,15,2,6,-0.8,Low
42819,22,18,1,5,-1.736363636,Low
42826,16,12,3,6,0.975,Low
42827,23,19,6,9,0.504347826,Low
42830,21,13,5,3,1.328571429,Low
42836,21,7,1,9,0.528571429,Low
42837,23,12,1,9,-0.595652174,Low
42842,15,11,2,2,0.8,Low
42843,17,13,2,3,0.164705882,Low
42846,20,18,4,9,-0.1,Low
42853,22,17,7,9,1.463636364,Low
42855,23,11,4,2,1.104347826,Low
42864,9,14,2,2,1.533333333,Low
42867,17,11,4,7,1.564705882,Low
42883,11,17,3,2,0.827272727,Low
42884,28,18,8,5,1.471428571,Low
42886,8,15,2,3,1.75,Low
42890,26,15,3,2,-0.346153846,Low
42892,18,4,2,9,1.866666667,Low
42896,15,15,5,1,1.5,Low
42897,15,11,4,9,1.8,Low
42899,29,11,4,8,0.834482759,Low
42902,26,8,1,7,0.053846154,Low
42903,29,10,4,6,1.034482759,Low
42904,11,15,4,5,1.727272727,Low
42905,14,7,2,2,1.742857143,Low
42910,26,6,1,8,0.453846154,Low
42912,26,12,2,3,-0.246153846,Low
42924,22,18,7,5,1.263636364,Low
42925,14,15,2,2,0.142857143,Low
42930,26,10,1,3,-0.346153846,Low
42932,19,10,3,4,1.078947368,Low
42940,28,4,1,8,0.771428571,Low
42941,10,18,3,7,0.9,Low
42943,18,17,6,8,1.266666667,Low
42944,21,10,3,8,0.928571429,Low
42952,18,15,2,9,-0.333333333,Low
42955,29,5,2,5,1.034482759,Low
42958,28,11,5,3,1.371428571,Low
42960,23,13,3,4,0.204347826,Low
42961,24,14,4,3,0.45,Low
42970,22,19,7,6,1.063636364,Low
42971,21,14,2,9,-0.371428571,Low
42972,22,6,3,5,1.663636364,Low
42973,12,18,4,1,0.9,Low
42975,21,15,2,9,-0.571428571,Low
42977,25,6,1,8,0.5,Low
42978,15,15,6,6,2,Low
42987,15,17,1,1,-0.9,Low
42990,17,16,5,5,1.064705882,Low
42991,27,8,1,4,0.011111111,Low
42993,23,4,1,4,1.004347826,Low
42994,22,12,5,8,1.463636364,Low
43003,12,17,5,5,1.6,Low
43004,25,17,8,3,1.8,Low
43010,18,6,2,5,1.466666667,Low
43021,7,16,1,9,1.585714286,Low
43029,26,13,6,2,1.553846154,Low
43035,25,12,4,2,0.8,Low
43039,25,19,6,6,0.4,Low
43041,28,13,6,5,1.471428571,Low
43048,26,9,1,8,-0.146153846,Low
43050,23,9,1,8,0.004347826,Low
43051,12,13,4,4,1.9,Low
43052,29,15,6,3,1.034482759,Low
43053,12,5,1,1,2,Low
43057,23,5,1,8,0.804347826,Low
43059,9,17,4,4,1.933333333,Low
43061,22,17,1,6,-1.536363636,Low
43067,14,17,4,1,0.742857143,Low
43068,10,10,1,3,1.5,Low
43069,14,10,1,3,0.642857143,Low
43070,27,12,3,4,0.211111111,Low
43072,16,10,2,1,0.875,Low
43073,18,19,7,5,1.366666667,Low
43074,27,16,2,5,-1.088888889,Low
43075,24,16,4,5,0.05,Low
43077,24,7,4,8,1.85,Low
43079,26,13,3,1,0.053846154,Low
43080,20,14,1,8,-0.8,Low
43093,19,14,1,4,-0.721052632,Low
43095,23,5,1,1,0.804347826,Low
43096,13,16,5,3,1.607692308,Low
43097,19,16,3,4,-0.121052632,Low
43098,24,18,5,8,0.15,Low
43103,18,8,2,8,1.066666667,Low
43105,25,14,5,9,0.9,Low
43107,12,16,1,7,-0.2,Low
43114,20,5,2,1,1.5,Low
43117,19,19,6,5,0.778947368,Low
43122,25,11,2,6,0,Low
43123,22,9,1,1,0.063636364,Low
43127,12,19,1,2,-0.8,Low
43132,23,5,2,4,1.304347826,Low
43136,26,14,6,3,1.353846154,Low
43141,29,16,7,2,1.334482759,Low
43143,26,18,6,7,0.553846154,Low
43149,20,11,2,7,0.3,Low
43151,22,8,2,8,0.763636364,Low
43152,12,14,4,7,1.7,Low
43155,13,16,4,7,1.107692308,Low
43160,21,19,8,5,1.628571429,Low
43161,15,19,5,7,0.7,Low
43163,10,17,4,2,1.6,Low
43164,21,6,3,3,1.728571429,Low
43165,17,14,5,8,1.464705882,Low
43166,22,4,1,1,1.063636364,Low
43168,11,13,1,5,0.627272727,Low
43176,23,4,1,8,1.004347826,Low
43178,26,14,5,4,0.853846154,Low
43180,9,14,2,3,1.533333333,Low
43182,20,10,5,5,2,Low
43183,16,14,1,7,-0.425,Low
43185,24,6,1,6,0.55,Low
43190,25,15,4,5,0.2,Low
43196,14,18,1,5,-0.957142857,Low
43197,29,15,4,2,0.034482759,Low
43199,29,9,3,6,0.734482759,Low
43201,24,10,5,9,1.75,Low
43202,19,7,2,2,1.178947368,Low
43204,16,5,2,3,1.875,Low
43210,10,15,3,4,1.5,Low
43211,20,6,1,5,0.8,Low
43212,15,7,1,9,1.1,Low
43215,29,18,1,3,-2.065517241,Low
43216,11,10,1,8,1.227272727,Low
43218,21,19,6,2,0.628571429,Low
43226,12,6,1,3,1.8,Low
43229,17,17,3,7,-0.135294118,Low
43238,29,19,8,5,1.234482759,Low
43240,20,11,1,4,-0.2,Low
43243,25,14,3,6,-0.1,Low
43246,17,11,3,3,1.064705882,Low
43247,10,17,4,4,1.6,Low
43249,28,18,4,7,-0.528571429,Low
43257,23,11,4,8,1.104347826,Low
43261,19,11,3,8,0.878947368,Low
43263,16,12,2,1,0.475,Low
43266,19,10,3,6,1.078947368,Low
43270,28,1,1,5,1.371428571,Low
43271,19,15,2,8,-0.421052632,Low
43277,28,11,6,6,1.871428571,Low
43281,17,14,6,5,1.964705882,Low
43283,22,16,6,2,1.163636364,Low
43287,27,13,3,5,0.011111111,Low
43289,13,10,1,3,0.807692308,Low
43290,9,15,2,8,1.333333333,Low
43294,25,18,8,8,1.6,Low
43297,13,19,1,9,-0.992307692,Low
43300,14,10,1,7,0.642857143,Low
43301,22,14,3,2,0.063636364,Low
43303,26,15,3,9,-0.346153846,Low
43305,23,14,6,7,1.504347826,Low
43306,23,19,5,8,0.004347826,Low
43309,27,17,1,5,-1.788888889,Low
43319,25,17,4,1,-0.2,Low
43322,27,11,3,3,0.411111111,Low
43327,17,11,4,9,1.564705882,Low
43328,26,18,7,2,1.053846154,Low
43331,11,10,2,2,1.727272727,Low
43334,9,18,1,5,0.233333333,Low
43335,27,11,6,2,1.911111111,Low
43336,16,18,6,4,1.275,Low
43338,29,13,3,2,-0.065517241,Low
43343,29,16,2,7,-1.165517241,Low
43345,26,13,4,2,0.553846154,Low
43346,22,10,2,4,0.363636364,Low
43351,23,3,1,6,1.204347826,Low
43352,19,9,3,7,1.278947368,Low
43364,8,15,1,3,1.25,Low
43367,8,14,1,2,1.45,Low
43369,10,10,2,4,2,Low
43372,25,11,3,3,0.5,Low
43373,25,19,8,4,1.4,Low
43374,21,9,2,6,0.628571429,Low
43377,20,15,2,5,-0.5,Low
43379,28,18,3,6,-1.028571429,Low
43386,16,6,1,7,1.175,Low
43388,24,18,8,3,1.65,Low
43389,24,14,7,4,1.95,Low
43394,23,19,6,1,0.504347826,Low
43397,16,11,3,3,1.175,Low
43399,8,12,1,6,1.85,Low
43405,19,12,3,1,0.678947368,Low
43406,17,17,2,4,-0.635294118,Low
43408,14,17,2,6,-0.257142857,Low
43411,12,10,2,8,1.5,Low
43415,22,19,2,8,-1.436363636,Low
43423,19,19,1,1,-1.721052632,Low
43427,14,10,3,4,1.642857143,Low
43428,14,17,3,2,0.242857143,Low
43435,17,7,1,6,0.864705882,Low
43438,26,10,2,8,0.153846154,Low
43440,12,11,2,9,1.3,Low
43441,21,5,1,6,0.928571429,Low
43442,28,16,8,9,1.871428571,Low
43446,18,15,1,1,-0.833333333,Low
43447,24,12,2,8,-0.15,Low
43449,17,4,1,5,1.464705882,Low
43450,17,12,5,9,1.864705882,Low
43453,9,16,3,3,1.633333333,Low
43456,16,16,3,7,0.175,Low
43458,11,19,1,5,-0.572727273,Low
43459,12,10,1,6,1,Low
43461,9,15,2,3,1.333333333,Low
43462,15,17,2,5,-0.4,Low
43464,16,14,2,2,0.075,Low
43465,29,5,1,3,0.534482759,Low
43473,25,17,4,6,-0.2,Low
43474,14,18,5,3,1.042857143,Low
43477,26,15,7,5,1.653846154,Low
43479,11,19,1,3,-0.572727273,Low
43484,24,14,4,8,0.45,Low
43486,16,8,3,6,1.775,Low
43488,13,18,3,8,0.207692308,Low
43489,27,9,3,6,0.811111111,Low
43492,23,13,3,5,0.204347826,Low
43496,17,15,3,6,0.264705882,Low
43500,13,11,1,8,0.607692308,Low
43505,10,14,3,6,1.7,Low
43513,28,18,4,9,-0.528571429,Low
43515,25,7,1,7,0.3,Low
43518,29,19,2,7,-1.765517241,Low
43520,19,16,6,2,1.378947368,Low
43522,28,8,3,2,0.971428571,Low
43523,27,4,2,7,1.311111111,Low
43524,28,16,5,3,0.371428571,Low
43526,20,2,1,2,1.6,Low
43528,14,13,4,5,1.542857143,Low
43537,17,14,2,8,-0.035294118,Low
43542,24,17,4,4,-0.15,Low
43543,24,17,3,4,-0.65,Low
43546,27,9,4,8,1.311111111,Low
43547,12,12,2,2,1.1,Low
43548,28,9,5,6,1.771428571,Low
43549,18,18,5,8,0.566666667,Low
43552,16,11,4,2,1.675,Low
43553,18,11,5,7,1.966666667,Low
43555,28,16,8,5,1.871428571,Low
43556,25,4,1,9,0.9,Low
43557,16,19,2,4,-0.925,Low
43566,19,5,1,1,1.078947368,Low
43567,13,13,1,4,0.207692308,Low
43575,25,13,1,3,-0.9,Low
43579,27,16,1,1,-1.588888889,Low
43582,28,18,8,6,1.471428571,Low
43586,15,7,1,6,1.1,Low
43591,22,15,3,8,-0.136363636,Low
43592,29,8,5,6,1.934482759,Low
43594,29,18,3,7,-1.065517241,Low
43595,16,12,3,3,0.975,Low
43596,11,19,1,4,-0.572727273,Low
43597,18,11,5,6,1.966666667,Low
43601,21,13,5,4,1.328571429,Low
43602,17,17,3,3,-0.135294118,Low
43610,10,11,1,3,1.3,Low
43618,25,15,5,8,0.7,Low
43623,21,6,3,1,1.728571429,Low
43625,9,16,2,2,1.133333333,Low
43637,12,15,2,1,0.5,Low
43640,20,13,1,6,-0.6,Low
43645,23,17,7,8,1.404347826,Low
43646,27,6,2,8,0.911111111,Low
43649,26,16,8,7,1.953846154,Low
43652,21,10,1,4,-0.071428571,Low
43654,17,15,4,8,0.764705882,Low
43656,27,17,8,2,1.711111111,Low
43657,26,7,3,5,1.253846154,Low
43658,18,15,4,1,0.666666667,Low
43661,10,15,3,2,1.5,Low
43664,24,7,1,2,0.35,Low
43665,16,10,1,6,0.375,Low
43666,19,15,3,9,0.078947368,Low
43670,27,17,2,3,-1.288888889,Low
43672,20,15,3,3,0,Low
43673,20,8,1,8,0.4,Low
43678,21,10,3,4,0.928571429,Low
43679,23,8,2,2,0.704347826,Low
43681,28,16,3,5,-0.628571429,Low
43684,26,12,1,9,-0.746153846,Low
43685,18,17,4,1,0.266666667,Low
43686,28,19,9,5,1.771428571,Low
43693,26,12,4,9,0.753846154,Low
43696,9,17,1,6,0.433333333,Low
43697,26,14,6,2,1.353846154,Low
43709,25,17,3,9,-0.7,Low
43720,12,19,5,1,1.2,Low
43721,11,13,3,6,1.627272727,Low
43724,24,16,1,8,-1.45,Low
43729,9,18,3,5,1.233333333,Low
43731,12,19,4,3,0.7,Low
43735,24,14,6,1,1.45,Low
43738,20,14,6,3,1.7,Low
43740,28,14,6,3,1.271428571,Low
43741,23,8,3,9,1.204347826,Low
43750,14,10,1,2,0.642857143,Low
43751,9,11,1,9,1.633333333,Low
43753,18,13,4,5,1.066666667,Low
43758,20,19,2,1,-1.3,Low
43759,26,16,4,1,-0.046153846,Low
43761,9,17,2,4,0.933333333,Low
43767,27,11,4,6,0.911111111,Low
43769,13,16,3,3,0.607692308,Low
43773,15,8,1,6,0.9,Low
43778,22,15,5,9,0.863636364,Low
43780,27,8,1,1,0.011111111,Low
43781,15,13,2,8,0.4,Low
43782,21,6,2,1,1.228571429,Low
43786,19,18,5,5,0.478947368,Low
43791,23,8,1,4,0.204347826,Low
43793,28,17,2,9,-1.328571429,Low
43800,13,17,5,1,1.407692308,Low
43804,22,17,8,4,1.963636364,Low
43805,27,5,2,6,1.111111111,Low
43806,28,18,1,5,-2.028571429,Low
43808,18,13,4,2,1.066666667,Low
43810,24,18,1,5,-1.85,Low
43811,20,4,1,3,1.2,Low
43816,26,18,4,5,-0.446153846,Low
43818,29,11,2,9,-0.165517241,Low
43831,25,16,5,3,0.5,Low
43832,29,19,2,9,-1.765517241,Low
43835,17,4,2,8,1.964705882,Low
43836,29,7,1,3,0.134482759,Low
43847,21,8,1,4,0.328571429,Low
43848,13,13,2,1,0.707692308,Low
43852,19,11,5,4,1.878947368,Low
43853,21,19,4,1,-0.371428571,Low
43855,26,7,4,6,1.753846154,Low
43857,21,18,8,4,1.828571429,Low
43858,10,12,1,3,1.1,Low
43860,15,18,4,8,0.4,Low
43861,23,6,2,3,1.104347826,Low
43863,29,17,3,7,-0.865517241,Low
43880,17,15,6,3,1.764705882,Low
43881,23,11,3,1,0.604347826,Low
43884,26,10,1,2,-0.346153846,Low
43886,24,7,1,1,0.35,Low
43891,18,10,4,3,1.666666667,Low
43893,16,15,4,3,0.875,Low
43901,12,17,4,6,1.1,Low
43902,24,12,1,2,-0.65,Low
43905,26,17,1,6,-1.746153846,Low
43911,15,18,1,8,-1.1,Low
43912,28,7,2,6,0.671428571,Low
43913,13,11,1,5,0.607692308,Low
43918,29,11,1,5,-0.665517241,Low
43919,22,2,1,9,1.463636364,Low
43922,18,16,2,2,-0.533333333,Low
43924,23,6,1,1,0.604347826,Low
43929,11,13,3,7,1.627272727,Low
43930,26,13,4,2,0.553846154,Low
43931,22,14,3,3,0.063636364,Low
43933,24,17,5,1,0.35,Low
43934,16,16,4,6,0.675,Low
43943,25,19,4,3,-0.6,Low
43953,21,9,2,4,0.628571429,Low
43956,29,19,9,1,1.734482759,Low
43958,25,13,5,4,1.1,Low
43960,22,9,3,5,1.063636364,Low
43963,28,13,1,5,-1.028571429,Low
43964,29,6,2,5,0.834482759,Low
43965,7,17,2,6,1.885714286,Low
43967,22,14,6,2,1.563636364,Low
43974,22,16,2,4,-0.836363636,Low
43983,26,19,8,6,1.353846154,Low
43986,13,16,2,7,0.107692308,Low
43988,12,19,2,5,-0.3,Low
43989,26,8,2,1,0.553846154,Low
43994,25,7,2,8,0.8,Low
43995,18,15,5,6,1.166666667,Low
43996,29,11,2,2,-0.165517241,Low
43999,20,19,8,3,1.7,Low
44000,29,14,3,5,-0.265517241,Low
44001,28,14,5,7,0.771428571,Low
44003,22,6,1,8,0.663636364,Low
44006,26,9,4,9,1.353846154,Low
44009,18,12,1,7,-0.233333333,Low
44012,21,16,4,8,0.228571429,Low
44014,16,19,7,4,1.575,Low
44015,16,19,6,3,1.075,Low
44019,13,7,2,6,1.907692308,Low
44020,26,9,4,5,1.353846154,Low
44025,23,10,1,6,-0.195652174,Low
44027,21,15,4,2,0.428571429,Low
44028,28,12,6,3,1.671428571,Low
44030,16,18,2,9,-0.725,Low
44032,22,18,5,5,0.263636364,Low
44037,26,11,2,6,-0.046153846,Low
44038,28,9,5,9,1.771428571,Low
44043,11,9,2,2,1.927272727,Low
44044,16,12,5,8,1.975,Low
44048,28,9,4,7,1.271428571,Low
44049,12,12,1,6,0.6,Low
44054,21,19,6,9,0.628571429,Low
44056,27,11,1,5,-0.588888889,Low
44059,23,15,4,9,0.304347826,Low
44060,24,13,4,3,0.65,Low
44062,8,18,3,7,1.65,Low
44065,19,7,3,9,1.678947368,Low
44066,17,12,5,4,1.864705882,Low
44074,27,15,1,9,-1.388888889,Low
44075,26,18,7,7,1.053846154,Low
44079,13,14,3,6,1.007692308,Low
44080,29,16,3,2,-0.665517241,Low
44084,14,13,2,6,0.542857143,Low
44089,22,17,8,9,1.963636364,Low
44093,16,17,1,2,-1.025,Low
44095,27,1,1,3,1.411111111,Low
44099,27,11,2,9,-0.088888889,Low
44101,20,17,1,4,-1.4,Low
44102,17,16,5,9,1.064705882,Low
44104,9,17,1,9,0.433333333,Low
44105,29,16,7,4,1.334482759,Low
44107,24,15,3,9,-0.25,Low
44114,29,7,1,5,0.134482759,Low
44115,26,16,4,3,-0.046153846,Low
44116,25,12,6,4,1.8,Low
44122,19,13,3,3,0.478947368,Low
44131,27,4,3,7,1.811111111,Low
44132,25,18,1,3,-1.9,Low
44133,27,9,4,3,1.311111111,Low
44134,26,15,6,7,1.153846154,Low
44138,25,18,7,5,1.1,Low
44139,26,4,2,6,1.353846154,Low
44140,24,14,6,5,1.45,Low
44142,29,10,1,5,-0.465517241,Low
44146,29,6,4,8,1.834482759,Low
44161,20,8,3,3,1.4,Low
44165,17,16,5,6,1.064705882,Low
44172,28,2,2,3,1.671428571,Low
44175,19,3,2,8,1.978947368,Low
44176,14,6,2,5,1.942857143,Low
44177,8,15,1,1,1.25,Low
44189,15,5,2,1,2,Low
44190,25,5,2,8,1.2,Low
44191,12,5,1,2,2,Low
44194,25,18,2,6,-1.4,Low
44195,28,3,3,8,1.971428571,Low
44198,16,11,3,7,1.175,Low
44201,23,13,4,8,0.704347826,Low
44205,18,14,2,7,-0.133333333,Low
44206,13,14,4,5,1.507692308,Low
44207,8,15,2,7,1.75,Low
44211,12,7,1,1,1.6,Low
44212,22,10,4,8,1.363636364,Low
44215,19,11,5,3,1.878947368,Low
44219,23,18,5,2,0.204347826,Low
44224,24,14,4,8,0.45,Low
44227,24,19,9,9,1.95,Low
44232,18,14,3,9,0.366666667,Low
44234,27,7,3,7,1.211111111,Low
44237,15,16,3,3,0.3,Low
44241,22,10,4,3,1.363636364,Low
44243,18,14,2,2,-0.133333333,Low
44246,25,12,6,3,1.8,Low
44249,22,13,1,5,-0.736363636,Low
44252,14,14,1,9,-0.157142857,Low
44260,9,13,2,3,1.733333333,Low
44263,27,7,4,3,1.711111111,Low
44269,24,17,2,4,-1.15,Low
44274,19,17,4,9,0.178947368,Low
44278,7,17,2,2,1.885714286,Low
44279,27,6,3,2,1.411111111,Low
44280,24,19,5,7,-0.05,Low
44283,24,14,3,5,-0.05,Low
44284,14,16,5,3,1.442857143,Low
44285,18,5,1,6,1.166666667,Low
44292,25,19,4,2,-0.6,Low
44299,21,16,6,6,1.228571429,Low
44300,28,8,3,4,0.971428571,Low
44302,10,17,3,5,1.1,Low
44305,27,9,5,5,1.811111111,Low
44306,15,11,1,3,0.3,Low
44310,28,11,3,4,0.371428571,Low
44313,19,13,2,5,-0.021052632,Low
44315,24,15,7,6,1.75,Low
44318,17,9,1,1,0.464705882,Low
44319,24,10,3,3,0.75,Low
44321,29,12,6,3,1.634482759,Low
44333,9,17,4,6,1.933333333,Low
44334,25,7,1,1,0.3,Low
44337,19,8,3,5,1.478947368,Low
44340,15,15,3,2,0.5,Low
44345,21,13,5,9,1.328571429,Low
44346,20,7,2,7,1.1,Low
44350,12,16,1,1,-0.2,Low
44353,19,18,1,2,-1.521052632,Low
44356,21,4,2,7,1.628571429,Low
44357,8,14,1,5,1.45,Low
44362,21,2,1,2,1.528571429,Low
44368,28,13,5,6,0.971428571,Low
44372,21,4,1,7,1.128571429,Low
44377,24,7,1,4,0.35,Low
44381,22,15,5,3,0.863636364,Low
44382,19,13,4,6,0.978947368,Low
44389,27,3,1,9,1.011111111,Low
44394,27,9,5,7,1.811111111,Low
44397,20,12,5,4,1.6,Low
44398,29,19,1,9,-2.265517241,Low
44400,23,16,5,2,0.604347826,Low
44402,20,13,5,2,1.4,Low
44403,21,8,2,7,0.828571429,Low
44405,21,12,3,7,0.528571429,Low
44413,12,15,2,3,0.5,Low
44414,24,18,2,1,-1.35,Low
44415,27,14,6,9,1.311111111,Low
44417,23,12,3,8,0.404347826,Low
44418,28,13,6,5,1.471428571,Low
44419,25,15,5,9,0.7,Low
44420,28,12,5,7,1.171428571,Low
44425,25,16,7,8,1.5,Low
44430,16,18,4,8,0.275,Low
44432,19,7,3,1,1.678947368,Low
44434,19,19,1,5,-1.721052632,Low
44437,27,13,2,2,-0.488888889,Low
44441,27,7,1,6,0.211111111,Low
44451,13,17,6,2,1.907692308,Low
44452,24,6,1,7,0.55,Low
44453,29,17,6,6,0.634482759,Low
44457,29,13,3,7,-0.065517241,Low
44458,11,14,2,3,0.927272727,Low
44459,11,18,1,3,-0.372727273,Low
44462,24,7,2,9,0.85,Low
44464,26,13,1,3,-0.946153846,Low
44466,29,7,1,5,0.134482759,Low
44467,23,11,5,4,1.604347826,Low
44473,25,13,3,8,0.1,Low
44475,16,18,1,7,-1.225,Low
44478,17,16,4,9,0.564705882,Low
44481,28,18,8,9,1.471428571,Low
44482,13,15,5,7,1.807692308,Low
44484,9,18,4,3,1.733333333,Low
44485,10,8,1,9,1.9,Low
44486,12,5,1,9,2,Low
44487,29,18,5,6,-0.065517241,Low
44494,24,7,4,2,1.85,Low
44495,11,18,1,4,-0.372727273,Low
44501,27,10,3,4,0.611111111,Low
44502,26,16,2,2,-1.046153846,Low
44505,23,11,3,9,0.604347826,Low
44506,27,17,2,9,-1.288888889,Low
44508,24,12,6,2,1.85,Low
44511,19,14,4,3,0.778947368,Low
44512,26,7,3,8,1.253846154,Low
44518,17,12,5,8,1.864705882,Low
44519,24,5,1,6,0.75,Low
44522,28,18,9,3,1.971428571,Low
44523,18,7,3,4,1.766666667,Low
44524,29,16,8,3,1.834482759,Low
44525,25,12,1,2,-0.7,Low
44526,15,15,3,6,0.5,Low
44531,19,19,3,6,-0.721052632,Low
44532,27,15,2,3,-0.888888889,Low
44537,17,11,3,4,1.064705882,Low
44538,18,10,4,1,1.666666667,Low
44539,14,17,3,1,0.242857143,Low
44540,24,12,6,7,1.85,Low
44541,16,12,2,4,0.475,Low
44546,24,14,4,4,0.45,Low
44550,20,10,5,6,2,Low
44554,29,13,4,5,0.434482759,Low
44555,26,15,5,4,0.653846154,Low
44561,12,18,2,2,-0.1,Low
44562,10,13,2,4,1.4,Low
44568,25,12,6,1,1.8,Low
44569,14,19,6,7,1.342857143,Low
44576,24,18,7,7,1.15,Low
44577,9,11,1,5,1.633333333,Low
44579,19,7,2,3,1.178947368,Low
44584,28,16,7,9,1.371428571,Low
44585,23,10,5,7,1.804347826,Low
44589,17,2,1,5,1.864705882,Low
44590,25,16,3,3,-0.5,Low
44591,20,9,2,7,0.7,Low
44593,16,18,5,8,0.775,Low
44599,14,7,1,7,1.242857143,Low
44600,15,15,4,3,1,Low
44607,28,12,4,1,0.671428571,Low
44608,29,6,3,1,1.334482759,Low
44609,21,10,3,8,0.928571429,Low
44611,17,10,4,7,1.764705882,Low
44612,26,12,1,8,-0.746153846,Low
44622,21,8,4,1,1.828571429,Low
44627,25,17,6,4,0.8,Low
44634,20,16,5,2,0.8,Low
44636,29,5,2,5,1.034482759,Low
44637,22,18,4,9,-0.236363636,Low
44641,27,16,2,9,-1.088888889,Low
44647,22,14,6,1,1.563636364,Low
44649,21,11,5,5,1.728571429,Low
44653,18,5,2,1,1.666666667,Low
44660,23,7,3,6,1.404347826,Low
44662,19,19,7,7,1.278947368,Low
44663,27,9,1,4,-0.188888889,Low
44664,29,17,8,9,1.634482759,Low
44665,22,17,7,8,1.463636364,Low
44666,24,19,5,2,-0.05,Low
44668,26,19,1,8,-2.146153846,Low
44670,17,14,3,4,0.464705882,Low
44671,21,16,6,1,1.228571429,Low
44680,24,9,2,1,0.45,Low
44684,16,6,1,8,1.175,Low
44685,8,15,1,9,1.25,Low
44686,25,9,4,1,1.4,Low
44687,23,12,2,5,-0.095652174,Low
44688,12,16,4,8,1.3,Low
44693,10,19,3,6,0.7,Low
44696,13,18,3,8,0.207692308,Low
44697,17,14,1,8,-0.535294118,Low
44700,22,9,4,8,1.563636364,Low
44713,17,6,1,4,1.064705882,Low
44714,18,15,4,9,0.666666667,Low
44715,10,13,2,8,1.4,Low
44716,13,12,2,6,0.907692308,Low
44717,23,6,1,8,0.604347826,Low
44720,26,13,1,5,-0.946153846,Low
44725,9,17,3,7,1.433333333,Low
44726,21,5,3,6,1.928571429,Low
44727,23,19,8,5,1.504347826,Low
44728,19,13,4,6,0.978947368,Low
44732,20,12,4,7,1.1,Low
44734,20,19,6,5,0.7,Low
44739,12,18,3,4,0.4,Low
44740,25,16,7,3,1.5,Low
44747,21,8,2,3,0.828571429,Low
44750,8,14,1,2,1.45,Low
44755,15,16,3,8,0.3,Low
44756,25,16,8,2,2,Low
44759,20,17,6,7,1.1,Low
44760,28,7,3,6,1.171428571,Low
44761,13,8,1,8,1.207692308,Low
44762,27,9,4,3,1.311111111,Low
44764,15,15,3,6,0.5,Low
44765,22,16,1,7,-1.336363636,Low
44766,27,12,5,1,1.211111111,Low
44770,10,15,1,5,0.5,Low
44772,29,1,2,5,1.834482759,Low
44775,29,18,3,5,-1.065517241,Low
44778,16,17,2,8,-0.525,Low
44781,16,15,3,1,0.375,Low
44782,24,10,3,5,0.75,Low
44789,23,14,3,6,0.004347826,Low
44794,29,7,2,8,0.634482759,Low
44796,15,17,6,2,1.6,Low
44802,15,15,5,1,1.5,Low
44805,24,14,2,6,-0.55,Low
44807,19,15,1,3,-0.921052632,Low
44808,23,5,1,7,0.804347826,Low
44810,11,15,1,5,0.227272727,Low
44817,17,14,6,2,1.964705882,Low
44820,12,17,3,4,0.6,Low
44822,25,6,2,6,1,Low
44824,15,17,2,3,-0.4,Low
44825,26,18,1,3,-1.946153846,Low
44829,27,19,6,1,0.311111111,Low
44831,18,8,1,5,0.566666667,Low
44833,26,19,5,5,-0.146153846,Low
44840,21,14,2,3,-0.371428571,Low
44842,23,17,4,9,-0.095652174,Low
44843,28,13,3,7,-0.028571429,Low
44844,29,17,1,1,-1.865517241,Low
44845,26,10,5,9,1.653846154,Low
44846,15,12,3,1,1.1,Low
44847,26,17,1,8,-1.746153846,Low
44848,24,3,2,4,1.65,Low
44850,10,12,2,5,1.6,Low
44856,14,9,1,8,0.842857143,Low
44857,27,16,4,4,-0.088888889,Low
44858,28,4,3,1,1.771428571,Low
44860,27,18,6,9,0.511111111,Low
44863,16,9,2,6,1.075,Low
44866,28,14,7,3,1.771428571,Low
44867,24,18,5,5,0.15,Low
44870,18,15,5,3,1.166666667,Low
44878,27,1,1,6,1.411111111,Low
44881,28,5,2,7,1.071428571,Low
44883,17,8,1,8,0.664705882,Low
44884,15,17,3,9,0.1,Low
44885,19,8,1,6,0.478947368,Low
44888,14,8,1,7,1.042857143,Low
44889,20,2,1,3,1.6,Low
44890,27,10,1,2,-0.388888889,Low
44896,21,14,3,5,0.128571429,Low
44898,19,12,4,3,1.178947368,Low
44902,16,8,2,3,1.275,Low
44908,25,18,7,6,1.1,Low
44909,25,9,4,7,1.4,Low
44917,28,18,7,3,0.971428571,Low
44918,20,11,2,7,0.3,Low
44921,17,14,1,3,-0.535294118,Low
44923,29,19,4,9,-0.765517241,Low
44932,21,17,6,5,1.028571429,Low
44935,23,12,2,8,-0.095652174,Low
44938,24,18,3,6,-0.85,Low
44939,21,16,6,9,1.228571429,Low
44944,23,19,4,2,-0.495652174,Low
44945,15,18,1,1,-1.1,Low
44946,11,17,2,4,0.327272727,Low
44947,21,13,2,3,-0.171428571,Low
44948,23,18,3,5,-0.795652174,Low
44951,24,17,8,8,1.85,Low
44952,26,11,2,8,-0.046153846,Low
44954,19,14,5,2,1.278947368,Low
44957,18,16,1,3,-1.033333333,Low
44960,26,14,3,8,-0.146153846,Low
44962,26,10,1,1,-0.346153846,Low
44965,19,12,2,9,0.178947368,Low
44966,13,19,5,8,1.007692308,Low
44967,14,16,3,8,0.442857143,Low
44972,24,10,1,3,-0.25,Low
44974,18,10,4,8,1.666666667,Low
44978,17,7,3,8,1.864705882,Low
44979,23,1,1,2,1.604347826,Low
44985,26,13,4,7,0.553846154,Low
44988,26,14,1,6,-1.146153846,Low
44990,20,5,3,7,2,Low
44994,10,17,3,5,1.1,Low
44997,13,16,3,5,0.607692308,Low
44998,21,15,7,8,1.928571429,Low
44999,29,15,4,6,0.034482759,Low
45000,19,16,2,4,-0.621052632,Low
45002,27,15,4,6,0.111111111,Low
45003,22,14,2,4,-0.436363636,Low
45004,12,11,3,7,1.8,Low
45006,23,19,4,8,-0.495652174,Low
45007,19,8,4,9,1.978947368,Low
45011,12,8,1,2,1.4,Low
45015,15,9,1,6,0.7,Low
45016,17,19,3,1,-0.535294118,Low
45032,23,18,3,5,-0.795652174,Low
45035,15,15,4,1,1,Low
45036,24,3,2,7,1.65,Low
45038,29,6,3,7,1.334482759,Low
45039,23,12,6,9,1.904347826,Low
45041,24,15,2,9,-0.75,Low
45046,12,13,2,4,0.9,Low
45047,29,8,5,8,1.934482759,Low
45048,22,13,2,2,-0.236363636,Low
45051,17,12,3,9,0.864705882,Low
45052,25,17,2,8,-1.2,Low
45056,8,15,1,2,1.25,Low
45061,24,19,3,8,-1.05,Low
45062,25,18,4,2,-0.4,Low
45068,24,16,3,6,-0.45,Low
45070,20,3,1,4,1.4,Low
45074,25,12,2,2,-0.2,Low
45077,23,17,2,9,-1.095652174,Low
45078,22,10,3,9,0.863636364,Low
45079,9,13,1,3,1.233333333,Low
45092,14,16,5,6,1.442857143,Low
45093,14,15,2,5,0.142857143,Low
45096,27,12,6,7,1.711111111,Low
45100,21,10,4,6,1.428571429,Low
45101,24,15,1,5,-1.25,Low
45102,11,13,2,7,1.127272727,Low
45103,27,12,6,6,1.711111111,Low
45104,9,12,2,4,1.933333333,Low
45105,15,9,2,2,1.2,Low
45106,24,17,1,9,-1.65,Low
45115,27,8,3,2,1.011111111,Low
45117,15,10,3,8,1.5,Low
45120,19,9,4,5,1.778947368,Low
45126,16,10,4,7,1.875,Low
45132,27,17,5,7,0.211111111,Low
45133,29,12,6,7,1.634482759,Low
45141,28,19,2,4,-1.728571429,Low
45143,22,17,6,4,0.963636364,Low
45144,18,16,5,8,0.966666667,Low
45145,22,14,1,7,-0.936363636,Low
45146,18,8,3,8,1.566666667,Low
45154,17,18,4,8,0.164705882,Low
45159,21,17,5,7,0.528571429,Low
45161,29,16,7,8,1.334482759,Low
45163,11,14,3,6,1.427272727,Low
45164,25,12,4,5,0.8,Low
45167,19,15,6,7,1.578947368,Low
45169,26,18,8,8,1.553846154,Low
45170,27,6,3,5,1.411111111,Low
45177,17,16,5,4,1.064705882,Low
45179,11,14,1,6,0.427272727,Low
45180,23,19,6,5,0.504347826,Low
45182,13,11,1,2,0.607692308,Low
45184,24,3,1,6,1.15,Low
45187,24,7,3,1,1.35,Low
45189,19,14,5,6,1.278947368,Low
45190,22,15,3,9,-0.136363636,Low
45191,16,19,1,2,-1.425,Low
45198,17,19,7,3,1.464705882,Low
45199,11,9,2,9,1.927272727,Low
45200,29,3,2,1,1.434482759,Low
45201,20,5,1,7,1,Low
45203,21,16,2,1,-0.771428571,Low
45205,29,16,1,9,-1.665517241,Low
45208,19,18,6,8,0.978947368,Low
45209,24,16,5,6,0.55,Low
45210,22,12,6,2,1.963636364,Low
45211,23,18,3,8,-0.795652174,Low
45214,18,8,2,5,1.066666667,Low
45215,12,17,2,5,0.1,Low
45218,18,18,1,5,-1.433333333,Low
45221,10,18,2,6,0.4,Low
45224,18,9,2,2,0.866666667,Low
45225,17,19,1,8,-1.535294118,Low
45228,22,5,1,2,0.863636364,Low
45229,23,18,7,1,1.204347826,Low
45233,22,3,1,6,1.263636364,Low
45235,19,9,3,8,1.278947368,Low
45236,27,10,1,9,-0.388888889,Low
45238,9,17,1,1,0.433333333,Low
45244,21,9,4,2,1.628571429,Low
45245,23,13,2,9,-0.295652174,Low
45248,12,10,2,6,1.5,Low
45252,27,16,1,9,-1.588888889,Low
45257,8,19,1,6,0.45,Low
45260,15,19,4,7,0.2,Low
45264,21,16,4,7,0.228571429,Low
45266,20,14,4,7,0.7,Low
45267,20,18,5,4,0.4,Low
45269,19,11,5,9,1.878947368,Low
45271,24,16,3,1,-0.45,Low
45275,21,5,3,9,1.928571429,Low
45280,14,16,6,5,1.942857143,Low
45283,25,8,4,6,1.6,Low
45285,17,15,6,7,1.764705882,Low
45295,19,12,4,9,1.178947368,Low
45296,16,16,2,8,-0.325,Low
45297,22,7,3,1,1.463636364,Low
45303,16,13,1,2,-0.225,Low
45306,29,17,7,7,1.134482759,Low
45308,25,18,7,8,1.1,Low
45310,26,5,3,3,1.653846154,Low
45312,27,3,2,8,1.511111111,Low
45314,12,15,2,1,0.5,Low
45315,10,14,3,9,1.7,Low
45316,23,9,4,4,1.504347826,Low
45320,28,17,3,6,-0.828571429,Low
45326,26,14,6,4,1.353846154,Low
45330,21,16,7,4,1.728571429,Low
45333,21,11,5,2,1.728571429,Low
45336,18,16,2,2,-0.533333333,Low
45341,21,3,2,9,1.828571429,Low
45342,28,8,2,2,0.471428571,Low
45344,20,19,6,5,0.7,Low
45346,19,8,2,7,0.978947368,Low
45355,28,17,6,1,0.671428571,Low
45356,19,12,3,3,0.678947368,Low
45357,23,14,5,7,1.004347826,Low
45358,11,18,4,9,1.127272727,Low
45360,19,16,6,8,1.378947368,Low
45364,29,17,6,6,0.634482759,Low
45366,29,14,6,1,1.234482759,Low
45367,29,19,6,7,0.234482759,Low
45371,21,17,4,6,0.028571429,Low
45373,22,19,8,5,1.563636364,Low
45375,25,11,6,7,2,Low
45376,16,2,1,3,1.975,Low
45380,17,6,1,4,1.064705882,Low
45382,21,18,6,3,0.828571429,Low
45383,26,10,2,4,0.153846154,Low
45384,25,19,3,6,-1.1,Low
45385,16,15,4,2,0.875,Low
45389,23,10,4,7,1.304347826,Low
45390,7,19,1,1,0.985714286,Low
45394,10,16,2,2,0.8,Low
45395,14,7,1,9,1.242857143,Low
45396,21,10,1,1,-0.071428571,Low
45397,19,4,2,6,1.778947368,Low
45399,17,10,4,7,1.764705882,Low
45400,13,8,1,9,1.207692308,Low
45402,28,17,6,6,0.671428571,Low
45403,18,13,5,3,1.566666667,Low
45406,28,19,6,6,0.271428571,Low
45407,26,16,6,4,0.953846154,Low
45408,28,8,2,5,0.471428571,Low
45409,23,19,4,5,-0.495652174,Low
45410,14,9,2,2,1.342857143,Low
45411,23,17,6,7,0.904347826,Low
45412,17,6,1,5,1.064705882,Low
45414,16,19,2,1,-0.925,Low
45416,27,14,6,9,1.311111111,Low
45426,12,11,1,2,0.8,Low
45427,27,6,4,6,1.911111111,Low
45429,13,13,4,7,1.707692308,Low
45430,29,10,2,7,0.034482759,Low
45437,10,19,2,2,0.2,Low
45441,9,17,2,5,0.933333333,Low
45442,20,13,4,9,0.9,Low
45448,24,13,1,5,-0.85,Low
45452,14,15,4,6,1.142857143,Low
45455,17,11,4,9,1.564705882,Low
45460,14,16,1,7,-0.557142857,Low
45463,29,12,5,5,1.134482759,Low
45470,29,14,2,6,-0.765517241,Low
45477,18,18,1,9,-1.433333333,Low
45482,25,16,6,7,1,Low
45485,24,2,1,2,1.35,Low
45487,29,6,4,6,1.834482759,Low
45496,20,18,6,8,0.9,Low
45497,10,14,3,2,1.7,Low
45498,14,13,2,5,0.542857143,Low
45503,16,18,1,3,-1.225,Low
45504,20,10,5,3,2,Low
45506,18,16,2,5,-0.533333333,Low
45512,25,10,2,1,0.2,Low
45514,20,15,3,8,0,Low
45516,21,13,5,6,1.328571429,Low
45517,25,11,6,3,2,Low
45518,27,3,1,8,1.011111111,Low
45522,16,18,5,5,0.775,Low
45523,22,4,1,2,1.063636364,Low
45526,19,7,1,8,0.678947368,Low
45528,17,10,1,9,0.264705882,Low
45531,20,18,3,5,-0.6,Low
45532,15,16,5,7,1.3,Low
45533,11,9,2,3,1.927272727,Low
45538,22,11,5,2,1.663636364,Low
45542,22,8,2,6,0.763636364,Low
45543,26,17,1,5,-1.746153846,Low
45551,24,15,1,4,-1.25,Low
45553,10,16,3,3,1.3,Low
45555,22,6,3,2,1.663636364,Low
45566,29,17,6,6,0.634482759,Low
45569,17,9,4,4,1.964705882,Low
45570,29,14,4,4,0.234482759,Low
45573,12,18,6,1,1.9,Low
45574,9,13,2,2,1.733333333,Low
45575,19,18,5,7,0.478947368,Low
45578,22,15,4,9,0.363636364,Low
45581,11,17,5,1,1.827272727,Low
45585,26,19,2,4,-1.646153846,Low
45586,23,17,6,9,0.904347826,Low
45587,16,17,2,3,-0.525,Low
45590,24,18,1,8,-1.85,Low
45591,11,19,1,9,-0.572727273,Low
45597,25,9,3,1,0.9,Low
45598,29,11,5,8,1.334482759,Low
45599,20,18,7,4,1.4,Low
45602,24,17,6,4,0.85,Low
45609,12,14,1,1,0.2,Low
45610,18,10,4,5,1.666666667,Low
45613,11,13,2,5,1.127272727,Low
45616,24,11,4,1,1.05,Low
45618,23,18,6,2,0.704347826,Low
45622,27,19,5,7,-0.188888889,Low
45624,11,12,1,7,0.827272727,Low
45625,15,6,2,1,1.8,Low
45629,26,12,2,6,-0.246153846,Low
45631,21,12,2,9,0.028571429,Low
45634,26,12,6,4,1.753846154,Low
45636,21,16,2,2,-0.771428571,Low
45639,15,16,1,4,-0.7,Low
45642,27,16,5,1,0.411111111,Low
45644,17,14,5,1,1.464705882,Low
45651,19,13,1,2,-0.521052632,Low
45652,26,9,3,9,0.853846154,Low
45654,7,19,2,5,1.485714286,Low
45655,22,19,8,5,1.563636364,Low
45656,24,7,2,3,0.85,Low
45657,21,11,1,4,-0.271428571,Low
45659,29,12,4,6,0.634482759,Low
45660,29,10,1,8,-0.465517241,Low
45662,26,15,7,4,1.653846154,Low
45671,11,17,3,5,0.827272727,Low
45673,29,18,6,7,0.434482759,Low
45675,24,7,2,6,0.85,Low
45679,24,14,7,2,1.95,Low
45683,19,11,5,6,1.878947368,Low
45685,15,17,6,1,1.6,Low
45686,14,16,4,6,0.942857143,Low
45688,27,13,6,9,1.511111111,Low
45689,18,15,1,2,-0.833333333,Low
45693,28,16,6,7,0.871428571,Low
45694,25,5,2,9,1.2,Low
45696,10,19,5,4,1.7,Low
45704,25,15,3,3,-0.3,Low
45708,20,13,4,7,0.9,Low
45711,12,18,1,2,-0.6,Low
45714,25,9,2,4,0.4,Low
45716,24,14,7,5,1.95,Low
45728,18,8,3,4,1.566666667,Low
45733,28,18,4,6,-0.528571429,Low
45734,16,7,1,2,0.975,Low
45736,24,11,2,2,0.05,Low
45739,28,19,5,7,-0.228571429,Low
45740,13,7,1,1,1.407692308,Low
45741,9,17,1,7,0.433333333,Low
45744,28,12,3,9,0.171428571,Low
45746,29,6,3,8,1.334482759,Low
45747,29,19,9,4,1.734482759,Low
45749,22,17,3,1,-0.536363636,Low
45755,28,16,6,2,0.871428571,Low
45762,29,11,3,6,0.334482759,Low
45769,22,18,6,6,0.763636364,Low
45770,28,19,5,4,-0.228571429,Low
45771,6,19,1,7,1.7,Low
45776,14,14,2,1,0.342857143,Low
45784,29,11,4,6,0.834482759,Low
45786,16,7,1,6,0.975,Low
45787,25,19,8,2,1.4,Low
45791,27,19,3,4,-1.188888889,Low
45793,25,8,1,4,0.1,Low
45795,21,19,3,2,-0.871428571,Low
45797,24,18,6,4,0.65,Low
45800,28,14,4,4,0.271428571,Low
45805,18,15,6,8,1.666666667,Low
45810,12,12,2,3,1.1,Low
45811,16,18,5,3,0.775,Low
45815,14,13,2,9,0.542857143,Low
45816,26,13,5,4,1.053846154,Low
45819,18,12,3,9,0.766666667,Low
45820,20,13,5,4,1.4,Low
45822,18,8,2,3,1.066666667,Low
45824,24,12,2,3,-0.15,Low
45833,16,7,1,2,0.975,Low
45837,29,16,8,8,1.834482759,Low
45841,29,14,1,9,-1.265517241,Low
45847,14,19,2,2,-0.657142857,Low
45859,16,12,2,2,0.475,Low
45861,15,7,2,3,1.6,Low
45864,17,14,4,1,0.964705882,Low
45868,27,17,2,7,-1.288888889,Low
45871,28,17,1,4,-1.828571429,Low
45873,14,9,2,1,1.342857143,Low
45876,25,18,6,9,0.6,Low
45879,12,17,1,7,-0.4,Low
45881,12,13,3,4,1.4,Low
45886,20,15,3,5,0,Low
45887,16,19,6,4,1.075,Low
45888,9,15,3,4,1.833333333,Low
45890,24,6,3,5,1.55,Low
45891,22,19,5,1,0.063636364,Low
45894,14,16,2,2,-0.057142857,Low
45899,28,7,2,6,0.671428571,Low
45901,14,17,4,5,0.742857143,Low
45903,25,4,3,2,1.9,Low
45904,20,19,6,5,0.7,Low
45908,24,17,2,6,-1.15,Low
45912,11,19,4,3,0.927272727,Low
45914,8,14,2,4,1.95,Low
45920,18,19,7,8,1.366666667,Low
45924,12,12,2,4,1.1,Low
45928,27,16,3,7,-0.588888889,Low
45930,29,10,2,9,0.034482759,Low
45933,13,18,4,5,0.707692308,Low
45935,11,18,2,8,0.127272727,Low
45941,26,8,2,1,0.553846154,Low
45944,26,15,7,6,1.653846154,Low
45949,17,3,1,2,1.664705882,Low
45950,17,5,1,8,1.264705882,Low
45952,26,14,4,8,0.353846154,Low
45962,22,18,6,9,0.763636364,Low
45965,23,8,3,4,1.204347826,Low
45968,19,8,2,9,0.978947368,Low
45972,17,19,3,6,-0.535294118,Low
45974,27,6,1,3,0.411111111,Low
45977,14,14,4,2,1.342857143,Low
45978,10,10,1,4,1.5,Low
45986,21,7,3,8,1.528571429,Low
45987,19,17,3,1,-0.321052632,Low
45988,20,18,2,8,-1.1,Low
45990,21,18,3,3,-0.671428571,Low
45991,16,11,4,7,1.675,Low
45992,20,17,5,9,0.6,Low
45995,20,19,7,9,1.2,Low
45999,16,11,2,8,0.675,Low
46001,19,14,4,1,0.778947368,Low
46003,17,11,2,8,0.564705882,Low
46006,23,18,4,5,-0.295652174,Low
46008,25,12,3,4,0.3,Low
46013,18,9,1,3,0.366666667,Low
46014,24,4,2,6,1.45,Low
46016,9,19,4,3,1.533333333,Low
46023,11,9,2,4,1.927272727,Low
46024,29,14,2,6,-0.765517241,Low
46025,26,7,1,1,0.253846154,Low
46026,24,15,1,2,-1.25,Low
46029,17,11,3,3,1.064705882,Low
46030,26,17,1,4,-1.746153846,Low
46031,25,16,1,7,-1.5,Low
46038,14,7,2,5,1.742857143,Low
46039,22,11,2,9,0.163636364,Low
46041,13,16,2,7,0.107692308,Low
46042,12,18,5,1,1.4,Low
46048,27,18,4,4,-0.488888889,Low
46054,28,3,1,6,0.971428571,Low
46056,24,19,8,8,1.45,Low
46059,11,17,1,2,-0.172727273,Low
46063,24,1,1,4,1.55,Low
46064,19,18,7,5,1.478947368,Low
46068,14,5,1,3,1.642857143,Low
46069,16,5,2,1,1.875,Low
46073,29,18,1,4,-2.065517241,Low
46075,28,8,5,4,1.971428571,Low
46076,16,16,4,2,0.675,Low
46084,16,18,6,3,1.275,Low
46095,25,18,6,8,0.6,Low
46096,25,1,1,1,1.5,Low
46098,27,14,3,4,-0.188888889,Low
46104,29,18,1,9,-2.065517241,Low
46106,24,2,2,6,1.85,Low
46109,23,11,5,5,1.604347826,Low
46111,18,1,1,7,1.966666667,Low
46112,21,17,2,4,-0.971428571,Low
46114,19,12,2,5,0.178947368,Low
46116,27,18,3,9,-0.988888889,Low
46120,18,13,4,7,1.066666667,Low
46122,17,13,5,5,1.664705882,Low
46123,18,18,4,5,0.066666667,Low
46127,23,13,4,8,0.704347826,Low
46131,25,11,6,1,2,Low
46133,29,19,3,2,-1.265517241,Low
46138,21,16,1,2,-1.271428571,Low
46139,18,19,1,3,-1.633333333,Low
46141,26,15,5,2,0.653846154,Low
46142,17,18,4,3,0.164705882,Low
46149,12,10,2,8,1.5,Low
46154,16,16,1,2,-0.825,Low
46155,20,8,4,2,1.9,Low
46156,26,6,1,6,0.453846154,Low
46161,16,10,3,5,1.375,Low
46170,19,12,3,1,0.678947368,Low
46173,13,10,3,8,1.807692308,Low
46175,15,14,4,1,1.2,Low
46176,21,18,7,5,1.328571429,Low
46179,18,8,2,9,1.066666667,Low
46180,27,18,4,6,-0.488888889,Low
46181,29,9,5,7,1.734482759,Low
46188,13,12,2,5,0.907692308,Low
46193,23,12,4,4,0.904347826,Low
46194,20,14,5,3,1.2,Low
46196,14,16,4,2,0.942857143,Low
46203,28,4,1,4,0.771428571,Low
46204,15,18,2,7,-0.6,Low
46206,15,18,5,1,0.9,Low
46208,27,18,5,8,0.011111111,Low
46214,17,5,2,7,1.764705882,Low
46215,24,18,5,1,0.15,Low
46216,27,8,3,1,1.011111111,Low
46221,16,10,1,1,0.375,Low
46227,19,4,1,6,1.278947368,Low
46231,14,6,2,3,1.942857143,Low
46232,23,17,4,6,-0.095652174,Low
46240,23,13,6,1,1.704347826,Low
46241,19,16,2,4,-0.621052632,Low
46243,24,17,6,5,0.85,Low
46244,25,16,3,5,-0.5,Low
46245,18,13,3,1,0.566666667,Low
46250,27,16,5,5,0.411111111,Low
46251,10,19,1,7,-0.3,Low
46252,23,15,6,2,1.304347826,Low
46255,16,8,3,4,1.775,Low
46256,16,13,3,7,0.775,Low
46260,12,14,3,2,1.2,Low
46264,8,18,2,3,1.15,Low
46266,14,16,4,5,0.942857143,Low
46269,23,19,5,8,0.004347826,Low
46270,17,12,1,1,-0.135294118,Low
46272,19,9,2,4,0.778947368,Low
46278,23,19,1,2,-1.995652174,Low
46279,10,19,5,4,1.7,Low
46281,27,19,8,8,1.311111111,Low
46285,14,13,1,3,0.042857143,Low
46287,29,19,6,3,0.234482759,Low
46293,18,16,7,6,1.966666667,Low
46295,24,12,5,4,1.35,Low
46299,18,8,3,3,1.566666667,Low
46301,17,14,2,2,-0.035294118,Low
46306,10,14,3,9,1.7,Low
46308,29,1,1,7,1.334482759,Low
46311,29,7,2,5,0.634482759,Low
46321,19,15,3,9,0.078947368,Low
46327,24,17,4,9,-0.15,Low
46332,28,19,8,5,1.271428571,Low
46334,28,13,4,2,0.471428571,Low
46337,23,12,5,2,1.404347826,Low
46338,25,19,1,4,-2.1,Low
46342,25,9,2,9,0.4,Low
46346,14,19,1,4,-1.157142857,Low
46352,19,11,3,8,0.878947368,Low
46353,19,13,4,4,0.978947368,Low
46354,24,5,3,2,1.75,Low
46357,15,14,2,6,0.2,Low
46359,16,19,7,8,1.575,Low
46360,25,17,1,2,-1.7,Low
46362,29,1,1,5,1.334482759,Low
46363,14,6,2,8,1.942857143,Low
46364,20,13,2,7,-0.1,Low
46367,27,12,3,2,0.211111111,Low
46368,7,19,1,6,0.985714286,Low
46369,29,18,4,1,-0.565517241,Low
46372,14,5,1,2,1.642857143,Low
46373,21,18,4,2,-0.171428571,Low
46375,16,18,2,7,-0.725,Low
46378,21,14,2,1,-0.371428571,Low
46387,17,6,2,2,1.564705882,Low
46388,24,17,8,9,1.85,Low
46391,21,7,3,1,1.528571429,Low
46397,21,3,1,2,1.328571429,Low
46398,18,7,3,5,1.766666667,Low
46401,26,16,5,7,0.453846154,Low
46402,11,17,3,4,0.827272727,Low
46405,15,11,4,7,1.8,Low
46408,24,18,8,1,1.65,Low
46409,16,7,3,7,1.975,Low
46413,19,2,1,6,1.678947368,Low
46419,17,16,4,7,0.564705882,Low
46424,16,13,1,9,-0.225,Low
46425,24,15,2,2,-0.75,Low
46426,20,17,2,9,-0.9,Low
46427,22,17,7,1,1.463636364,Low
46431,29,5,2,5,1.034482759,Low
46436,27,1,1,4,1.411111111,Low
46440,14,7,2,9,1.742857143,Low
46441,26,8,2,2,0.553846154,Low
46442,29,15,3,4,-0.465517241,Low
46443,24,19,8,4,1.45,Low
46445,25,16,3,8,-0.5,Low
46455,27,15,2,6,-0.888888889,Low
46460,16,14,1,5,-0.425,Low
46465,28,13,3,5,-0.028571429,Low
46466,28,10,2,5,0.071428571,Low
46467,18,11,5,9,1.966666667,Low
46469,16,15,3,9,0.375,Low
46471,28,2,1,3,1.171428571,Low
46480,25,19,2,9,-1.6,Low
46487,8,16,2,2,1.55,Low
46492,24,16,4,3,0.05,Low
46496,24,10,3,8,0.75,Low
46500,23,6,3,4,1.604347826,Low
46501,11,16,4,3,1.527272727,Low
46502,29,17,8,4,1.634482759,Low
46503,12,13,3,4,1.4,Low
46506,19,17,4,8,0.178947368,Low
46514,20,10,3,6,1,Low
46515,29,14,3,8,-0.265517241,Low
46524,23,14,6,1,1.504347826,Low
46526,14,19,6,5,1.342857143,Low
46527,21,16,2,2,-0.771428571,Low
46530,17,7,2,4,1.364705882,Low
46533,19,16,6,2,1.378947368,Low
46534,13,11,1,8,0.607692308,Low
46535,26,13,3,2,0.053846154,Low
46536,25,7,4,1,1.8,Low
46542,29,2,2,4,1.634482759,Low
46548,11,13,2,8,1.127272727,Low
46553,18,14,1,8,-0.633333333,Low
46555,28,18,9,6,1.971428571,Low
46559,10,19,2,8,0.2,Low
46561,23,5,1,4,0.804347826,Low
46563,27,16,2,3,-1.088888889,Low
46565,26,14,2,9,-0.646153846,Low
46571,22,10,1,6,-0.136363636,Low
46573,27,3,1,5,1.011111111,Low
46580,18,11,5,8,1.966666667,Low
46583,22,18,3,1,-0.736363636,Low
46586,23,10,4,7,1.304347826,Low
46589,21,10,5,5,1.928571429,Low
46590,24,2,1,3,1.35,Low
46593,23,5,2,1,1.304347826,Low
46599,27,9,1,9,-0.188888889,Low
46604,18,19,3,6,-0.633333333,Low
46608,9,18,2,6,0.733333333,Low
46610,25,19,6,9,0.4,Low
46611,17,14,2,5,-0.035294118,Low
46612,25,16,8,6,2,Low
46616,23,12,6,4,1.904347826,Low
46618,26,4,1,6,0.853846154,Low
46628,14,19,5,8,0.842857143,Low
46629,29,7,4,8,1.634482759,Low
46632,28,16,2,1,-1.128571429,Low
46638,23,3,2,7,1.704347826,Low
46639,10,19,1,8,-0.3,Low
46640,12,11,2,9,1.3,Low
46642,16,3,1,4,1.775,Low
46645,16,15,1,5,-0.625,Low
46648,27,16,5,4,0.411111111,Low
46649,23,14,1,2,-0.995652174,Low
46652,28,19,7,1,0.771428571,Low
46655,28,17,5,3,0.171428571,Low
46668,19,8,1,6,0.478947368,Low
46671,19,13,6,6,1.978947368,Low
46677,22,14,3,6,0.063636364,Low
46680,20,4,2,6,1.7,Low
46682,15,12,1,6,0.1,Low
46683,23,18,1,4,-1.795652174,Low
46695,22,18,1,2,-1.736363636,Low
46697,14,18,5,6,1.042857143,Low
46704,17,4,2,3,1.964705882,Low
46705,25,15,6,5,1.2,Low
46712,24,19,2,6,-1.55,Low
46713,28,14,6,6,1.271428571,Low
46716,22,15,3,3,-0.136363636,Low
46718,22,12,3,1,0.463636364,Low
46719,26,15,7,9,1.653846154,Low
46720,12,18,5,9,1.4,Low
46721,18,17,5,5,0.766666667,Low
46729,23,10,4,7,1.304347826,Low
46733,14,12,1,6,0.242857143,Low
46736,15,18,2,1,-0.6,Low
46737,21,6,3,8,1.728571429,Low
46739,17,17,2,2,-0.635294118,Low
46742,16,11,4,9,1.675,Low
46747,14,15,5,4,1.642857143,Low
46749,24,12,4,3,0.85,Low
46754,20,16,5,6,0.8,Low
46756,29,16,8,6,1.834482759,Low
46758,29,13,5,8,0.934482759,Low
46764,12,10,3,5,2,Low
46770,8,18,3,2,1.65,Low
46771,25,3,1,7,1.1,Low
46774,13,13,2,4,0.707692308,Low
46775,22,15,1,6,-1.136363636,Low
46779,24,8,4,7,1.65,Low
46784,11,18,3,2,0.627272727,Low
46787,28,15,4,9,0.071428571,Low
46791,12,11,3,6,1.8,Low
46795,18,16,1,1,-1.033333333,Low
46796,9,17,3,6,1.433333333,Low
46797,11,19,1,7,-0.572727273,Low
46799,26,17,7,6,1.253846154,Low
46800,26,19,2,1,-1.646153846,Low
46801,19,3,1,4,1.478947368,Low
46802,19,12,2,9,0.178947368,Low
46809,26,12,2,3,-0.246153846,Low
46810,20,19,3,6,-0.8,Low
46812,12,16,1,9,-0.2,Low
46815,22,16,3,5,-0.336363636,Low
46818,18,11,2,4,0.466666667,Low
46822,18,16,1,1,-1.033333333,Low
46824,16,19,2,7,-0.925,Low
46828,26,11,3,8,0.453846154,Low
46839,28,11,1,2,-0.628571429,Low
46841,26,1,2,9,1.953846154,Low
46842,13,14,3,8,1.007692308,Low
46847,18,18,4,4,0.066666667,Low
46852,28,19,7,2,0.771428571,Low
46856,26,11,3,5,0.453846154,Low
46857,22,7,4,1,1.963636364,Low
46858,26,18,8,1,1.553846154,Low
46859,21,3,1,1,1.328571429,Low
46864,27,19,6,9,0.311111111,Low
46865,29,3,3,7,1.934482759,Low
46868,21,9,1,1,0.128571429,Low
46870,15,5,1,9,1.5,Low
46872,16,17,4,5,0.475,Low
46877,13,9,2,1,1.507692308,Low
46878,19,13,4,5,0.978947368,Low
46879,26,3,2,7,1.553846154,Low
46883,17,18,7,5,1.664705882,Low
46887,22,12,1,1,-0.536363636,Low
46889,18,18,5,4,0.566666667,Low
46892,23,13,4,7,0.704347826,Low
46894,16,11,1,3,0.175,Low
46895,17,18,4,1,0.164705882,Low
46896,29,19,1,8,-2.265517241,Low
46898,22,8,2,6,0.763636364,Low
46900,25,6,4,6,2,Low
46908,29,13,5,1,0.934482759,Low
46914,9,17,1,8,0.433333333,Low
46923,10,11,1,3,1.3,Low
46927,21,10,3,6,0.928571429,Low
46931,24,13,1,9,-0.85,Low
46935,29,15,5,6,0.534482759,Low
46943,16,3,1,1,1.775,Low
46944,27,19,6,2,0.311111111,Low
46946,9,15,1,9,0.833333333,Low
46949,25,14,3,5,-0.1,Low
46954,28,19,1,5,-2.228571429,Low
46955,21,2,1,2,1.528571429,Low
46956,23,8,4,9,1.704347826,Low
46957,14,4,1,2,1.842857143,Low
46974,13,19,4,4,0.507692308,Low
46977,9,19,2,3,0.533333333,Low
46978,22,14,5,2,1.063636364,Low
46980,18,18,7,3,1.566666667,Low
46984,29,12,1,8,-0.865517241,Low
46988,16,14,1,8,-0.425,Low
46993,13,10,3,4,1.807692308,Low
46994,18,19,8,3,1.866666667,Low
46996,27,12,6,6,1.711111111,Low
47001,19,3,2,8,1.978947368,Low
47002,20,18,5,9,0.4,Low
47009,18,15,3,6,0.166666667,Low
47013,13,16,3,2,0.607692308,Low
47020,24,4,1,6,0.95,Low
47036,19,8,3,1,1.478947368,Low
47037,19,17,7,8,1.678947368,Low
47038,23,17,6,4,0.904347826,Low
47045,21,13,3,9,0.328571429,Low
47047,10,19,1,2,-0.3,Low
47053,26,14,5,5,0.853846154,Low
47056,9,19,2,8,0.533333333,Low
47063,26,19,6,3,0.353846154,Low
47065,25,17,6,5,0.8,Low
47071,21,12,1,2,-0.471428571,Low
47072,27,10,3,8,0.611111111,Low
47073,9,19,4,9,1.533333333,Low
47077,19,3,2,4,1.978947368,Low
47086,28,17,6,6,0.671428571,Low
47088,14,6,2,9,1.942857143,Low
47091,8,18,3,1,1.65,Low
47095,27,19,6,9,0.311111111,Low
47097,19,8,4,6,1.978947368,Low
47098,29,19,9,6,1.734482759,Low
47100,23,18,4,1,-0.295652174,Low
47102,24,14,2,6,-0.55,Low
47103,19,8,1,2,0.478947368,Low
47110,14,4,1,7,1.842857143,Low
47111,19,17,5,8,0.678947368,Low
47116,26,13,5,1,1.053846154,Low
47117,22,11,3,1,0.663636364,Low
47120,28,16,3,9,-0.628571429,Low
47124,22,2,1,3,1.463636364,Low
47125,28,12,6,3,1.671428571,Low
47134,27,6,1,4,0.411111111,Low
47135,23,19,1,2,-1.995652174,Low
47136,19,17,6,7,1.178947368,Low
47140,25,17,5,2,0.3,Low
47143,20,3,1,1,1.4,Low
47144,20,17,6,1,1.1,Low
47148,13,15,4,6,1.307692308,Low
47156,9,13,2,6,1.733333333,Low
47162,26,15,5,7,0.653846154,Low
47166,21,15,1,8,-1.071428571,Low
47167,29,19,6,8,0.234482759,Low
47170,29,19,3,3,-1.265517241,Low
47171,10,16,4,7,1.8,Low
47178,14,10,1,2,0.642857143,Low
47183,12,17,5,9,1.6,Low
47187,22,15,7,6,1.863636364,Low
47190,20,19,7,8,1.2,Low
47191,22,16,1,4,-1.336363636,Low
47194,28,7,3,9,1.171428571,Low
47198,17,3,1,4,1.664705882,Low
47205,25,14,7,3,1.9,Low
47211,12,12,3,6,1.6,Low
47212,28,14,6,6,1.271428571,Low
47214,8,17,2,8,1.35,Low
47216,17,10,4,3,1.764705882,Low
47222,21,19,3,9,-0.871428571,Low
47226,25,8,2,1,0.6,Low
47227,23,12,1,8,-0.595652174,Low
47231,18,12,5,8,1.766666667,Low
47232,26,7,4,4,1.753846154,Low
47233,23,18,4,6,-0.295652174,Low
47236,27,16,7,2,1.411111111,Low
47247,22,7,1,4,0.463636364,Low
47251,27,11,5,1,1.411111111,Low
47252,13,16,2,4,0.107692308,Low
47256,22,17,7,1,1.463636364,Low
47257,24,19,6,8,0.45,Low
47258,20,19,1,7,-1.8,Low
47259,8,19,4,8,1.95,Low
47262,22,17,8,4,1.963636364,Low
47263,17,3,1,4,1.664705882,Low
47264,15,12,3,5,1.1,Low
47269,28,19,9,6,1.771428571,Low
47272,14,8,2,2,1.542857143,Low
47274,24,5,2,1,1.25,Low
47278,17,13,5,7,1.664705882,Low
47279,20,14,3,3,0.2,Low
47284,27,14,7,5,1.811111111,Low
47286,24,8,3,2,1.15,Low
47287,18,5,2,8,1.666666667,Low
47288,28,18,5,5,-0.028571429,Low
47292,25,19,5,1,-0.1,Low
47297,26,16,3,9,-0.546153846,Low
47298,26,6,1,9,0.453846154,Low
47300,23,7,2,2,0.904347826,Low
47304,22,13,6,7,1.763636364,Low
47305,22,12,6,6,1.963636364,Low
47307,11,11,2,1,1.527272727,Low
47311,15,18,6,6,1.4,Low
47314,18,13,2,1,0.066666667,Low
47316,8,18,1,3,0.65,Low
47317,11,19,6,4,1.927272727,Low
47325,20,13,3,7,0.4,Low
47326,20,12,1,3,-0.4,Low
47327,29,9,4,2,1.234482759,Low
47329,16,9,3,3,1.575,Low
47330,13,16,5,3,1.607692308,Low
47331,21,14,3,3,0.128571429,Low
47336,29,9,3,8,0.734482759,Low
47337,21,19,5,1,0.128571429,Low
47341,26,4,2,4,1.353846154,Low
47343,14,14,4,6,1.342857143,Low
47350,25,13,3,3,0.1,Low
47357,19,5,1,4,1.078947368,Low
47358,18,18,3,3,-0.433333333,Low
47362,15,13,2,3,0.4,Low
47366,26,11,4,2,0.953846154,Low
47367,17,4,2,7,1.964705882,Low
47371,17,18,1,6,-1.335294118,Low
47372,22,9,4,1,1.563636364,Low
47374,9,16,3,5,1.633333333,Low
47375,12,18,6,9,1.9,Low
47377,15,19,4,1,0.2,Low
47378,22,17,2,4,-1.036363636,Low
47389,22,6,2,5,1.163636364,Low
47392,24,10,4,2,1.25,Low
47393,19,15,2,2,-0.421052632,Low
47396,15,14,3,6,0.7,Low
47397,28,4,1,1,0.771428571,Low
47399,21,18,7,3,1.328571429,Low
47400,22,5,2,2,1.363636364,Low
47401,27,11,6,5,1.911111111,Low
47402,29,7,1,9,0.134482759,Low
47403,27,14,1,6,-1.188888889,Low
47406,21,12,1,2,-0.471428571,Low
47409,29,15,6,5,1.034482759,Low
47410,23,8,3,2,1.204347826,Low
47411,19,15,6,1,1.578947368,Low
47412,18,15,2,4,-0.333333333,Low
47413,19,12,5,4,1.678947368,Low
47415,27,7,3,6,1.211111111,Low
47417,18,18,6,7,1.066666667,Low
47420,21,8,2,8,0.828571429,Low
47424,29,17,7,1,1.134482759,Low
47429,19,12,1,7,-0.321052632,Low
47430,23,12,3,7,0.404347826,Low
47431,20,8,1,2,0.4,Low
47434,17,11,1,6,0.064705882,Low
47435,26,13,3,3,0.053846154,Low
47442,19,18,4,1,-0.021052632,Low
47443,20,17,3,5,-0.4,Low
47444,12,13,2,2,0.9,Low
47445,27,9,1,7,-0.188888889,Low
47448,27,15,4,5,0.111111111,Low
47449,21,16,7,6,1.728571429,Low
47451,22,17,4,2,-0.036363636,Low
47454,24,3,2,6,1.65,Low
47455,25,14,6,7,1.4,Low
47458,29,13,6,2,1.434482759,Low
47459,24,19,6,3,0.45,Low
47462,28,8,1,6,-0.028571429,Low
47463,16,17,6,8,1.475,Low
47465,21,9,1,4,0.128571429,Low
47468,28,11,6,1,1.871428571,Low
47472,29,13,7,3,1.934482759,Low
47473,22,18,7,9,1.263636364,Low
47475,8,17,1,3,0.85,Low
47476,25,13,2,5,-0.4,Low
47481,13,18,2,1,-0.292307692,Low
47482,29,6,3,2,1.334482759,Low
47484,29,13,5,2,0.934482759,Low
47486,28,7,2,9,0.671428571,Low
47487,23,6,2,4,1.104347826,Low
47489,21,19,8,8,1.628571429,Low
47498,22,16,6,1,1.163636364,Low
47499,29,8,5,7,1.934482759,Low
47500,20,19,5,8,0.2,Low
47502,14,17,2,4,-0.257142857,Low
47504,12,19,1,3,-0.8,Low
47506,17,9,4,6,1.964705882,Low
47507,16,18,2,5,-0.725,Low
47510,12,17,4,5,1.1,Low
47513,28,1,1,5,1.371428571,Low
47518,26,19,7,2,0.853846154,Low
47520,29,3,2,5,1.434482759,Low
47521,10,17,1,3,0.1,Low
47531,23,15,4,9,0.304347826,Low
47533,25,14,6,5,1.4,Low
47540,27,7,4,1,1.711111111,Low
47542,27,14,6,5,1.311111111,Low
47543,21,18,6,4,0.828571429,Low
47544,25,12,4,7,0.8,Low
47548,28,18,2,9,-1.528571429,Low
47549,13,19,3,4,0.007692308,Low
47550,10,15,4,3,2,Low
47553,21,19,1,4,-1.871428571,Low
47555,21,8,1,9,0.328571429,Low
47560,29,11,4,2,0.834482759,Low
47561,21,18,1,1,-1.671428571,Low
47565,24,16,1,4,-1.45,Low
47567,28,12,2,6,-0.328571429,Low
47569,8,17,2,1,1.35,Low
47573,29,9,2,2,0.234482759,Low
47590,15,12,3,4,1.1,Low
47591,12,18,6,6,1.9,Low
47592,25,1,2,2,2,Low
47597,28,15,7,8,1.571428571,Low
47606,28,17,5,1,0.171428571,Low
47617,18,14,6,2,1.866666667,Low
47619,29,10,2,7,0.034482759,Low
47627,22,8,1,7,0.263636364,Low
47629,16,16,6,1,1.675,Low
47634,8,17,2,3,1.35,Low
47636,26,17,5,9,0.253846154,Low
47637,25,17,3,6,-0.7,Low
47640,19,18,5,4,0.478947368,Low
47645,23,11,2,8,0.104347826,Low
47647,18,16,6,2,1.466666667,Low
47648,25,16,6,9,1,Low
47649,23,5,3,5,1.804347826,Low
47651,19,13,6,3,1.978947368,Low
47656,8,19,4,9,1.95,Low
47658,26,9,2,8,0.353846154,Low
47660,29,4,2,6,1.234482759,Low
47661,11,19,5,7,1.427272727,Low
47663,25,16,7,7,1.5,Low
47668,27,19,5,1,-0.188888889,Low
47671,28,4,1,7,0.771428571,Low
47673,15,15,3,5,0.5,Low
47677,23,16,1,2,-1.395652174,Low
47680,14,16,5,8,1.442857143,Low
47681,12,15,2,4,0.5,Low
47683,25,11,1,4,-0.5,Low
47684,22,18,7,6,1.263636364,Low
47685,12,9,2,2,1.7,Low
47686,11,14,3,2,1.427272727,Low
47689,11,12,1,3,0.827272727,Low
47690,27,9,1,2,-0.188888889,Low
47696,13,6,1,2,1.607692308,Low
47698,21,3,2,4,1.828571429,Low
47701,29,15,4,8,0.034482759,Low
47702,28,19,4,5,-0.728571429,Low
47703,23,14,2,3,-0.495652174,Low
47710,19,18,3,8,-0.521052632,Low
47713,26,15,3,8,-0.346153846,Low
47714,16,19,1,4,-1.425,Low
47717,21,9,3,6,1.128571429,Low
47719,15,13,2,4,0.4,Low
47723,7,19,3,5,1.985714286,Low
47725,22,12,5,1,1.463636364,Low
47726,22,18,4,9,-0.236363636,Low
47727,22,3,1,3,1.263636364,Low
47729,27,13,6,9,1.511111111,Low
47735,21,19,6,3,0.628571429,Low
47736,23,12,3,8,0.404347826,Low
47743,9,19,4,2,1.533333333,Low
47745,12,16,1,2,-0.2,Low
47746,12,18,4,4,0.9,Low
47755,18,7,2,5,1.266666667,Low
47756,21,12,1,4,-0.471428571,Low
47757,9,19,4,5,1.533333333,Low
47763,11,12,1,5,0.827272727,Low
47764,19,12,3,7,0.678947368,Low
47768,17,8,1,2,0.664705882,Low
47769,14,15,4,7,1.142857143,Low
47772,24,19,8,1,1.45,Low
47773,29,8,3,3,0.934482759,Low
47779,28,18,1,7,-2.028571429,Low
47780,16,8,2,5,1.275,Low
47781,26,12,4,4,0.753846154,Low
47783,18,13,3,1,0.566666667,Low
47787,28,13,1,5,-1.028571429,Low
47791,21,4,2,8,1.628571429,Low
47798,15,18,1,2,-1.1,Low
47800,16,16,2,6,-0.325,Low
47801,12,18,4,1,0.9,Low
47806,11,16,4,6,1.527272727,Low
47807,22,12,5,6,1.463636364,Low
47808,11,18,4,9,1.127272727,Low
47810,29,11,1,7,-0.665517241,Low
47816,27,13,2,8,-0.488888889,Low
47817,10,14,1,4,0.7,Low
47818,27,12,1,3,-0.788888889,Low
47824,23,16,3,4,-0.395652174,Low
47828,12,12,1,7,0.6,Low
47830,28,12,2,8,-0.328571429,Low
47833,29,18,1,2,-2.065517241,Low
47837,24,15,5,6,0.75,Low
47842,21,16,1,8,-1.271428571,Low
47849,29,6,1,5,0.334482759,Low
47852,26,17,5,6,0.253846154,Low
47854,24,10,1,3,-0.25,Low
47855,12,14,2,6,0.7,Low
47859,25,17,1,5,-1.7,Low
47862,22,16,3,3,-0.336363636,Low
47863,15,16,2,4,-0.2,Low
47866,24,12,2,9,-0.15,Low
47872,24,15,2,9,-0.75,Low
47875,24,13,4,2,0.65,Low
47877,27,2,2,1,1.711111111,Low
47881,29,19,6,9,0.234482759,Low
47882,14,16,2,6,-0.057142857,Low
47883,18,7,3,3,1.766666667,Low
47886,28,11,6,9,1.871428571,Low
47887,12,17,2,9,0.1,Low
47891,26,15,1,3,-1.346153846,Low
47892,24,7,2,2,0.85,Low
47893,15,16,4,8,0.8,Low
47894,14,18,1,7,-0.957142857,Low
47895,28,11,3,8,0.371428571,Low
47898,23,15,4,3,0.304347826,Low
47899,14,11,2,2,0.942857143,Low
47903,29,15,6,6,1.034482759,Low
47907,18,12,3,4,0.766666667,Low
47909,19,10,2,1,0.578947368,Low
47910,16,17,3,7,-0.025,Low
47919,15,6,2,8,1.8,Low
47920,14,11,4,5,1.942857143,Low
47921,23,17,4,3,-0.095652174,Low
47922,26,19,6,6,0.353846154,Low
47923,20,17,2,8,-0.9,Low
47931,9,19,2,5,0.533333333,Low
47933,29,7,1,4,0.134482759,Low
47935,22,3,2,8,1.763636364,Low
47937,24,19,8,1,1.45,Low
47943,22,18,5,3,0.263636364,Low
47945,16,18,2,8,-0.725,Low
47946,27,6,2,8,0.911111111,Low
47947,20,18,6,2,0.9,Low
47949,29,9,5,2,1.734482759,Low
47953,14,12,2,9,0.742857143,Low
47954,25,17,5,1,0.3,Low
47962,12,16,2,1,0.3,Low
47967,28,19,5,6,-0.228571429,Low
47969,19,18,3,4,-0.521052632,Low
47971,18,19,7,1,1.366666667,Low
47975,22,12,6,8,1.963636364,Low
47976,25,18,7,9,1.1,Low
47977,6,19,1,1,1.7,Low
47982,28,6,2,1,0.871428571,Low
47988,23,16,2,8,-0.895652174,Low
47989,29,13,5,2,0.934482759,Low
47993,24,11,3,1,0.55,Low
47994,16,16,4,7,0.675,Low
47997,21,16,2,7,-0.771428571,Low
47998,27,8,1,3,0.011111111,Low
47999,27,3,1,9,1.011111111,Low
48001,29,16,3,6,-0.665517241,Low
48002,14,17,2,7,-0.257142857,Low
48003,16,7,3,2,1.975,Low
48004,27,4,1,1,0.811111111,Low
48006,28,7,3,5,1.171428571,Low
48009,13,12,1,7,0.407692308,Low
48011,29,17,3,4,-0.865517241,Low
48012,22,6,3,1,1.663636364,Low
48017,18,15,6,1,1.666666667,Low
48019,27,19,5,5,-0.188888889,Low
48022,22,7,3,9,1.463636364,Low
48027,18,16,4,9,0.466666667,Low
48028,13,14,3,5,1.007692308,Low
48030,27,5,3,3,1.611111111,Low
48035,16,14,3,8,0.575,Low
48037,27,17,8,6,1.711111111,Low
48044,28,8,2,6,0.471428571,Low
48045,15,7,1,3,1.1,Low
48047,23,11,2,2,0.104347826,Low
48048,12,14,2,3,0.7,Low
48049,26,19,6,8,0.353846154,Low
48050,29,15,7,8,1.534482759,Low
48053,28,11,5,4,1.371428571,Low
48055,24,16,1,5,-1.45,Low
48058,11,18,5,6,1.627272727,Low
48060,11,15,2,7,0.727272727,Low
48062,27,12,6,3,1.711111111,Low
48064,26,10,4,6,1.153846154,Low
48072,23,9,3,3,1.004347826,Low
48073,28,4,2,6,1.271428571,Low
48076,20,15,7,7,2,Low
48078,20,17,7,3,1.6,Low
48079,28,5,2,2,1.071428571,Low
48081,13,17,2,9,-0.092307692,Low
48085,12,15,5,4,2,Low
48090,24,16,4,2,0.05,Low
48091,29,15,6,7,1.034482759,Low
48095,29,3,1,5,0.934482759,Low
48100,25,18,1,3,-1.9,Low
48102,20,2,1,9,1.6,Low
48104,27,12,6,5,1.711111111,Low
48110,19,18,2,9,-1.021052632,Low
48112,18,19,7,2,1.366666667,Low
48113,13,13,2,1,0.707692308,Low
48118,25,17,1,3,-1.7,Low
48119,25,7,3,6,1.3,Low
48122,29,16,6,7,0.834482759,Low
48135,29,15,1,7,-1.465517241,Low
48137,22,10,5,7,1.863636364,Low
48139,18,15,3,8,0.166666667,Low
48142,22,16,5,6,0.663636364,Low
48143,25,12,5,9,1.3,Low
48148,28,3,2,7,1.471428571,Low
48150,23,15,4,4,0.304347826,Low
48159,20,7,1,9,0.6,Low
48160,23,10,5,9,1.804347826,Low
48162,20,18,8,3,1.9,Low
48165,7,19,3,8,1.985714286,Low
48167,13,13,3,1,1.207692308,Low
48169,25,9,2,6,0.4,Low
48170,20,19,2,9,-1.3,Low
48172,18,19,7,3,1.366666667,Low
48174,14,17,4,3,0.742857143,Low
48175,26,12,5,2,1.253846154,Low
48178,18,16,6,1,1.466666667,Low
48179,29,1,1,6,1.334482759,Low
48189,9,17,2,5,0.933333333,Low
48190,27,14,7,5,1.811111111,Low
48195,29,18,1,1,-2.065517241,Low
48196,16,14,2,1,0.075,Low
48200,26,16,7,8,1.453846154,Low
48201,19,13,2,3,-0.021052632,Low
48203,27,15,7,7,1.611111111,Low
48204,29,4,2,8,1.234482759,Low
48206,19,18,7,2,1.478947368,Low
48208,21,17,2,4,-0.971428571,Low
48210,25,9,4,4,1.4,Low
48211,29,9,5,8,1.734482759,Low
48213,27,17,8,7,1.711111111,Low
48216,23,15,1,3,-1.195652174,Low
48219,22,18,4,9,-0.236363636,Low
48227,11,19,2,5,-0.072727273,Low
48230,25,16,1,1,-1.5,Low
48231,21,18,4,6,-0.171428571,Low
48232,21,15,7,2,1.928571429,Low
48238,20,18,8,1,1.9,Low
48242,25,11,6,3,2,Low
48244,25,11,6,8,2,Low
48248,18,6,1,9,0.966666667,Low
48250,27,5,1,4,0.611111111,Low
48251,20,4,2,8,1.7,Low
48255,16,7,1,1,0.975,Low
48261,15,10,1,1,0.5,Low
48263,21,14,1,9,-0.871428571,Low
48268,11,14,4,9,1.927272727,Low
48275,27,15,2,1,-0.888888889,Low
48276,15,18,6,7,1.4,Low
48286,29,18,1,6,-2.065517241,Low
48294,10,19,1,6,-0.3,Low
48296,17,9,3,2,1.464705882,Low
48301,26,13,3,7,0.053846154,Low
48305,17,15,3,5,0.264705882,Low
48307,22,18,4,1,-0.236363636,Low
48308,14,5,1,3,1.642857143,Low
48314,26,9,2,3,0.353846154,Low
48315,19,9,4,7,1.778947368,Low
48316,17,10,4,8,1.764705882,Low
48319,27,12,6,4,1.711111111,Low
48324,26,17,6,5,0.753846154,Low
48325,29,19,4,9,-0.765517241,Low
48326,22,15,1,9,-1.136363636,Low
48328,27,15,3,8,-0.388888889,Low
48333,29,19,9,1,1.734482759,Low
48334,18,5,1,1,1.166666667,Low
48335,26,9,1,5,-0.146153846,Low
48338,29,12,2,8,-0.365517241,Low
48342,12,14,3,8,1.2,Low
48344,21,4,1,2,1.128571429,Low
48346,19,11,1,4,-0.121052632,Low
48349,28,18,8,4,1.471428571,Low
48351,22,18,3,7,-0.736363636,Low
48357,21,15,5,7,0.928571429,Low
48360,24,10,3,6,0.75,Low
48361,27,17,3,8,-0.788888889,Low
48374,29,19,5,8,-0.265517241,Low
48381,29,18,5,1,-0.065517241,Low
48382,29,15,2,8,-0.965517241,Low
48383,14,13,2,3,0.542857143,Low
48386,19,5,1,1,1.078947368,Low
48388,13,13,2,5,0.707692308,Low
48391,28,19,8,7,1.271428571,Low
48394,29,18,3,9,-1.065517241,Low
48396,23,12,6,7,1.904347826,Low
48406,24,18,2,7,-1.35,Low
48413,16,3,1,2,1.775,Low
48417,16,19,3,2,-0.425,Low
48419,24,18,6,9,0.65,Low
48425,23,16,6,4,1.104347826,Low
48430,13,19,1,6,-0.992307692,Low
48431,29,14,5,3,0.734482759,Low
48432,20,14,2,5,-0.3,Low
48434,17,13,4,7,1.164705882,Low
48440,19,18,5,7,0.478947368,Low
48442,20,17,1,3,-1.4,Low
48446,27,19,1,2,-2.188888889,Low
48450,22,16,7,3,1.663636364,Low
48452,17,15,6,3,1.764705882,Low
48457,13,17,3,3,0.407692308,Low
48458,19,8,1,1,0.478947368,Low
48460,26,6,1,9,0.453846154,Low
48461,28,19,2,3,-1.728571429,Low
48468,17,17,6,9,1.364705882,Low
48470,11,17,1,1,-0.172727273,Low
48472,9,18,4,6,1.733333333,Low
48475,23,15,5,1,0.804347826,Low
48477,13,14,1,2,0.007692308,Low
48482,20,8,4,2,1.9,Low
48483,17,16,3,9,0.064705882,Low
48485,26,14,2,7,-0.646153846,Low
48487,29,15,3,4,-0.465517241,Low
48489,19,19,2,3,-1.221052632,Low
48494,19,17,7,3,1.678947368,Low
48500,18,16,2,8,-0.533333333,Low
48506,27,12,1,2,-0.788888889,Low
48509,23,6,2,1,1.104347826,Low
48513,25,18,8,9,1.6,Low
48514,25,2,2,2,1.8,Low
48516,27,12,4,5,0.711111111,Low
48518,18,19,2,2,-1.133333333,Low
48522,22,3,1,4,1.263636364,Low
48523,18,17,1,8,-1.233333333,Low
48526,18,12,1,9,-0.233333333,Low
48529,15,12,3,7,1.1,Low
48535,11,18,3,2,0.627272727,Low
48536,18,7,2,7,1.266666667,Low
48539,17,17,2,4,-0.635294118,Low
48540,7,18,1,3,1.185714286,Low
48541,20,17,6,8,1.1,Low
48545,18,16,6,4,1.466666667,Low
48553,17,19,3,8,-0.535294118,Low
48556,29,14,7,8,1.734482759,Low
48559,20,19,2,5,-1.3,Low
48563,29,7,1,4,0.134482759,Low
48565,23,15,7,3,1.804347826,Low
48571,20,4,2,8,1.7,Low
48574,27,12,5,5,1.211111111,Low
48577,13,18,5,1,1.207692308,Low
48578,20,10,3,3,1,Low
48580,14,17,2,5,-0.257142857,Low
48582,25,15,7,5,1.7,Low
48584,23,10,5,5,1.804347826,Low
48590,19,11,2,3,0.378947368,Low
48592,16,19,5,9,0.575,Low
48593,18,7,3,2,1.766666667,Low
48596,25,17,6,3,0.8,Low
48597,26,12,2,5,-0.246153846,Low
48600,13,18,5,2,1.207692308,Low
48606,21,7,2,1,1.028571429,Low
48615,8,19,4,7,1.95,Low
48625,26,10,5,1,1.653846154,Low
48627,28,9,4,9,1.271428571,Low
48628,28,15,5,3,0.571428571,Low
48633,15,15,4,5,1,Low
48636,24,14,6,5,1.45,Low
48640,20,15,3,4,0,Low
48642,23,18,2,9,-1.295652174,Low
48649,26,13,6,5,1.553846154,Low
48651,28,13,4,2,0.471428571,Low
48656,27,10,1,9,-0.388888889,Low
48657,7,17,2,4,1.885714286,Low
48660,23,9,2,8,0.504347826,Low
48661,23,11,5,9,1.604347826,Low
48664,16,17,2,1,-0.525,Low
48666,21,15,1,3,-1.071428571,Low
48667,24,16,6,1,1.05,Low
48672,16,17,2,4,-0.525,Low
48677,16,9,2,3,1.075,Low
48681,26,11,5,3,1.453846154,Low
48685,29,6,1,2,0.334482759,Low
48686,23,17,8,7,1.904347826,Low
48694,28,18,1,3,-2.028571429,Low
48698,29,18,6,2,0.434482759,Low
48702,26,13,5,9,1.053846154,Low
48703,20,10,2,3,0.5,Low
48708,23,12,6,9,1.904347826,Low
48713,24,9,2,2,0.45,Low
48715,15,17,3,7,0.1,Low
48719,22,16,2,4,-0.836363636,Low
48720,20,17,4,1,0.1,Low
48723,12,10,3,8,2,Low
48726,8,19,4,5,1.95,Low
48729,24,9,2,3,0.45,Low
48730,17,19,6,9,0.964705882,Low
48732,26,17,7,6,1.253846154,Low
48734,24,8,2,4,0.65,Low
48735,24,17,2,5,-1.15,Low
48738,23,13,5,9,1.204347826,Low
48751,17,14,2,6,-0.035294118,Low
48754,29,8,5,6,1.934482759,Low
48760,15,10,4,4,2,Low
48761,21,2,1,3,1.528571429,Low
48762,29,16,1,1,-1.665517241,Low
48763,17,17,5,6,0.864705882,Low
48765,19,13,4,4,0.978947368,Low
48767,17,11,3,7,1.064705882,Low
48771,27,3,1,2,1.011111111,Low
48774,27,16,8,3,1.911111111,Low
48781,25,14,4,3,0.4,Low
48783,17,7,1,6,0.864705882,Low
48787,27,6,1,3,0.411111111,Low
48788,9,19,4,7,1.533333333,Low
48789,27,14,2,8,-0.688888889,Low
48790,24,17,5,2,0.35,Low
48793,14,17,4,2,0.742857143,Low
48799,8,14,1,2,1.45,Low
48800,12,11,1,1,0.8,Low
48805,18,16,6,5,1.466666667,Low
48808,22,9,3,9,1.063636364,Low
48809,15,11,3,8,1.3,Low
48810,16,7,2,6,1.475,Low
48811,29,14,1,4,-1.265517241,Low
48813,12,15,3,7,1,Low
48814,28,18,5,7,-0.028571429,Low
48816,14,14,3,5,0.842857143,Low
48818,13,15,5,2,1.807692308,Low
48821,20,16,7,3,1.8,Low
48823,15,19,5,5,0.7,Low
48830,12,13,2,5,0.9,Low
48835,24,15,6,5,1.25,Low
48838,19,18,8,9,1.978947368,Low
48840,13,7,2,1,1.907692308,Low
48841,25,15,3,4,-0.3,Low
48842,25,7,1,8,0.3,Low
48843,26,18,5,5,0.053846154,Low
48844,16,16,3,8,0.175,Low
48845,22,13,3,7,0.263636364,Low
48849,16,13,3,5,0.775,Low
48851,23,10,4,3,1.304347826,Low
48855,29,18,7,9,0.934482759,Low
48856,28,12,6,7,1.671428571,Low
48859,22,15,7,8,1.863636364,Low
48862,17,16,5,6,1.064705882,Low
48864,27,8,4,2,1.511111111,Low
48866,17,17,4,9,0.364705882,Low
48881,29,15,4,3,0.034482759,Low
48882,21,4,1,6,1.128571429,Low
48886,26,14,3,6,-0.146153846,Low
48896,24,18,5,9,0.15,Low
48898,23,18,5,6,0.204347826,Low
48903,26,16,6,6,0.953846154,Low
48909,14,8,2,7,1.542857143,Low
48911,23,1,1,6,1.604347826,Low
48912,22,19,5,4,0.063636364,Low
48916,15,13,5,1,1.9,Low
48921,27,19,2,9,-1.688888889,Low
48922,15,19,4,9,0.2,Low
48924,28,6,1,8,0.371428571,Low
48928,13,14,2,8,0.507692308,Low
48930,24,14,7,6,1.95,Low
48933,29,11,2,2,-0.165517241,Low
48936,12,18,1,2,-0.6,Low
48942,21,8,3,4,1.328571429,Low
48944,13,16,1,1,-0.392307692,Low
48948,18,9,1,2,0.366666667,Low
48949,26,5,3,7,1.653846154,Low
48952,18,19,5,7,0.366666667,Low
48960,18,15,1,4,-0.833333333,Low
48961,15,14,2,8,0.2,Low
48962,20,6,1,1,0.8,Low
48965,18,19,5,8,0.366666667,Low
48966,21,17,3,8,-0.471428571,Low
48969,29,18,8,9,1.434482759,Low
48971,21,18,2,1,-1.171428571,Low
48972,20,5,1,6,1,Low
48975,19,10,2,1,0.578947368,Low
48980,25,15,2,6,-0.8,Low
48982,27,17,3,9,-0.788888889,Low
48983,28,13,5,4,0.971428571,Low
48987,28,19,5,7,-0.228571429,Low
48991,26,4,3,2,1.853846154,Low
48993,20,17,6,6,1.1,Low
48994,24,11,3,4,0.55,Low
48995,22,13,3,2,0.263636364,Low
48997,27,9,5,8,1.811111111,Low
48998,24,19,5,1,-0.05,Low
48999,25,12,6,2,1.8,Low
49000,23,5,3,6,1.804347826,Low
49004,24,3,2,3,1.65,Low
49006,24,8,1,9,0.15,Low
49007,24,2,1,1,1.35,Low
49009,20,15,3,7,0,Low
49012,20,14,1,5,-0.8,Low
49016,25,18,3,3,-0.9,Low
49018,22,6,3,5,1.663636364,Low
49021,27,18,7,4,1.011111111,Low
49025,21,18,4,6,-0.171428571,Low
49028,20,11,3,8,0.8,Low
49033,19,14,2,9,-0.221052632,Low
49046,15,15,5,1,1.5,Low
49047,22,18,8,9,1.763636364,Low
49049,10,15,4,7,2,Low
49050,9,16,1,4,0.633333333,Low
49058,24,4,2,3,1.45,Low
49059,8,19,4,4,1.95,Low
49061,11,14,3,9,1.427272727,Low
49072,25,7,4,8,1.8,Low
49073,28,17,8,2,1.671428571,Low
49077,18,13,1,1,-0.433333333,Low
49078,13,7,2,1,1.907692308,Low
49080,28,8,2,5,0.471428571,Low
49081,19,10,3,7,1.078947368,Low
49085,25,17,4,8,-0.2,Low
49088,17,14,5,9,1.464705882,Low
49091,24,10,2,3,0.25,Low
49092,21,17,2,3,-0.971428571,Low
49097,18,5,1,6,1.166666667,Low
49098,25,19,1,6,-2.1,Low
49099,26,19,8,8,1.353846154,Low
49103,9,19,1,5,0.033333333,Low
49104,8,18,1,5,0.65,Low
49105,20,10,2,5,0.5,Low
49107,8,19,4,2,1.95,Low
49110,24,16,1,2,-1.45,Low
49111,20,16,1,8,-1.2,Low
49112,26,9,3,8,0.853846154,Low
49113,29,13,7,5,1.934482759,Low
49115,17,18,7,1,1.664705882,Low
49117,19,19,7,4,1.278947368,Low
49122,14,12,1,4,0.242857143,Low
49124,23,9,4,1,1.504347826,Low
49125,23,9,2,4,0.504347826,Low
49126,29,3,3,2,1.934482759,Low
49127,22,17,3,9,-0.536363636,Low
49129,20,12,2,3,0.1,Low
49130,14,13,2,1,0.542857143,Low
49133,16,18,7,9,1.775,Low
49141,28,7,3,5,1.171428571,Low
49143,26,12,3,2,0.253846154,Low
49148,29,17,2,7,-1.365517241,Low
49149,15,15,6,3,2,Low
49150,25,2,2,8,1.8,Low
49152,18,6,2,3,1.466666667,Low
49158,23,3,2,6,1.704347826,Low
49159,19,12,5,5,1.678947368,Low
49164,28,8,5,1,1.971428571,Low
49166,23,12,5,1,1.404347826,Low
49171,18,19,3,8,-0.633333333,Low
49174,23,9,1,1,0.004347826,Low
49175,28,7,3,8,1.171428571,Low
49177,25,18,2,3,-1.4,Low
49178,17,17,5,8,0.864705882,Low
49182,16,12,4,2,1.475,Low
49184,28,7,1,6,0.171428571,Low
49187,22,4,2,3,1.563636364,Low
49188,15,13,3,9,0.9,Low
49189,28,8,4,7,1.471428571,Low
49192,28,11,2,1,-0.128571429,Low
49195,28,7,1,3,0.171428571,Low
49204,19,12,1,6,-0.321052632,Low
49205,27,13,5,7,1.011111111,Low
49207,27,15,5,1,0.611111111,Low
49213,28,18,6,7,0.471428571,Low
49214,29,13,6,3,1.434482759,Low
49218,29,6,1,3,0.334482759,Low
49219,12,10,1,3,1,Low
49222,23,19,3,8,-0.995652174,Low
49223,25,16,5,2,0.5,Low
49231,20,10,4,3,1.5,Low
49232,11,16,2,2,0.527272727,Low
49234,28,18,2,1,-1.528571429,Low
49235,25,9,4,5,1.4,Low
49236,29,3,1,2,0.934482759,Low
49238,27,12,3,8,0.211111111,Low
49239,25,14,6,6,1.4,Low
49241,14,14,4,4,1.342857143,Low
49242,14,15,5,1,1.642857143,Low
49244,28,7,2,1,0.671428571,Low
49249,25,1,2,8,2,Low
49255,29,19,6,6,0.234482759,Low
49258,26,7,3,5,1.253846154,Low
49259,22,13,2,9,-0.236363636,Low
49266,25,18,6,9,0.6,Low
49270,27,9,2,5,0.311111111,Low
49271,16,15,1,5,-0.625,Low
49275,20,17,2,7,-0.9,Low
49278,22,7,4,7,1.963636364,Low
49280,21,15,3,1,-0.071428571,Low
49282,18,17,4,7,0.266666667,Low
49287,27,17,6,3,0.711111111,Low
49291,24,10,3,2,0.75,Low
49292,23,13,1,3,-0.795652174,Low
49294,28,19,5,4,-0.228571429,Low
49295,29,7,4,2,1.634482759,Low
49303,25,19,3,2,-1.1,Low
49305,26,18,2,8,-1.446153846,Low
49306,22,12,5,3,1.463636364,Low
49307,26,16,6,9,0.953846154,Low
49309,18,13,5,8,1.566666667,Low
49310,23,13,5,2,1.204347826,Low
49315,29,7,3,8,1.134482759,Low
49318,24,18,6,5,0.65,Low
49319,28,17,3,9,-0.828571429,Low
49323,15,9,1,8,0.7,Low
49324,14,14,3,4,0.842857143,Low
49325,16,18,7,5,1.775,Low
49328,15,15,6,4,2,Low
49329,22,17,8,1,1.963636364,Low
49330,19,10,2,8,0.578947368,Low
49333,25,1,2,6,2,Low
49338,28,1,1,6,1.371428571,Low
49339,25,16,3,4,-0.5,Low
49340,23,2,1,7,1.404347826,Low
49342,26,9,1,5,-0.146153846,Low
49345,7,17,2,9,1.885714286,Low
49349,29,11,3,7,0.334482759,Low
49353,11,12,1,7,0.827272727,Low
49358,21,17,2,6,-0.971428571,Low
49360,14,15,4,8,1.142857143,Low
49361,21,18,6,5,0.828571429,Low
49367,18,12,4,6,1.266666667,Low
49369,17,19,4,4,-0.035294118,Low
49374,21,17,4,2,0.028571429,Low
49377,27,6,2,6,0.911111111,Low
49381,20,6,3,8,1.8,Low
49383,27,12,6,4,1.711111111,Low
49384,14,18,6,3,1.542857143,Low
49385,22,13,3,2,0.263636364,Low
49391,10,15,2,6,1,Low
49396,24,17,5,7,0.35,Low
49399,28,14,6,4,1.271428571,Low
49403,21,12,3,8,0.528571429,Low
49404,14,15,1,1,-0.357142857,Low
49406,28,2,2,1,1.671428571,Low
49409,20,17,3,4,-0.4,Low
49411,18,2,1,5,1.766666667,Low
49412,19,4,1,3,1.278947368,Low
49413,13,19,5,4,1.007692308,Low
49415,28,9,5,1,1.771428571,Low
49421,24,9,5,5,1.95,Low
49425,22,9,4,2,1.563636364,Low
49426,27,14,5,5,0.811111111,Low
49437,19,6,3,4,1.878947368,Low
49439,12,11,1,8,0.8,Low
49440,14,13,2,6,0.542857143,Low
49444,27,8,2,6,0.511111111,Low
49447,22,19,2,8,-1.436363636,Low
49449,18,15,5,5,1.166666667,Low
49455,29,16,2,4,-1.165517241,Low
49458,29,5,1,7,0.534482759,Low
49460,24,10,4,5,1.25,Low
49465,12,16,2,4,0.3,Low
49468,29,14,2,2,-0.765517241,Low
49470,22,3,2,2,1.763636364,Low
49472,25,19,4,9,-0.6,Low
49474,10,19,5,7,1.7,Low
49478,27,9,5,9,1.811111111,Low
49480,22,10,1,9,-0.136363636,Low
49483,20,4,1,8,1.2,Low
49485,18,14,3,7,0.366666667,Low
49487,28,13,3,9,-0.028571429,Low
49492,20,13,5,9,1.4,Low
49496,20,3,1,7,1.4,Low
49498,25,14,1,4,-1.1,Low
49499,12,9,2,1,1.7,Low
49501,17,9,3,2,1.464705882,Low
49510,20,18,2,9,-1.1,Low
49513,25,18,5,7,0.1,Low
49517,26,10,5,8,1.653846154,Low
49518,13,19,1,6,-0.992307692,Low
49520,26,12,1,7,-0.746153846,Low
49521,22,15,7,6,1.863636364,Low
49523,13,16,3,9,0.607692308,Low
49525,21,10,4,3,1.428571429,Low
49526,22,10,2,5,0.363636364,Low
49533,20,14,2,8,-0.3,Low
49534,11,15,3,9,1.227272727,Low
49540,24,19,9,6,1.95,Low
49541,25,9,1,8,-0.1,Low
49546,18,12,5,9,1.766666667,Low
49548,14,18,3,5,0.042857143,Low
49559,27,17,4,8,-0.288888889,Low
49561,26,14,6,1,1.353846154,Low
49565,15,4,1,3,1.7,Low
49571,15,15,2,5,0,Low
49574,15,12,3,1,1.1,Low
49576,16,8,2,7,1.275,Low
49580,25,19,9,7,1.9,Low
49581,24,5,3,2,1.75,Low
49585,18,10,2,8,0.666666667,Low
49591,28,9,2,4,0.271428571,Low
49592,26,7,4,5,1.753846154,Low
49593,25,11,2,3,0,Low
49594,23,17,5,2,0.404347826,Low
49598,25,19,6,1,0.4,Low
49600,26,8,1,1,0.053846154,Low
49604,20,16,7,3,1.8,Low
49605,13,17,5,9,1.407692308,Low
49606,25,10,3,5,0.7,Low
49607,13,13,2,7,0.707692308,Low
49609,24,13,6,9,1.65,Low
49610,16,18,4,5,0.275,Low
49611,24,13,3,5,0.15,Low
49614,29,18,2,2,-1.565517241,Low
49615,19,12,3,4,0.678947368,Low
49621,25,18,1,9,-1.9,Low
49628,22,18,4,7,-0.236363636,Low
49632,14,14,4,1,1.342857143,Low
49634,11,14,3,3,1.427272727,Low
49637,26,12,6,7,1.753846154,Low
49638,18,16,6,2,1.466666667,Low
49639,9,18,3,7,1.233333333,Low
49652,18,9,3,3,1.366666667,Low
49653,18,16,4,6,0.466666667,Low
49654,10,16,1,4,0.3,Low
49661,29,12,1,2,-0.865517241,Low
49665,28,13,4,8,0.471428571,Low
49667,25,12,2,4,-0.2,Low
49669,29,16,5,9,0.334482759,Low
49670,26,9,1,2,-0.146153846,Low
49671,25,14,5,1,0.9,Low
49672,28,5,3,6,1.571428571,Low
49674,24,19,5,7,-0.05,Low
49678,23,17,6,4,0.904347826,Low
49683,29,11,5,5,1.334482759,Low
49684,29,13,7,8,1.934482759,Low
49685,14,12,2,8,0.742857143,Low
49688,26,15,5,2,0.653846154,Low
49691,18,9,2,9,0.866666667,Low
49698,24,14,1,4,-1.05,Low
49700,18,11,4,2,1.466666667,Low
49703,16,12,5,9,1.975,Low
49707,26,1,2,7,1.953846154,Low
49708,24,19,4,6,-0.55,Low
49710,19,19,4,4,-0.221052632,Low
49712,27,14,3,3,-0.188888889,Low
49713,18,16,7,2,1.966666667,Low
49720,16,5,2,1,1.875,Low
49723,15,17,6,6,1.6,Low
49724,9,15,3,1,1.833333333,Low
49726,28,7,4,9,1.671428571,Low
49727,24,5,2,2,1.25,Low
49729,18,4,2,9,1.866666667,Low
49730,16,16,1,1,-0.825,Low
49738,17,16,1,7,-0.935294118,Low
49739,11,19,1,9,-0.572727273,Low
49740,27,9,4,1,1.311111111,Low
49743,12,12,1,6,0.6,Low
49749,29,17,7,6,1.134482759,Low
49750,29,11,3,2,0.334482759,Low
49752,19,6,3,6,1.878947368,Low
49753,23,18,7,9,1.204347826,Low
49757,29,17,5,3,0.134482759,Low
49759,12,15,5,7,2,Low
49761,19,2,1,9,1.678947368,Low
49769,21,8,4,9,1.828571429,Low
49771,20,7,3,5,1.6,Low
49772,26,8,3,4,1.053846154,Low
49778,15,8,3,7,1.9,Low
49780,12,17,3,1,0.6,Low
49781,26,6,1,2,0.453846154,Low
49790,23,18,4,1,-0.295652174,Low
49791,19,13,5,9,1.478947368,Low
49792,18,9,3,2,1.366666667,Low
49793,26,15,6,9,1.153846154,Low
49798,27,6,4,2,1.911111111,Low
49801,17,18,5,8,0.664705882,Low
49803,19,14,2,1,-0.221052632,Low
49807,22,14,6,2,1.563636364,Low
49809,16,19,3,1,-0.425,Low
49823,16,16,6,6,1.675,Low
49828,22,19,2,9,-1.436363636,Low
49829,21,7,2,1,1.028571429,Low
49831,12,18,2,7,-0.1,Low
49832,26,13,1,8,-0.946153846,Low
49837,14,15,1,1,-0.357142857,Low
49839,29,13,2,7,-0.565517241,Low
49841,16,15,2,3,-0.125,Low
49846,17,8,2,6,1.164705882,Low
49848,28,17,5,5,0.171428571,Low
49850,24,9,3,8,0.95,Low
49852,18,17,2,7,-0.733333333,Low
49854,22,11,5,5,1.663636364,Low
49855,25,3,1,6,1.1,Low
49856,25,18,1,1,-1.9,Low
49859,26,16,8,2,1.953846154,Low
49862,21,18,6,2,0.828571429,Low
49866,20,19,7,4,1.2,Low
49867,29,15,7,2,1.534482759,Low
49868,12,10,1,6,1,Low
49869,14,18,1,1,-0.957142857,Low
49874,17,16,5,5,1.064705882,Low
49878,19,17,6,2,1.178947368,Low
49879,20,13,6,3,1.9,Low
49881,7,16,1,2,1.585714286,Low
49883,27,14,2,1,-0.688888889,Low
49884,18,19,5,5,0.366666667,Low
49885,29,13,3,1,-0.065517241,Low
49887,13,18,4,4,0.707692308,Low
49888,18,6,3,9,1.966666667,Low
49889,26,11,6,6,1.953846154,Low
49892,26,3,1,7,1.053846154,Low
49896,28,9,5,4,1.771428571,Low
49898,26,14,1,4,-1.146153846,Low
49903,26,19,8,2,1.353846154,Low
49905,23,17,2,4,-1.095652174,Low
49906,29,15,6,2,1.034482759,Low
49907,14,9,2,2,1.342857143,Low
49908,29,13,3,5,-0.065517241,Low
49913,29,18,4,6,-0.565517241,Low
49916,18,14,2,6,-0.133333333,Low
49917,28,17,3,7,-0.828571429,Low
49927,19,9,4,6,1.778947368,Low
49930,23,7,2,5,0.904347826,Low
49931,15,17,3,8,0.1,Low
49935,12,15,4,3,1.5,Low
49936,22,16,6,6,1.163636364,Low
49938,21,18,2,3,-1.171428571,Low
49950,17,15,4,8,0.764705882,Low
49952,25,16,2,3,-1,Low
49953,18,19,1,1,-1.633333333,Low
49961,16,5,2,9,1.875,Low
49967,29,13,4,5,0.434482759,Low
49972,21,10,4,9,1.428571429,Low
49976,24,3,1,9,1.15,Low
49979,19,18,1,8,-1.521052632,Low
49981,25,12,3,8,0.3,Low
49983,24,14,3,2,-0.05,Low
49984,29,10,1,4,-0.465517241,Low
49989,29,7,4,2,1.634482759,Low
49997,21,17,2,5,-0.971428571,Low
49998,15,11,4,7,1.8,Low
49999,22,18,3,2,-0.736363636,Low
50000,24,15,4,3,0.25,Low
