task_id,deadline_days,effort,impact,workload,priority_score,priority_label
3,21,4,8,6,4.628571429,Medium
7,20,7,4,1,2.1,Medium
9,21,6,6,3,3.228571429,Medium
10,18,2,3,4,2.766666667,Medium
11,12,3,2,4,2.9,Medium
12,11,7,7,7,4.827272727,Medium
15,19,3,6,3,3.978947368,Medium
16,14,7,6,7,3.742857143,Medium
18,19,9,9,5,4.278947368,Medium
21,28,7,5,2,2.171428571,Medium
22,7,15,6,3,4.285714286,Medium
23,10,9,2,7,2.2,Medium
25,6,5,1,7,4.5,Medium
26,26,6,8,4,3.953846154,Medium
27,8,15,8,6,4.75,Medium
29,28,9,7,9,2.771428571,Medium
34,25,6,7,2,3.5,Medium
35,10,2,4,4,4.6,Medium
36,19,3,6,9,3.978947368,Medium
37,23,5,8,7,4.304347826,Medium
40,15,4,4,1,3.2,Medium
41,12,5,5,7,4,Medium
44,6,9,2,7,4.2,Medium
47,18,10,9,2,4.166666667,Medium
48,20,7,8,2,4.1,Medium
53,29,12,8,2,2.634482759,Medium
57,27,10,6,1,2.111111111,Medium
59,17,7,5,4,2.864705882,Medium
64,11,16,5,7,2.027272727,Medium
71,18,8,6,5,3.066666667,Medium
75,10,17,9,8,4.1,Medium
79,27,12,7,2,2.211111111,Medium
81,17,15,8,5,2.764705882,Medium
82,24,6,5,6,2.55,Medium
84,19,9,5,4,2.278947368,Medium
86,9,10,6,5,4.333333333,Medium
93,18,16,8,8,2.466666667,Medium
94,18,1,3,4,2.966666667,Medium
100,13,4,3,7,3.007692308,Medium
101,28,6,5,5,2.371428571,Medium
105,10,11,4,1,2.8,Medium
106,19,11,7,9,2.878947368,Medium
107,11,17,7,1,2.827272727,Medium
112,25,3,4,8,2.6,Medium
114,6,19,3,3,2.7,Medium
115,24,1,4,8,3.05,Medium
117,8,19,7,3,3.45,Medium
119,25,7,9,4,4.3,Medium
120,23,6,7,2,3.604347826,Medium
121,26,1,5,6,3.453846154,Medium
122,25,18,9,6,2.1,Medium
123,17,1,6,4,4.564705882,Medium
127,12,6,5,7,3.8,Medium
130,7,18,8,8,4.685714286,Medium
138,12,9,7,8,4.2,Medium
146,9,7,1,1,2.433333333,Medium
147,22,5,5,6,2.863636364,Medium
151,23,5,9,1,4.804347826,Medium
152,9,10,4,4,3.333333333,Medium
153,11,15,8,3,3.727272727,Medium
154,10,18,9,4,3.9,Medium
155,18,6,5,9,2.966666667,Medium
158,19,3,3,7,2.478947368,Medium
159,27,5,5,9,2.611111111,Medium
164,26,5,5,8,2.653846154,Medium
165,12,18,7,4,2.4,Medium
166,11,5,4,5,3.727272727,Medium
168,14,5,7,4,4.642857143,Medium
172,22,1,4,4,3.163636364,Medium
173,12,13,8,1,3.9,Medium
177,22,1,3,3,2.663636364,Medium
178,13,6,7,9,4.607692308,Medium
179,8,16,5,2,3.05,Medium
182,8,13,2,9,2.15,Medium
185,11,13,5,1,2.627272727,Medium
186,6,9,3,8,4.7,Medium
188,7,12,6,4,4.885714286,Medium
193,26,3,5,1,3.053846154,Medium
194,27,1,6,4,3.911111111,Medium
204,19,17,8,1,2.178947368,Medium
208,23,3,6,7,3.704347826,Medium
210,16,6,5,6,3.175,Medium
214,8,16,6,2,3.55,Medium
216,15,2,3,3,3.1,Medium
217,12,11,6,1,3.3,Medium
218,12,13,6,4,2.9,Medium
222,15,4,3,9,2.7,Medium
223,20,5,6,3,3.5,Medium
225,23,10,7,8,2.804347826,Medium
227,20,4,4,1,2.7,Medium
230,7,9,4,9,4.485714286,Medium
231,27,6,8,4,3.911111111,Medium
236,12,14,5,9,2.2,Medium
237,15,4,2,5,2.2,Medium
238,6,8,1,1,3.9,Medium
239,24,13,9,1,3.15,Medium
244,9,6,3,2,3.633333333,Medium
245,21,12,8,2,3.028571429,Medium
246,29,5,8,3,4.034482759,Medium
250,23,9,9,1,4.004347826,Medium
253,10,12,8,8,4.6,Medium
259,23,8,7,5,3.204347826,Medium
261,22,10,8,8,3.363636364,Medium
263,28,1,8,7,4.871428571,Medium
267,11,12,5,5,2.827272727,Medium
268,18,18,8,4,2.066666667,Medium
269,9,7,1,1,2.433333333,Medium
272,17,7,5,3,2.864705882,Medium
274,17,9,6,5,2.964705882,Medium
275,12,16,7,1,2.8,Medium
276,21,5,5,4,2.928571429,Medium
279,25,1,8,4,5,Medium
281,10,7,5,2,4.1,Medium
284,7,12,3,7,3.385714286,Medium
285,12,18,9,5,3.4,Medium
293,11,7,5,8,3.827272727,Medium
295,9,14,7,3,4.033333333,Medium
298,17,18,9,2,2.664705882,Medium
299,19,8,5,6,2.478947368,Medium
303,22,6,5,6,2.663636364,Medium
305,14,9,6,6,3.342857143,Medium
306,22,6,9,3,4.663636364,Medium
314,17,19,9,2,2.464705882,Medium
324,6,10,1,4,3.5,Medium
325,27,13,9,5,3.011111111,Medium
326,22,3,7,1,4.263636364,Medium
327,10,1,3,5,4.3,Medium
328,25,8,9,8,4.1,Medium
331,27,4,8,5,4.311111111,Medium
334,19,8,8,8,3.978947368,Medium
335,14,1,1,1,2.442857143,Medium
337,12,1,4,9,4.3,Medium
339,9,9,3,1,3.033333333,Medium
340,10,13,8,8,4.4,Medium
341,25,12,9,2,3.3,Medium
342,11,14,8,5,3.927272727,Medium
343,29,6,7,5,3.334482759,Medium
344,13,5,6,1,4.307692308,Medium
347,26,4,9,3,4.853846154,Medium
348,8,18,6,2,3.15,Medium
351,19,3,4,3,2.978947368,Medium
355,20,8,6,2,2.9,Medium
358,8,15,4,5,2.75,Medium
362,11,8,7,7,4.627272727,Medium
364,29,11,9,3,3.334482759,Medium
365,19,6,5,6,2.878947368,Medium
367,12,19,8,7,2.7,Medium
368,21,4,4,8,2.628571429,Medium
371,14,9,8,6,4.342857143,Medium
372,29,2,4,1,2.634482759,Medium
375,22,4,5,5,3.063636364,Medium
376,13,11,6,8,3.107692308,Medium
378,12,11,4,4,2.3,Medium
379,12,3,3,5,3.4,Medium
380,27,5,9,5,4.611111111,Medium
382,24,7,7,3,3.35,Medium
383,8,14,6,7,3.95,Medium
388,29,9,6,8,2.234482759,Medium
390,19,9,5,8,2.278947368,Medium
400,15,15,7,7,2.5,Medium
402,13,8,6,2,3.707692308,Medium
403,8,3,2,8,4.15,Medium
404,8,19,9,8,4.45,Medium
405,12,8,5,4,3.4,Medium
406,10,13,7,5,3.9,Medium
412,27,12,8,5,2.711111111,Medium
413,21,6,7,5,3.728571429,Medium
418,15,9,8,1,4.2,Medium
425,23,8,6,6,2.704347826,Medium
426,18,6,5,7,2.966666667,Medium
427,17,9,7,6,3.464705882,Medium
430,21,14,7,6,2.128571429,Medium
431,21,16,8,4,2.228571429,Medium
433,18,1,3,7,2.966666667,Medium
437,25,7,6,4,2.8,Medium
438,8,9,1,1,2.45,Medium
440,15,11,9,3,4.3,Medium
442,13,13,8,9,3.707692308,Medium
445,25,4,5,8,2.9,Medium
447,13,13,6,8,2.707692308,Medium
449,12,11,8,7,4.3,Medium
450,12,11,5,2,2.8,Medium
453,17,8,5,6,2.664705882,Medium
454,13,4,4,2,3.507692308,Medium
457,26,5,7,3,3.653846154,Medium
459,27,13,8,7,2.511111111,Medium
461,9,16,4,4,2.133333333,Medium
465,19,9,6,2,2.778947368,Medium
466,24,3,3,4,2.15,Medium
467,8,14,7,2,4.45,Medium
468,12,8,4,2,2.9,Medium
469,12,14,6,5,2.7,Medium
470,24,1,7,3,4.55,Medium
472,21,3,8,4,4.828571429,Medium
473,14,4,7,1,4.842857143,Medium
474,17,7,6,2,3.364705882,Medium
477,19,3,6,8,3.978947368,Medium
478,6,19,7,9,4.7,Medium
479,21,7,8,1,4.028571429,Medium
488,10,8,6,2,4.4,Medium
490,8,19,5,1,2.45,Medium
493,21,4,5,3,3.128571429,Medium
496,14,15,9,2,3.642857143,Medium
497,13,13,7,5,3.207692308,Medium
498,20,1,4,3,3.3,Medium
500,27,3,7,3,4.011111111,Medium
501,9,3,4,9,4.733333333,Medium
502,25,12,8,4,2.8,Medium
505,20,14,9,9,3.2,Medium
507,13,6,3,3,2.607692308,Medium
514,17,8,4,8,2.164705882,Medium
515,24,8,7,6,3.15,Medium
516,25,17,9,7,2.3,Medium
519,23,5,6,3,3.304347826,Medium
521,22,5,7,5,3.863636364,Medium
523,28,4,5,5,2.771428571,Medium
527,20,3,4,8,2.9,Medium
528,16,5,4,8,2.875,Medium
529,9,19,8,2,3.533333333,Medium
530,17,7,9,4,4.864705882,Medium
536,9,6,3,4,3.633333333,Medium
539,11,4,5,7,4.427272727,Medium
542,18,2,5,2,3.766666667,Medium
545,20,13,7,9,2.4,Medium
548,7,16,4,3,3.085714286,Medium
554,21,18,9,9,2.328571429,Medium
558,10,4,3,5,3.7,Medium
559,13,8,6,2,3.707692308,Medium
566,9,2,1,5,3.433333333,Medium
572,26,18,9,9,2.053846154,Medium
573,11,13,4,2,2.127272727,Medium
583,20,7,5,1,2.6,Medium
584,10,10,6,5,4,Medium
589,27,2,3,6,2.211111111,Medium
590,24,13,8,4,2.65,Medium
592,8,15,4,5,2.75,Medium
593,15,14,7,4,2.7,Medium
594,16,12,7,6,2.975,Medium
595,7,14,3,3,2.985714286,Medium
599,11,5,6,1,4.727272727,Medium
600,10,5,6,5,5,Medium
601,20,4,5,4,3.2,Medium
603,27,2,8,9,4.711111111,Medium
605,18,16,9,3,2.966666667,Medium
611,23,4,6,1,3.504347826,Medium
612,16,15,7,9,2.375,Medium
614,28,17,9,7,2.171428571,Medium
615,20,1,5,6,3.8,Medium
620,26,10,7,7,2.653846154,Medium
625,12,11,6,3,3.3,Medium
629,17,11,5,2,2.064705882,Medium
630,7,3,2,2,4.685714286,Medium
633,22,17,9,5,2.463636364,Medium
634,22,8,8,3,3.763636364,Medium
639,24,17,9,5,2.35,Medium
643,6,17,3,7,3.1,Medium
647,20,4,7,9,4.2,Medium
649,21,6,8,9,4.228571429,Medium
652,22,7,6,6,2.963636364,Medium
654,21,9,8,7,3.628571429,Medium
657,16,8,7,9,3.775,Medium
658,14,2,3,8,3.242857143,Medium
659,8,19,6,8,2.95,Medium
663,5,19,4,1,4.2,Medium
664,26,4,8,8,4.353846154,Medium
666,5,16,4,5,4.8,Medium
667,23,5,9,6,4.804347826,Medium
669,9,2,1,2,3.433333333,Medium
674,16,14,7,1,2.575,Medium
675,10,13,5,4,2.9,Medium
678,15,6,6,2,3.8,Medium
679,21,3,5,1,3.328571429,Medium
681,18,6,9,6,4.966666667,Medium
683,13,9,5,2,3.007692308,Medium
684,8,15,6,7,3.75,Medium
686,12,13,5,1,2.4,Medium
687,21,4,3,5,2.128571429,Medium
695,23,6,4,3,2.104347826,Medium
700,13,10,7,4,3.807692308,Medium
702,21,3,4,2,2.828571429,Medium
706,16,10,9,3,4.375,Medium
708,7,17,3,4,2.385714286,Medium
710,6,16,5,4,4.3,Medium
711,28,3,4,6,2.471428571,Medium
713,21,14,8,4,2.628571429,Medium
717,13,4,6,8,4.507692308,Medium
718,11,6,6,2,4.527272727,Medium
720,8,17,4,7,2.35,Medium
724,9,9,5,7,4.033333333,Medium
731,13,3,3,4,3.207692308,Medium
732,18,4,6,7,3.866666667,Medium
733,21,9,5,1,2.128571429,Medium
736,25,8,6,9,2.6,Medium
740,28,2,5,2,3.171428571,Medium
741,21,10,8,5,3.428571429,Medium
743,7,13,5,3,4.185714286,Medium
745,8,7,3,4,3.85,Medium
749,18,9,9,6,4.366666667,Medium
751,13,1,2,1,3.107692308,Medium
753,13,11,5,7,2.607692308,Medium
754,11,7,3,1,2.827272727,Medium
756,18,2,5,7,3.766666667,Medium
757,23,3,5,6,3.204347826,Medium
758,20,15,8,5,2.5,Medium
759,15,17,8,8,2.6,Medium
761,11,12,9,4,4.827272727,Medium
762,22,7,8,6,3.963636364,Medium
763,22,3,4,8,2.763636364,Medium
764,24,7,5,2,2.35,Medium
767,7,17,6,9,3.885714286,Medium
770,20,4,6,4,3.7,Medium
771,20,10,7,3,3,Medium
774,13,16,9,6,3.607692308,Medium
775,16,12,7,8,2.975,Medium
776,20,6,9,1,4.8,Medium
778,25,3,7,4,4.1,Medium
780,8,17,4,3,2.35,Medium
782,9,6,1,6,2.633333333,Medium
783,26,9,6,4,2.353846154,Medium
784,27,3,7,3,4.011111111,Medium
787,25,2,8,3,4.8,Medium
788,9,19,7,9,3.033333333,Medium
791,28,8,7,3,2.971428571,Medium
793,22,4,4,9,2.563636364,Medium
795,25,3,5,2,3.1,Medium
796,6,14,4,7,4.2,Medium
797,11,15,8,4,3.727272727,Medium
798,12,4,4,5,3.7,Medium
800,21,4,5,7,3.128571429,Medium
808,13,8,6,6,3.707692308,Medium
810,15,9,6,3,3.2,Medium
813,8,16,8,2,4.55,Medium
822,13,10,4,3,2.307692308,Medium
823,11,4,4,2,3.927272727,Medium
824,18,19,9,4,2.366666667,Medium
825,28,2,6,1,3.671428571,Medium
828,28,8,6,4,2.471428571,Medium
836,17,8,5,2,2.664705882,Medium
839,15,12,5,6,2.1,Medium
840,14,6,8,1,4.942857143,Medium
841,11,6,2,8,2.527272727,Medium
842,12,6,5,2,3.8,Medium
845,11,4,4,6,3.927272727,Medium
847,9,10,3,1,2.833333333,Medium
848,24,13,7,5,2.15,Medium
850,27,11,8,9,2.911111111,Medium
853,16,1,4,7,3.675,Medium
855,17,3,3,6,2.664705882,Medium
858,24,4,8,3,4.45,Medium
859,14,5,3,4,2.642857143,Medium
860,17,4,5,3,3.464705882,Medium
861,29,2,7,7,4.134482759,Medium
865,11,2,2,5,3.327272727,Medium
867,11,8,6,7,4.127272727,Medium
868,11,3,5,7,4.627272727,Medium
869,21,17,8,7,2.028571429,Medium
870,12,7,3,9,2.6,Medium
874,29,2,8,9,4.634482759,Medium
876,6,5,2,4,5,Medium
884,12,7,2,8,2.1,Medium
885,11,13,7,6,3.627272727,Medium
887,11,13,9,7,4.627272727,Medium
888,25,8,9,1,4.1,Medium
891,11,4,4,6,3.927272727,Medium
894,26,5,6,2,3.153846154,Medium
897,10,10,4,5,3,Medium
900,25,8,5,5,2.1,Medium
906,12,3,5,8,4.4,Medium
908,15,2,1,2,2.1,Medium
910,25,6,9,5,4.5,Medium
912,8,14,4,6,2.95,Medium
913,27,4,4,9,2.311111111,Medium
918,26,7,5,1,2.253846154,Medium
920,24,4,4,4,2.45,Medium
927,28,4,4,2,2.271428571,Medium
931,17,1,6,5,4.564705882,Medium
932,21,10,8,8,3.428571429,Medium
933,7,15,4,9,3.285714286,Medium
934,9,7,4,2,3.933333333,Medium
937,8,12,2,9,2.35,Medium
941,18,2,4,6,3.266666667,Medium
944,24,6,6,1,3.05,Medium
945,8,19,6,5,2.95,Medium
951,21,6,8,9,4.228571429,Medium
954,12,10,6,1,3.5,Medium
956,13,8,7,8,4.207692308,Medium
961,27,17,9,6,2.211111111,Medium
967,6,9,1,8,3.7,Medium
968,12,16,7,9,2.8,Medium
971,24,2,7,6,4.35,Medium
972,5,14,1,1,3.7,Medium
974,26,3,8,1,4.553846154,Medium
975,23,8,5,2,2.204347826,Medium
976,7,8,4,9,4.685714286,Medium
977,12,18,7,1,2.4,Medium
978,20,8,6,5,2.9,Medium
982,9,9,4,1,3.533333333,Medium
984,15,17,7,8,2.1,Medium
987,20,3,3,5,2.4,Medium
989,16,13,8,7,3.275,Medium
992,12,10,8,1,4.5,Medium
994,17,4,5,2,3.464705882,Medium
995,24,3,7,3,4.15,Medium
996,8,14,5,5,3.45,Medium
1000,19,11,7,3,2.878947368,Medium
1002,26,8,5,6,2.053846154,Medium
1004,20,3,5,9,3.4,Medium
1005,23,3,6,8,3.704347826,Medium
1007,11,16,9,3,4.027272727,Medium
1011,18,8,8,3,4.066666667,Medium
1013,18,15,8,4,2.666666667,Medium
1015,22,5,8,9,4.363636364,Medium
1016,14,3,1,9,2.042857143,Medium
1017,5,18,3,7,3.9,Medium
1018,8,16,4,5,2.55,Medium
1019,27,5,6,2,3.111111111,Medium
1021,14,10,6,1,3.142857143,Medium
1023,27,6,7,1,3.411111111,Medium
1025,10,18,6,8,2.4,Medium
1027,12,4,6,1,4.7,Medium
1031,19,9,6,7,2.778947368,Medium
1033,13,8,5,3,3.207692308,Medium
1034,21,7,5,1,2.528571429,Medium
1035,15,9,9,6,4.7,Medium
1036,20,4,3,7,2.2,Medium
1038,17,10,7,1,3.264705882,Medium
1042,15,9,8,2,4.2,Medium
1043,17,4,5,5,3.464705882,Medium
1047,18,17,8,1,2.266666667,Medium
1048,14,7,4,6,2.742857143,Medium
1051,22,3,3,6,2.263636364,Medium
1052,6,17,1,5,2.1,Medium
1053,29,5,7,3,3.534482759,Medium
1055,27,5,6,8,3.111111111,Medium
1057,10,8,3,4,2.9,Medium
1061,23,7,5,9,2.404347826,Medium
1062,25,8,7,6,3.1,Medium
1065,11,5,1,8,2.227272727,Medium
1071,12,11,4,6,2.3,Medium
1072,7,4,3,9,4.985714286,Medium
1073,29,3,8,8,4.434482759,Medium
1076,16,3,4,1,3.275,Medium
1086,21,6,6,8,3.228571429,Medium
1089,16,10,6,8,2.875,Medium
1090,11,7,5,3,3.827272727,Medium
1093,19,4,3,9,2.278947368,Medium
1098,22,15,9,3,2.863636364,Medium
1099,9,5,4,7,4.333333333,Medium
1101,16,19,8,9,2.075,Medium
1103,28,7,5,3,2.171428571,Medium
1104,20,10,6,6,2.5,Medium
1105,20,10,8,4,3.5,Medium
1113,9,18,6,1,2.733333333,Medium
1114,11,9,6,9,3.927272727,Medium
1116,28,13,9,6,2.971428571,Medium
1117,14,10,7,9,3.642857143,Medium
1118,29,10,6,1,2.034482759,Medium
1121,23,8,6,8,2.704347826,Medium
1125,21,4,6,4,3.628571429,Medium
1126,10,6,5,1,4.3,Medium
1127,28,2,4,1,2.671428571,Medium
1128,21,2,2,2,2.028571429,Medium
1131,25,15,8,6,2.2,Medium
1137,15,3,2,1,2.4,Medium
1139,20,6,6,2,3.3,Medium
1143,27,1,5,9,3.411111111,Medium
1147,16,6,6,8,3.675,Medium
1148,22,5,6,6,3.363636364,Medium
1149,25,2,5,5,3.3,Medium
1152,10,17,5,5,2.1,Medium
1155,17,2,3,8,2.864705882,Medium
1160,18,10,8,6,3.666666667,Medium
1163,8,9,5,2,4.45,Medium
1166,8,8,4,6,4.15,Medium
1167,17,5,4,5,2.764705882,Medium
1168,10,7,1,2,2.1,Medium
1169,10,13,4,1,2.4,Medium
1170,21,11,9,2,3.728571429,Medium
1171,16,8,4,9,2.275,Medium
1172,27,11,7,9,2.411111111,Medium
1173,14,1,6,4,4.942857143,Medium
1174,25,10,9,2,3.7,Medium
1175,25,3,6,8,3.6,Medium
1176,7,9,4,1,4.485714286,Medium
1177,22,11,8,4,3.163636364,Medium
1178,19,8,7,1,3.478947368,Medium
1182,16,11,9,7,4.175,Medium
1183,29,13,9,2,2.934482759,Medium
1184,8,10,3,8,3.25,Medium
1185,22,11,7,6,2.663636364,Medium
1187,22,5,5,6,2.863636364,Medium
1188,25,12,8,5,2.8,Medium
1189,15,10,7,8,3.5,Medium
1190,21,11,9,8,3.728571429,Medium
1191,22,3,7,4,4.263636364,Medium
1195,26,5,5,8,2.653846154,Medium
1198,11,6,1,4,2.027272727,Medium
1199,29,12,8,5,2.634482759,Medium
1200,13,6,7,7,4.607692308,Medium
1202,9,12,3,9,2.433333333,Medium
1204,20,2,3,6,2.6,Medium
1208,17,6,3,7,2.064705882,Medium
1210,19,3,4,9,2.978947368,Medium
1213,17,2,4,5,3.364705882,Medium
1218,26,9,9,7,3.853846154,Medium
1219,12,7,4,3,3.1,Medium
1220,25,16,9,1,2.5,Medium
1222,19,9,8,1,3.778947368,Medium
1223,10,2,1,8,3.1,Medium
1228,10,11,3,9,2.3,Medium
1232,19,16,9,1,2.878947368,Medium
1234,12,13,8,5,3.9,Medium
1237,19,12,7,3,2.678947368,Medium
1238,19,5,5,8,3.078947368,Medium
1239,11,10,5,2,3.227272727,Medium
1240,29,3,5,5,2.934482759,Medium
1247,16,15,8,6,2.875,Medium
1248,16,7,4,9,2.475,Medium
1249,12,6,7,7,4.8,Medium
1250,21,3,7,6,4.328571429,Medium
1251,5,8,1,1,4.9,Medium
1253,21,9,5,3,2.128571429,Medium
1254,7,15,3,9,2.785714286,Medium
1256,8,4,2,5,3.95,Medium
1258,26,4,8,6,4.353846154,Medium
1261,15,10,6,2,3,Medium
1262,25,18,9,5,2.1,Medium
1263,25,2,5,7,3.3,Medium
1264,12,6,4,7,3.3,Medium
1266,12,19,8,2,2.7,Medium
1267,27,11,9,6,3.411111111,Medium
1268,27,8,6,1,2.511111111,Medium
1269,10,5,2,3,3,Medium
1272,17,12,7,6,2.864705882,Medium
1273,6,17,6,7,4.6,Medium
1275,28,12,7,4,2.171428571,Medium
1277,16,19,9,4,2.575,Medium
1279,6,15,5,8,4.5,Medium
1281,14,18,8,2,2.542857143,Medium
1286,26,8,7,7,3.053846154,Medium
1287,21,11,7,9,2.728571429,Medium
1288,10,13,6,5,3.4,Medium
1292,29,6,9,1,4.334482759,Medium
1293,26,9,8,5,3.353846154,Medium
1295,14,14,9,5,3.842857143,Medium
1296,17,4,3,8,2.464705882,Medium
1297,21,8,9,6,4.328571429,Medium
1301,14,11,8,8,3.942857143,Medium
1305,27,13,9,1,3.011111111,Medium
1306,29,2,6,3,3.634482759,Medium
1307,28,8,7,6,2.971428571,Medium
1308,18,3,5,5,3.566666667,Medium
1311,11,7,6,2,4.327272727,Medium
1312,6,9,3,8,4.7,Medium
1313,12,9,5,3,3.2,Medium
1314,23,3,7,1,4.204347826,Medium
1318,18,4,5,3,3.366666667,Medium
1320,10,18,6,2,2.4,Medium
1321,14,13,7,1,3.042857143,Medium
1323,27,13,9,9,3.011111111,Medium
1324,6,10,4,9,5,Medium
1329,9,13,4,8,2.733333333,Medium
1330,23,6,4,5,2.104347826,Medium
1331,22,4,5,1,3.063636364,Medium
1335,8,15,4,4,2.75,Medium
1339,18,14,8,3,2.866666667,Medium
1340,13,13,9,2,4.207692308,Medium
1346,15,10,9,3,4.5,Medium
1347,10,9,6,2,4.2,Medium
1348,28,6,8,4,3.871428571,Medium
1350,28,11,8,3,2.871428571,Medium
1351,17,3,7,4,4.664705882,Medium
1354,8,9,4,9,3.95,Medium
1359,27,4,5,7,2.811111111,Medium
1360,20,19,9,6,2.2,Medium
1361,28,5,6,5,3.071428571,Medium
1362,25,15,8,1,2.2,Medium
1365,26,15,9,1,2.653846154,Medium
1370,7,9,4,2,4.485714286,Medium
1371,12,12,6,4,3.1,Medium
1374,27,7,9,8,4.211111111,Medium
1375,15,8,5,8,2.9,Medium
1376,22,5,7,1,3.863636364,Medium
1378,10,3,5,3,4.9,Medium
1379,21,4,7,2,4.128571429,Medium
1380,26,8,7,3,3.053846154,Medium
1383,9,14,8,7,4.533333333,Medium
1386,9,14,6,5,3.533333333,Medium
1391,11,13,8,1,4.127272727,Medium
1393,14,16,8,5,2.942857143,Medium
1395,21,14,9,2,3.128571429,Medium
1399,17,1,1,7,2.064705882,Medium
1400,13,3,2,7,2.707692308,Medium
1401,11,3,3,2,3.627272727,Medium
1402,9,14,8,6,4.533333333,Medium
1403,19,12,6,1,2.178947368,Medium
1404,21,2,3,2,2.528571429,Medium
1405,24,12,8,5,2.85,Medium
1410,8,18,6,1,3.15,Medium
1412,27,7,9,2,4.211111111,Medium
1415,6,12,3,5,4.1,Medium
1416,22,5,5,5,2.863636364,Medium
1418,9,7,6,2,4.933333333,Medium
1420,15,11,9,3,4.3,Medium
1422,25,1,8,5,5,Medium
1425,10,18,6,9,2.4,Medium
1430,9,16,8,7,4.133333333,Medium
1435,17,10,6,1,2.764705882,Medium
1436,5,12,2,6,4.6,Medium
1437,25,2,6,3,3.8,Medium
1438,12,1,4,5,4.3,Medium
1440,17,1,5,2,4.064705882,Medium
1441,25,4,9,9,4.9,Medium
1443,14,8,3,6,2.042857143,Medium
1445,13,4,2,1,2.507692308,Medium
1450,13,11,6,8,3.107692308,Medium
1451,17,14,9,9,3.464705882,Medium
1453,7,18,5,9,3.185714286,Medium
1457,19,4,4,5,2.778947368,Medium
1460,17,1,5,2,4.064705882,Medium
1464,9,6,1,7,2.633333333,Medium
1470,25,3,3,4,2.1,Medium
1471,22,6,6,7,3.163636364,Medium
1473,14,12,6,9,2.742857143,Medium
1475,13,3,5,4,4.207692308,Medium
1476,16,4,4,6,3.075,Medium
1482,10,9,7,9,4.7,Medium
1483,22,2,3,8,2.463636364,Medium
1489,14,6,6,7,3.942857143,Medium
1490,15,4,5,3,3.7,Medium
1491,12,13,5,6,2.4,Medium
1494,26,4,7,3,3.853846154,Medium
1499,16,7,9,9,4.975,Medium
1500,26,4,9,2,4.853846154,Medium
1501,14,6,3,3,2.442857143,Medium
1502,21,10,8,5,3.428571429,Medium
1505,10,18,9,4,3.9,Medium
1506,9,13,6,9,3.733333333,Medium
1507,12,8,7,3,4.4,Medium
1508,6,12,1,9,3.1,Medium
1510,15,16,9,3,3.3,Medium
1516,18,18,8,4,2.066666667,Medium
1521,15,7,7,2,4.1,Medium
1522,26,11,9,3,3.453846154,Medium
1523,19,5,6,8,3.578947368,Medium
1527,7,13,1,8,2.185714286,Medium
1529,26,11,9,3,3.453846154,Medium
1530,7,11,1,4,2.585714286,Medium
1531,11,8,7,4,4.627272727,Medium
1533,15,9,8,4,4.2,Medium
1534,25,6,9,7,4.5,Medium
1535,26,9,9,4,3.853846154,Medium
1536,23,6,8,4,4.104347826,Medium
1537,10,10,8,9,5,Medium
1539,12,19,7,5,2.2,Medium
1541,25,5,7,5,3.7,Medium
1542,10,6,5,8,4.3,Medium
1544,28,15,9,7,2.571428571,Medium
1545,11,3,2,4,3.127272727,Medium
1551,11,2,3,3,3.827272727,Medium
1552,10,6,4,5,3.8,Medium
1553,24,1,3,9,2.55,Medium
1555,19,11,9,2,3.878947368,Medium
1556,22,2,7,5,4.463636364,Medium
1557,26,7,5,3,2.253846154,Medium
1558,14,4,2,4,2.342857143,Medium
1559,26,18,9,8,2.053846154,Medium
1562,25,7,5,6,2.3,Medium
1563,10,10,5,5,3.5,Medium
1564,16,4,6,5,4.075,Medium
1567,21,14,9,3,3.128571429,Medium
1568,5,18,1,9,2.9,Medium
1572,20,8,9,3,4.4,Medium
1576,16,4,7,7,4.575,Medium
1578,5,15,4,3,5,Medium
1582,7,9,2,1,3.485714286,Medium
1583,8,13,4,8,3.15,Medium
1586,15,7,4,7,2.6,Medium
1588,16,5,5,1,3.375,Medium
1594,23,2,3,6,2.404347826,Medium
1600,9,16,4,4,2.133333333,Medium
1602,19,17,9,6,2.678947368,Medium
1603,10,19,7,5,2.7,Medium
1608,9,15,7,7,3.833333333,Medium
1611,12,9,6,5,3.7,Medium
1613,7,18,7,9,4.185714286,Medium
1615,17,15,7,8,2.264705882,Medium
1616,16,12,8,6,3.475,Medium
1620,14,6,8,5,4.942857143,Medium
1621,23,4,6,9,3.504347826,Medium
1622,10,19,6,9,2.2,Medium
1623,9,17,6,1,2.933333333,Medium
1626,25,4,8,3,4.4,Medium
1627,14,7,5,7,3.242857143,Medium
1628,29,2,4,3,2.634482759,Medium
1629,17,13,8,4,3.164705882,Medium
1630,10,2,3,1,4.1,Medium
1634,7,17,6,9,3.885714286,Medium
1642,7,12,6,6,4.885714286,Medium
1643,15,7,6,8,3.6,Medium
1646,20,4,8,7,4.7,Medium
1648,24,2,8,2,4.85,Medium
1650,21,8,8,4,3.828571429,Medium
1653,8,4,2,6,3.95,Medium
1658,15,9,8,2,4.2,Medium
1660,19,3,4,4,2.978947368,Medium
1662,11,9,6,3,3.927272727,Medium
1663,14,2,3,7,3.242857143,Medium
1664,10,15,6,1,3,Medium
1666,15,6,8,8,4.8,Medium
1667,27,14,9,2,2.811111111,Medium
1668,22,5,9,7,4.863636364,Medium
1671,26,8,8,1,3.553846154,Medium
1673,26,13,8,6,2.553846154,Medium
1674,6,19,6,5,4.2,Medium
1675,12,4,5,2,4.2,Medium
1679,29,6,9,9,4.334482759,Medium
1682,9,1,2,9,4.133333333,Medium
1683,9,10,5,7,3.833333333,Medium
1690,16,4,6,8,4.075,Medium
1696,20,3,4,3,2.9,Medium
1697,13,11,8,3,4.107692308,Medium
1699,16,4,5,1,3.575,Medium
1701,6,17,2,1,2.6,Medium
1705,23,1,4,6,3.104347826,Medium
1709,20,18,9,5,2.4,Medium
1711,21,8,8,9,3.828571429,Medium
1713,21,9,7,9,3.128571429,Medium
1715,5,19,5,4,4.7,Medium
1718,11,4,5,9,4.427272727,Medium
1720,7,3,2,7,4.685714286,Medium
1723,23,11,9,8,3.604347826,Medium
1725,9,13,7,7,4.233333333,Medium
1726,17,6,6,2,3.564705882,Medium
1732,24,2,5,1,3.35,Medium
1733,21,8,7,4,3.328571429,Medium
1740,29,5,4,6,2.034482759,Medium
1745,22,6,9,6,4.663636364,Medium
1748,18,14,9,1,3.366666667,Medium
1752,15,14,8,8,3.2,Medium
1754,21,6,7,9,3.728571429,Medium
1756,6,6,2,5,4.8,Medium
1757,21,9,7,8,3.128571429,Medium
1760,24,7,9,5,4.35,Medium
1763,8,14,6,9,3.95,Medium
1766,27,3,6,4,3.511111111,Medium
1769,26,4,7,7,3.853846154,Medium
1770,14,3,6,2,4.542857143,Medium
1771,11,15,5,7,2.227272727,Medium
1772,28,8,9,2,3.971428571,Medium
1773,18,7,9,9,4.766666667,Medium
1775,11,2,4,4,4.327272727,Medium
1776,21,1,4,8,3.228571429,Medium
1777,21,6,7,3,3.728571429,Medium
1778,24,11,9,5,3.55,Medium
1781,18,12,7,7,2.766666667,Medium
1784,22,9,7,1,3.063636364,Medium
1785,16,7,5,6,2.975,Medium
1790,7,9,4,5,4.485714286,Medium
1792,13,15,8,7,3.307692308,Medium
1794,12,4,5,8,4.2,Medium
1795,21,11,9,4,3.728571429,Medium
1796,25,5,9,5,4.7,Medium
1797,6,15,1,2,2.5,Medium
1800,22,3,3,3,2.263636364,Medium
1809,29,6,6,3,2.834482759,Medium
1810,15,10,6,5,3,Medium
1815,20,1,5,4,3.8,Medium
1818,13,9,4,8,2.507692308,Medium
1820,17,8,9,9,4.664705882,Medium
1822,16,9,7,6,3.575,Medium
1823,26,2,6,2,3.753846154,Medium
1826,25,7,9,1,4.3,Medium
1828,24,14,9,9,2.95,Medium
1830,8,10,4,4,3.75,Medium
1832,9,9,2,2,2.533333333,Medium
1833,18,8,5,3,2.566666667,Medium
1836,6,13,4,2,4.4,Medium
1837,6,14,3,7,3.7,Medium
1838,20,12,6,9,2.1,Medium
1841,9,5,3,8,3.833333333,Medium
1843,26,5,4,3,2.153846154,Medium
1855,7,8,1,6,3.185714286,Medium
1861,24,5,5,9,2.75,Medium
1865,19,1,6,2,4.378947368,Medium
1866,29,8,7,5,2.934482759,Medium
1867,15,1,3,8,3.3,Medium
1868,9,2,1,7,3.433333333,Medium
1870,19,5,8,7,4.578947368,Medium
1876,29,8,7,4,2.934482759,Medium
1881,12,14,5,7,2.2,Medium
1882,21,5,8,2,4.428571429,Medium
1883,27,12,8,2,2.711111111,Medium
1884,7,19,5,5,2.985714286,Medium
1887,17,2,7,6,4.864705882,Medium
1889,8,18,5,5,2.65,Medium
1890,23,11,9,9,3.604347826,Medium
1893,10,7,2,8,2.6,Medium
1895,15,14,8,6,3.2,Medium
1896,21,4,3,6,2.128571429,Medium
1897,8,3,1,8,3.65,Medium
1899,5,18,3,9,3.9,Medium
1900,9,14,5,6,3.033333333,Medium
1902,8,9,3,3,3.45,Medium
1903,16,12,6,5,2.475,Medium
1904,9,11,5,7,3.633333333,Medium
1905,19,10,9,9,4.078947368,Medium
1906,21,7,8,3,4.028571429,Medium
1912,21,13,7,1,2.328571429,Medium
1914,24,1,5,1,3.55,Medium
1919,21,5,9,8,4.928571429,Medium
1920,19,13,9,4,3.478947368,Medium
1923,21,12,8,5,3.028571429,Medium
1924,27,5,8,5,4.111111111,Medium
1927,21,13,7,9,2.328571429,Medium
1928,20,16,8,6,2.3,Medium
1929,26,5,9,8,4.653846154,Medium
1933,8,8,4,2,4.15,Medium
1935,15,13,6,9,2.4,Medium
1940,25,13,7,1,2.1,Medium
1942,20,8,5,1,2.4,Medium
1943,12,11,6,6,3.3,Medium
1945,26,5,8,8,4.153846154,Medium
1946,16,10,9,5,4.375,Medium
1947,10,4,2,8,3.2,Medium
1954,22,10,6,3,2.363636364,Medium
1957,21,7,8,7,4.028571429,Medium
1959,12,5,4,1,3.5,Medium
1962,25,10,7,4,2.7,Medium
1963,9,6,4,1,4.133333333,Medium
1966,9,9,5,9,4.033333333,Medium
1967,23,7,9,8,4.404347826,Medium
1974,20,1,3,4,2.8,Medium
1976,27,10,6,6,2.111111111,Medium
1978,17,11,6,1,2.564705882,Medium
1979,13,8,6,2,3.707692308,Medium
1980,12,8,8,7,4.9,Medium
1985,17,6,3,6,2.064705882,Medium
1987,8,16,5,5,3.05,Medium
1988,15,6,7,2,4.3,Medium
1989,27,15,9,8,2.611111111,Medium
1990,21,11,7,1,2.728571429,Medium
1991,7,14,4,6,3.485714286,Medium
1993,6,11,2,1,3.8,Medium
1996,6,18,2,6,2.4,Medium
1997,7,11,1,3,2.585714286,Medium
1998,24,8,8,2,3.65,Medium
2001,25,5,8,4,4.2,Medium
2003,27,2,8,7,4.711111111,Medium
2008,6,18,2,1,2.4,Medium
2012,5,19,3,2,3.7,Medium
2014,6,16,4,4,3.8,Medium
2017,24,9,9,8,3.95,Medium
2019,13,14,7,4,3.007692308,Medium
2020,14,7,4,5,2.742857143,Medium
2023,22,9,9,2,4.063636364,Medium
2025,20,7,7,5,3.6,Medium
2026,24,1,7,9,4.55,Medium
2027,24,8,6,6,2.65,Medium
2028,11,14,7,7,3.427272727,Medium
2029,13,10,7,4,3.807692308,Medium
2032,11,16,5,6,2.027272727,Medium
2033,18,8,4,2,2.066666667,Medium
2035,15,10,9,7,4.5,Medium
2037,9,1,1,1,3.633333333,Medium
2039,9,8,5,5,4.233333333,Medium
2043,19,4,4,5,2.778947368,Medium
2050,14,7,6,6,3.742857143,Medium
2051,8,18,9,9,4.65,Medium
2056,23,1,3,3,2.604347826,Medium
2058,15,3,4,1,3.4,Medium
2060,6,19,7,7,4.7,Medium
2063,17,5,6,3,3.764705882,Medium
2064,16,19,9,3,2.575,Medium
2067,13,14,9,8,4.007692308,Medium
2069,13,14,8,8,3.507692308,Medium
2070,12,10,7,4,4,Medium
2072,25,1,7,3,4.5,Medium
2077,16,5,3,7,2.375,Medium
2079,19,18,9,7,2.478947368,Medium
2083,18,17,8,7,2.266666667,Medium
2084,21,13,8,9,2.828571429,Medium
2085,22,4,8,4,4.563636364,Medium
2090,24,9,9,3,3.95,Medium
2093,8,7,3,7,3.85,Medium
2094,29,1,7,6,4.334482759,Medium
2104,9,15,7,3,3.833333333,Medium
2105,14,9,8,8,4.342857143,Medium
2106,13,13,7,9,3.207692308,Medium
2107,16,4,4,4,3.075,Medium
2108,8,2,2,1,4.35,Medium
2109,16,12,8,8,3.475,Medium
2110,23,11,9,4,3.604347826,Medium
2112,7,4,3,3,4.985714286,Medium
2115,26,6,6,9,2.953846154,Medium
2117,10,16,6,9,2.8,Medium
2118,8,11,2,1,2.55,Medium
2121,8,9,4,9,3.95,Medium
2122,27,1,3,4,2.411111111,Medium
2124,29,11,9,9,3.334482759,Medium
2125,20,11,9,3,3.8,Medium
2126,25,3,4,7,2.6,Medium
2129,12,10,6,4,3.5,Medium
2131,20,6,8,4,4.3,Medium
2132,16,17,8,8,2.475,Medium
2134,20,10,8,5,3.5,Medium
2139,21,10,8,3,3.428571429,Medium
2142,29,6,8,5,3.834482759,Medium
2144,23,14,8,9,2.504347826,Medium
2145,8,9,3,8,3.45,Medium
2149,19,8,8,8,3.978947368,Medium
2152,8,7,5,6,4.85,Medium
2153,16,12,9,5,3.975,Medium
2158,10,2,1,5,3.1,Medium
2159,6,18,3,9,2.9,Medium
2160,12,12,4,7,2.1,Medium
2162,11,17,8,8,3.327272727,Medium
2165,11,8,5,9,3.627272727,Medium
2166,8,17,7,3,3.85,Medium
2170,24,11,9,5,3.55,Medium
2171,6,12,3,6,4.1,Medium
2173,22,10,7,5,2.863636364,Medium
2174,7,13,3,2,3.185714286,Medium
2178,26,13,9,3,3.053846154,Medium
2180,9,13,5,3,3.233333333,Medium
2182,21,14,9,2,3.128571429,Medium
2184,15,15,7,4,2.5,Medium
2185,28,11,9,2,3.371428571,Medium
2188,11,1,3,3,4.027272727,Medium
2189,9,5,2,1,3.333333333,Medium
2190,11,3,4,8,4.127272727,Medium
2192,16,6,5,2,3.175,Medium
2193,18,9,6,6,2.866666667,Medium
2194,8,14,3,3,2.45,Medium
2196,15,10,5,8,2.5,Medium
2197,13,12,9,9,4.407692308,Medium
2199,19,14,7,4,2.278947368,Medium
2200,19,9,9,2,4.278947368,Medium
2201,14,5,5,2,3.642857143,Medium
2202,13,14,7,5,3.007692308,Medium
2206,20,10,7,7,3,Medium
2207,6,14,5,8,4.7,Medium
2208,26,4,4,9,2.353846154,Medium
2209,23,5,9,6,4.804347826,Medium
2210,9,9,5,4,4.033333333,Medium
2217,25,1,4,9,3,Medium
2219,8,16,5,1,3.05,Medium
2220,18,11,9,4,3.966666667,Medium
2228,19,17,8,6,2.178947368,Medium
2231,15,1,1,5,2.3,Medium
2233,19,8,7,8,3.478947368,Medium
2236,7,19,5,6,2.985714286,Medium
2238,19,9,6,6,2.778947368,Medium
2240,4,17,1,5,4.6,Medium
2242,7,14,3,3,2.985714286,Medium
2257,16,8,7,9,3.775,Medium
2260,24,11,8,2,3.05,Medium
2261,18,8,4,8,2.066666667,Medium
2262,15,2,1,4,2.1,Medium
2265,25,6,5,3,2.5,Medium
2269,21,10,7,5,2.928571429,Medium
2272,12,7,2,3,2.1,Medium
2273,9,13,8,8,4.733333333,Medium
2278,27,12,7,4,2.211111111,Medium
2280,13,12,6,9,2.907692308,Medium
2284,6,18,4,3,3.4,Medium
2285,16,10,5,9,2.375,Medium
2291,25,7,7,4,3.3,Medium
2294,20,2,2,1,2.1,Medium
2299,26,2,5,7,3.253846154,Medium
2303,12,3,1,7,2.4,Medium
2308,18,1,2,6,2.466666667,Medium
2309,19,8,7,9,3.478947368,Medium
2311,22,5,8,1,4.363636364,Medium
2314,21,11,8,5,3.228571429,Medium
2315,14,1,5,8,4.442857143,Medium
2317,6,10,1,8,3.5,Medium
2318,10,2,1,9,3.1,Medium
2319,28,4,5,4,2.771428571,Medium
2320,19,7,6,4,3.178947368,Medium
2321,11,5,3,8,3.227272727,Medium
2324,8,3,1,6,3.65,Medium
2327,15,18,8,9,2.4,Medium
2330,16,12,9,6,3.975,Medium
2331,19,7,6,7,3.178947368,Medium
2332,12,8,4,5,2.9,Medium
2334,17,6,8,6,4.564705882,Medium
2336,10,7,5,2,4.1,Medium
2338,12,5,6,9,4.5,Medium
2339,17,10,6,4,2.764705882,Medium
2340,22,6,5,4,2.663636364,Medium
2349,22,4,3,8,2.063636364,Medium
2351,29,3,9,6,4.934482759,Medium
2354,15,5,8,8,5,Medium
2355,11,1,1,3,3.027272727,Medium
2356,15,14,9,3,3.7,Medium
2357,26,15,8,2,2.153846154,Medium
2362,14,19,9,6,2.842857143,Medium
2363,10,7,4,9,3.6,Medium
2371,11,9,6,9,3.927272727,Medium
2376,18,18,8,9,2.066666667,Medium
2381,16,5,4,5,2.875,Medium
2388,26,2,5,2,3.253846154,Medium
2389,28,7,9,9,4.171428571,Medium
2393,23,3,6,7,3.704347826,Medium
2394,26,6,7,3,3.453846154,Medium
2395,8,9,4,1,3.95,Medium
2396,18,2,5,6,3.766666667,Medium
2398,28,15,9,3,2.571428571,Medium
2399,7,16,6,4,4.085714286,Medium
2400,11,2,3,3,3.827272727,Medium
2401,9,8,3,1,3.233333333,Medium
2405,17,9,8,1,3.964705882,Medium
2408,15,4,5,7,3.7,Medium
2409,22,8,7,2,3.263636364,Medium
2411,22,12,8,4,2.963636364,Medium
2412,18,15,7,1,2.166666667,Medium
2416,27,5,9,8,4.611111111,Medium
2419,6,19,4,5,3.2,Medium
2421,22,7,8,7,3.963636364,Medium
2424,29,4,4,2,2.234482759,Medium
2425,10,12,4,8,2.6,Medium
2426,10,9,2,8,2.2,Medium
2427,16,17,9,8,2.975,Medium
2429,14,5,2,7,2.142857143,Medium
2434,24,8,5,2,2.15,Medium
2435,9,6,3,7,3.633333333,Medium
2436,27,14,8,8,2.311111111,Medium
2446,24,12,9,9,3.35,Medium
2447,25,1,4,4,3,Medium
2449,12,19,8,6,2.7,Medium
2452,28,13,8,5,2.471428571,Medium
2453,25,5,4,4,2.2,Medium
2455,15,11,9,9,4.3,Medium
2456,22,5,7,7,3.863636364,Medium
2463,17,6,4,2,2.564705882,Medium
2464,17,7,6,3,3.364705882,Medium
2466,28,12,8,9,2.671428571,Medium
2471,13,15,6,4,2.307692308,Medium
2473,8,10,2,3,2.75,Medium
2476,8,3,3,6,4.65,Medium
2478,5,10,2,9,5,Medium
2479,12,9,4,4,2.7,Medium
2484,17,1,1,2,2.064705882,Medium
2486,8,7,1,9,2.85,Medium
2487,13,9,3,6,2.007692308,Medium
2488,20,6,8,4,4.3,Medium
2492,15,11,5,1,2.3,Medium
2493,18,2,3,6,2.766666667,Medium
2499,15,11,7,3,3.3,Medium
2501,18,11,7,2,2.966666667,Medium
2504,20,9,7,6,3.2,Medium
2508,20,4,8,5,4.7,Medium
2510,16,7,6,9,3.475,Medium
2515,22,18,9,4,2.263636364,Medium
2521,23,8,9,6,4.204347826,Medium
2526,21,15,9,1,2.928571429,Medium
2530,17,6,7,4,4.064705882,Medium
2532,18,15,9,3,3.166666667,Medium
2537,22,7,6,1,2.963636364,Medium
2539,16,16,7,3,2.175,Medium
2540,11,6,1,3,2.027272727,Medium
2541,8,11,2,1,2.55,Medium
2542,29,1,5,6,3.334482759,Medium
2544,23,9,9,7,4.004347826,Medium
2546,16,3,5,8,3.775,Medium
2547,26,8,6,9,2.553846154,Medium
2556,27,4,7,2,3.811111111,Medium
2557,8,12,5,3,3.85,Medium
2558,9,9,6,2,4.533333333,Medium
2560,22,14,8,5,2.563636364,Medium
2565,11,18,8,5,3.127272727,Medium
2566,23,9,8,2,3.504347826,Medium
2568,24,5,6,5,3.25,Medium
2570,10,8,2,1,2.4,Medium
2571,24,4,7,5,3.95,Medium
2573,20,19,9,7,2.2,Medium
2575,10,9,2,6,2.2,Medium
2577,29,6,5,9,2.334482759,Medium
2579,9,15,7,5,3.833333333,Medium
2582,20,1,4,4,3.3,Medium
2586,19,17,8,2,2.178947368,Medium
2589,11,19,7,5,2.427272727,Medium
2592,6,12,4,5,4.6,Medium
2594,14,15,8,8,3.142857143,Medium
2597,26,10,9,1,3.653846154,Medium
2598,8,6,2,1,3.55,Medium
2600,21,3,7,1,4.328571429,Medium
2601,15,6,4,3,2.8,Medium
2605,18,17,9,4,2.766666667,Medium
2606,12,4,4,2,3.7,Medium
2620,14,14,9,1,3.842857143,Medium
2623,10,8,6,8,4.4,Medium
2624,16,19,8,8,2.075,Medium
2625,29,7,9,6,4.134482759,Medium
2626,21,6,4,1,2.228571429,Medium
2628,14,9,8,4,4.342857143,Medium
2630,17,8,6,2,3.164705882,Medium
2634,12,4,6,3,4.7,Medium
2635,22,7,5,6,2.463636364,Medium
2638,7,17,7,9,4.385714286,Medium
2641,28,17,9,9,2.171428571,Medium
2645,6,17,5,9,4.1,Medium
2646,7,9,4,6,4.485714286,Medium
2652,16,14,9,7,3.575,Medium
2655,18,13,6,1,2.066666667,Medium
2657,12,5,5,1,4,Medium
2658,17,13,6,8,2.164705882,Medium
2659,26,4,8,2,4.353846154,Medium
2673,11,2,1,1,2.827272727,Medium
2674,26,4,5,2,2.853846154,Medium
2676,10,2,1,1,3.1,Medium
2677,21,7,4,3,2.028571429,Medium
2682,20,12,8,7,3.1,Medium
2685,24,3,4,1,2.65,Medium
2687,15,12,8,4,3.6,Medium
2688,12,14,7,5,3.2,Medium
2689,20,5,6,3,3.5,Medium
2692,21,14,9,2,3.128571429,Medium
2693,10,2,1,7,3.1,Medium
2697,13,5,2,5,2.307692308,Medium
2698,5,16,1,7,3.3,Medium
2699,27,5,4,7,2.111111111,Medium
2706,15,11,7,7,3.3,Medium
2708,24,11,7,4,2.55,Medium
2709,16,10,6,7,2.875,Medium
2711,14,2,3,2,3.242857143,Medium
2714,18,7,6,8,3.266666667,Medium
2715,14,17,8,9,2.742857143,Medium
2716,24,3,5,7,3.15,Medium
2719,24,2,5,6,3.35,Medium
2721,13,15,7,3,2.807692308,Medium
2722,20,11,7,9,2.8,Medium
2728,7,5,1,9,3.785714286,Medium
2734,11,16,5,7,2.027272727,Medium
2735,14,6,8,4,4.942857143,Medium
2736,11,3,5,3,4.627272727,Medium
2737,19,11,7,5,2.878947368,Medium
2738,23,3,6,8,3.704347826,Medium
2740,17,5,3,3,2.264705882,Medium
2742,12,5,3,9,3,Medium
2748,24,8,6,4,2.65,Medium
2749,15,17,8,8,2.6,Medium
2751,15,13,7,2,2.9,Medium
2757,9,16,4,7,2.133333333,Medium
2759,29,13,8,4,2.434482759,Medium
2760,18,10,7,1,3.166666667,Medium
2764,26,3,5,7,3.053846154,Medium
2775,24,12,9,2,3.35,Medium
2777,29,10,9,9,3.534482759,Medium
2778,7,9,5,4,4.985714286,Medium
2779,10,12,7,1,4.1,Medium
2780,25,2,8,5,4.8,Medium
2784,13,7,7,9,4.407692308,Medium
2785,18,5,8,6,4.666666667,Medium
2789,13,5,2,8,2.307692308,Medium
2793,27,3,7,7,4.011111111,Medium
2794,28,6,5,9,2.371428571,Medium
2797,24,16,8,6,2.05,Medium
2800,11,10,5,6,3.227272727,Medium
2801,21,7,4,9,2.028571429,Medium
2803,21,8,9,4,4.328571429,Medium
2804,20,18,9,3,2.4,Medium
2806,19,11,8,6,3.378947368,Medium
2808,6,15,4,4,4,Medium
2812,24,1,6,1,4.05,Medium
2822,26,3,6,3,3.553846154,Medium
2823,9,7,3,1,3.433333333,Medium
2824,20,2,6,7,4.1,Medium
2826,19,14,7,8,2.278947368,Medium
2828,26,8,9,3,4.053846154,Medium
2829,9,5,5,9,4.833333333,Medium
2830,17,3,5,2,3.664705882,Medium
2831,11,9,5,4,3.427272727,Medium
2833,19,18,9,5,2.478947368,Medium
2834,17,17,9,9,2.864705882,Medium
2835,22,5,9,7,4.863636364,Medium
2838,12,3,3,6,3.4,Medium
2839,7,17,7,9,4.385714286,Medium
2840,13,4,3,1,3.007692308,Medium
2841,20,12,7,6,2.6,Medium
2842,6,17,4,3,3.6,Medium
2844,11,15,9,9,4.227272727,Medium
2845,18,4,3,4,2.366666667,Medium
2847,25,1,8,9,5,Medium
2848,19,13,7,5,2.478947368,Medium
2850,21,4,3,6,2.128571429,Medium
2853,17,16,9,1,3.064705882,Medium
2855,29,10,9,5,3.534482759,Medium
2858,25,3,4,7,2.6,Medium
2859,25,11,8,2,3,Medium
2862,16,3,5,9,3.775,Medium
2863,12,7,4,9,3.1,Medium
2867,10,1,1,2,3.3,Medium
2868,9,12,8,9,4.933333333,Medium
2873,18,6,4,1,2.466666667,Medium
2877,26,5,8,6,4.153846154,Medium
2882,20,15,9,9,3,Medium
2886,29,8,9,1,3.934482759,Medium
2888,22,6,6,3,3.163636364,Medium
2889,20,3,7,2,4.4,Medium
2890,19,11,8,6,3.378947368,Medium
2894,28,10,7,4,2.571428571,Medium
2895,14,7,7,8,4.242857143,Medium
2898,29,1,7,2,4.334482759,Medium
2901,17,16,8,5,2.564705882,Medium
2902,18,5,8,4,4.666666667,Medium
2903,24,2,6,4,3.85,Medium
2906,26,2,4,8,2.753846154,Medium
2908,10,12,5,2,3.1,Medium
2909,29,6,5,7,2.334482759,Medium
2911,19,1,3,3,2.878947368,Medium
2912,21,4,8,1,4.628571429,Medium
2913,17,13,7,9,2.664705882,Medium
2914,29,3,7,8,3.934482759,Medium
2922,26,7,7,4,3.253846154,Medium
2923,7,9,2,3,3.485714286,Medium
2926,12,16,6,2,2.3,Medium
2929,11,18,8,9,3.127272727,Medium
2930,21,17,8,9,2.028571429,Medium
2931,5,10,1,2,4.5,Medium
2934,16,13,9,2,3.775,Medium
2939,13,17,8,8,2.907692308,Medium
2941,19,6,4,6,2.378947368,Medium
2944,10,8,3,8,2.9,Medium
2945,12,18,8,1,2.9,Medium
2946,29,10,6,1,2.034482759,Medium
2949,25,5,5,9,2.7,Medium
2951,6,15,2,6,3,Medium
2952,6,9,1,5,3.7,Medium
2954,16,2,5,7,3.975,Medium
2957,15,12,8,9,3.6,Medium
2968,26,5,7,6,3.653846154,Medium
2969,10,6,1,9,2.3,Medium
2970,16,1,1,9,2.175,Medium
2971,29,2,6,4,3.634482759,Medium
2972,17,1,6,4,4.564705882,Medium
2973,12,11,4,9,2.3,Medium
2977,11,3,2,3,3.127272727,Medium
2979,12,11,9,5,4.8,Medium
2980,20,17,9,8,2.6,Medium
2981,27,8,6,7,2.511111111,Medium
2982,26,1,3,6,2.453846154,Medium
2983,11,9,8,2,4.927272727,Medium
2984,23,4,5,6,3.004347826,Medium
2985,7,13,5,5,4.185714286,Medium
2986,29,1,5,4,3.334482759,Medium
2987,29,6,8,9,3.834482759,Medium
2990,22,6,7,4,3.663636364,Medium
2998,8,18,4,5,2.15,Medium
3001,16,8,7,5,3.775,Medium
3002,29,8,8,8,3.434482759,Medium
3004,29,4,9,7,4.734482759,Medium
3007,12,11,7,4,3.8,Medium
3008,16,15,7,1,2.375,Medium
3013,29,11,8,9,2.834482759,Medium
3014,13,6,7,3,4.607692308,Medium
3015,23,1,3,4,2.604347826,Medium
3018,5,18,4,4,4.4,Medium
3026,23,5,8,3,4.304347826,Medium
3028,18,13,7,3,2.566666667,Medium
3032,7,2,2,5,4.885714286,Medium
3035,28,5,5,7,2.571428571,Medium
3040,26,15,8,1,2.153846154,Medium
3042,19,1,2,8,2.378947368,Medium
3043,14,14,6,3,2.342857143,Medium
3044,16,12,9,4,3.975,Medium
3046,25,7,6,9,2.8,Medium
3047,22,2,5,2,3.463636364,Medium
3048,11,9,6,7,3.927272727,Medium
3052,12,18,7,2,2.4,Medium
3053,16,14,8,8,3.075,Medium
3055,20,10,8,7,3.5,Medium
3063,29,10,9,2,3.534482759,Medium
3064,9,14,8,3,4.533333333,Medium
3066,15,8,5,9,2.9,Medium
3072,25,9,6,5,2.4,Medium
3077,7,2,1,6,4.385714286,Medium
3089,22,2,8,6,4.963636364,Medium
3090,23,10,6,4,2.304347826,Medium
3091,27,7,7,7,3.211111111,Medium
3098,9,15,8,1,4.333333333,Medium
3101,11,9,6,4,3.927272727,Medium
3102,12,5,7,8,5,Medium
3105,25,10,6,9,2.2,Medium
3108,7,3,1,2,4.185714286,Medium
3111,13,14,9,5,4.007692308,Medium
3114,9,18,9,1,4.233333333,Medium
3115,9,14,7,2,4.033333333,Medium
3116,22,16,8,2,2.163636364,Medium
3117,19,5,7,2,4.078947368,Medium
3122,8,4,1,2,3.45,Medium
3125,15,3,7,7,4.9,Medium
3126,6,19,4,9,3.2,Medium
3131,8,17,8,5,4.35,Medium
3132,21,11,9,6,3.728571429,Medium
3134,27,15,9,8,2.611111111,Medium
3136,17,9,6,5,2.964705882,Medium
3139,12,8,4,6,2.9,Medium
3141,9,10,2,2,2.333333333,Medium
3142,7,4,1,7,3.985714286,Medium
3143,21,2,4,3,3.028571429,Medium
3144,13,1,2,8,3.107692308,Medium
3146,19,1,4,4,3.378947368,Medium
3150,26,2,8,1,4.753846154,Medium
3151,18,13,7,9,2.566666667,Medium
3152,12,6,6,1,4.3,Medium
3155,26,8,7,4,3.053846154,Medium
3156,15,17,9,3,3.1,Medium
3159,15,6,7,8,4.3,Medium
3161,17,2,5,7,3.864705882,Medium
3163,16,19,9,9,2.575,Medium
3164,28,7,7,3,3.171428571,Medium
3165,16,1,1,8,2.175,Medium
3166,27,1,4,9,2.911111111,Medium
3168,16,11,8,1,3.675,Medium
3169,20,3,4,1,2.9,Medium
3177,9,14,8,5,4.533333333,Medium
3178,29,2,6,3,3.634482759,Medium
3180,19,1,3,8,2.878947368,Medium
3181,21,5,6,9,3.428571429,Medium
3183,13,13,5,2,2.207692308,Medium
3184,18,7,6,1,3.266666667,Medium
3186,24,2,8,9,4.85,Medium
3188,29,6,8,3,3.834482759,Medium
3194,9,16,8,6,4.133333333,Medium
3196,23,2,6,6,3.904347826,Medium
3197,24,16,9,8,2.55,Medium
3200,7,15,2,6,2.285714286,Medium
3201,14,3,4,3,3.542857143,Medium
3206,10,2,4,1,4.6,Medium
3208,7,9,3,4,3.985714286,Medium
3211,24,7,9,2,4.35,Medium
3216,27,7,6,4,2.711111111,Medium
3219,13,7,7,2,4.407692308,Medium
3221,25,3,6,9,3.6,Medium
3222,29,1,5,2,3.334482759,Medium
3225,19,6,4,2,2.378947368,Medium
3226,15,5,8,3,5,Medium
3230,22,2,3,4,2.463636364,Medium
3234,24,3,3,6,2.15,Medium
3236,9,11,4,4,3.133333333,Medium
3240,9,6,4,4,4.133333333,Medium
3242,12,9,4,9,2.7,Medium
3243,19,3,8,3,4.978947368,Medium
3244,12,5,5,3,4,Medium
3246,8,8,2,2,3.15,Medium
3248,6,15,3,6,3.5,Medium
3249,17,12,9,8,3.864705882,Medium
3255,8,1,1,5,4.05,Medium
3257,13,1,3,4,3.607692308,Medium
3258,29,6,9,5,4.334482759,Medium
3264,7,17,7,7,4.385714286,Medium
3269,27,2,3,5,2.211111111,Medium
3271,29,11,9,8,3.334482759,Medium
3273,6,16,6,6,4.8,Medium
3274,20,9,9,3,4.2,Medium
3276,22,16,9,1,2.663636364,Medium
3278,26,9,6,1,2.353846154,Medium
3279,29,10,8,5,3.034482759,Medium
3285,9,14,8,4,4.533333333,Medium
3293,8,8,5,4,4.65,Medium
3295,7,13,2,8,2.685714286,Medium
3296,22,8,7,5,3.263636364,Medium
3302,21,9,7,8,3.128571429,Medium
3303,27,2,3,4,2.211111111,Medium
3311,28,6,8,9,3.871428571,Medium
3313,27,10,6,2,2.111111111,Medium
3317,22,12,9,3,3.463636364,Medium
3321,12,4,3,4,3.2,Medium
3322,9,16,9,3,4.633333333,Medium
3323,20,13,9,4,3.4,Medium
3328,16,3,2,5,2.275,Medium
3333,23,18,9,8,2.204347826,Medium
3335,21,1,3,6,2.728571429,Medium
3341,10,4,3,5,3.7,Medium
3345,20,7,6,1,3.1,Medium
3350,18,3,5,9,3.566666667,Medium
3355,11,19,7,1,2.427272727,Medium
3356,18,1,4,1,3.466666667,Medium
3361,24,10,9,1,3.75,Medium
3362,10,7,6,5,4.6,Medium
3367,13,1,3,5,3.607692308,Medium
3369,28,10,9,7,3.571428571,Medium
3371,28,8,9,2,3.971428571,Medium
3374,13,12,5,1,2.407692308,Medium
3378,12,1,3,1,3.8,Medium
3379,21,8,6,7,2.828571429,Medium
3385,16,7,6,8,3.475,Medium
3387,12,15,9,6,4,Medium
3388,10,13,5,8,2.9,Medium
3389,25,5,9,1,4.7,Medium
3390,16,3,4,4,3.275,Medium
3391,12,18,7,9,2.4,Medium
3392,29,3,9,4,4.934482759,Medium
3393,19,12,9,6,3.678947368,Medium
3394,26,17,9,4,2.253846154,Medium
3396,21,6,6,8,3.228571429,Medium
3402,9,16,7,2,3.633333333,Medium
3406,8,19,5,4,2.45,Medium
3408,18,1,6,8,4.466666667,Medium
3409,11,4,2,2,2.927272727,Medium
3410,27,9,9,9,3.811111111,Medium
3411,24,7,5,8,2.35,Medium
3414,27,15,9,3,2.611111111,Medium
3421,14,15,9,8,3.642857143,Medium
3422,10,10,3,4,2.5,Medium
3424,23,1,3,4,2.604347826,Medium
3427,7,8,1,3,3.185714286,Medium
3428,28,2,4,9,2.671428571,Medium
3429,12,6,5,6,3.8,Medium
3431,16,9,5,9,2.575,Medium
3433,17,9,9,5,4.464705882,Medium
3434,10,10,8,9,5,Medium
3437,12,4,5,6,4.2,Medium
3438,9,9,5,4,4.033333333,Medium
3439,28,5,6,4,3.071428571,Medium
3443,12,8,8,3,4.9,Medium
3445,16,15,7,1,2.375,Medium
3446,17,6,3,5,2.064705882,Medium
3448,10,6,5,5,4.3,Medium
3450,6,15,1,9,2.5,Medium
3452,26,3,4,9,2.553846154,Medium
3457,23,2,4,5,2.904347826,Medium
3459,9,10,2,1,2.333333333,Medium
3461,28,9,9,1,3.771428571,Medium
3462,22,11,6,2,2.163636364,Medium
3464,16,12,6,1,2.475,Medium
3465,9,13,6,6,3.733333333,Medium
3468,14,15,8,1,3.142857143,Medium
3470,14,6,6,8,3.942857143,Medium
3471,19,10,6,7,2.578947368,Medium
3473,14,2,2,7,2.742857143,Medium
3474,27,3,3,3,2.011111111,Medium
3475,16,3,5,7,3.775,Medium
3476,9,5,2,5,3.333333333,Medium
3477,7,10,2,6,3.285714286,Medium
3480,28,8,9,8,3.971428571,Medium
3481,12,1,5,8,4.8,Medium
3482,15,10,6,1,3,Medium
3483,11,18,6,2,2.127272727,Medium
3486,20,3,4,4,2.9,Medium
3490,23,5,7,1,3.804347826,Medium
3492,12,11,7,7,3.8,Medium
3493,6,15,3,9,3.5,Medium
3494,11,14,6,9,2.927272727,Medium
3496,29,15,8,8,2.034482759,Medium
3498,7,14,6,5,4.485714286,Medium
3503,8,4,2,4,3.95,Medium
3504,21,10,9,3,3.928571429,Medium
3505,10,18,6,1,2.4,Medium
3506,29,8,7,1,2.934482759,Medium
3507,16,10,9,5,4.375,Medium
3508,15,1,1,2,2.3,Medium
3511,19,5,3,4,2.078947368,Medium
3515,10,9,2,5,2.2,Medium
3516,28,14,9,8,2.771428571,Medium
3521,7,18,6,1,3.685714286,Medium
3523,25,4,9,2,4.9,Medium
3524,29,5,6,8,3.034482759,Medium
3527,13,4,1,3,2.007692308,Medium
3535,5,14,3,9,4.7,Medium
3540,19,2,4,5,3.178947368,Medium
3542,6,17,3,9,3.1,Medium
3543,17,12,8,5,3.364705882,Medium
3544,24,6,9,3,4.55,Medium
3546,15,2,3,5,3.1,Medium
3547,8,17,5,9,2.85,Medium
3549,4,17,1,8,4.6,Medium
3552,29,8,9,3,3.934482759,Medium
3555,12,6,4,4,3.3,Medium
3560,8,11,1,5,2.05,Medium
3561,13,14,7,1,3.007692308,Medium
3562,9,17,6,3,2.933333333,Medium
3567,16,10,6,7,2.875,Medium
3569,23,5,7,7,3.804347826,Medium
3571,25,14,8,2,2.4,Medium
3575,20,3,6,2,3.9,Medium
3577,8,6,4,8,4.55,Medium
3579,9,8,3,8,3.233333333,Medium
3580,17,10,6,6,2.764705882,Medium
3583,11,10,3,1,2.227272727,Medium
3584,14,12,5,9,2.242857143,Medium
3586,10,12,8,9,4.6,Medium
3591,13,4,5,6,4.007692308,Medium
3592,25,13,7,7,2.1,Medium
3595,20,9,7,6,3.2,Medium
3603,6,19,4,3,3.2,Medium
3605,12,6,3,7,2.8,Medium
3609,8,18,6,9,3.15,Medium
3614,20,19,9,5,2.2,Medium
3619,27,2,7,3,4.211111111,Medium
3622,7,14,6,2,4.485714286,Medium
3624,16,1,2,8,2.675,Medium
3625,23,19,9,7,2.004347826,Medium
3629,23,8,6,8,2.704347826,Medium
3630,21,3,6,8,3.828571429,Medium
3634,8,17,7,5,3.85,Medium
3637,10,18,7,9,2.9,Medium
3639,21,15,8,5,2.428571429,Medium
3642,16,4,5,7,3.575,Medium
3645,25,7,9,1,4.3,Medium
3649,9,1,1,5,3.633333333,Medium
3650,11,9,8,7,4.927272727,Medium
3651,18,5,3,6,2.166666667,Medium
3652,12,1,3,9,3.8,Medium
3653,19,4,4,4,2.778947368,Medium
3656,7,17,7,7,4.385714286,Medium
3659,12,8,3,2,2.4,Medium
3660,28,2,3,5,2.171428571,Medium
3662,12,15,9,8,4,Medium
3663,13,6,4,7,3.107692308,Medium
3664,9,19,9,5,4.033333333,Medium
3666,18,2,3,2,2.766666667,Medium
3667,25,3,8,3,4.6,Medium
3668,14,6,4,5,2.942857143,Medium
3669,21,2,7,5,4.528571429,Medium
3675,24,10,6,1,2.25,Medium
3676,8,3,1,6,3.65,Medium
3681,25,3,6,7,3.6,Medium
3683,11,7,4,9,3.327272727,Medium
3684,8,19,8,5,3.95,Medium
3691,8,13,5,4,3.65,Medium
3692,10,17,9,2,4.1,Medium
3695,29,13,9,7,2.934482759,Medium
3699,13,19,8,4,2.507692308,Medium
3700,20,5,8,2,4.5,Medium
3701,27,9,6,5,2.311111111,Medium
3702,16,16,9,6,3.175,Medium
3703,8,7,1,4,2.85,Medium
3706,21,14,9,6,3.128571429,Medium
3708,12,10,4,9,2.5,Medium
3709,22,2,3,3,2.463636364,Medium
3712,21,2,4,2,3.028571429,Medium
3714,6,19,6,4,4.2,Medium
3721,10,6,2,8,2.8,Medium
3722,7,15,4,1,3.285714286,Medium
3725,17,8,9,5,4.664705882,Medium
3729,24,16,8,5,2.05,Medium
3732,22,1,5,7,3.663636364,Medium
3734,22,5,5,3,2.863636364,Medium
3735,7,15,7,1,4.785714286,Medium
3738,23,1,4,6,3.104347826,Medium
3742,14,18,9,3,3.042857143,Medium
3743,25,11,8,7,3,Medium
3744,29,11,9,3,3.334482759,Medium
3746,25,5,4,8,2.2,Medium
3747,25,1,4,4,3,Medium
3748,29,11,7,3,2.334482759,Medium
3750,11,13,9,7,4.627272727,Medium
3752,25,12,7,5,2.3,Medium
3754,7,4,3,7,4.985714286,Medium
3757,19,2,4,2,3.178947368,Medium
3769,24,9,6,7,2.45,Medium
3771,12,16,9,1,3.8,Medium
3774,16,5,4,5,2.875,Medium
3777,5,18,5,8,4.9,Medium
3779,9,3,3,4,4.233333333,Medium
3781,23,5,8,1,4.304347826,Medium
3785,27,2,8,1,4.711111111,Medium
3789,22,2,3,7,2.463636364,Medium
3795,19,14,8,5,2.778947368,Medium
3797,20,11,9,9,3.8,Medium
3799,12,14,9,8,4.2,Medium
3800,9,4,3,3,4.033333333,Medium
3801,9,11,3,3,2.633333333,Medium
3804,18,10,5,8,2.166666667,Medium
3809,29,1,3,1,2.334482759,Medium
3814,13,4,3,9,3.007692308,Medium
3816,22,11,8,5,3.163636364,Medium
3818,29,5,4,9,2.034482759,Medium
3819,13,2,6,2,4.907692308,Medium
3820,29,5,6,4,3.034482759,Medium
3821,29,3,6,4,3.434482759,Medium
3829,9,6,4,6,4.133333333,Medium
3834,6,9,3,8,4.7,Medium
3837,15,8,6,6,3.4,Medium
3840,4,19,2,8,4.7,Medium
3841,28,5,6,5,3.071428571,Medium
3842,10,14,7,9,3.7,Medium
3843,18,3,6,2,4.066666667,Medium
3846,7,9,4,4,4.485714286,Medium
3847,6,10,1,3,3.5,Medium
3848,17,14,7,9,2.464705882,Medium
3852,19,3,4,9,2.978947368,Medium
3857,6,11,4,3,4.8,Medium
3861,12,10,4,5,2.5,Medium
3862,7,19,7,2,3.985714286,Medium
3864,26,10,6,8,2.153846154,Medium
3867,11,14,9,5,4.427272727,Medium
3868,23,5,4,6,2.304347826,Medium
3871,22,14,7,9,2.063636364,Medium
3880,6,16,5,9,4.3,Medium
3882,20,6,8,7,4.3,Medium
3883,17,4,7,2,4.464705882,Medium
3888,10,13,6,1,3.4,Medium
3889,12,16,8,4,3.3,Medium
3890,14,11,7,3,3.442857143,Medium
3891,6,17,2,7,2.6,Medium
3893,7,8,1,6,3.185714286,Medium
3898,27,1,3,7,2.411111111,Medium
3899,18,7,6,2,3.266666667,Medium
3900,18,10,9,9,4.166666667,Medium
3901,8,14,7,1,4.45,Medium
3904,10,5,1,8,2.5,Medium
3909,20,17,8,8,2.1,Medium
3911,29,7,9,1,4.134482759,Medium
3912,23,11,8,3,3.104347826,Medium
3913,23,10,7,1,2.804347826,Medium
3914,22,8,6,8,2.763636364,Medium
3915,10,8,4,6,3.4,Medium
3921,27,1,7,3,4.411111111,Medium
3925,12,11,6,1,3.3,Medium
3930,20,9,5,3,2.2,Medium
3933,20,3,6,4,3.9,Medium
3934,18,4,7,8,4.366666667,Medium
3935,26,4,7,1,3.853846154,Medium
3940,21,3,4,5,2.828571429,Medium
3942,28,7,9,1,4.171428571,Medium
3943,8,16,3,9,2.05,Medium
3944,10,14,5,7,2.7,Medium
3946,19,16,9,5,2.878947368,Medium
3949,15,19,9,1,2.7,Medium
3950,8,10,3,3,3.25,Medium
3953,25,11,7,1,2.5,Medium
3957,11,3,2,9,3.127272727,Medium
3958,11,11,7,5,4.027272727,Medium
3959,7,10,3,1,3.785714286,Medium
3963,27,5,8,2,4.111111111,Medium
3964,10,1,3,8,4.3,Medium
3966,9,11,7,5,4.633333333,Medium
3967,18,18,9,7,2.566666667,Medium
3969,11,2,1,3,2.827272727,Medium
3971,20,11,7,6,2.8,Medium
3973,20,6,5,1,2.8,Medium
3975,8,14,6,9,3.95,Medium
3981,9,18,9,2,4.233333333,Medium
3986,26,1,4,9,2.953846154,Medium
3987,24,15,9,2,2.75,Medium
3989,11,14,9,3,4.427272727,Medium
3990,13,15,9,5,3.807692308,Medium
3991,16,13,9,2,3.775,Medium
3994,18,13,7,2,2.566666667,Medium
3996,28,6,6,1,2.871428571,Medium
3997,15,4,7,3,4.7,Medium
3998,21,2,6,1,4.028571429,Medium
4000,19,5,7,3,4.078947368,Medium
4002,12,8,5,4,3.4,Medium
4003,19,8,9,2,4.478947368,Medium
4006,15,8,9,8,4.9,Medium
4011,24,2,4,1,2.85,Medium
4012,20,15,8,1,2.5,Medium
4013,29,9,9,1,3.734482759,Medium
4014,16,9,9,7,4.575,Medium
4016,25,12,7,2,2.3,Medium
4021,16,3,6,8,4.275,Medium
4024,19,4,5,9,3.278947368,Medium
4025,24,3,5,4,3.15,Medium
4031,9,18,5,9,2.233333333,Medium
4032,10,1,4,4,4.8,Medium
4038,9,6,1,8,2.633333333,Medium
4040,11,1,4,7,4.527272727,Medium
4042,23,7,6,4,2.904347826,Medium
4044,22,5,4,8,2.363636364,Medium
4045,23,14,8,6,2.504347826,Medium
4046,25,9,9,4,3.9,Medium
4047,15,12,7,9,3.1,Medium
4050,8,18,9,2,4.65,Medium
4052,18,8,8,4,4.066666667,Medium
4053,14,13,9,9,4.042857143,Medium
4055,15,12,5,1,2.1,Medium
4060,25,10,6,7,2.2,Medium
4064,6,9,1,1,3.7,Medium
4065,9,19,7,3,3.033333333,Medium
4066,23,4,5,7,3.004347826,Medium
4068,16,14,9,7,3.575,Medium
4069,9,5,1,3,2.833333333,Medium
4071,24,4,5,6,2.95,Medium
4074,14,17,7,4,2.242857143,Medium
4075,14,7,6,6,3.742857143,Medium
4076,22,7,9,2,4.463636364,Medium
4077,25,4,8,6,4.4,Medium
4078,14,1,4,9,3.942857143,Medium
4083,25,1,4,4,3,Medium
4085,21,5,4,7,2.428571429,Medium
4086,8,15,8,5,4.75,Medium
4087,22,6,5,3,2.663636364,Medium
4088,28,8,7,2,2.971428571,Medium
4093,10,9,4,8,3.2,Medium
4096,15,8,5,3,2.9,Medium
4099,12,12,9,4,4.6,Medium
4105,21,2,3,7,2.528571429,Medium
4106,22,8,5,5,2.263636364,Medium
4107,8,14,8,4,4.95,Medium
4109,20,3,6,7,3.9,Medium
4111,19,5,4,1,2.578947368,Medium
4112,18,5,8,9,4.666666667,Medium
4114,23,12,7,5,2.404347826,Medium
4120,25,5,8,2,4.2,Medium
4121,16,12,8,1,3.475,Medium
4122,9,17,8,1,3.933333333,Medium
4123,12,4,2,7,2.7,Medium
4126,6,17,4,5,3.6,Medium
4127,24,1,7,4,4.55,Medium
4130,12,9,3,9,2.2,Medium
4131,29,4,8,2,4.234482759,Medium
4132,22,8,7,4,3.263636364,Medium
4133,21,1,7,3,4.728571429,Medium
4134,6,11,2,9,3.8,Medium
4135,16,19,8,5,2.075,Medium
4138,6,13,2,9,3.4,Medium
4139,10,5,4,7,4,Medium
4143,5,16,1,5,3.3,Medium
4145,28,5,6,2,3.071428571,Medium
4146,13,10,7,9,3.807692308,Medium
4147,23,6,5,8,2.604347826,Medium
4149,6,12,4,6,4.6,Medium
4153,10,7,3,7,3.1,Medium
4154,29,3,8,5,4.434482759,Medium
4157,17,5,4,9,2.764705882,Medium
4160,7,17,8,6,4.885714286,Medium
4162,16,7,7,1,3.975,Medium
4164,13,7,8,3,4.907692308,Medium
4168,8,14,8,8,4.95,Medium
4169,17,18,8,2,2.164705882,Medium
4192,9,9,3,4,3.033333333,Medium
4195,7,15,2,4,2.285714286,Medium
4196,7,9,2,9,3.485714286,Medium
4197,25,1,7,2,4.5,Medium
4199,23,9,6,4,2.504347826,Medium
4200,26,10,7,9,2.653846154,Medium
4201,16,13,7,5,2.775,Medium
4203,20,12,7,6,2.6,Medium
4206,15,6,5,3,3.3,Medium
4207,9,15,6,3,3.333333333,Medium
4210,9,11,7,1,4.633333333,Medium
4214,7,11,4,2,4.085714286,Medium
4216,13,18,9,4,3.207692308,Medium
4219,25,9,9,5,3.9,Medium
4221,5,18,2,4,3.4,Medium
4226,13,1,2,6,3.107692308,Medium
4227,22,13,9,9,3.263636364,Medium
4230,16,3,5,3,3.775,Medium
4233,16,3,4,2,3.275,Medium
4235,10,5,4,5,4,Medium
4236,9,2,1,2,3.433333333,Medium
4238,21,4,3,5,2.128571429,Medium
4242,12,10,9,5,5,Medium
4245,10,8,2,3,2.4,Medium
4247,18,10,5,7,2.166666667,Medium
4249,23,7,5,1,2.404347826,Medium
4250,20,7,9,3,4.6,Medium
4253,9,2,3,9,4.433333333,Medium
4255,13,11,6,3,3.107692308,Medium
4256,7,10,5,2,4.785714286,Medium
4258,25,17,9,5,2.3,Medium
4263,15,13,6,7,2.4,Medium
4264,5,17,2,3,3.6,Medium
4271,28,1,7,2,4.371428571,Medium
4272,25,12,9,6,3.3,Medium
4274,25,4,9,7,4.9,Medium
4276,13,1,4,7,4.107692308,Medium
4277,15,2,4,9,3.6,Medium
4279,23,9,6,9,2.504347826,Medium
4281,8,7,1,1,2.85,Medium
4282,15,14,6,3,2.2,Medium
4283,28,7,6,8,2.671428571,Medium
4285,12,12,8,4,4.1,Medium
4287,10,13,9,5,4.9,Medium
4291,26,7,6,5,2.753846154,Medium
4292,27,6,5,4,2.411111111,Medium
4297,12,3,5,7,4.4,Medium
4306,16,3,5,6,3.775,Medium
4308,7,5,3,5,4.785714286,Medium
4313,12,3,4,6,3.9,Medium
4315,13,8,8,7,4.707692308,Medium
4317,6,15,2,6,3,Medium
4318,10,6,5,7,4.3,Medium
4321,13,3,3,5,3.207692308,Medium
4327,13,2,6,7,4.907692308,Medium
4329,8,2,2,8,4.35,Medium
4330,7,3,2,9,4.685714286,Medium
4331,22,3,3,5,2.263636364,Medium
4333,23,10,9,7,3.804347826,Medium
4335,21,3,6,9,3.828571429,Medium
4337,10,7,3,2,3.1,Medium
4338,16,8,4,9,2.275,Medium
4339,11,9,4,3,2.927272727,Medium
4340,22,1,3,9,2.663636364,Medium
4341,15,10,5,5,2.5,Medium
4343,8,18,4,5,2.15,Medium
4345,9,4,4,8,4.533333333,Medium
4347,28,1,6,4,3.871428571,Medium
4349,22,9,7,4,3.063636364,Medium
4351,12,4,5,4,4.2,Medium
4355,29,8,9,3,3.934482759,Medium
4357,18,1,3,9,2.966666667,Medium
4362,10,1,2,5,3.8,Medium
4364,26,17,9,1,2.253846154,Medium
4365,28,5,7,1,3.571428571,Medium
4366,11,5,1,3,2.227272727,Medium
4368,16,12,6,2,2.475,Medium
4369,20,15,9,3,3,Medium
4375,11,10,5,5,3.227272727,Medium
4378,9,9,5,4,4.033333333,Medium
4381,7,16,7,5,4.585714286,Medium
4382,28,11,9,2,3.371428571,Medium
4386,12,11,6,3,3.3,Medium
4387,10,6,4,9,3.8,Medium
4389,27,2,5,7,3.211111111,Medium
4391,13,6,6,5,4.107692308,Medium
4392,27,1,8,2,4.911111111,Medium
4394,9,2,2,2,3.933333333,Medium
4395,19,8,7,8,3.478947368,Medium
4399,14,1,2,8,2.942857143,Medium
4400,22,5,6,1,3.363636364,Medium
4402,10,12,3,3,2.1,Medium
4403,25,6,7,6,3.5,Medium
4405,26,9,7,3,2.853846154,Medium
4406,10,13,9,7,4.9,Medium
4409,22,2,3,6,2.463636364,Medium
4413,17,8,7,8,3.664705882,Medium
4414,21,4,4,6,2.628571429,Medium
4415,13,5,6,5,4.307692308,Medium
4416,10,14,7,7,3.7,Medium
4417,7,17,4,8,2.885714286,Medium
4418,23,4,7,9,4.004347826,Medium
4421,27,13,7,4,2.011111111,Medium
4423,7,6,3,1,4.585714286,Medium
4426,10,8,5,6,3.9,Medium
4427,7,18,4,8,2.685714286,Medium
4428,15,13,7,6,2.9,Medium
4433,12,9,7,2,4.2,Medium
4436,23,6,9,8,4.604347826,Medium
4437,28,1,6,8,3.871428571,Medium
4443,15,1,5,9,4.3,Medium
4450,5,19,2,3,3.2,Medium
4451,17,5,4,9,2.764705882,Medium
4452,21,7,9,1,4.528571429,Medium
4453,10,13,7,4,3.9,Medium
4454,22,16,9,8,2.663636364,Medium
4457,19,1,6,2,4.378947368,Medium
4459,17,7,6,2,3.364705882,Medium
4462,8,19,9,3,4.45,Medium
4467,17,15,9,4,3.264705882,Medium
4468,8,11,5,2,4.05,Medium
4469,8,5,4,5,4.75,Medium
4473,14,6,5,3,3.442857143,Medium
4474,23,10,8,8,3.304347826,Medium
4475,5,17,2,8,3.6,Medium
4478,12,2,5,8,4.6,Medium
4480,14,11,8,9,3.942857143,Medium
4481,26,10,9,6,3.653846154,Medium
4484,8,8,4,7,4.15,Medium
4488,17,7,8,5,4.364705882,Medium
4493,25,1,6,4,4,Medium
4495,17,18,8,6,2.164705882,Medium
4498,8,13,2,7,2.15,Medium
4499,18,4,6,9,3.866666667,Medium
4503,9,12,5,8,3.433333333,Medium
4505,19,6,4,1,2.378947368,Medium
4507,13,4,2,3,2.507692308,Medium
4512,20,5,7,6,4,Medium
4513,11,14,5,5,2.427272727,Medium
4517,20,3,4,5,2.9,Medium
4520,11,13,9,6,4.627272727,Medium
4523,18,12,9,2,3.766666667,Medium
4524,13,1,5,6,4.607692308,Medium
4527,22,1,5,4,3.663636364,Medium
4528,10,3,3,6,3.9,Medium
4534,14,15,9,9,3.642857143,Medium
4536,29,1,6,8,3.834482759,Medium
4537,9,11,3,2,2.633333333,Medium
4538,8,16,4,6,2.55,Medium
4541,22,3,4,5,2.763636364,Medium
4542,12,3,5,6,4.4,Medium
4543,19,8,7,7,3.478947368,Medium
4546,16,6,6,9,3.675,Medium
4547,25,12,8,6,2.8,Medium
4548,10,7,2,9,2.6,Medium
4549,15,11,7,3,3.3,Medium
4552,25,10,8,8,3.2,Medium
4553,14,9,7,5,3.842857143,Medium
4556,17,14,8,6,2.964705882,Medium
4557,11,10,7,9,4.227272727,Medium
4558,19,6,9,4,4.878947368,Medium
4561,20,4,4,2,2.7,Medium
4575,21,12,6,6,2.028571429,Medium
4583,21,7,6,4,3.028571429,Medium
4585,25,2,3,8,2.3,Medium
4586,28,7,5,6,2.171428571,Medium
4588,16,3,5,5,3.775,Medium
4595,12,1,5,1,4.8,Medium
4597,19,9,9,7,4.278947368,Medium
4598,14,10,9,5,4.642857143,Medium
4600,14,12,8,6,3.742857143,Medium
4603,13,9,8,6,4.507692308,Medium
4607,29,17,9,3,2.134482759,Medium
4610,9,10,6,5,4.333333333,Medium
4615,12,1,4,7,4.3,Medium
4620,20,6,4,9,2.3,Medium
4622,23,8,6,8,2.704347826,Medium
4625,26,9,9,6,3.853846154,Medium
4626,21,2,4,9,3.028571429,Medium
4629,25,8,9,2,4.1,Medium
4632,24,16,9,1,2.55,Medium
4633,12,14,8,7,3.7,Medium
4641,27,5,9,2,4.611111111,Medium
4647,29,2,3,2,2.134482759,Medium
4649,24,2,5,7,3.35,Medium
4655,8,8,1,5,2.65,Medium
4656,27,2,3,7,2.211111111,Medium
4657,27,7,6,3,2.711111111,Medium
4659,16,4,7,5,4.575,Medium
4664,22,10,9,6,3.863636364,Medium
4666,16,1,5,6,4.175,Medium
4668,19,8,6,3,2.978947368,Medium
4670,13,5,6,4,4.307692308,Medium
4674,26,5,4,4,2.153846154,Medium
4676,16,15,9,1,3.375,Medium
4677,13,19,9,6,3.007692308,Medium
4679,25,2,8,2,4.8,Medium
4681,24,5,9,5,4.75,Medium
4682,19,11,9,1,3.878947368,Medium
4685,9,15,9,6,4.833333333,Medium
4686,21,13,8,1,2.828571429,Medium
4687,22,12,9,1,3.463636364,Medium
4688,20,11,6,7,2.3,Medium
4694,12,14,6,3,2.7,Medium
4695,15,4,4,8,3.2,Medium
4697,7,19,8,5,4.485714286,Medium
4706,20,11,9,8,3.8,Medium
4708,5,14,1,5,3.7,Medium
4711,16,3,4,3,3.275,Medium
4714,28,7,8,5,3.671428571,Medium
4715,26,17,9,1,2.253846154,Medium
4716,26,9,8,5,3.353846154,Medium
4717,15,16,9,6,3.3,Medium
4718,14,11,8,9,3.942857143,Medium
4720,27,3,5,6,3.011111111,Medium
4725,18,3,4,9,3.066666667,Medium
4730,15,2,6,9,4.6,Medium
4735,17,13,7,1,2.664705882,Medium
4737,13,17,7,4,2.407692308,Medium
4738,25,4,4,1,2.4,Medium
4739,14,10,9,6,4.642857143,Medium
4742,15,6,8,4,4.8,Medium
4744,22,6,7,4,3.663636364,Medium
4750,29,5,7,4,3.534482759,Medium
4754,8,11,1,9,2.05,Medium
4755,10,1,4,8,4.8,Medium
4757,13,7,8,9,4.907692308,Medium
4758,13,11,6,5,3.107692308,Medium
4759,18,8,9,6,4.566666667,Medium
4761,15,3,7,5,4.9,Medium
4762,7,12,5,5,4.385714286,Medium
4763,28,4,8,9,4.271428571,Medium
4765,12,14,6,9,2.7,Medium
4767,25,13,8,6,2.6,Medium
4768,16,14,7,8,2.575,Medium
4771,26,3,8,1,4.553846154,Medium
4773,28,10,7,3,2.571428571,Medium
4775,19,15,9,9,3.078947368,Medium
4777,28,17,9,6,2.171428571,Medium
4778,20,6,4,6,2.3,Medium
4779,29,3,4,2,2.434482759,Medium
4780,14,18,9,7,3.042857143,Medium
4785,20,9,8,1,3.7,Medium
4792,10,9,2,6,2.2,Medium
4794,8,1,1,2,4.05,Medium
4795,19,7,8,7,4.178947368,Medium
4796,13,4,3,6,3.007692308,Medium
4799,13,5,6,3,4.307692308,Medium
4805,10,10,8,4,5,Medium
4807,12,10,4,6,2.5,Medium
4810,21,16,8,1,2.228571429,Medium
4817,8,15,4,7,2.75,Medium
4822,25,1,6,9,4,Medium
4824,8,19,7,5,3.45,Medium
4826,17,12,6,1,2.364705882,Medium
4828,18,17,8,6,2.266666667,Medium
4830,21,4,4,8,2.628571429,Medium
4831,13,12,5,8,2.407692308,Medium
4837,11,5,3,9,3.227272727,Medium
4839,16,8,5,9,2.775,Medium
4843,22,1,2,9,2.163636364,Medium
4844,17,19,9,8,2.464705882,Medium
4855,28,3,9,7,4.971428571,Medium
4860,19,13,8,2,2.978947368,Medium
4866,9,7,5,5,4.433333333,Medium
4867,17,8,7,6,3.664705882,Medium
4868,11,8,2,9,2.127272727,Medium
4870,29,5,7,5,3.534482759,Medium
4871,19,4,6,3,3.778947368,Medium
4872,23,5,7,4,3.804347826,Medium
4879,29,9,9,1,3.734482759,Medium
4887,6,3,1,3,4.9,Medium
4889,29,1,8,8,4.834482759,Medium
4891,22,6,5,4,2.663636364,Medium
4892,19,17,8,3,2.178947368,Medium
4896,23,3,8,5,4.704347826,Medium
4899,28,12,9,6,3.171428571,Medium
4903,7,9,5,7,4.985714286,Medium
4904,7,19,8,9,4.485714286,Medium
4910,15,5,6,5,4,Medium
4911,27,11,8,3,2.911111111,Medium
4916,6,3,1,8,4.9,Medium
4919,15,10,9,8,4.5,Medium
4921,18,8,4,8,2.066666667,Medium
4927,10,19,9,2,3.7,Medium
4936,20,16,9,9,2.8,Medium
4937,5,15,4,6,5,Medium
4938,9,13,7,2,4.233333333,Medium
4939,9,7,4,6,3.933333333,Medium
4941,20,16,8,8,2.3,Medium
4944,10,4,4,8,4.2,Medium
4945,8,15,6,3,3.75,Medium
4946,11,3,5,7,4.627272727,Medium
4947,9,9,6,1,4.533333333,Medium
4952,7,13,5,4,4.185714286,Medium
4957,25,9,6,9,2.4,Medium
4960,8,18,6,5,3.15,Medium
4962,25,2,3,4,2.3,Medium
4965,5,11,1,4,4.3,Medium
4966,24,6,8,1,4.05,Medium
4969,10,19,7,5,2.7,Medium
4972,21,14,8,7,2.628571429,Medium
4976,28,8,6,5,2.471428571,Medium
4977,26,2,4,4,2.753846154,Medium
4980,27,13,7,4,2.011111111,Medium
4988,19,7,7,6,3.678947368,Medium
4991,24,15,9,7,2.75,Medium
4993,19,7,4,3,2.178947368,Medium
4995,25,17,9,7,2.3,Medium
4996,25,14,9,5,2.9,Medium
4998,10,3,2,8,3.4,Medium
5000,25,4,6,4,3.4,Medium
5002,22,6,8,7,4.163636364,Medium
5003,9,7,2,9,2.933333333,Medium
5004,24,6,9,2,4.55,Medium
5006,4,19,2,6,4.7,Medium
5011,6,18,3,1,2.9,Medium
5012,8,5,1,4,3.25,Medium
5017,10,5,2,7,3,Medium
5020,23,9,6,4,2.504347826,Medium
5021,26,13,9,4,3.053846154,Medium
5023,18,9,5,5,2.366666667,Medium
5025,5,17,3,7,4.1,Medium
5027,24,7,8,8,3.85,Medium
5029,8,12,6,6,4.35,Medium
5033,11,7,2,6,2.327272727,Medium
5034,20,13,7,2,2.4,Medium
5035,23,6,4,4,2.104347826,Medium
5036,18,3,7,9,4.566666667,Medium
5037,15,3,2,3,2.4,Medium
5040,7,10,1,2,2.785714286,Medium
5042,22,2,6,8,3.963636364,Medium
5043,5,17,4,6,4.6,Medium
5049,12,10,6,8,3.5,Medium
5054,18,9,7,3,3.366666667,Medium
5059,7,9,1,5,2.985714286,Medium
5062,20,12,8,7,3.1,Medium
5068,23,8,8,2,3.704347826,Medium
5070,21,8,9,5,4.328571429,Medium
5073,22,2,8,8,4.963636364,Medium
5079,16,1,5,9,4.175,Medium
5086,10,4,4,5,4.2,Medium
5087,18,7,4,1,2.266666667,Medium
5088,5,18,3,4,3.9,Medium
5089,20,5,8,3,4.5,Medium
5091,12,12,8,9,4.1,Medium
5093,9,17,5,4,2.433333333,Medium
5094,17,1,5,7,4.064705882,Medium
5096,10,8,7,3,4.9,Medium
5099,12,14,9,9,4.2,Medium
5102,10,17,8,6,3.6,Medium
5107,7,19,9,6,4.985714286,Medium
5109,24,9,7,7,2.95,Medium
5111,13,8,4,1,2.707692308,Medium
5113,27,3,5,3,3.011111111,Medium
5115,12,5,2,5,2.5,Medium
5117,12,11,9,6,4.8,Medium
5119,6,19,2,4,2.2,Medium
5120,21,12,6,2,2.028571429,Medium
5122,11,8,5,2,3.627272727,Medium
5124,7,11,1,8,2.585714286,Medium
5125,16,10,7,4,3.375,Medium
5128,25,15,9,3,2.7,Medium
5131,18,6,7,1,3.966666667,Medium
5133,14,4,7,6,4.842857143,Medium
5136,28,5,5,8,2.571428571,Medium
5138,11,13,6,1,3.127272727,Medium
5139,15,10,6,2,3,Medium
5143,20,7,6,5,3.1,Medium
5144,9,10,3,9,2.833333333,Medium
5149,12,4,2,9,2.7,Medium
5150,19,5,3,3,2.078947368,Medium
5153,16,4,7,6,4.575,Medium
5154,17,6,6,5,3.564705882,Medium
5158,15,4,7,1,4.7,Medium
5163,15,14,8,8,3.2,Medium
5168,27,8,5,1,2.011111111,Medium
5180,10,1,1,7,3.3,Medium
5181,26,13,7,3,2.053846154,Medium
5182,21,11,8,4,3.228571429,Medium
5183,6,19,5,9,3.7,Medium
5185,11,4,5,8,4.427272727,Medium
5193,22,5,7,1,3.863636364,Medium
5194,10,9,3,7,2.7,Medium
5196,17,9,7,4,3.464705882,Medium
5197,18,9,5,1,2.366666667,Medium
5199,21,10,6,8,2.428571429,Medium
5200,15,3,2,2,2.4,Medium
5203,18,3,7,5,4.566666667,Medium
5205,11,13,4,3,2.127272727,Medium
5206,27,8,6,4,2.511111111,Medium
5207,11,14,5,1,2.427272727,Medium
5211,15,8,9,9,4.9,Medium
5217,20,16,8,1,2.3,Medium
5218,8,13,5,1,3.65,Medium
5219,5,17,4,4,4.6,Medium
5220,18,12,6,9,2.266666667,Medium
5225,15,18,9,3,2.9,Medium
5229,21,3,3,9,2.328571429,Medium
5233,22,1,3,7,2.663636364,Medium
5235,10,9,3,4,2.7,Medium
5236,15,2,3,7,3.1,Medium
5237,27,13,7,2,2.011111111,Medium
5238,8,10,1,9,2.25,Medium
5240,4,15,1,6,5,Medium
5241,14,11,9,8,4.442857143,Medium
5242,16,11,6,8,2.675,Medium
5243,8,9,6,2,4.95,Medium
5246,24,15,9,9,2.75,Medium
5247,14,9,8,8,4.342857143,Medium
5252,11,15,9,3,4.227272727,Medium
5254,14,9,7,6,3.842857143,Medium
5258,12,19,9,8,3.2,Medium
5260,16,5,8,3,4.875,Medium
5261,29,8,9,4,3.934482759,Medium
5262,27,11,8,9,2.911111111,Medium
5268,28,13,8,6,2.471428571,Medium
5274,7,17,3,5,2.385714286,Medium
5278,9,11,2,7,2.133333333,Medium
5279,8,10,6,5,4.75,Medium
5293,21,5,5,7,2.928571429,Medium
5295,24,2,3,6,2.35,Medium
5296,8,19,5,2,2.45,Medium
5297,9,16,9,4,4.633333333,Medium
5298,18,11,6,9,2.466666667,Medium
5300,8,14,7,6,4.45,Medium
5302,9,2,1,5,3.433333333,Medium
5305,13,6,7,9,4.607692308,Medium
5306,5,13,2,4,4.4,Medium
5310,15,19,8,8,2.2,Medium
5311,9,17,6,6,2.933333333,Medium
5312,22,12,7,4,2.463636364,Medium
5315,23,6,8,9,4.104347826,Medium
5318,22,2,7,5,4.463636364,Medium
5321,7,8,4,9,4.685714286,Medium
5322,15,13,9,6,3.9,Medium
5325,8,9,3,6,3.45,Medium
5327,7,11,1,5,2.585714286,Medium
5329,24,7,5,7,2.35,Medium
5330,23,14,8,1,2.504347826,Medium
5333,17,16,7,2,2.064705882,Medium
5334,16,4,3,9,2.575,Medium
5335,17,7,6,5,3.364705882,Medium
5337,18,16,8,9,2.466666667,Medium
5339,16,5,6,3,3.875,Medium
5341,5,16,1,9,3.3,Medium
5342,9,16,6,9,3.133333333,Medium
5343,14,2,1,2,2.242857143,Medium
5344,28,3,9,9,4.971428571,Medium
5345,11,7,6,5,4.327272727,Medium
5346,20,17,8,8,2.1,Medium
5348,23,4,3,3,2.004347826,Medium
5353,10,18,7,6,2.9,Medium
5354,14,3,3,7,3.042857143,Medium
5355,9,8,6,7,4.733333333,Medium
5357,11,9,6,3,3.927272727,Medium
5363,17,8,4,9,2.164705882,Medium
5364,16,19,8,2,2.075,Medium
5368,17,5,7,8,4.264705882,Medium
5369,10,17,9,2,4.1,Medium
5380,19,15,8,5,2.578947368,Medium
5382,7,19,5,6,2.985714286,Medium
5383,26,15,9,4,2.653846154,Medium
5385,7,7,3,7,4.385714286,Medium
5386,7,9,4,3,4.485714286,Medium
5390,12,5,2,9,2.5,Medium
5392,13,13,7,3,3.207692308,Medium
5396,28,3,6,3,3.471428571,Medium
5402,29,6,9,5,4.334482759,Medium
5407,7,12,4,2,3.885714286,Medium
5408,28,12,9,1,3.171428571,Medium
5412,29,4,5,3,2.734482759,Medium
5420,21,12,9,5,3.528571429,Medium
5421,25,11,8,7,3,Medium
5422,29,7,9,4,4.134482759,Medium
5423,7,10,3,8,3.785714286,Medium
5426,23,9,5,9,2.004347826,Medium
5427,25,1,8,4,5,Medium
5431,23,5,6,8,3.304347826,Medium
5432,18,11,8,4,3.466666667,Medium
5433,9,18,7,7,3.233333333,Medium
5435,9,18,7,1,3.233333333,Medium
5436,18,5,4,9,2.666666667,Medium
5440,15,18,8,8,2.4,Medium
5444,20,12,9,5,3.6,Medium
5446,8,14,6,4,3.95,Medium
5450,29,10,9,3,3.534482759,Medium
5451,6,19,4,5,3.2,Medium
5452,18,4,7,3,4.366666667,Medium
5457,20,14,9,8,3.2,Medium
5460,18,6,4,6,2.466666667,Medium
5461,17,10,8,6,3.764705882,Medium
5462,16,4,5,5,3.575,Medium
5464,26,8,7,2,3.053846154,Medium
5466,24,9,6,5,2.45,Medium
5469,13,4,5,8,4.007692308,Medium
5474,14,3,6,6,4.542857143,Medium
5477,17,1,5,8,4.064705882,Medium
5478,16,8,5,9,2.775,Medium
5481,6,5,1,3,4.5,Medium
5482,14,3,1,4,2.042857143,Medium
5483,27,4,6,8,3.311111111,Medium
5485,13,16,7,8,2.607692308,Medium
5487,21,17,9,4,2.528571429,Medium
5490,9,18,7,2,3.233333333,Medium
5491,5,11,1,9,4.3,Medium
5492,10,12,8,5,4.6,Medium
5493,11,2,3,2,3.827272727,Medium
5494,8,12,7,1,4.85,Medium
5495,7,17,7,1,4.385714286,Medium
5497,11,8,4,5,3.127272727,Medium
5499,16,3,2,7,2.275,Medium
5501,14,11,6,2,2.942857143,Medium
5504,6,18,6,2,4.4,Medium
5507,11,7,3,8,2.827272727,Medium
5513,13,5,4,6,3.307692308,Medium
5516,9,9,2,9,2.533333333,Medium
5518,16,4,6,9,4.075,Medium
5519,7,6,1,7,3.585714286,Medium
5520,19,15,7,9,2.078947368,Medium
5521,10,11,5,4,3.3,Medium
5523,7,8,1,7,3.185714286,Medium
5530,13,1,5,4,4.607692308,Medium
5532,12,1,2,7,3.3,Medium
5534,16,3,6,9,4.275,Medium
5535,25,10,7,7,2.7,Medium
5536,10,7,4,9,3.6,Medium
5538,21,19,9,1,2.128571429,Medium
5540,9,3,4,8,4.733333333,Medium
5541,15,17,7,1,2.1,Medium
5542,29,4,4,5,2.234482759,Medium
5546,19,14,9,9,3.278947368,Medium
5550,20,15,9,9,3,Medium
5553,16,3,5,3,3.775,Medium
5556,22,19,9,3,2.063636364,Medium
5561,12,4,2,8,2.7,Medium
5564,15,2,1,8,2.1,Medium
5565,12,2,2,9,3.1,Medium
5568,10,18,8,2,3.4,Medium
5571,10,4,1,4,2.7,Medium
5575,14,6,5,1,3.442857143,Medium
5576,27,5,6,4,3.111111111,Medium
5577,14,3,1,8,2.042857143,Medium
5578,7,9,4,3,4.485714286,Medium
5579,16,10,6,2,2.875,Medium
5581,23,11,6,5,2.104347826,Medium
5582,26,12,8,6,2.753846154,Medium
5585,22,4,8,7,4.563636364,Medium
5590,11,9,8,9,4.927272727,Medium
5592,19,7,5,4,2.678947368,Medium
5593,16,14,6,2,2.075,Medium
5594,14,9,8,9,4.342857143,Medium
5595,10,4,1,2,2.7,Medium
5605,9,13,5,3,3.233333333,Medium
5607,20,10,8,6,3.5,Medium
5613,15,6,5,2,3.3,Medium
5625,17,1,6,7,4.564705882,Medium
5626,23,10,9,4,3.804347826,Medium
5629,13,9,4,3,2.507692308,Medium
5630,27,2,8,3,4.711111111,Medium
5631,14,3,1,7,2.042857143,Medium
5633,20,12,9,4,3.6,Medium
5635,21,12,6,5,2.028571429,Medium
5637,13,14,5,5,2.007692308,Medium
5639,27,4,6,6,3.311111111,Medium
5640,24,5,8,7,4.25,Medium
5642,27,5,5,7,2.611111111,Medium
5643,18,18,9,8,2.566666667,Medium
5644,29,10,9,8,3.534482759,Medium
5645,12,11,8,2,4.3,Medium
5647,26,9,8,2,3.353846154,Medium
5648,22,2,8,5,4.963636364,Medium
5649,11,6,3,6,3.027272727,Medium
5650,18,4,6,5,3.866666667,Medium
5661,15,11,9,4,4.3,Medium
5663,19,3,4,3,2.978947368,Medium
5665,17,12,8,6,3.364705882,Medium
5667,5,18,4,8,4.4,Medium
5672,15,9,6,4,3.2,Medium
5674,5,17,1,9,3.1,Medium
5677,12,1,2,6,3.3,Medium
5679,16,8,9,1,4.775,Medium
5682,9,8,2,4,2.733333333,Medium
5684,23,8,7,4,3.204347826,Medium
5686,5,18,2,4,3.4,Medium
5691,26,1,3,2,2.453846154,Medium
5692,7,6,2,8,4.085714286,Medium
5694,26,7,9,2,4.253846154,Medium
5697,25,8,7,1,3.1,Medium
5699,12,6,2,7,2.3,Medium
5700,19,4,6,5,3.778947368,Medium
5701,14,13,5,3,2.042857143,Medium
5702,23,2,6,4,3.904347826,Medium
5703,12,6,3,5,2.8,Medium
5708,16,7,6,7,3.475,Medium
5710,13,3,1,2,2.207692308,Medium
5711,15,5,3,6,2.5,Medium
5718,18,10,7,8,3.166666667,Medium
5720,6,5,2,1,5,Medium
5721,21,5,7,5,3.928571429,Medium
5723,24,13,9,3,3.15,Medium
5726,28,12,9,5,3.171428571,Medium
5730,24,11,9,9,3.55,Medium
5731,14,1,4,2,3.942857143,Medium
5734,18,6,4,9,2.466666667,Medium
5738,22,2,8,9,4.963636364,Medium
5739,29,13,8,3,2.434482759,Medium
5743,20,9,8,6,3.7,Medium
5746,10,12,6,1,3.6,Medium
5749,9,14,4,2,2.533333333,Medium
5750,7,16,2,5,2.085714286,Medium
5751,29,13,8,3,2.434482759,Medium
5755,20,5,6,8,3.5,Medium
5756,20,5,5,6,3,Medium
5759,23,2,8,9,4.904347826,Medium
5763,27,11,8,2,2.911111111,Medium
5767,11,12,4,4,2.327272727,Medium
5768,12,18,9,8,3.4,Medium
5769,20,9,8,2,3.7,Medium
5775,28,2,8,9,4.671428571,Medium
5776,19,15,7,6,2.078947368,Medium
5778,27,7,9,5,4.211111111,Medium
5787,21,4,7,2,4.128571429,Medium
5789,18,6,6,1,3.466666667,Medium
5790,12,17,9,1,3.6,Medium
5791,9,6,1,4,2.633333333,Medium
5792,6,16,4,7,3.8,Medium
5795,18,6,9,7,4.966666667,Medium
5796,4,19,1,9,4.2,Medium
5797,12,18,8,8,2.9,Medium
5798,13,10,4,5,2.307692308,Medium
5800,25,4,7,2,3.9,Medium
5803,17,6,8,6,4.564705882,Medium
5811,21,2,2,7,2.028571429,Medium
5813,13,15,9,4,3.807692308,Medium
5819,20,2,2,3,2.1,Medium
5820,18,11,8,1,3.466666667,Medium
5821,26,2,6,5,3.753846154,Medium
5823,9,4,4,9,4.533333333,Medium
5827,17,9,8,5,3.964705882,Medium
5829,9,7,5,6,4.433333333,Medium
5830,5,11,2,8,4.8,Medium
5831,9,14,6,8,3.533333333,Medium
5832,8,10,4,9,3.75,Medium
5835,29,3,6,6,3.434482759,Medium
5839,29,9,7,6,2.734482759,Medium
5840,10,18,7,8,2.9,Medium
5841,14,5,7,6,4.642857143,Medium
5845,8,19,9,7,4.45,Medium
5846,21,11,8,7,3.228571429,Medium
5847,16,15,9,7,3.375,Medium
5848,27,4,5,1,2.811111111,Medium
5849,15,1,2,4,2.8,Medium
5850,14,8,6,2,3.542857143,Medium
5854,29,7,8,3,3.634482759,Medium
5855,6,13,1,2,2.9,Medium
5856,21,9,5,6,2.128571429,Medium
5858,16,7,5,6,2.975,Medium
5859,8,16,5,4,3.05,Medium
5861,17,1,1,4,2.064705882,Medium
5862,13,5,7,4,4.807692308,Medium
5865,9,9,5,4,4.033333333,Medium
5867,7,19,4,7,2.485714286,Medium
5869,28,12,7,4,2.171428571,Medium
5870,12,6,5,5,3.8,Medium
5871,29,3,9,7,4.934482759,Medium
5872,14,6,5,9,3.442857143,Medium
5873,7,13,6,7,4.685714286,Medium
5877,16,13,9,6,3.775,Medium
5878,19,3,8,7,4.978947368,Medium
5880,18,1,5,5,3.966666667,Medium
5885,18,3,6,2,4.066666667,Medium
5889,16,1,3,4,3.175,Medium
5890,22,1,5,1,3.663636364,Medium
5892,11,8,2,3,2.127272727,Medium
5893,8,18,9,6,4.65,Medium
5894,16,2,5,4,3.975,Medium
5901,27,8,8,5,3.511111111,Medium
5902,11,5,3,8,3.227272727,Medium
5904,26,11,7,6,2.453846154,Medium
5906,24,3,8,1,4.65,Medium
5907,23,7,5,8,2.404347826,Medium
5908,19,18,9,5,2.478947368,Medium
5909,12,8,5,2,3.4,Medium
5911,18,2,3,3,2.766666667,Medium
5919,24,16,9,3,2.55,Medium
5921,21,16,8,8,2.228571429,Medium
5922,29,15,9,3,2.534482759,Medium
5923,16,9,7,7,3.575,Medium
5924,7,4,1,8,3.985714286,Medium
5925,16,10,7,4,3.375,Medium
5930,12,6,2,5,2.3,Medium
5931,15,1,5,9,4.3,Medium
5933,5,12,1,2,4.1,Medium
5939,12,10,7,4,4,Medium
5941,7,19,6,2,3.485714286,Medium
5944,15,18,9,9,2.9,Medium
5947,25,7,9,5,4.3,Medium
5948,9,16,8,5,4.133333333,Medium
5949,9,1,2,1,4.133333333,Medium
5950,22,9,6,9,2.563636364,Medium
5952,14,10,5,3,2.642857143,Medium
5953,29,11,8,4,2.834482759,Medium
5954,6,16,5,5,4.3,Medium
5956,9,16,6,7,3.133333333,Medium
5957,9,17,6,9,2.933333333,Medium
5961,10,15,8,2,4,Medium
5964,12,8,5,4,3.4,Medium
5968,18,18,9,2,2.566666667,Medium
5969,21,5,8,4,4.428571429,Medium
5970,22,5,6,8,3.363636364,Medium
5972,20,5,9,2,5,Medium
5973,19,11,9,1,3.878947368,Medium
5976,14,4,6,6,4.342857143,Medium
5979,6,18,7,1,4.9,Medium
5981,8,11,3,7,3.05,Medium
5982,18,9,6,8,2.866666667,Medium
5985,8,12,4,3,3.35,Medium
5988,20,10,7,2,3,Medium
5989,18,18,8,6,2.066666667,Medium
5991,14,4,5,1,3.842857143,Medium
5992,7,16,7,8,4.585714286,Medium
5993,26,14,9,9,2.853846154,Medium
5994,10,19,8,3,3.2,Medium
5998,8,13,5,7,3.65,Medium
6002,28,7,9,8,4.171428571,Medium
6005,14,5,7,6,4.642857143,Medium
6008,28,12,7,1,2.171428571,Medium
6013,12,6,2,7,2.3,Medium
6015,13,7,7,2,4.407692308,Medium
6020,19,9,8,7,3.778947368,Medium
6024,27,12,8,1,2.711111111,Medium
6032,22,9,9,1,4.063636364,Medium
6037,12,12,7,8,3.6,Medium
6044,13,12,9,6,4.407692308,Medium
6051,13,6,5,6,3.607692308,Medium
6052,17,13,9,2,3.664705882,Medium
6053,18,17,9,7,2.766666667,Medium
6056,8,8,5,1,4.65,Medium
6062,19,10,6,9,2.578947368,Medium
6063,17,15,9,8,3.264705882,Medium
6066,26,15,8,3,2.153846154,Medium
6074,25,1,7,3,4.5,Medium
6075,25,8,9,4,4.1,Medium
6077,11,12,9,1,4.827272727,Medium
6081,9,12,8,1,4.933333333,Medium
6086,7,7,1,7,3.385714286,Medium
6087,13,11,9,9,4.607692308,Medium
6091,8,2,2,2,4.35,Medium
6092,12,1,4,3,4.3,Medium
6100,26,13,9,9,3.053846154,Medium
6102,25,7,9,5,4.3,Medium
6104,24,11,9,1,3.55,Medium
6105,27,11,9,7,3.411111111,Medium
6106,10,14,8,8,4.2,Medium
6107,26,8,8,3,3.553846154,Medium
6108,14,8,8,2,4.542857143,Medium
6109,8,4,2,4,3.95,Medium
6113,19,10,5,9,2.078947368,Medium
6114,28,5,7,1,3.571428571,Medium
6116,7,12,1,8,2.385714286,Medium
6119,11,12,5,7,2.827272727,Medium
6122,9,15,6,5,3.333333333,Medium
6126,18,9,7,4,3.366666667,Medium
6130,21,9,6,4,2.628571429,Medium
6132,7,16,7,1,4.585714286,Medium
6133,19,5,5,2,3.078947368,Medium
6144,27,2,3,3,2.211111111,Medium
6149,12,5,3,1,3,Medium
6151,9,17,5,9,2.433333333,Medium
6152,11,1,1,5,3.027272727,Medium
6156,13,6,2,9,2.107692308,Medium
6162,21,2,5,7,3.528571429,Medium
6165,21,2,6,3,4.028571429,Medium
6167,8,8,2,9,3.15,Medium
6170,20,1,2,8,2.3,Medium
6171,11,12,8,8,4.327272727,Medium
6172,23,1,6,2,4.104347826,Medium
6174,13,14,7,4,3.007692308,Medium
6175,19,11,8,6,3.378947368,Medium
6177,9,8,5,4,4.233333333,Medium
6180,12,1,4,8,4.3,Medium
6183,12,16,7,2,2.8,Medium
6185,8,5,2,9,3.75,Medium
6188,17,5,8,3,4.764705882,Medium
6190,13,6,7,9,4.607692308,Medium
6192,27,9,8,3,3.311111111,Medium
6194,17,1,3,9,3.064705882,Medium
6199,18,13,8,9,3.066666667,Medium
6203,29,9,7,7,2.734482759,Medium
6204,8,17,9,9,4.85,Medium
6208,23,4,5,2,3.004347826,Medium
6210,20,5,8,3,4.5,Medium
6213,24,9,6,4,2.45,Medium
6214,17,18,9,7,2.664705882,Medium
6218,29,7,6,8,2.634482759,Medium
6221,23,5,4,7,2.304347826,Medium
6222,9,12,8,7,4.933333333,Medium
6228,14,11,6,8,2.942857143,Medium
6229,21,10,9,9,3.928571429,Medium
6233,25,12,9,6,3.3,Medium
6234,13,4,6,9,4.507692308,Medium
6237,21,7,7,1,3.528571429,Medium
6243,6,17,1,6,2.1,Medium
6244,21,7,7,2,3.528571429,Medium
6245,21,2,3,7,2.528571429,Medium
6247,11,6,1,5,2.027272727,Medium
6248,13,4,5,1,4.007692308,Medium
6251,6,18,3,8,2.9,Medium
6252,12,8,8,9,4.9,Medium
6256,12,1,5,4,4.8,Medium
6260,19,9,9,1,4.278947368,Medium
6261,28,8,6,7,2.471428571,Medium
6263,5,15,2,8,4,Medium
6265,24,11,8,1,3.05,Medium
6266,7,11,3,4,3.585714286,Medium
6268,24,15,8,9,2.25,Medium
6269,16,5,5,3,3.375,Medium
6270,22,3,5,7,3.263636364,Medium
6271,5,19,4,3,4.2,Medium
6275,18,4,8,7,4.866666667,Medium
6279,24,13,7,4,2.15,Medium
6285,9,4,3,1,4.033333333,Medium
6289,15,5,7,9,4.5,Medium
6295,19,8,5,6,2.478947368,Medium
6297,25,16,9,6,2.5,Medium
6298,18,8,6,5,3.066666667,Medium
6299,16,3,3,2,2.775,Medium
6301,25,4,4,9,2.4,Medium
6307,21,9,8,3,3.628571429,Medium
6308,5,11,2,2,4.8,Medium
6309,16,8,4,7,2.275,Medium
6311,14,5,4,1,3.142857143,Medium
6321,8,12,4,6,3.35,Medium
6322,27,8,6,3,2.511111111,Medium
6324,11,16,9,3,4.027272727,Medium
6326,29,3,4,5,2.434482759,Medium
6329,10,3,1,2,2.9,Medium
6333,21,3,7,1,4.328571429,Medium
6335,16,5,5,4,3.375,Medium
6337,24,6,6,3,3.05,Medium
6340,11,16,5,6,2.027272727,Medium
6341,9,13,5,8,3.233333333,Medium
6342,16,1,5,2,4.175,Medium
6343,23,12,8,5,2.904347826,Medium
6345,19,2,7,2,4.678947368,Medium
6346,17,6,8,9,4.564705882,Medium
6350,20,16,8,7,2.3,Medium
6351,16,1,6,1,4.675,Medium
6352,10,11,4,4,2.8,Medium
6354,17,8,8,7,4.164705882,Medium
6357,8,15,7,6,4.25,Medium
6365,21,2,2,9,2.028571429,Medium
6368,23,4,6,4,3.504347826,Medium
6372,26,13,7,6,2.053846154,Medium
6374,6,12,2,3,3.6,Medium
6376,15,13,6,8,2.4,Medium
6379,16,1,4,1,3.675,Medium
6380,18,2,2,2,2.266666667,Medium
6383,8,11,3,5,3.05,Medium
6384,16,16,9,5,3.175,Medium
6385,19,7,8,1,4.178947368,Medium
6386,10,9,7,6,4.7,Medium
6388,21,13,7,6,2.328571429,Medium
6389,22,5,7,3,3.863636364,Medium
6391,12,17,6,7,2.1,Medium
6393,22,4,3,5,2.063636364,Medium
6395,8,8,4,7,4.15,Medium
6399,25,6,7,7,3.5,Medium
6403,27,6,6,5,2.911111111,Medium
6405,11,14,7,5,3.427272727,Medium
6408,21,1,2,1,2.228571429,Medium
6409,24,13,9,8,3.15,Medium
6410,15,10,5,3,2.5,Medium
6411,18,10,9,3,4.166666667,Medium
6412,16,11,6,2,2.675,Medium
6413,11,15,8,6,3.727272727,Medium
6420,8,13,7,2,4.65,Medium
6421,20,15,8,3,2.5,Medium
6423,9,15,6,4,3.333333333,Medium
6427,11,17,9,1,3.827272727,Medium
6428,21,3,8,2,4.828571429,Medium
6429,24,3,4,4,2.65,Medium
6430,22,7,8,2,3.963636364,Medium
6432,23,15,9,2,2.804347826,Medium
6433,19,9,8,7,3.778947368,Medium
6439,15,15,7,2,2.5,Medium
6440,16,8,4,1,2.275,Medium
6441,24,4,5,7,2.95,Medium
6443,14,13,8,7,3.542857143,Medium
6445,12,11,9,5,4.8,Medium
6447,19,4,3,3,2.278947368,Medium
6448,21,12,8,6,3.028571429,Medium
6449,8,17,4,9,2.35,Medium
6453,14,6,6,2,3.942857143,Medium
6457,11,9,6,4,3.927272727,Medium
6459,23,6,8,9,4.104347826,Medium
6460,7,10,5,4,4.785714286,Medium
6462,21,7,7,5,3.528571429,Medium
6465,20,3,6,8,3.9,Medium
6469,14,8,5,9,3.042857143,Medium
6476,12,1,5,1,4.8,Medium
6477,10,12,3,4,2.1,Medium
6478,16,3,6,1,4.275,Medium
6481,27,16,9,4,2.411111111,Medium
6482,16,17,8,1,2.475,Medium
6483,28,12,8,3,2.671428571,Medium
6484,7,6,1,4,3.585714286,Medium
6485,18,7,6,4,3.266666667,Medium
6492,10,7,6,1,4.6,Medium
6493,10,6,3,8,3.3,Medium
6494,23,16,8,2,2.104347826,Medium
6506,29,4,6,8,3.234482759,Medium
6508,29,10,8,3,3.034482759,Medium
6509,14,12,8,1,3.742857143,Medium
6511,21,7,7,9,3.528571429,Medium
6512,22,5,9,6,4.863636364,Medium
6518,19,6,6,6,3.378947368,Medium
6519,7,18,5,4,3.185714286,Medium
6521,8,6,2,4,3.55,Medium
6522,23,12,7,7,2.404347826,Medium
6523,23,2,3,6,2.404347826,Medium
6524,9,7,4,7,3.933333333,Medium
6529,29,3,9,8,4.934482759,Medium
6530,6,16,2,9,2.8,Medium
6532,9,9,2,9,2.533333333,Medium
6534,14,14,9,5,3.842857143,Medium
6536,15,12,5,6,2.1,Medium
6542,5,18,1,4,2.9,Medium
6543,11,8,3,3,2.627272727,Medium
6544,22,3,5,1,3.263636364,Medium
6545,10,1,4,9,4.8,Medium
6546,8,15,3,7,2.25,Medium
6547,29,15,8,1,2.034482759,Medium
6548,24,6,4,8,2.05,Medium
6550,20,9,5,3,2.2,Medium
6551,18,10,6,1,2.666666667,Medium
6557,7,11,3,8,3.585714286,Medium
6559,11,5,4,2,3.727272727,Medium
6561,10,10,5,2,3.5,Medium
6564,10,13,9,3,4.9,Medium
6566,12,3,5,5,4.4,Medium
6567,18,13,6,8,2.066666667,Medium
6571,24,1,5,2,3.55,Medium
6573,18,13,8,1,3.066666667,Medium
6576,6,7,2,7,4.6,Medium
6577,9,15,6,2,3.333333333,Medium
6578,28,4,7,5,3.771428571,Medium
6579,21,4,3,2,2.128571429,Medium
6581,12,3,3,2,3.4,Medium
6583,8,4,4,4,4.95,Medium
6584,15,4,7,2,4.7,Medium
6585,12,9,5,8,3.2,Medium
6586,25,13,9,2,3.1,Medium
6588,5,18,1,4,2.9,Medium
6590,20,5,8,7,4.5,Medium
6591,21,3,5,2,3.328571429,Medium
6597,9,17,6,9,2.933333333,Medium
6604,15,7,7,6,4.1,Medium
6605,12,15,6,8,2.5,Medium
6606,16,13,9,4,3.775,Medium
6608,25,12,7,3,2.3,Medium
6609,28,17,9,7,2.171428571,Medium
6610,9,1,2,6,4.133333333,Medium
6617,9,3,3,1,4.233333333,Medium
6620,21,17,9,1,2.528571429,Medium
6621,7,6,2,4,4.085714286,Medium
6624,16,4,3,8,2.575,Medium
6625,27,11,7,8,2.411111111,Medium
6626,12,2,4,1,4.1,Medium
6631,6,16,6,1,4.8,Medium
6632,22,4,8,6,4.563636364,Medium
6636,23,13,7,5,2.204347826,Medium
6641,26,9,8,4,3.353846154,Medium
6644,24,8,8,3,3.65,Medium
6647,20,13,9,5,3.4,Medium
6648,18,8,6,7,3.066666667,Medium
6657,6,11,1,2,3.3,Medium
6660,26,2,6,8,3.753846154,Medium
6663,24,9,8,4,3.45,Medium
6665,10,1,1,5,3.3,Medium
6666,7,7,4,7,4.885714286,Medium
6669,10,11,3,7,2.3,Medium
6672,29,3,7,3,3.934482759,Medium
6674,25,13,7,1,2.1,Medium
6676,23,2,4,1,2.904347826,Medium
6677,18,6,7,8,3.966666667,Medium
6683,17,10,7,8,3.264705882,Medium
6685,17,17,9,9,2.864705882,Medium
6691,25,12,7,4,2.3,Medium
6692,20,11,7,9,2.8,Medium
6696,10,9,7,8,4.7,Medium
6697,16,10,7,7,3.375,Medium
6701,18,17,9,8,2.766666667,Medium
6702,16,6,7,6,4.175,Medium
6707,11,9,7,4,4.427272727,Medium
6710,11,5,4,8,3.727272727,Medium
6713,18,6,4,6,2.466666667,Medium
6715,6,10,1,7,3.5,Medium
6716,11,17,9,2,3.827272727,Medium
6722,12,2,1,2,2.6,Medium
6725,14,8,8,4,4.542857143,Medium
6728,10,17,7,2,3.1,Medium
6732,19,5,4,6,2.578947368,Medium
6733,11,8,7,6,4.627272727,Medium
6737,8,13,3,6,2.65,Medium
6742,29,3,7,4,3.934482759,Medium
6746,8,15,8,9,4.75,Medium
6749,25,9,8,4,3.4,Medium
6754,11,14,7,2,3.427272727,Medium
6757,14,17,9,7,3.242857143,Medium
6762,21,5,8,8,4.428571429,Medium
6763,7,17,4,9,2.885714286,Medium
6766,5,16,2,1,3.8,Medium
6770,9,17,7,6,3.433333333,Medium
6771,13,11,9,5,4.607692308,Medium
6774,18,12,7,4,2.766666667,Medium
6778,12,5,2,9,2.5,Medium
6779,27,16,9,3,2.411111111,Medium
6781,9,18,8,7,3.733333333,Medium
6783,18,2,2,1,2.266666667,Medium
6784,9,14,4,8,2.533333333,Medium
6786,8,11,3,5,3.05,Medium
6789,16,11,6,1,2.675,Medium
6790,14,10,5,5,2.642857143,Medium
6792,5,18,5,2,4.9,Medium
6793,5,18,2,7,3.4,Medium
6796,29,2,5,2,3.134482759,Medium
6798,21,12,6,2,2.028571429,Medium
6799,25,12,7,4,2.3,Medium
6800,9,18,6,8,2.733333333,Medium
6801,10,7,6,6,4.6,Medium
6803,8,2,3,3,4.85,Medium
6804,26,10,9,8,3.653846154,Medium
6807,26,13,8,2,2.553846154,Medium
6808,25,2,5,2,3.3,Medium
6809,9,6,2,9,3.133333333,Medium
6812,27,4,5,2,2.811111111,Medium
6816,22,11,6,7,2.163636364,Medium
6819,8,16,8,1,4.55,Medium
6820,17,11,8,9,3.564705882,Medium
6821,17,8,7,5,3.664705882,Medium
6823,8,8,5,2,4.65,Medium
6824,11,9,6,3,3.927272727,Medium
6825,14,13,5,4,2.042857143,Medium
6828,29,6,6,1,2.834482759,Medium
6833,26,5,9,5,4.653846154,Medium
6835,12,13,8,6,3.9,Medium
6837,6,15,1,9,2.5,Medium
6839,28,11,9,1,3.371428571,Medium
6841,15,15,8,5,3,Medium
6842,13,8,4,1,2.707692308,Medium
6843,23,19,9,9,2.004347826,Medium
6844,10,10,7,2,4.5,Medium
6847,9,12,3,5,2.433333333,Medium
6848,17,13,9,2,3.664705882,Medium
6849,10,16,8,5,3.8,Medium
6850,29,2,7,9,4.134482759,Medium
6853,10,7,2,5,2.6,Medium
6854,16,6,5,2,3.175,Medium
6855,10,10,4,8,3,Medium
6863,28,3,6,1,3.471428571,Medium
6864,24,5,7,7,3.75,Medium
6866,7,17,4,4,2.885714286,Medium
6868,7,15,7,5,4.785714286,Medium
6871,6,17,2,9,2.6,Medium
6872,14,13,6,6,2.542857143,Medium
6875,27,14,9,9,2.811111111,Medium
6878,28,9,6,2,2.271428571,Medium
6879,8,11,6,6,4.55,Medium
6880,14,14,7,1,2.842857143,Medium
6881,9,8,3,6,3.233333333,Medium
6882,14,3,2,1,2.542857143,Medium
6887,9,14,6,4,3.533333333,Medium
6890,27,7,6,2,2.711111111,Medium
6892,13,12,7,7,3.407692308,Medium
6893,6,15,6,5,5,Medium
6896,24,1,5,8,3.55,Medium
6899,8,3,1,3,3.65,Medium
6900,21,9,5,5,2.128571429,Medium
6901,22,10,9,9,3.863636364,Medium
6902,24,7,7,7,3.35,Medium
6904,28,12,9,5,3.171428571,Medium
6908,28,3,4,5,2.471428571,Medium
6909,20,16,9,4,2.8,Medium
6912,24,1,4,9,3.05,Medium
6913,20,7,6,9,3.1,Medium
6922,19,1,2,3,2.378947368,Medium
6926,12,2,2,5,3.1,Medium
6928,14,4,5,2,3.842857143,Medium
6936,26,6,6,5,2.953846154,Medium
6938,24,2,6,6,3.85,Medium
6940,24,6,8,2,4.05,Medium
6942,8,6,4,6,4.55,Medium
6943,19,8,5,3,2.478947368,Medium
6945,18,4,8,1,4.866666667,Medium
6947,13,4,6,2,4.507692308,Medium
6948,25,15,8,7,2.2,Medium
6950,21,7,5,2,2.528571429,Medium
6951,6,17,5,9,4.1,Medium
6952,17,8,8,1,4.164705882,Medium
6956,21,1,7,9,4.728571429,Medium
6961,23,6,8,6,4.104347826,Medium
6966,14,9,8,7,4.342857143,Medium
6972,17,8,9,7,4.664705882,Medium
6973,28,14,9,3,2.771428571,Medium
6974,12,19,9,7,3.2,Medium
6978,26,4,5,2,2.853846154,Medium
6981,18,11,6,3,2.466666667,Medium
6985,19,7,4,8,2.178947368,Medium
6988,9,7,4,7,3.933333333,Medium
6989,14,7,4,5,2.742857143,Medium
6991,15,9,6,8,3.2,Medium
6996,7,8,4,7,4.685714286,Medium
6999,10,10,6,1,4,Medium
7002,23,8,9,4,4.204347826,Medium
7004,22,6,5,2,2.663636364,Medium
7005,25,10,8,1,3.2,Medium
7010,12,3,6,4,4.9,Medium
7013,19,5,5,9,3.078947368,Medium
7014,27,5,8,4,4.111111111,Medium
7015,26,8,5,5,2.053846154,Medium
7016,7,6,3,9,4.585714286,Medium
7017,26,7,9,6,4.253846154,Medium
7018,13,3,3,6,3.207692308,Medium
7019,17,8,9,5,4.664705882,Medium
7021,16,15,8,8,2.875,Medium
7023,16,9,8,7,4.075,Medium
7024,14,10,4,3,2.142857143,Medium
7030,19,6,9,2,4.878947368,Medium
7034,12,10,7,3,4,Medium
7035,12,9,4,7,2.7,Medium
7036,27,5,8,8,4.111111111,Medium
7038,23,15,9,4,2.804347826,Medium
7039,6,19,4,5,3.2,Medium
7040,13,11,7,4,3.607692308,Medium
7045,10,2,3,6,4.1,Medium
7046,21,8,7,5,3.328571429,Medium
7047,10,18,6,3,2.4,Medium
7051,24,7,5,3,2.35,Medium
7052,15,6,3,3,2.3,Medium
7053,25,3,7,6,4.1,Medium
7054,14,14,7,3,2.842857143,Medium
7056,6,13,4,5,4.4,Medium
7060,11,5,4,3,3.727272727,Medium
7061,17,5,6,8,3.764705882,Medium
7062,8,12,4,7,3.35,Medium
7063,23,3,3,6,2.204347826,Medium
7067,19,8,7,7,3.478947368,Medium
7069,27,12,7,4,2.211111111,Medium
7070,27,3,5,2,3.011111111,Medium
7071,22,1,7,6,4.663636364,Medium
7072,23,7,8,5,3.904347826,Medium
7073,17,5,6,3,3.764705882,Medium
7074,12,14,6,1,2.7,Medium
7078,17,3,5,2,3.664705882,Medium
7082,19,11,8,2,3.378947368,Medium
7089,23,8,6,3,2.704347826,Medium
7090,11,10,4,2,2.727272727,Medium
7092,25,9,8,8,3.4,Medium
7095,12,10,9,1,5,Medium
7099,28,2,5,6,3.171428571,Medium
7100,29,8,7,1,2.934482759,Medium
7101,11,6,1,7,2.027272727,Medium
7103,25,18,9,7,2.1,Medium
7105,22,3,4,2,2.763636364,Medium
7107,16,9,9,4,4.575,Medium
7112,13,5,4,1,3.307692308,Medium
7119,15,17,7,7,2.1,Medium
7122,10,11,4,7,2.8,Medium
7130,12,15,9,8,4,Medium
7131,8,6,3,6,4.05,Medium
7133,28,3,4,4,2.471428571,Medium
7136,29,7,8,7,3.634482759,Medium
7138,11,6,6,4,4.527272727,Medium
7139,11,15,8,7,3.727272727,Medium
7141,12,16,7,9,2.8,Medium
7143,25,6,5,8,2.5,Medium
7144,9,7,5,5,4.433333333,Medium
7148,10,5,1,7,2.5,Medium
7156,14,6,7,3,4.442857143,Medium
7160,10,12,6,6,3.6,Medium
7161,28,12,8,2,2.671428571,Medium
7167,24,3,4,2,2.65,Medium
7169,7,15,5,2,3.785714286,Medium
7171,18,3,2,9,2.066666667,Medium
7172,16,6,3,7,2.175,Medium
7177,23,10,6,3,2.304347826,Medium
7180,8,17,4,4,2.35,Medium
7181,5,18,3,7,3.9,Medium
7184,12,17,7,8,2.6,Medium
7187,27,12,9,4,3.211111111,Medium
7188,21,8,7,1,3.328571429,Medium
7194,15,10,5,9,2.5,Medium
7198,9,7,4,8,3.933333333,Medium
7199,16,1,2,8,2.675,Medium
7201,18,6,6,9,3.466666667,Medium
7203,11,13,9,5,4.627272727,Medium
7207,22,4,5,7,3.063636364,Medium
7209,20,10,9,1,4,Medium
7218,9,11,7,1,4.633333333,Medium
7220,8,15,6,5,3.75,Medium
7221,9,9,5,5,4.033333333,Medium
7222,14,5,4,4,3.142857143,Medium
7225,11,18,9,3,3.627272727,Medium
7226,25,4,4,3,2.4,Medium
7231,16,12,7,5,2.975,Medium
7232,19,14,8,2,2.778947368,Medium
7239,10,7,2,4,2.6,Medium
7242,10,16,5,9,2.3,Medium
7244,25,3,7,5,4.1,Medium
7246,12,10,5,9,3,Medium
7247,19,3,4,8,2.978947368,Medium
7257,9,15,9,2,4.833333333,Medium
7259,8,2,3,8,4.85,Medium
7260,28,14,9,7,2.771428571,Medium
7266,8,19,8,2,3.95,Medium
7268,6,15,2,9,3,Medium
7269,23,8,6,2,2.704347826,Medium
7270,10,11,3,1,2.3,Medium
7272,15,9,7,4,3.7,Medium
7274,19,13,8,6,2.978947368,Medium
7283,23,6,8,7,4.104347826,Medium
7285,19,5,4,4,2.578947368,Medium
7287,11,7,5,9,3.827272727,Medium
7290,25,10,9,3,3.7,Medium
7292,13,14,7,8,3.007692308,Medium
7295,17,15,9,3,3.264705882,Medium
7296,16,10,6,9,2.875,Medium
7297,25,1,8,8,5,Medium
7298,27,1,4,9,2.911111111,Medium
7299,7,6,1,2,3.585714286,Medium
7303,7,14,6,9,4.485714286,Medium
7304,5,13,2,6,4.4,Medium
7305,11,12,7,4,3.827272727,Medium
7308,25,13,8,9,2.6,Medium
7310,14,7,4,6,2.742857143,Medium
7316,9,15,7,5,3.833333333,Medium
7318,17,13,7,4,2.664705882,Medium
7320,12,13,9,7,4.4,Medium
7322,21,15,8,7,2.428571429,Medium
7323,10,18,8,4,3.4,Medium
7326,17,3,6,4,4.164705882,Medium
7328,29,13,8,8,2.434482759,Medium
7333,11,4,3,6,3.427272727,Medium
7343,13,7,8,3,4.907692308,Medium
7345,9,5,5,9,4.833333333,Medium
7347,20,6,9,2,4.8,Medium
7349,24,6,4,3,2.05,Medium
7351,11,11,8,6,4.527272727,Medium
7355,16,7,6,4,3.475,Medium
7361,21,7,8,5,4.028571429,Medium
7363,18,13,8,4,3.066666667,Medium
7368,14,9,8,8,4.342857143,Medium
7369,16,14,7,8,2.575,Medium
7371,23,8,9,5,4.204347826,Medium
7372,27,5,4,2,2.111111111,Medium
7376,19,4,8,8,4.778947368,Medium
7381,10,6,3,4,3.3,Medium
7383,22,14,8,9,2.563636364,Medium
7385,13,9,5,8,3.007692308,Medium
7386,26,12,7,8,2.253846154,Medium
7391,26,1,7,7,4.453846154,Medium
7392,16,12,8,4,3.475,Medium
7393,21,8,6,1,2.828571429,Medium
7394,26,7,6,7,2.753846154,Medium
7395,26,8,5,2,2.053846154,Medium
7401,18,18,9,3,2.566666667,Medium
7404,11,12,7,1,3.827272727,Medium
7405,12,11,4,3,2.3,Medium
7406,25,2,4,4,2.8,Medium
7409,22,2,3,6,2.463636364,Medium
7412,23,6,5,8,2.604347826,Medium
7415,13,4,1,9,2.007692308,Medium
7416,24,7,8,6,3.85,Medium
7419,21,10,9,9,3.928571429,Medium
7420,5,17,2,7,3.6,Medium
7423,18,7,6,5,3.266666667,Medium
7426,25,11,9,7,3.5,Medium
7431,23,7,6,1,2.904347826,Medium
7432,27,12,9,9,3.211111111,Medium
7433,26,3,6,5,3.553846154,Medium
7434,29,7,6,3,2.634482759,Medium
7435,8,8,4,8,4.15,Medium
7436,28,10,6,7,2.071428571,Medium
7439,13,9,5,6,3.007692308,Medium
7446,12,1,2,1,3.3,Medium
7448,11,19,8,8,2.927272727,Medium
7451,8,8,2,9,3.15,Medium
7452,23,4,6,4,3.504347826,Medium
7453,23,4,7,2,4.004347826,Medium
7455,13,2,3,7,3.407692308,Medium
7456,16,15,7,3,2.375,Medium
7458,15,1,1,5,2.3,Medium
7459,23,5,4,6,2.304347826,Medium
7466,12,7,5,3,3.6,Medium
7467,25,8,6,8,2.6,Medium
7468,11,7,7,7,4.827272727,Medium
7472,14,15,8,7,3.142857143,Medium
7473,27,2,5,1,3.211111111,Medium
7474,7,18,4,7,2.685714286,Medium
7475,26,4,9,6,4.853846154,Medium
7476,27,1,5,7,3.411111111,Medium
7479,14,15,7,7,2.642857143,Medium
7481,16,9,8,4,4.075,Medium
7485,9,7,1,4,2.433333333,Medium
7486,23,1,2,7,2.104347826,Medium
7487,16,14,8,8,3.075,Medium
7489,8,18,8,9,4.15,Medium
7490,18,14,7,5,2.366666667,Medium
7491,22,9,7,4,3.063636364,Medium
7494,16,2,2,5,2.475,Medium
7495,17,14,8,5,2.964705882,Medium
7496,19,6,7,5,3.878947368,Medium
7497,7,11,5,2,4.585714286,Medium
7498,28,7,9,8,4.171428571,Medium
7500,14,2,1,7,2.242857143,Medium
7503,27,10,6,3,2.111111111,Medium
7505,20,11,7,7,2.8,Medium
7507,7,18,5,2,3.185714286,Medium
7511,12,7,3,1,2.6,Medium
7512,13,5,4,6,3.307692308,Medium
7513,19,8,6,9,2.978947368,Medium
7518,20,3,8,5,4.9,Medium
7521,26,3,3,7,2.053846154,Medium
7528,8,13,7,1,4.65,Medium
7529,12,10,8,4,4.5,Medium
7531,8,15,4,4,2.75,Medium
7534,6,18,7,8,4.9,Medium
7535,5,18,4,3,4.4,Medium
7536,12,13,6,9,2.9,Medium
7537,25,6,8,3,4,Medium
7538,7,3,1,8,4.185714286,Medium
7539,8,7,5,4,4.85,Medium
7542,26,12,9,8,3.253846154,Medium
7547,15,15,8,3,3,Medium
7550,25,4,5,7,2.9,Medium
7553,10,7,2,2,2.6,Medium
7554,20,8,7,2,3.4,Medium
7556,6,13,3,1,3.9,Medium
7560,28,7,7,6,3.171428571,Medium
7561,5,10,1,5,4.5,Medium
7562,10,6,2,4,2.8,Medium
7564,26,1,7,8,4.453846154,Medium
7566,10,9,4,8,3.2,Medium
7567,6,9,2,4,4.2,Medium
7568,18,1,6,9,4.466666667,Medium
7570,22,9,9,7,4.063636364,Medium
7572,14,14,6,1,2.342857143,Medium
7573,13,10,7,5,3.807692308,Medium
7574,18,12,9,5,3.766666667,Medium
7575,18,10,8,9,3.666666667,Medium
7577,20,9,8,8,3.7,Medium
7582,29,17,9,9,2.134482759,Medium
7583,6,13,4,3,4.4,Medium
7591,12,9,7,1,4.2,Medium
7592,7,18,5,4,3.185714286,Medium
7593,21,3,7,1,4.328571429,Medium
7595,11,7,6,5,4.327272727,Medium
7600,5,10,1,3,4.5,Medium
7601,8,10,2,9,2.75,Medium
7604,13,4,6,1,4.507692308,Medium
7605,25,5,4,9,2.2,Medium
7609,27,3,6,8,3.511111111,Medium
7612,15,1,4,2,3.8,Medium
7613,21,14,8,3,2.628571429,Medium
7615,26,9,6,4,2.353846154,Medium
7616,11,13,8,9,4.127272727,Medium
7617,5,18,5,1,4.9,Medium
7618,25,7,9,1,4.3,Medium
7619,15,12,5,1,2.1,Medium
7620,20,7,5,8,2.6,Medium
7621,15,6,5,9,3.3,Medium
7623,9,18,7,5,3.233333333,Medium
7625,29,5,4,4,2.034482759,Medium
7634,21,6,9,3,4.728571429,Medium
7635,11,16,8,8,3.527272727,Medium
7639,15,10,7,9,3.5,Medium
7641,6,11,3,4,4.3,Medium
7642,21,8,9,7,4.328571429,Medium
7643,27,8,8,9,3.511111111,Medium
7648,12,1,1,2,2.8,Medium
7652,17,13,9,4,3.664705882,Medium
7653,8,9,2,9,2.95,Medium
7654,8,11,2,1,2.55,Medium
7661,7,12,1,7,2.385714286,Medium
7663,6,18,3,8,2.9,Medium
7665,22,10,7,1,2.863636364,Medium
7667,14,5,7,1,4.642857143,Medium
7668,23,5,7,2,3.804347826,Medium
7671,14,1,2,4,2.942857143,Medium
7676,12,6,6,6,4.3,Medium
7677,24,4,7,1,3.95,Medium
7680,24,9,6,7,2.45,Medium
7681,15,13,6,4,2.4,Medium
7683,15,11,8,5,3.8,Medium
7688,7,16,7,7,4.585714286,Medium
7691,21,17,9,5,2.528571429,Medium
7692,23,5,6,6,3.304347826,Medium
7693,23,19,9,9,2.004347826,Medium
7703,16,1,4,8,3.675,Medium
7705,25,1,5,8,3.5,Medium
7707,14,5,4,7,3.142857143,Medium
7710,4,15,1,3,5,Medium
7713,15,9,7,7,3.7,Medium
7714,9,19,9,2,4.033333333,Medium
7719,20,6,5,3,2.8,Medium
7720,17,1,2,8,2.564705882,Medium
7721,24,14,9,6,2.95,Medium
7724,15,9,6,4,3.2,Medium
7733,12,17,8,2,3.1,Medium
7739,27,10,7,3,2.611111111,Medium
7745,26,7,6,1,2.753846154,Medium
7751,9,7,2,2,2.933333333,Medium
7752,23,12,7,9,2.404347826,Medium
7753,5,19,1,8,2.7,Medium
7754,26,13,7,1,2.053846154,Medium
7755,7,5,1,2,3.785714286,Medium
7756,12,13,9,7,4.4,Medium
7757,27,5,9,7,4.611111111,Medium
7760,21,1,7,1,4.728571429,Medium
7761,16,6,6,2,3.675,Medium
7765,10,14,4,1,2.2,Medium
7766,17,7,5,7,2.864705882,Medium
7768,9,2,3,9,4.433333333,Medium
7772,17,8,4,4,2.164705882,Medium
7774,13,3,5,4,4.207692308,Medium
7775,29,11,8,5,2.834482759,Medium
7776,8,2,1,3,3.85,Medium
7777,11,7,6,9,4.327272727,Medium
7778,18,7,7,9,3.766666667,Medium
7781,20,2,3,1,2.6,Medium
7784,13,11,8,4,4.107692308,Medium
7785,14,19,8,9,2.342857143,Medium
7788,10,2,1,2,3.1,Medium
7791,10,6,6,9,4.8,Medium
7792,15,5,4,5,3,Medium
7793,24,8,5,6,2.15,Medium
7795,10,12,4,8,2.6,Medium
7801,9,9,5,2,4.033333333,Medium
7804,13,6,7,2,4.607692308,Medium
7807,20,8,5,6,2.4,Medium
7808,28,5,7,8,3.571428571,Medium
7809,18,10,7,4,3.166666667,Medium
7810,16,10,6,8,2.875,Medium
7812,14,12,5,8,2.242857143,Medium
7818,20,3,5,4,3.4,Medium
7822,16,13,9,9,3.775,Medium
7824,15,15,7,6,2.5,Medium
7825,20,10,6,8,2.5,Medium
7830,16,10,5,1,2.375,Medium
7833,29,10,9,1,3.534482759,Medium
7834,14,17,8,4,2.742857143,Medium
7835,9,11,4,6,3.133333333,Medium
7839,12,6,7,9,4.8,Medium
7841,15,3,4,7,3.4,Medium
7842,16,6,5,9,3.175,Medium
7843,13,14,5,8,2.007692308,Medium
7844,13,11,4,4,2.107692308,Medium
7845,18,11,6,4,2.466666667,Medium
7846,11,10,4,4,2.727272727,Medium
7848,23,5,8,3,4.304347826,Medium
7849,6,11,1,2,3.3,Medium
7853,29,8,7,4,2.934482759,Medium
7856,12,9,3,7,2.2,Medium
7861,22,4,4,4,2.563636364,Medium
7862,28,3,5,4,2.971428571,Medium
7864,7,7,1,9,3.385714286,Medium
7865,14,8,3,6,2.042857143,Medium
7866,22,5,5,4,2.863636364,Medium
7867,18,5,5,6,3.166666667,Medium
7868,18,7,6,5,3.266666667,Medium
7869,20,2,4,3,3.1,Medium
7872,15,8,5,1,2.9,Medium
7874,8,17,5,2,2.85,Medium
7876,8,19,7,8,3.45,Medium
7879,5,18,1,2,2.9,Medium
7880,10,17,9,9,4.1,Medium
7882,12,4,1,3,2.2,Medium
7883,22,14,9,4,3.063636364,Medium
7884,19,10,8,3,3.578947368,Medium
7891,19,5,8,1,4.578947368,Medium
7892,27,6,7,4,3.411111111,Medium
7894,28,7,6,1,2.671428571,Medium
7895,23,4,7,9,4.004347826,Medium
7902,19,5,3,5,2.078947368,Medium
7904,25,3,8,9,4.6,Medium
7905,6,14,2,4,3.2,Medium
7915,28,5,8,9,4.071428571,Medium
7916,7,15,3,3,2.785714286,Medium
7917,5,18,4,7,4.4,Medium
7920,15,12,5,8,2.1,Medium
7921,9,8,1,8,2.233333333,Medium
7924,20,9,7,3,3.2,Medium
7925,7,7,3,6,4.385714286,Medium
7926,20,14,8,9,2.7,Medium
7927,21,5,6,6,3.428571429,Medium
7929,17,4,3,9,2.464705882,Medium
7933,10,6,6,6,4.8,Medium
7934,23,4,6,1,3.504347826,Medium
7935,20,4,5,9,3.2,Medium
7938,29,1,4,6,2.834482759,Medium
7943,26,3,6,6,3.553846154,Medium
7945,10,8,7,6,4.9,Medium
7951,25,12,8,6,2.8,Medium
7952,9,12,6,5,3.933333333,Medium
7955,25,2,7,8,4.3,Medium
7962,9,8,1,7,2.233333333,Medium
7970,10,4,5,4,4.7,Medium
7971,26,7,8,5,3.753846154,Medium
7972,14,4,7,1,4.842857143,Medium
7976,13,15,8,6,3.307692308,Medium
7981,27,3,6,5,3.511111111,Medium
7983,26,1,8,6,4.953846154,Medium
7984,7,19,9,9,4.985714286,Medium
7985,29,8,6,9,2.434482759,Medium
7988,25,3,4,8,2.6,Medium
7990,14,8,6,5,3.542857143,Medium
7992,5,15,2,7,4,Medium
7993,17,9,9,6,4.464705882,Medium
7998,24,11,8,1,3.05,Medium
7999,5,8,1,7,4.9,Medium
8007,8,16,8,2,4.55,Medium
8008,19,15,8,5,2.578947368,Medium
8009,24,7,6,9,2.85,Medium
8012,5,11,1,5,4.3,Medium
8016,18,6,5,7,2.966666667,Medium
8017,16,4,7,7,4.575,Medium
8018,25,2,5,3,3.3,Medium
8021,6,19,3,9,2.7,Medium
8028,27,6,9,7,4.411111111,Medium
8030,19,3,3,9,2.478947368,Medium
8032,20,12,6,8,2.1,Medium
8033,26,2,3,6,2.253846154,Medium
8034,15,5,5,5,3.5,Medium
8039,10,5,2,8,3,Medium
8040,7,1,1,4,4.585714286,Medium
8042,13,18,9,6,3.207692308,Medium
8044,26,6,8,2,3.953846154,Medium
8045,22,13,9,8,3.263636364,Medium
8047,21,3,8,4,4.828571429,Medium
8049,18,7,5,4,2.766666667,Medium
8052,23,3,5,8,3.204347826,Medium
8053,22,6,6,9,3.163636364,Medium
8054,7,15,5,3,3.785714286,Medium
8056,14,13,7,5,3.042857143,Medium
8058,9,17,8,4,3.933333333,Medium
8059,12,14,8,3,3.7,Medium
8062,21,14,9,3,3.128571429,Medium
8064,13,2,2,9,2.907692308,Medium
8065,6,15,5,1,4.5,Medium
8066,6,12,1,3,3.1,Medium
8072,16,3,5,2,3.775,Medium
8073,24,7,5,3,2.35,Medium
8075,16,4,7,9,4.575,Medium
8076,11,15,5,9,2.227272727,Medium
8081,25,15,9,5,2.7,Medium
8083,15,17,7,8,2.1,Medium
8084,20,7,9,2,4.6,Medium
8087,25,10,8,5,3.2,Medium
8090,10,7,1,5,2.1,Medium
8093,11,6,3,3,3.027272727,Medium
8094,28,2,7,4,4.171428571,Medium
8098,23,3,7,7,4.204347826,Medium
8099,18,4,6,8,3.866666667,Medium
8104,7,4,1,2,3.985714286,Medium
8108,16,4,2,5,2.075,Medium
8109,10,1,3,8,4.3,Medium
8112,6,15,5,2,4.5,Medium
8114,29,11,9,7,3.334482759,Medium
8116,29,3,9,6,4.934482759,Medium
8117,13,5,2,3,2.307692308,Medium
8118,22,4,5,3,3.063636364,Medium
8120,19,9,6,1,2.778947368,Medium
8123,19,7,8,4,4.178947368,Medium
8125,5,10,2,3,5,Medium
8129,20,12,7,9,2.6,Medium
8130,5,14,1,7,3.7,Medium
8131,19,6,4,5,2.378947368,Medium
8134,13,6,2,8,2.107692308,Medium
8140,21,9,8,4,3.628571429,Medium
8145,15,1,4,2,3.8,Medium
8146,9,14,8,3,4.533333333,Medium
8147,16,4,4,5,3.075,Medium
8151,6,13,2,6,3.4,Medium
8152,18,8,6,9,3.066666667,Medium
8153,11,17,7,8,2.827272727,Medium
8158,21,15,8,3,2.428571429,Medium
8159,22,9,6,6,2.563636364,Medium
8162,21,4,4,6,2.628571429,Medium
8165,20,8,6,3,2.9,Medium
8171,17,1,5,1,4.064705882,Medium
8176,7,15,4,4,3.285714286,Medium
8177,23,4,3,8,2.004347826,Medium
8179,14,5,2,4,2.142857143,Medium
8181,25,5,7,4,3.7,Medium
8183,6,11,1,4,3.3,Medium
8185,19,19,9,1,2.278947368,Medium
8195,11,11,5,3,3.027272727,Medium
8196,26,4,9,2,4.853846154,Medium
8200,24,11,9,2,3.55,Medium
8206,10,14,7,6,3.7,Medium
8209,28,7,5,2,2.171428571,Medium
8210,21,13,9,5,3.328571429,Medium
8214,27,2,3,3,2.211111111,Medium
8217,9,14,6,8,3.533333333,Medium
8220,5,19,4,4,4.2,Medium
8222,17,6,8,6,4.564705882,Medium
8223,15,7,7,3,4.1,Medium
8224,10,10,6,9,4,Medium
8226,19,2,2,9,2.178947368,Medium
8230,16,5,6,1,3.875,Medium
8231,24,6,8,8,4.05,Medium
8233,16,8,4,8,2.275,Medium
8235,27,1,8,2,4.911111111,Medium
8237,11,3,5,9,4.627272727,Medium
8240,9,13,6,2,3.733333333,Medium
8249,29,8,9,8,3.934482759,Medium
8250,27,10,6,6,2.111111111,Medium
8254,13,17,7,2,2.407692308,Medium
8255,18,7,7,3,3.766666667,Medium
8260,8,8,1,3,2.65,Medium
8262,19,4,3,5,2.278947368,Medium
8264,20,10,8,9,3.5,Medium
8266,13,10,9,9,4.807692308,Medium
8268,12,1,2,2,3.3,Medium
8269,6,11,3,1,4.3,Medium
8270,19,18,9,8,2.478947368,Medium
8271,26,6,9,9,4.453846154,Medium
8273,24,13,7,3,2.15,Medium
8274,19,6,6,2,3.378947368,Medium
8285,20,3,4,5,2.9,Medium
8286,25,14,9,8,2.9,Medium
8287,18,19,9,8,2.366666667,Medium
8288,13,13,6,9,2.707692308,Medium
8289,23,4,4,3,2.504347826,Medium
8292,17,17,9,5,2.864705882,Medium
8293,11,7,6,9,4.327272727,Medium
8296,12,12,7,4,3.6,Medium
8300,6,13,2,3,3.4,Medium
8302,13,9,4,8,2.507692308,Medium
8303,6,16,1,9,2.3,Medium
8306,25,15,8,3,2.2,Medium
8309,17,1,4,8,3.564705882,Medium
8311,25,2,5,7,3.3,Medium
8318,25,8,6,2,2.6,Medium
8320,18,9,7,4,3.366666667,Medium
8323,19,2,5,4,3.678947368,Medium
8326,19,4,5,4,3.278947368,Medium
8327,17,16,9,8,3.064705882,Medium
8330,15,10,9,6,4.5,Medium
8331,7,13,4,1,3.685714286,Medium
8337,12,2,1,6,2.6,Medium
8338,10,10,7,8,4.5,Medium
8339,17,12,6,6,2.364705882,Medium
8340,21,16,8,8,2.228571429,Medium
8342,26,15,9,8,2.653846154,Medium
8345,22,9,5,2,2.063636364,Medium
8348,20,8,5,5,2.4,Medium
8351,9,9,6,9,4.533333333,Medium
8355,9,7,1,7,2.433333333,Medium
8358,6,15,5,1,4.5,Medium
8364,27,7,5,5,2.211111111,Medium
8366,19,3,3,4,2.478947368,Medium
8371,26,12,7,6,2.253846154,Medium
8374,6,11,2,8,3.8,Medium
8378,14,16,7,5,2.442857143,Medium
8382,23,9,5,8,2.004347826,Medium
8383,24,8,9,3,4.15,Medium
8384,26,12,8,9,2.753846154,Medium
8387,20,10,8,4,3.5,Medium
8388,16,3,2,8,2.275,Medium
8397,6,11,2,3,3.8,Medium
8398,27,13,7,8,2.011111111,Medium
8400,27,10,6,3,2.111111111,Medium
8401,18,3,4,2,3.066666667,Medium
8402,16,6,8,5,4.675,Medium
8403,23,12,8,8,2.904347826,Medium
8406,24,10,7,4,2.75,Medium
8410,28,10,7,5,2.571428571,Medium
8411,17,13,9,7,3.664705882,Medium
8414,16,7,4,8,2.475,Medium
8415,18,9,9,8,4.366666667,Medium
8416,13,10,5,9,2.807692308,Medium
8417,11,4,1,4,2.427272727,Medium
8418,12,10,4,1,2.5,Medium
8421,5,18,4,4,4.4,Medium
8422,13,17,8,9,2.907692308,Medium
8433,19,2,4,4,3.178947368,Medium
8434,7,14,4,5,3.485714286,Medium
8438,17,8,6,8,3.164705882,Medium
8439,12,13,7,1,3.4,Medium
8440,14,9,4,7,2.342857143,Medium
8443,26,9,8,4,3.353846154,Medium
8444,8,5,4,7,4.75,Medium
8448,13,15,9,6,3.807692308,Medium
8451,15,1,3,5,3.3,Medium
8452,9,5,4,7,4.333333333,Medium
8454,9,17,5,6,2.433333333,Medium
8458,13,3,4,4,3.707692308,Medium
8460,18,8,4,1,2.066666667,Medium
8461,15,6,8,2,4.8,Medium
8462,16,15,9,8,3.375,Medium
8466,23,6,8,3,4.104347826,Medium
8467,7,16,2,9,2.085714286,Medium
8469,29,3,7,5,3.934482759,Medium
8473,25,6,7,6,3.5,Medium
8475,25,8,9,1,4.1,Medium
8476,15,11,9,8,4.3,Medium
8477,27,7,7,6,3.211111111,Medium
8478,14,16,9,8,3.442857143,Medium
8481,28,10,6,3,2.071428571,Medium
8484,22,9,7,5,3.063636364,Medium
8487,21,7,6,6,3.028571429,Medium
8489,20,3,4,7,2.9,Medium
8490,8,3,1,5,3.65,Medium
8491,19,6,8,8,4.378947368,Medium
8495,27,2,7,2,4.211111111,Medium
8496,11,1,2,3,3.527272727,Medium
8497,18,18,9,2,2.566666667,Medium
8499,15,1,5,7,4.3,Medium
8500,26,8,6,5,2.553846154,Medium
8501,15,10,8,9,4,Medium
8506,27,12,8,3,2.711111111,Medium
8507,12,6,4,5,3.3,Medium
8508,21,7,9,4,4.528571429,Medium
8509,8,19,6,8,2.95,Medium
8511,9,14,8,3,4.533333333,Medium
8515,27,7,8,6,3.711111111,Medium
8517,26,10,7,4,2.653846154,Medium
8519,29,5,6,7,3.034482759,Medium
8521,20,8,9,3,4.4,Medium
8523,13,2,5,8,4.407692308,Medium
8524,24,12,9,4,3.35,Medium
8527,26,5,4,6,2.153846154,Medium
8528,16,5,4,2,2.875,Medium
8529,17,11,8,7,3.564705882,Medium
8530,7,6,1,8,3.585714286,Medium
8532,6,18,2,9,2.4,Medium
8535,24,4,8,1,4.45,Medium
8536,15,5,8,1,5,Medium
8537,25,13,9,3,3.1,Medium
8538,29,5,9,7,4.534482759,Medium
8539,7,16,4,7,3.085714286,Medium
8545,16,18,9,9,2.775,Medium
8546,17,7,5,7,2.864705882,Medium
8549,8,4,2,8,3.95,Medium
8550,21,6,8,9,4.228571429,Medium
8552,29,14,8,4,2.234482759,Medium
8553,23,9,9,6,4.004347826,Medium
8554,9,13,6,8,3.733333333,Medium
8555,11,13,8,1,4.127272727,Medium
8556,22,8,7,2,3.263636364,Medium
8557,12,10,8,4,4.5,Medium
8561,13,2,4,5,3.907692308,Medium
8566,4,16,1,7,4.8,Medium
8567,14,19,9,9,2.842857143,Medium
8569,13,4,6,1,4.507692308,Medium
8571,21,10,6,8,2.428571429,Medium
8575,21,1,5,3,3.728571429,Medium
8577,17,8,4,1,2.164705882,Medium
8578,10,15,6,9,3,Medium
8580,27,10,8,4,3.111111111,Medium
8583,6,11,2,7,3.8,Medium
8587,26,1,6,9,3.953846154,Medium
8591,26,3,4,1,2.553846154,Medium
8592,28,8,9,4,3.971428571,Medium
8598,13,13,5,2,2.207692308,Medium
8600,29,5,8,3,4.034482759,Medium
8602,23,3,8,1,4.704347826,Medium
8603,21,18,9,8,2.328571429,Medium
8605,21,11,7,2,2.728571429,Medium
8607,26,6,6,8,2.953846154,Medium
8610,26,1,7,1,4.453846154,Medium
8611,19,9,6,3,2.778947368,Medium
8613,24,1,3,1,2.55,Medium
8617,23,6,5,4,2.604347826,Medium
8619,12,14,6,8,2.7,Medium
8622,15,12,8,1,3.6,Medium
8623,26,7,6,4,2.753846154,Medium
8624,20,10,8,1,3.5,Medium
8625,19,8,8,2,3.978947368,Medium
8629,25,3,4,3,2.6,Medium
8636,11,9,3,5,2.427272727,Medium
8637,9,4,3,9,4.033333333,Medium
8644,15,1,6,2,4.8,Medium
8645,15,2,6,2,4.6,Medium
8646,18,12,7,7,2.766666667,Medium
8648,9,10,7,7,4.833333333,Medium
8650,5,18,2,1,3.4,Medium
8652,11,13,8,7,4.127272727,Medium
8654,20,6,6,9,3.3,Medium
8656,24,9,7,7,2.95,Medium
8659,15,17,7,8,2.1,Medium
8665,20,8,8,1,3.9,Medium
8666,20,16,8,1,2.3,Medium
8672,9,19,9,6,4.033333333,Medium
8673,16,12,8,5,3.475,Medium
8675,22,12,7,5,2.463636364,Medium
8676,29,7,6,7,2.634482759,Medium
8678,14,17,7,9,2.242857143,Medium
8681,18,17,8,6,2.266666667,Medium
8682,23,16,9,7,2.604347826,Medium
8687,25,2,5,7,3.3,Medium
8695,8,9,5,5,4.45,Medium
8696,10,13,5,8,2.9,Medium
8700,27,11,8,8,2.911111111,Medium
8701,17,12,9,3,3.864705882,Medium
8702,13,3,6,3,4.707692308,Medium
8703,22,8,9,6,4.263636364,Medium
8708,12,16,8,7,3.3,Medium
8712,4,17,1,9,4.6,Medium
8715,13,6,5,5,3.607692308,Medium
8716,29,2,7,2,4.134482759,Medium
8719,17,17,9,7,2.864705882,Medium
8720,10,1,4,2,4.8,Medium
8721,18,16,8,9,2.466666667,Medium
8725,23,5,7,6,3.804347826,Medium
8726,12,14,9,8,4.2,Medium
8729,5,17,4,5,4.6,Medium
8732,29,2,6,1,3.634482759,Medium
8734,13,2,3,4,3.407692308,Medium
8735,7,19,9,6,4.985714286,Medium
8737,24,16,8,6,2.05,Medium
8738,19,10,9,1,4.078947368,Medium
8740,10,10,4,3,3,Medium
8741,11,11,8,3,4.527272727,Medium
8742,22,7,5,6,2.463636364,Medium
8745,12,8,5,9,3.4,Medium
8746,9,2,2,9,3.933333333,Medium
8747,16,18,9,2,2.775,Medium
8748,6,10,2,8,4,Medium
8750,9,2,2,6,3.933333333,Medium
8752,16,11,9,3,4.175,Medium
8754,19,7,6,4,3.178947368,Medium
8758,20,1,3,4,2.8,Medium
8760,16,2,2,8,2.475,Medium
8761,5,19,2,5,3.2,Medium
8762,20,4,4,3,2.7,Medium
8763,7,14,2,9,2.485714286,Medium
8764,8,16,7,7,4.05,Medium
8767,9,18,7,5,3.233333333,Medium
8768,15,9,9,8,4.7,Medium
8770,18,15,7,3,2.166666667,Medium
8771,15,7,4,2,2.6,Medium
8773,18,7,8,5,4.266666667,Medium
8776,21,8,7,6,3.328571429,Medium
8780,6,14,2,1,3.2,Medium
8784,29,1,6,7,3.834482759,Medium
8788,17,15,8,5,2.764705882,Medium
8791,7,6,2,2,4.085714286,Medium
8792,11,8,6,3,4.127272727,Medium
8793,7,15,7,3,4.785714286,Medium
8795,24,8,8,5,3.65,Medium
8798,7,13,6,1,4.685714286,Medium
8799,14,10,5,6,2.642857143,Medium
8801,15,16,9,7,3.3,Medium
8804,27,2,8,4,4.711111111,Medium
8810,25,17,9,7,2.3,Medium
8811,21,2,5,9,3.528571429,Medium
8814,16,9,8,1,4.075,Medium
8815,27,1,5,3,3.411111111,Medium
8817,15,14,7,3,2.7,Medium
8821,10,3,2,3,3.4,Medium
8822,25,1,7,7,4.5,Medium
8823,27,6,8,7,3.911111111,Medium
8824,16,7,9,6,4.975,Medium
8825,24,9,7,2,2.95,Medium
8828,27,11,7,2,2.411111111,Medium
8829,9,11,7,7,4.633333333,Medium
8831,15,9,4,5,2.2,Medium
8833,9,17,9,3,4.433333333,Medium
8836,29,5,4,7,2.034482759,Medium
8838,14,11,6,4,2.942857143,Medium
8839,24,8,9,5,4.15,Medium
8843,8,4,2,3,3.95,Medium
8844,26,14,9,7,2.853846154,Medium
8853,19,14,8,7,2.778947368,Medium
8854,15,5,4,6,3,Medium
8855,12,18,9,8,3.4,Medium
8857,14,8,6,1,3.542857143,Medium
8860,12,11,8,3,4.3,Medium
8863,26,8,5,6,2.053846154,Medium
8866,23,7,5,5,2.404347826,Medium
8868,10,7,6,6,4.6,Medium
8871,25,4,5,9,2.9,Medium
8874,14,4,6,5,4.342857143,Medium
8882,15,6,6,5,3.8,Medium
8883,21,13,7,4,2.328571429,Medium
8884,20,2,4,4,3.1,Medium
8889,15,14,6,2,2.2,Medium
8890,22,3,3,6,2.263636364,Medium
8894,18,2,6,6,4.266666667,Medium
8896,10,7,1,9,2.1,Medium
8903,12,15,6,7,2.5,Medium
8905,16,1,6,5,4.675,Medium
8908,16,1,5,3,4.175,Medium
8909,17,12,7,9,2.864705882,Medium
8911,7,12,4,3,3.885714286,Medium
8913,10,2,1,4,3.1,Medium
8914,9,2,4,1,4.933333333,Medium
8916,6,15,4,3,4,Medium
8917,29,4,4,3,2.234482759,Medium
8920,8,13,7,8,4.65,Medium
8923,15,3,7,8,4.9,Medium
8924,4,19,1,7,4.2,Medium
8925,26,12,8,8,2.753846154,Medium
8928,26,2,7,3,4.253846154,Medium
8934,7,6,2,8,4.085714286,Medium
8936,28,7,7,8,3.171428571,Medium
8937,6,18,7,5,4.9,Medium
8939,24,11,7,4,2.55,Medium
8940,11,9,4,1,2.927272727,Medium
8941,27,7,9,9,4.211111111,Medium
8946,28,6,7,6,3.371428571,Medium
8949,11,8,3,4,2.627272727,Medium
8955,7,10,1,3,2.785714286,Medium
8959,26,8,6,5,2.553846154,Medium
8962,23,1,5,6,3.604347826,Medium
8963,26,6,9,3,4.453846154,Medium
8965,24,12,8,6,2.85,Medium
8970,6,17,2,2,2.6,Medium
8972,18,9,7,5,3.366666667,Medium
8973,24,4,8,4,4.45,Medium
8975,28,10,7,8,2.571428571,Medium
8977,15,6,7,6,4.3,Medium
8978,20,12,8,4,3.1,Medium
8985,6,19,6,8,4.2,Medium
8986,29,3,7,2,3.934482759,Medium
8992,21,2,5,2,3.528571429,Medium
8994,10,19,6,6,2.2,Medium
8996,20,9,7,3,3.2,Medium
8997,20,11,9,8,3.8,Medium
8998,18,7,9,4,4.766666667,Medium
9000,19,9,5,5,2.278947368,Medium
9003,29,6,9,6,4.334482759,Medium
9005,9,7,6,3,4.933333333,Medium
9006,15,8,5,3,2.9,Medium
9007,15,3,5,7,3.9,Medium
9008,9,9,2,2,2.533333333,Medium
9009,24,14,9,7,2.95,Medium
9011,21,8,9,1,4.328571429,Medium
9013,9,5,3,3,3.833333333,Medium
9017,23,1,2,1,2.104347826,Medium
9018,18,3,5,7,3.566666667,Medium
9019,10,14,7,6,3.7,Medium
9021,27,4,9,4,4.811111111,Medium
9022,16,5,3,6,2.375,Medium
9025,16,3,7,5,4.775,Medium
9030,20,8,9,5,4.4,Medium
9031,21,7,6,8,3.028571429,Medium
9032,24,3,5,6,3.15,Medium
9033,11,5,3,1,3.227272727,Medium
9034,28,11,7,1,2.371428571,Medium
9036,8,13,5,9,3.65,Medium
9037,13,18,7,4,2.207692308,Medium
9038,23,3,6,4,3.704347826,Medium
9039,9,11,6,8,4.133333333,Medium
9044,27,9,9,3,3.811111111,Medium
9051,12,2,5,3,4.6,Medium
9055,11,13,9,6,4.627272727,Medium
9058,18,1,4,1,3.466666667,Medium
9059,8,18,5,2,2.65,Medium
9063,23,9,5,1,2.004347826,Medium
9065,9,11,2,1,2.133333333,Medium
9069,14,15,9,6,3.642857143,Medium
9070,9,17,5,4,2.433333333,Medium
9071,15,4,6,7,4.2,Medium
9074,23,10,8,2,3.304347826,Medium
9075,6,17,4,4,3.6,Medium
9077,28,6,7,3,3.371428571,Medium
9081,14,1,6,5,4.942857143,Medium
9082,21,7,6,8,3.028571429,Medium
9083,11,10,4,5,2.727272727,Medium
9084,9,11,7,2,4.633333333,Medium
9085,16,3,6,7,4.275,Medium
9086,20,19,9,6,2.2,Medium
9091,27,2,5,6,3.211111111,Medium
9094,10,6,3,4,3.3,Medium
9097,9,17,7,2,3.433333333,Medium
9099,10,5,2,1,3,Medium
9102,14,10,6,9,3.142857143,Medium
9106,7,19,7,1,3.985714286,Medium
9110,27,12,8,5,2.711111111,Medium
9111,23,13,8,3,2.704347826,Medium
9114,25,14,8,2,2.4,Medium
9115,8,12,7,7,4.85,Medium
9117,7,8,2,6,3.685714286,Medium
9120,10,11,8,3,4.8,Medium
9122,13,17,8,1,2.907692308,Medium
9124,16,7,5,9,2.975,Medium
9126,22,9,6,3,2.563636364,Medium
9127,22,9,9,8,4.063636364,Medium
9129,23,9,8,9,3.504347826,Medium
9130,15,3,4,1,3.4,Medium
9131,9,19,9,4,4.033333333,Medium
9134,11,7,7,9,4.827272727,Medium
9139,27,10,6,9,2.111111111,Medium
9141,16,15,8,9,2.875,Medium
9142,15,17,9,1,3.1,Medium
9143,22,6,6,9,3.163636364,Medium
9145,12,13,5,4,2.4,Medium
9147,5,14,2,6,4.2,Medium
9148,21,7,8,1,4.028571429,Medium
9157,12,7,3,2,2.6,Medium
9168,24,11,9,4,3.55,Medium
9171,24,15,8,7,2.25,Medium
9172,10,8,2,7,2.4,Medium
9175,9,12,4,9,2.933333333,Medium
9176,17,11,9,3,4.064705882,Medium
9179,23,5,7,9,3.804347826,Medium
9181,9,8,5,8,4.233333333,Medium
9182,7,4,1,6,3.985714286,Medium
9184,7,9,5,1,4.985714286,Medium
9185,11,18,6,7,2.127272727,Medium
9188,8,19,9,8,4.45,Medium
9189,8,15,8,9,4.75,Medium
9190,26,9,6,6,2.353846154,Medium
9197,13,12,8,2,3.907692308,Medium
9201,23,6,4,6,2.104347826,Medium
9203,26,6,9,8,4.453846154,Medium
9204,10,4,5,9,4.7,Medium
9212,27,2,8,4,4.711111111,Medium
9213,28,1,3,2,2.371428571,Medium
9215,27,5,4,9,2.111111111,Medium
9219,26,13,8,2,2.553846154,Medium
9223,21,5,5,4,2.928571429,Medium
9224,8,19,7,5,3.45,Medium
9225,28,1,5,6,3.371428571,Medium
9226,21,11,7,9,2.728571429,Medium
9227,6,10,2,1,4,Medium
9229,23,9,8,4,3.504347826,Medium
9231,11,5,5,5,4.227272727,Medium
9235,25,6,7,4,3.5,Medium
9239,18,10,9,6,4.166666667,Medium
9241,4,15,1,6,5,Medium
9245,19,3,4,9,2.978947368,Medium
9246,27,2,8,2,4.711111111,Medium
9247,24,7,6,8,2.85,Medium
9248,6,19,4,2,3.2,Medium
9250,18,9,7,7,3.366666667,Medium
9254,13,3,1,3,2.207692308,Medium
9258,8,2,3,5,4.85,Medium
9259,21,11,8,1,3.228571429,Medium
9261,9,10,7,3,4.833333333,Medium
9262,7,15,4,7,3.285714286,Medium
9263,28,1,7,2,4.371428571,Medium
9266,5,18,1,3,2.9,Medium
9269,27,9,9,4,3.811111111,Medium
9271,17,5,4,7,2.764705882,Medium
9273,12,7,5,3,3.6,Medium
9275,10,1,4,7,4.8,Medium
9277,15,15,7,3,2.5,Medium
9278,19,5,3,6,2.078947368,Medium
9281,10,12,4,1,2.6,Medium
9282,14,13,7,2,3.042857143,Medium
9287,5,19,2,7,3.2,Medium
9289,23,6,8,4,4.104347826,Medium
9293,13,6,3,7,2.607692308,Medium
9295,16,4,7,3,4.575,Medium
9296,21,5,7,3,3.928571429,Medium
9299,12,13,7,3,3.4,Medium
9303,29,8,7,5,2.934482759,Medium
9305,21,3,3,4,2.328571429,Medium
9306,24,15,8,1,2.25,Medium
9307,12,6,6,6,4.3,Medium
9310,25,15,8,7,2.2,Medium
9311,11,11,7,7,4.027272727,Medium
9316,8,9,3,5,3.45,Medium
9317,28,5,6,7,3.071428571,Medium
9323,12,2,2,2,3.1,Medium
9325,15,18,8,2,2.4,Medium
9327,12,7,4,9,3.1,Medium
9335,14,15,7,7,2.642857143,Medium
9338,22,10,6,1,2.363636364,Medium
9339,16,18,8,5,2.275,Medium
9340,9,7,6,8,4.933333333,Medium
9348,27,10,9,9,3.611111111,Medium
9350,18,16,8,6,2.466666667,Medium
9354,10,10,8,9,5,Medium
9355,20,2,6,4,4.1,Medium
9356,14,12,8,3,3.742857143,Medium
9357,19,7,5,8,2.678947368,Medium
9359,10,14,8,9,4.2,Medium
9360,16,1,1,5,2.175,Medium
9361,18,15,7,7,2.166666667,Medium
9364,18,8,8,6,4.066666667,Medium
9367,29,7,9,4,4.134482759,Medium
9370,26,7,9,4,4.253846154,Medium
9371,16,11,5,4,2.175,Medium
9372,13,2,4,4,3.907692308,Medium
9373,21,1,5,3,3.728571429,Medium
9374,27,7,6,8,2.711111111,Medium
9375,26,15,9,2,2.653846154,Medium
9376,14,3,3,4,3.042857143,Medium
9377,22,13,7,6,2.263636364,Medium
9378,6,9,2,3,4.2,Medium
9379,8,17,5,4,2.85,Medium
9383,11,5,6,3,4.727272727,Medium
9388,11,13,8,1,4.127272727,Medium
9392,11,13,7,8,3.627272727,Medium
9394,8,13,5,9,3.65,Medium
9395,22,3,7,2,4.263636364,Medium
9396,8,6,4,6,4.55,Medium
9398,12,5,3,5,3,Medium
9402,26,3,3,5,2.053846154,Medium
9403,23,9,8,3,3.504347826,Medium
9404,19,6,4,9,2.378947368,Medium
9406,11,12,4,5,2.327272727,Medium
9407,22,14,9,1,3.063636364,Medium
9408,28,9,7,3,2.771428571,Medium
9409,19,12,7,7,2.678947368,Medium
9412,16,9,6,9,3.075,Medium
9413,12,18,9,1,3.4,Medium
9414,27,4,4,5,2.311111111,Medium
9415,17,10,5,4,2.264705882,Medium
9419,8,7,3,1,3.85,Medium
9420,19,19,9,3,2.278947368,Medium
9421,27,4,8,1,4.311111111,Medium
9424,14,13,6,7,2.542857143,Medium
9425,25,7,5,9,2.3,Medium
9426,24,13,8,7,2.65,Medium
9427,16,7,4,3,2.475,Medium
9428,12,12,8,1,4.1,Medium
9430,11,2,3,2,3.827272727,Medium
9434,12,7,2,8,2.1,Medium
9439,8,10,1,3,2.25,Medium
9440,6,19,7,8,4.7,Medium
9442,12,16,7,8,2.8,Medium
9444,10,7,6,9,4.6,Medium
9445,7,12,5,9,4.385714286,Medium
9446,15,7,7,8,4.1,Medium
9451,8,18,5,1,2.65,Medium
9452,18,11,7,9,2.966666667,Medium
9456,5,16,4,4,4.8,Medium
9461,9,7,6,5,4.933333333,Medium
9462,8,19,6,3,2.95,Medium
9463,22,5,7,1,3.863636364,Medium
9465,18,15,9,6,3.166666667,Medium
9466,19,10,6,6,2.578947368,Medium
9467,16,1,6,8,4.675,Medium
9470,17,4,5,4,3.464705882,Medium
9473,11,18,6,9,2.127272727,Medium
9479,25,4,9,9,4.9,Medium
9480,16,10,9,6,4.375,Medium
9486,22,11,8,6,3.163636364,Medium
9491,9,15,7,4,3.833333333,Medium
9493,16,5,6,1,3.875,Medium
9494,7,19,5,3,2.985714286,Medium
9498,7,15,3,5,2.785714286,Medium
9499,9,11,3,7,2.633333333,Medium
9500,14,12,8,7,3.742857143,Medium
9501,29,5,9,6,4.534482759,Medium
9502,21,12,9,7,3.528571429,Medium
9503,27,3,4,1,2.511111111,Medium
9504,17,10,5,2,2.264705882,Medium
9516,17,10,5,4,2.264705882,Medium
9518,22,3,3,6,2.263636364,Medium
9519,10,5,3,4,3.5,Medium
9520,9,11,3,8,2.633333333,Medium
9521,17,10,5,4,2.264705882,Medium
9525,13,4,3,7,3.007692308,Medium
9526,10,9,4,8,3.2,Medium
9528,8,15,4,9,2.75,Medium
9533,11,5,2,1,2.727272727,Medium
9535,21,14,9,4,3.128571429,Medium
9536,26,4,5,9,2.853846154,Medium
9537,19,1,7,8,4.878947368,Medium
9539,28,4,5,5,2.771428571,Medium
9540,21,15,9,1,2.928571429,Medium
9543,10,2,4,3,4.6,Medium
9544,5,15,4,9,5,Medium
9545,10,6,6,9,4.8,Medium
9554,10,11,6,8,3.8,Medium
9555,17,14,8,9,2.964705882,Medium
9561,18,6,8,6,4.466666667,Medium
9563,26,9,9,2,3.853846154,Medium
9564,19,7,9,7,4.678947368,Medium
9567,10,5,2,8,3,Medium
9568,5,10,1,9,4.5,Medium
9569,11,10,5,2,3.227272727,Medium
9570,9,10,5,4,3.833333333,Medium
9571,19,19,9,3,2.278947368,Medium
9575,27,9,6,4,2.311111111,Medium
9578,25,7,9,1,4.3,Medium
9580,9,11,4,1,3.133333333,Medium
9583,7,3,2,9,4.685714286,Medium
9586,14,12,5,2,2.242857143,Medium
9587,13,9,4,2,2.507692308,Medium
9592,27,13,7,7,2.011111111,Medium
9593,24,5,7,3,3.75,Medium
9597,21,2,4,3,3.028571429,Medium
9600,23,15,8,5,2.304347826,Medium
9605,6,5,2,9,5,Medium
9606,5,10,2,6,5,Medium
9609,19,10,9,2,4.078947368,Medium
9612,28,4,4,6,2.271428571,Medium
9614,19,13,9,2,3.478947368,Medium
9617,17,3,7,6,4.664705882,Medium
9619,15,12,5,3,2.1,Medium
9620,18,5,4,2,2.666666667,Medium
9621,13,19,9,6,3.007692308,Medium
9624,4,19,2,7,4.7,Medium
9629,7,12,6,1,4.885714286,Medium
9630,14,15,7,6,2.642857143,Medium
9632,13,6,3,7,2.607692308,Medium
9638,13,1,5,1,4.607692308,Medium
9639,6,16,3,1,3.3,Medium
9643,11,13,5,2,2.627272727,Medium
9644,9,8,6,5,4.733333333,Medium
9646,5,18,5,3,4.9,Medium
9649,12,5,7,3,5,Medium
9650,24,8,6,4,2.65,Medium
9651,16,3,5,9,3.775,Medium
9653,22,8,9,3,4.263636364,Medium
9654,14,12,5,9,2.242857143,Medium
9656,14,11,8,8,3.942857143,Medium
9657,8,13,3,9,2.65,Medium
9659,14,11,7,1,3.442857143,Medium
9665,10,15,9,7,4.5,Medium
9666,29,2,8,9,4.634482759,Medium
9668,14,18,9,9,3.042857143,Medium
9669,24,18,9,5,2.15,Medium
9670,7,15,5,9,3.785714286,Medium
9675,29,2,8,6,4.634482759,Medium
9676,18,13,7,1,2.566666667,Medium
9677,21,1,6,2,4.228571429,Medium
9678,6,4,1,8,4.7,Medium
9680,15,17,7,7,2.1,Medium
9686,12,7,4,2,3.1,Medium
9687,29,7,8,2,3.634482759,Medium
9688,6,14,4,1,4.2,Medium
9689,12,5,7,9,5,Medium
9690,22,17,9,9,2.463636364,Medium
9692,8,16,3,2,2.05,Medium
9693,24,3,5,8,3.15,Medium
9695,11,16,7,6,3.027272727,Medium
9696,9,16,9,2,4.633333333,Medium
9697,25,8,9,2,4.1,Medium
9698,6,19,4,9,3.2,Medium
9699,8,2,2,8,4.35,Medium
9704,22,4,5,5,3.063636364,Medium
9706,23,14,9,6,3.004347826,Medium
9707,23,2,4,3,2.904347826,Medium
9709,6,15,5,8,4.5,Medium
9714,20,6,5,1,2.8,Medium
9715,20,16,8,4,2.3,Medium
9717,15,12,7,2,3.1,Medium
9718,6,12,4,2,4.6,Medium
9724,17,5,5,2,3.264705882,Medium
9725,6,11,3,6,4.3,Medium
9727,8,10,6,7,4.75,Medium
9728,10,16,6,1,2.8,Medium
9730,10,17,9,1,4.1,Medium
9735,16,12,9,4,3.975,Medium
9736,28,11,7,7,2.371428571,Medium
9738,25,16,9,3,2.5,Medium
9739,11,7,6,8,4.327272727,Medium
9740,20,8,5,7,2.4,Medium
9741,14,11,6,9,2.942857143,Medium
9742,29,3,5,5,2.934482759,Medium
9745,23,2,5,1,3.404347826,Medium
9746,29,8,9,1,3.934482759,Medium
9748,8,12,3,5,2.85,Medium
9752,29,9,9,4,3.734482759,Medium
9753,27,17,9,5,2.211111111,Medium
9754,9,11,4,4,3.133333333,Medium
9761,17,8,9,8,4.664705882,Medium
9762,7,3,1,6,4.185714286,Medium
9768,29,10,9,3,3.534482759,Medium
9773,19,17,8,9,2.178947368,Medium
9774,19,7,6,5,3.178947368,Medium
9776,22,4,5,6,3.063636364,Medium
9778,13,16,8,4,3.107692308,Medium
9780,9,16,6,1,3.133333333,Medium
9783,25,4,7,4,3.9,Medium
9785,18,1,5,5,3.966666667,Medium
9798,19,10,5,7,2.078947368,Medium
9803,26,3,7,1,4.053846154,Medium
9804,11,7,3,3,2.827272727,Medium
9805,18,3,3,2,2.566666667,Medium
9809,11,8,5,3,3.627272727,Medium
9810,21,13,9,5,3.328571429,Medium
9811,17,18,8,8,2.164705882,Medium
9813,15,6,3,2,2.3,Medium
9821,14,15,8,3,3.142857143,Medium
9830,14,8,7,5,4.042857143,Medium
9833,23,6,5,2,2.604347826,Medium
9834,12,14,9,7,4.2,Medium
9836,29,9,8,1,3.234482759,Medium
9837,28,5,4,1,2.071428571,Medium
9839,11,11,7,1,4.027272727,Medium
9842,15,3,4,2,3.4,Medium
9846,10,19,9,2,3.7,Medium
9848,18,13,8,4,3.066666667,Medium
9849,13,12,7,5,3.407692308,Medium
9853,14,11,8,3,3.942857143,Medium
9855,18,1,5,6,3.966666667,Medium
9857,7,2,1,7,4.385714286,Medium
9863,13,2,1,7,2.407692308,Medium
9871,12,4,4,6,3.7,Medium
9872,18,13,6,9,2.066666667,Medium
9874,10,10,8,2,5,Medium
9875,13,13,9,8,4.207692308,Medium
9880,7,7,3,5,4.385714286,Medium
9882,21,4,5,8,3.128571429,Medium
9883,8,4,2,4,3.95,Medium
9885,21,1,6,5,4.228571429,Medium
9886,8,8,3,2,3.65,Medium
9894,8,13,2,9,2.15,Medium
9896,25,10,7,3,2.7,Medium
9900,20,13,7,6,2.4,Medium
9906,13,13,8,8,3.707692308,Medium
9907,19,2,3,6,2.678947368,Medium
9908,18,10,6,3,2.666666667,Medium
9910,12,8,6,2,3.9,Medium
9919,10,10,5,6,3.5,Medium
9926,25,1,3,9,2.5,Medium
9935,24,4,7,7,3.95,Medium
9939,14,3,2,8,2.542857143,Medium
9942,9,17,7,1,3.433333333,Medium
9943,6,15,2,5,3,Medium
9946,17,13,7,9,2.664705882,Medium
9948,21,6,9,6,4.728571429,Medium
9950,8,8,3,7,3.65,Medium
9957,23,6,6,1,3.104347826,Medium
9958,15,15,8,5,3,Medium
9961,22,12,9,1,3.463636364,Medium
9965,22,4,7,9,4.063636364,Medium
9966,22,9,5,9,2.063636364,Medium
9968,9,5,4,8,4.333333333,Medium
9969,23,4,6,3,3.504347826,Medium
9975,22,12,7,6,2.463636364,Medium
9979,26,6,9,1,4.453846154,Medium
9982,10,6,5,4,4.3,Medium
9988,18,18,8,5,2.066666667,Medium
9990,10,14,5,9,2.7,Medium
9991,20,13,9,6,3.4,Medium
9997,18,4,5,8,3.366666667,Medium
9999,25,2,8,7,4.8,Medium
10000,23,7,6,3,2.904347826,Medium
10002,5,10,2,8,5,Medium
10006,12,12,6,3,3.1,Medium
10008,20,7,9,5,4.6,Medium
10011,12,14,5,1,2.2,Medium
10017,6,11,3,6,4.3,Medium
10021,25,7,9,6,4.3,Medium
10023,17,10,5,2,2.264705882,Medium
10027,26,1,6,7,3.953846154,Medium
10031,12,5,7,6,5,Medium
10034,20,9,5,8,2.2,Medium
10042,17,3,2,9,2.164705882,Medium
10044,8,16,5,3,3.05,Medium
10045,25,6,5,2,2.5,Medium
10046,13,10,4,4,2.307692308,Medium
10052,18,13,6,5,2.066666667,Medium
10053,5,18,3,4,3.9,Medium
10054,18,3,6,1,4.066666667,Medium
10055,9,19,7,8,3.033333333,Medium
10056,15,10,5,5,2.5,Medium
10057,16,7,7,6,3.975,Medium
10059,6,14,3,5,3.7,Medium
10060,17,14,9,8,3.464705882,Medium
10061,15,15,9,6,3.5,Medium
10063,6,9,3,3,4.7,Medium
10064,25,3,8,6,4.6,Medium
10067,10,18,8,3,3.4,Medium
10068,22,2,3,2,2.463636364,Medium
10069,16,1,5,6,4.175,Medium
10072,9,12,4,6,2.933333333,Medium
10074,24,17,9,8,2.35,Medium
10075,9,3,1,1,3.233333333,Medium
10077,7,15,6,5,4.285714286,Medium
10078,13,10,9,7,4.807692308,Medium
10079,14,11,5,2,2.442857143,Medium
10080,9,4,2,4,3.533333333,Medium
10082,18,6,6,9,3.466666667,Medium
10084,9,16,5,5,2.633333333,Medium
10085,27,3,7,2,4.011111111,Medium
10086,13,9,6,9,3.507692308,Medium
10088,11,11,4,7,2.527272727,Medium
10090,28,2,6,8,3.671428571,Medium
10093,26,7,7,3,3.253846154,Medium
10094,16,17,8,1,2.475,Medium
10098,29,5,6,9,3.034482759,Medium
10102,11,11,5,9,3.027272727,Medium
10103,18,4,4,1,2.866666667,Medium
10104,22,17,9,3,2.463636364,Medium
10105,9,13,6,4,3.733333333,Medium
10109,10,5,3,4,3.5,Medium
10116,8,2,1,1,3.85,Medium
10117,7,12,1,8,2.385714286,Medium
10118,22,19,9,7,2.063636364,Medium
10120,8,10,1,3,2.25,Medium
10123,12,4,5,7,4.2,Medium
10125,12,13,9,1,4.4,Medium
10126,8,2,2,8,4.35,Medium
10128,23,13,8,1,2.704347826,Medium
10130,7,14,2,3,2.485714286,Medium
10131,27,9,8,6,3.311111111,Medium
10132,28,1,4,8,2.871428571,Medium
10136,18,12,6,5,2.266666667,Medium
10139,17,8,5,3,2.664705882,Medium
10142,6,15,5,7,4.5,Medium
10143,20,9,9,2,4.2,Medium
10146,7,13,4,5,3.685714286,Medium
10148,10,2,4,8,4.6,Medium
10149,29,9,7,2,2.734482759,Medium
10150,8,1,1,6,4.05,Medium
10152,25,4,6,9,3.4,Medium
10154,14,4,3,3,2.842857143,Medium
10156,9,18,6,1,2.733333333,Medium
10157,15,5,4,3,3,Medium
10164,26,1,3,1,2.453846154,Medium
10169,8,17,4,1,2.35,Medium
10170,11,11,8,7,4.527272727,Medium
10171,6,11,1,2,3.3,Medium
10172,25,8,5,6,2.1,Medium
10173,17,6,3,4,2.064705882,Medium
10175,9,7,4,4,3.933333333,Medium
10176,17,1,4,9,3.564705882,Medium
10177,10,7,2,4,2.6,Medium
10179,16,7,6,8,3.475,Medium
10182,16,2,2,9,2.475,Medium
10186,16,5,7,4,4.375,Medium
10188,24,8,8,6,3.65,Medium
10190,22,13,9,6,3.263636364,Medium
10191,23,16,9,7,2.604347826,Medium
10192,15,13,6,1,2.4,Medium
10193,12,15,7,3,3,Medium
10196,25,2,4,4,2.8,Medium
10199,8,9,6,6,4.95,Medium
10203,10,4,4,4,4.2,Medium
10204,5,18,5,5,4.9,Medium
10206,29,1,3,7,2.334482759,Medium
10208,7,6,3,8,4.585714286,Medium
10209,29,8,8,3,3.434482759,Medium
10210,10,6,3,6,3.3,Medium
10213,9,5,2,9,3.333333333,Medium
10214,27,2,6,1,3.711111111,Medium
10217,11,6,1,8,2.027272727,Medium
10219,16,13,6,2,2.275,Medium
10220,20,14,7,7,2.2,Medium
10221,11,12,8,3,4.327272727,Medium
10222,10,12,6,2,3.6,Medium
10223,16,19,8,7,2.075,Medium
10224,18,12,7,9,2.766666667,Medium
10227,7,13,5,4,4.185714286,Medium
10230,23,4,3,6,2.004347826,Medium
10237,11,11,3,8,2.027272727,Medium
10238,29,8,8,4,3.434482759,Medium
10239,28,7,5,7,2.171428571,Medium
10245,24,12,8,1,2.85,Medium
10246,25,8,9,2,4.1,Medium
10248,26,7,6,9,2.753846154,Medium
10252,12,1,4,9,4.3,Medium
10253,10,6,2,2,2.8,Medium
10257,12,3,4,2,3.9,Medium
10262,14,1,1,7,2.442857143,Medium
10264,23,3,3,6,2.204347826,Medium
10272,19,17,8,4,2.178947368,Medium
10273,22,10,7,2,2.863636364,Medium
10276,29,2,5,4,3.134482759,Medium
10281,16,6,5,8,3.175,Medium
10283,8,13,7,9,4.65,Medium
10286,26,8,6,4,2.553846154,Medium
10288,15,6,4,7,2.8,Medium
10289,16,11,6,9,2.675,Medium
10293,27,6,7,9,3.411111111,Medium
10294,15,17,9,3,3.1,Medium
10299,15,12,9,4,4.1,Medium
10304,22,1,3,3,2.663636364,Medium
10305,20,5,7,1,4,Medium
10307,16,5,6,6,3.875,Medium
10311,10,10,6,3,4,Medium
10313,11,10,5,4,3.227272727,Medium
10314,25,11,7,6,2.5,Medium
10315,28,4,7,1,3.771428571,Medium
10317,20,12,9,7,3.6,Medium
10319,11,13,8,5,4.127272727,Medium
10320,9,5,1,7,2.833333333,Medium
10326,15,3,7,2,4.9,Medium
10327,9,19,6,8,2.533333333,Medium
10329,20,3,8,1,4.9,Medium
10332,19,2,2,6,2.178947368,Medium
10334,27,7,8,7,3.711111111,Medium
10336,27,8,6,8,2.511111111,Medium
10339,9,3,4,2,4.733333333,Medium
10342,16,5,5,9,3.375,Medium
10346,18,2,6,3,4.266666667,Medium
10352,10,9,3,4,2.7,Medium
10354,8,9,5,7,4.45,Medium
10357,10,9,2,9,2.2,Medium
10362,26,2,7,2,4.253846154,Medium
10364,24,14,9,5,2.95,Medium
10368,7,17,4,6,2.885714286,Medium
10373,9,15,8,3,4.333333333,Medium
10377,8,15,3,5,2.25,Medium
10378,4,15,1,6,5,Medium
10379,27,16,9,7,2.411111111,Medium
10380,5,18,1,8,2.9,Medium
10381,27,10,7,5,2.611111111,Medium
10382,23,4,8,3,4.504347826,Medium
10383,26,1,4,2,2.953846154,Medium
10385,19,13,9,9,3.478947368,Medium
10389,12,11,6,2,3.3,Medium
10391,11,3,3,4,3.627272727,Medium
10394,21,11,6,5,2.228571429,Medium
10395,11,16,9,9,4.027272727,Medium
10397,6,16,3,5,3.3,Medium
10398,22,6,9,1,4.663636364,Medium
10399,7,16,7,6,4.585714286,Medium
10404,22,7,8,2,3.963636364,Medium
10406,8,18,4,2,2.15,Medium
10411,7,19,6,6,3.485714286,Medium
10412,26,13,9,1,3.053846154,Medium
10414,15,7,4,9,2.6,Medium
10415,16,4,3,3,2.575,Medium
10418,7,11,2,3,3.085714286,Medium
10419,23,11,9,5,3.604347826,Medium
10426,20,3,8,6,4.9,Medium
10427,8,4,1,9,3.45,Medium
10428,11,5,4,5,3.727272727,Medium
10429,7,13,4,5,3.685714286,Medium
10430,17,3,7,4,4.664705882,Medium
10432,29,2,7,8,4.134482759,Medium
10441,8,17,9,2,4.85,Medium
10443,11,9,4,5,2.927272727,Medium
10447,11,13,8,2,4.127272727,Medium
10453,23,12,9,3,3.404347826,Medium
10455,8,11,4,9,3.55,Medium
10460,29,3,6,2,3.434482759,Medium
10464,11,7,3,4,2.827272727,Medium
10465,17,2,4,9,3.364705882,Medium
10468,20,13,8,5,2.9,Medium
10469,6,19,4,1,3.2,Medium
10474,28,5,6,2,3.071428571,Medium
10476,24,10,9,5,3.75,Medium
10479,26,1,7,2,4.453846154,Medium
10480,7,11,3,1,3.585714286,Medium
10484,14,4,6,2,4.342857143,Medium
10485,29,6,8,2,3.834482759,Medium
10486,11,17,9,9,3.827272727,Medium
10487,18,14,7,8,2.366666667,Medium
10493,13,15,6,6,2.307692308,Medium
10495,27,4,5,3,2.811111111,Medium
10497,11,16,7,4,3.027272727,Medium
10499,7,7,4,4,4.885714286,Medium
10504,10,6,3,6,3.3,Medium
10505,28,10,6,2,2.071428571,Medium
10506,22,2,4,3,2.963636364,Medium
10509,25,8,8,9,3.6,Medium
10511,12,11,5,5,2.8,Medium
10520,6,14,2,4,3.2,Medium
10525,10,19,9,2,3.7,Medium
10527,8,4,3,6,4.45,Medium
10528,13,1,3,4,3.607692308,Medium
10530,7,8,1,6,3.185714286,Medium
10533,26,3,8,7,4.553846154,Medium
10534,13,9,6,7,3.507692308,Medium
10535,19,16,8,9,2.378947368,Medium
10538,17,9,6,6,2.964705882,Medium
10539,18,6,6,3,3.466666667,Medium
10541,27,7,6,2,2.711111111,Medium
10543,15,8,9,3,4.9,Medium
10544,10,2,3,5,4.1,Medium
10545,10,11,3,5,2.3,Medium
10548,22,15,8,7,2.363636364,Medium
10549,7,12,3,7,3.385714286,Medium
10551,19,8,8,2,3.978947368,Medium
10552,7,11,3,1,3.585714286,Medium
10553,6,12,3,7,4.1,Medium
10555,14,8,5,7,3.042857143,Medium
10556,28,5,7,1,3.571428571,Medium
10557,9,6,5,8,4.633333333,Medium
10558,29,9,9,8,3.734482759,Medium
10559,12,8,4,1,2.9,Medium
10560,22,7,9,2,4.463636364,Medium
10561,13,3,6,3,4.707692308,Medium
10565,25,7,6,2,2.8,Medium
10567,27,5,4,9,2.111111111,Medium
10572,25,14,9,6,2.9,Medium
10574,21,4,6,6,3.628571429,Medium
10577,14,5,6,2,4.142857143,Medium
10581,18,3,3,3,2.566666667,Medium
10586,14,15,8,7,3.142857143,Medium
10587,16,6,6,2,3.675,Medium
10590,21,11,7,4,2.728571429,Medium
10594,29,1,6,1,3.834482759,Medium
10607,26,18,9,3,2.053846154,Medium
10610,11,14,7,3,3.427272727,Medium
10616,14,1,4,3,3.942857143,Medium
10617,17,15,7,6,2.264705882,Medium
10619,29,5,7,8,3.534482759,Medium
10621,20,3,8,9,4.9,Medium
10622,22,12,8,9,2.963636364,Medium
10623,11,4,3,3,3.427272727,Medium
10629,22,3,4,3,2.763636364,Medium
10630,29,7,9,6,4.134482759,Medium
10631,19,6,6,4,3.378947368,Medium
10637,22,7,6,5,2.963636364,Medium
10639,16,12,7,8,2.975,Medium
10643,12,16,7,3,2.8,Medium
10646,14,5,4,4,3.142857143,Medium
10648,10,13,5,8,2.9,Medium
10649,25,2,6,9,3.8,Medium
10655,5,14,3,5,4.7,Medium
10657,15,7,4,9,2.6,Medium
10658,6,19,6,6,4.2,Medium
10667,28,2,7,1,4.171428571,Medium
10670,17,4,6,4,3.964705882,Medium
10672,29,3,7,9,3.934482759,Medium
10674,11,11,5,9,3.027272727,Medium
10675,26,8,8,1,3.553846154,Medium
10677,11,12,8,2,4.327272727,Medium
10678,11,4,5,7,4.427272727,Medium
10679,12,11,8,7,4.3,Medium
10685,23,9,7,7,3.004347826,Medium
10687,11,5,1,8,2.227272727,Medium
10689,20,5,9,8,5,Medium
10693,8,16,4,1,2.55,Medium
10694,28,2,3,9,2.171428571,Medium
10701,12,13,7,9,3.4,Medium
10702,19,4,3,8,2.278947368,Medium
10703,8,5,4,2,4.75,Medium
10704,8,16,7,5,4.05,Medium
10705,7,15,5,7,3.785714286,Medium
10706,23,16,9,6,2.604347826,Medium
10708,24,14,9,8,2.95,Medium
10713,8,11,3,9,3.05,Medium
10714,7,17,8,4,4.885714286,Medium
10718,17,4,6,9,3.964705882,Medium
10721,17,8,9,7,4.664705882,Medium
10722,14,11,5,1,2.442857143,Medium
10723,11,9,6,4,3.927272727,Medium
10724,17,18,8,1,2.164705882,Medium
10725,22,3,3,8,2.263636364,Medium
10727,13,7,5,8,3.407692308,Medium
10730,8,15,6,2,3.75,Medium
10731,21,8,9,8,4.328571429,Medium
10734,20,6,4,9,2.3,Medium
10735,11,9,7,2,4.427272727,Medium
10736,28,9,6,8,2.271428571,Medium
10737,18,6,4,2,2.466666667,Medium
10738,12,7,2,3,2.1,Medium
10739,15,18,9,5,2.9,Medium
10742,27,15,8,9,2.111111111,Medium
10743,7,19,9,3,4.985714286,Medium
10744,29,12,9,2,3.134482759,Medium
10746,16,1,4,8,3.675,Medium
10753,15,15,8,5,3,Medium
10754,10,5,2,1,3,Medium
10755,19,5,3,1,2.078947368,Medium
10760,8,7,3,4,3.85,Medium
10762,9,13,5,6,3.233333333,Medium
10764,10,7,2,6,2.6,Medium
10765,21,12,6,2,2.028571429,Medium
10768,11,15,6,7,2.727272727,Medium
10770,19,17,9,2,2.678947368,Medium
10774,19,4,5,3,3.278947368,Medium
10776,15,15,8,9,3,Medium
10778,13,5,2,2,2.307692308,Medium
10780,26,8,8,4,3.553846154,Medium
10789,10,12,5,6,3.1,Medium
10792,27,2,8,4,4.711111111,Medium
10793,22,16,9,6,2.663636364,Medium
10796,26,2,6,8,3.753846154,Medium
10797,16,5,8,1,4.875,Medium
10798,10,10,7,4,4.5,Medium
10799,18,10,8,5,3.666666667,Medium
10802,23,5,4,7,2.304347826,Medium
10803,13,13,9,8,4.207692308,Medium
10807,28,4,8,4,4.271428571,Medium
10811,27,15,8,7,2.111111111,Medium
10812,10,16,8,3,3.8,Medium
10814,13,5,6,9,4.307692308,Medium
10815,23,11,8,5,3.104347826,Medium
10818,7,14,3,7,2.985714286,Medium
10821,7,13,5,1,4.185714286,Medium
10824,26,1,7,2,4.453846154,Medium
10826,26,13,7,4,2.053846154,Medium
10828,8,17,6,7,3.35,Medium
10829,17,7,8,9,4.364705882,Medium
10834,20,9,7,5,3.2,Medium
10835,5,18,5,8,4.9,Medium
10837,29,2,3,5,2.134482759,Medium
10839,18,11,7,6,2.966666667,Medium
10840,6,8,2,1,4.4,Medium
10842,24,13,7,5,2.15,Medium
10844,12,10,9,4,5,Medium
10845,17,6,8,8,4.564705882,Medium
10847,21,14,9,6,3.128571429,Medium
10848,24,10,6,8,2.25,Medium
10849,27,7,6,8,2.711111111,Medium
10851,6,14,4,3,4.2,Medium
10852,13,15,9,4,3.807692308,Medium
10853,22,15,8,7,2.363636364,Medium
10854,28,17,9,6,2.171428571,Medium
10855,9,18,9,5,4.233333333,Medium
10858,17,12,9,7,3.864705882,Medium
10861,17,2,4,5,3.364705882,Medium
10867,13,5,3,2,2.807692308,Medium
10870,15,12,5,9,2.1,Medium
10871,10,18,8,2,3.4,Medium
10872,11,3,5,7,4.627272727,Medium
10875,12,8,8,9,4.9,Medium
10876,15,16,8,8,2.8,Medium
10877,23,6,5,7,2.604347826,Medium
10878,11,7,5,3,3.827272727,Medium
10880,8,6,2,1,3.55,Medium
10883,19,17,8,2,2.178947368,Medium
10889,8,8,5,1,4.65,Medium
10890,20,7,4,3,2.1,Medium
10891,11,9,3,9,2.427272727,Medium
10892,13,11,5,7,2.607692308,Medium
10894,26,12,7,8,2.253846154,Medium
10895,18,2,4,7,3.266666667,Medium
10905,16,13,7,8,2.775,Medium
10906,26,1,3,2,2.453846154,Medium
10907,16,10,7,7,3.375,Medium
10916,8,11,6,2,4.55,Medium
10918,20,6,8,1,4.3,Medium
10920,18,1,6,2,4.466666667,Medium
10923,16,16,7,3,2.175,Medium
10930,18,15,9,8,3.166666667,Medium
10932,25,4,4,3,2.4,Medium
10934,14,9,4,6,2.342857143,Medium
10939,18,5,5,7,3.166666667,Medium
10940,6,17,6,8,4.6,Medium
10941,20,17,9,4,2.6,Medium
10942,8,16,6,7,3.55,Medium
10946,19,8,6,9,2.978947368,Medium
10949,17,15,7,3,2.264705882,Medium
10950,7,8,1,2,3.185714286,Medium
10952,12,5,4,2,3.5,Medium
10953,23,1,4,8,3.104347826,Medium
10955,6,17,3,8,3.1,Medium
10956,19,3,4,7,2.978947368,Medium
10957,18,18,9,1,2.566666667,Medium
10959,17,3,7,7,4.664705882,Medium
10964,26,6,6,9,2.953846154,Medium
10967,28,4,8,4,4.271428571,Medium
10968,10,6,1,6,2.3,Medium
10969,25,8,6,7,2.6,Medium
10971,5,18,5,8,4.9,Medium
10975,28,13,8,4,2.471428571,Medium
10977,17,3,4,8,3.164705882,Medium
10978,11,16,8,6,3.527272727,Medium
10979,9,12,6,1,3.933333333,Medium
10982,25,11,8,1,3,Medium
10983,5,18,1,8,2.9,Medium
10984,28,1,4,3,2.871428571,Medium
10985,17,8,8,8,4.164705882,Medium
10988,25,7,8,1,3.8,Medium
10992,23,9,6,9,2.504347826,Medium
10994,21,3,8,6,4.828571429,Medium
10998,15,14,6,2,2.2,Medium
10999,17,14,8,6,2.964705882,Medium
11002,29,8,8,3,3.434482759,Medium
11003,10,19,9,3,3.7,Medium
11004,10,7,4,5,3.6,Medium
11006,12,14,6,7,2.7,Medium
11009,10,7,4,9,3.6,Medium
11011,7,8,1,7,3.185714286,Medium
11012,23,9,8,8,3.504347826,Medium
11015,22,10,8,5,3.363636364,Medium
11016,14,10,5,3,2.642857143,Medium
11018,29,12,8,9,2.634482759,Medium
11020,24,1,7,2,4.55,Medium
11022,17,16,8,2,2.564705882,Medium
11023,29,10,6,6,2.034482759,Medium
11024,19,2,7,7,4.678947368,Medium
11025,16,10,5,6,2.375,Medium
11026,12,3,5,3,4.4,Medium
11031,22,13,7,6,2.263636364,Medium
11032,19,2,3,8,2.678947368,Medium
11033,21,5,4,1,2.428571429,Medium
11035,23,19,9,1,2.004347826,Medium
11038,14,10,4,9,2.142857143,Medium
11040,28,8,9,6,3.971428571,Medium
11041,18,6,9,2,4.966666667,Medium
11043,9,18,8,7,3.733333333,Medium
11047,17,1,5,1,4.064705882,Medium
11048,27,11,9,5,3.411111111,Medium
11053,10,8,3,1,2.9,Medium
11060,12,17,9,4,3.6,Medium
11063,15,4,4,7,3.2,Medium
11064,24,18,9,2,2.15,Medium
11066,10,15,8,6,4,Medium
11067,20,10,6,8,2.5,Medium
11068,18,13,8,3,3.066666667,Medium
11070,22,2,7,3,4.463636364,Medium
11071,23,7,9,4,4.404347826,Medium
11074,9,17,7,1,3.433333333,Medium
11075,17,9,8,8,3.964705882,Medium
11076,13,8,3,2,2.207692308,Medium
11078,22,13,7,5,2.263636364,Medium
11079,16,18,8,9,2.275,Medium
11080,24,10,6,9,2.25,Medium
11083,15,9,7,3,3.7,Medium
11086,8,8,3,3,3.65,Medium
11087,12,4,1,9,2.2,Medium
11088,8,10,2,6,2.75,Medium
11089,16,8,5,7,2.775,Medium
11092,5,9,1,6,4.7,Medium
11094,11,3,1,5,2.627272727,Medium
11095,20,13,9,6,3.4,Medium
11096,18,8,6,7,3.066666667,Medium
11097,20,6,8,3,4.3,Medium
11098,10,5,6,8,5,Medium
11099,14,1,2,1,2.942857143,Medium
11107,6,16,4,7,3.8,Medium
11108,7,6,1,9,3.585714286,Medium
11110,11,4,4,8,3.927272727,Medium
11111,17,10,7,6,3.264705882,Medium
11115,22,13,8,6,2.763636364,Medium
11117,29,15,8,9,2.034482759,Medium
11118,24,8,8,7,3.65,Medium
11120,28,3,4,8,2.471428571,Medium
11121,7,16,3,1,2.585714286,Medium
11123,10,16,8,4,3.8,Medium
11125,11,1,3,1,4.027272727,Medium
11126,25,5,8,6,4.2,Medium
11128,5,13,3,4,4.9,Medium
11131,25,10,6,3,2.2,Medium
11132,20,1,5,8,3.8,Medium
11133,27,5,6,2,3.111111111,Medium
11135,23,3,6,4,3.704347826,Medium
11136,13,3,2,5,2.707692308,Medium
11139,19,4,5,2,3.278947368,Medium
11144,6,14,2,6,3.2,Medium
11147,20,4,5,8,3.2,Medium
11148,20,5,7,8,4,Medium
11153,16,12,8,3,3.475,Medium
11156,17,8,5,1,2.664705882,Medium
11157,27,6,7,9,3.411111111,Medium
11161,25,7,6,2,2.8,Medium
11162,13,6,2,8,2.107692308,Medium
11164,23,11,8,5,3.104347826,Medium
11165,17,4,4,4,2.964705882,Medium
11166,28,4,5,6,2.771428571,Medium
11167,11,1,1,8,3.027272727,Medium
11169,18,16,9,6,2.966666667,Medium
11171,11,13,4,3,2.127272727,Medium
11172,12,12,7,3,3.6,Medium
11173,4,16,1,7,4.8,Medium
11177,9,5,2,6,3.333333333,Medium
11182,7,18,7,5,4.185714286,Medium
11184,16,13,9,2,3.775,Medium
11189,14,7,4,9,2.742857143,Medium
11192,12,15,6,6,2.5,Medium
11193,29,10,7,1,2.534482759,Medium
11196,7,4,3,4,4.985714286,Medium
11199,8,13,3,9,2.65,Medium
11201,27,2,3,9,2.211111111,Medium
11202,15,9,4,2,2.2,Medium
11208,9,17,5,6,2.433333333,Medium
11211,23,5,6,4,3.304347826,Medium
11212,27,6,9,6,4.411111111,Medium
11214,29,5,7,4,3.534482759,Medium
11215,18,9,8,3,3.866666667,Medium
11216,27,6,6,8,2.911111111,Medium
11217,8,2,1,6,3.85,Medium
11218,7,18,4,3,2.685714286,Medium
11219,22,12,7,8,2.463636364,Medium
11221,9,12,3,9,2.433333333,Medium
11228,29,5,7,1,3.534482759,Medium
11229,25,8,5,7,2.1,Medium
11234,9,19,8,8,3.533333333,Medium
11236,22,1,5,8,3.663636364,Medium
11241,17,12,6,8,2.364705882,Medium
11243,7,18,6,6,3.685714286,Medium
11244,16,1,1,8,2.175,Medium
11246,11,12,5,2,2.827272727,Medium
11247,20,6,4,5,2.3,Medium
11248,7,19,7,1,3.985714286,Medium
11249,20,12,7,8,2.6,Medium
11251,7,3,1,5,4.185714286,Medium
11253,20,11,7,2,2.8,Medium
11257,6,6,1,9,4.3,Medium
11263,8,8,4,9,4.15,Medium
11265,11,2,2,7,3.327272727,Medium
11267,18,18,8,9,2.066666667,Medium
11268,7,5,3,6,4.785714286,Medium
11270,20,2,6,4,4.1,Medium
11271,12,16,8,1,3.3,Medium
11272,15,2,3,6,3.1,Medium
11273,11,7,7,4,4.827272727,Medium
11274,4,17,1,7,4.6,Medium
11278,29,4,5,2,2.734482759,Medium
11279,6,3,1,4,4.9,Medium
11284,12,2,2,5,3.1,Medium
11285,14,18,7,1,2.042857143,Medium
11289,10,10,3,2,2.5,Medium
11290,22,13,9,2,3.263636364,Medium
11296,26,6,6,3,2.953846154,Medium
11297,18,6,9,7,4.966666667,Medium
11299,23,5,8,4,4.304347826,Medium
11301,20,1,4,4,3.3,Medium
11305,8,18,9,6,4.65,Medium
11306,12,5,2,7,2.5,Medium
11307,23,5,6,7,3.304347826,Medium
11309,12,7,7,9,4.6,Medium
11312,15,11,9,6,4.3,Medium
11315,13,16,7,7,2.607692308,Medium
11318,19,14,9,4,3.278947368,Medium
11319,20,14,9,7,3.2,Medium
11320,25,2,5,9,3.3,Medium
11323,7,10,4,3,4.285714286,Medium
11324,28,8,8,3,3.471428571,Medium
11325,8,3,2,7,4.15,Medium
11328,10,13,5,5,2.9,Medium
11331,7,13,3,8,3.185714286,Medium
11332,15,15,7,2,2.5,Medium
11335,8,4,2,3,3.95,Medium
11338,20,7,5,3,2.6,Medium
11344,25,1,7,3,4.5,Medium
11347,27,6,7,9,3.411111111,Medium
11349,21,2,3,9,2.528571429,Medium
11350,17,8,5,7,2.664705882,Medium
11351,26,8,9,3,4.053846154,Medium
11353,14,13,6,5,2.542857143,Medium
11354,21,16,8,7,2.228571429,Medium
11359,11,9,5,7,3.427272727,Medium
11360,12,15,8,8,3.5,Medium
11361,11,13,5,5,2.627272727,Medium
11363,17,7,8,6,4.364705882,Medium
11370,16,5,5,4,3.375,Medium
11371,25,3,8,3,4.6,Medium
11375,25,6,6,1,3,Medium
11378,13,8,3,1,2.207692308,Medium
11381,8,17,9,6,4.85,Medium
11383,17,3,5,9,3.664705882,Medium
11385,6,12,1,1,3.1,Medium
11392,14,18,7,7,2.042857143,Medium
11396,29,3,7,3,3.934482759,Medium
11398,8,4,1,8,3.45,Medium
11399,10,17,5,8,2.1,Medium
11405,17,11,9,5,4.064705882,Medium
11406,23,5,7,5,3.804347826,Medium
11408,25,6,7,1,3.5,Medium
11411,11,11,8,1,4.527272727,Medium
11412,9,15,8,7,4.333333333,Medium
11414,23,8,8,6,3.704347826,Medium
11415,26,3,5,9,3.053846154,Medium
11417,27,9,8,7,3.311111111,Medium
11419,15,8,6,9,3.4,Medium
11420,20,5,5,7,3,Medium
11421,12,9,5,4,3.2,Medium
11424,7,11,3,4,3.585714286,Medium
11426,10,8,4,1,3.4,Medium
11427,7,11,2,7,3.085714286,Medium
11428,10,5,1,4,2.5,Medium
11432,21,4,7,7,4.128571429,Medium
11433,13,2,4,1,3.907692308,Medium
11435,18,4,7,5,4.366666667,Medium
11436,20,1,7,6,4.8,Medium
11438,8,17,7,2,3.85,Medium
11444,27,6,6,9,2.911111111,Medium
11445,11,2,4,1,4.327272727,Medium
11447,21,2,6,3,4.028571429,Medium
11448,17,10,7,1,3.264705882,Medium
11449,6,14,4,1,4.2,Medium
11453,26,2,8,3,4.753846154,Medium
11459,6,3,1,2,4.9,Medium
11463,20,3,6,3,3.9,Medium
11466,12,6,2,3,2.3,Medium
11467,15,11,6,6,2.8,Medium
11469,14,2,6,1,4.742857143,Medium
11470,29,2,5,9,3.134482759,Medium
11476,21,13,8,8,2.828571429,Medium
11477,29,3,5,3,2.934482759,Medium
11478,14,5,3,3,2.642857143,Medium
11481,8,18,5,2,2.65,Medium
11486,22,5,8,9,4.363636364,Medium
11488,27,16,9,6,2.411111111,Medium
11489,8,8,5,6,4.65,Medium
11490,19,7,4,7,2.178947368,Medium
11494,13,9,3,2,2.007692308,Medium
11495,23,13,8,7,2.704347826,Medium
11496,19,5,5,7,3.078947368,Medium
11497,28,6,7,1,3.371428571,Medium
11498,6,11,1,4,3.3,Medium
11501,16,8,7,4,3.775,Medium
11502,22,6,6,9,3.163636364,Medium
11503,11,8,5,7,3.627272727,Medium
11505,7,13,4,6,3.685714286,Medium
11507,12,5,6,7,4.5,Medium
11508,20,9,7,3,3.2,Medium
11511,8,1,2,1,4.55,Medium
11512,12,14,9,5,4.2,Medium
11513,9,9,6,2,4.533333333,Medium
11515,14,10,5,4,2.642857143,Medium
11519,8,7,2,3,3.35,Medium
11530,14,7,3,1,2.242857143,Medium
11531,9,19,5,1,2.033333333,Medium
11532,22,2,3,5,2.463636364,Medium
11535,7,19,9,3,4.985714286,Medium
11537,13,9,8,1,4.507692308,Medium
11539,27,9,9,2,3.811111111,Medium
11547,10,11,5,7,3.3,Medium
11548,13,11,9,2,4.607692308,Medium
11549,8,13,6,5,4.15,Medium
11554,9,14,8,9,4.533333333,Medium
11555,12,7,7,2,4.6,Medium
11556,15,12,6,2,2.6,Medium
11557,25,5,6,6,3.2,Medium
11559,5,19,1,5,2.7,Medium
11562,16,16,9,3,3.175,Medium
11566,20,10,7,5,3,Medium
11568,24,9,8,3,3.45,Medium
11569,26,7,5,6,2.253846154,Medium
11571,15,17,9,1,3.1,Medium
11573,28,8,9,9,3.971428571,Medium
11574,24,8,8,2,3.65,Medium
11575,20,5,7,6,4,Medium
11576,25,16,9,5,2.5,Medium
11581,16,16,8,2,2.675,Medium
11582,9,14,8,1,4.533333333,Medium
11585,11,9,6,3,3.927272727,Medium
11586,22,9,8,2,3.563636364,Medium
11594,17,13,8,2,3.164705882,Medium
11595,21,17,9,3,2.528571429,Medium
11597,18,12,6,6,2.266666667,Medium
11598,10,4,5,8,4.7,Medium
11600,12,19,9,2,3.2,Medium
11603,21,12,6,2,2.028571429,Medium
11605,22,7,8,8,3.963636364,Medium
11607,19,5,6,6,3.578947368,Medium
11611,28,4,7,7,3.771428571,Medium
11612,23,8,6,1,2.704347826,Medium
11614,10,15,6,7,3,Medium
11615,15,10,7,4,3.5,Medium
11618,28,6,6,3,2.871428571,Medium
11620,8,14,5,6,3.45,Medium
11621,13,10,4,4,2.307692308,Medium
11623,24,5,4,3,2.25,Medium
11624,10,8,2,6,2.4,Medium
11625,9,8,6,6,4.733333333,Medium
11628,10,2,4,9,4.6,Medium
11629,9,14,4,6,2.533333333,Medium
11631,28,3,8,5,4.471428571,Medium
11635,14,19,8,5,2.342857143,Medium
11640,7,10,1,3,2.785714286,Medium
11644,15,5,8,5,5,Medium
11646,18,8,8,9,4.066666667,Medium
11647,10,10,6,3,4,Medium
11649,16,17,8,7,2.475,Medium
11651,13,14,5,3,2.007692308,Medium
11653,8,9,1,5,2.45,Medium
11654,28,11,7,1,2.371428571,Medium
11655,20,8,7,2,3.4,Medium
11663,21,17,9,6,2.528571429,Medium
11664,25,8,8,4,3.6,Medium
11665,9,9,4,9,3.533333333,Medium
11666,17,3,4,2,3.164705882,Medium
11668,28,10,9,2,3.571428571,Medium
11669,12,11,5,2,2.8,Medium
11674,12,17,9,6,3.6,Medium
11677,18,8,9,9,4.566666667,Medium
11680,6,13,3,8,3.9,Medium
11681,18,17,9,6,2.766666667,Medium
11682,12,4,4,8,3.7,Medium
11684,8,15,7,4,4.25,Medium
11688,18,2,5,4,3.766666667,Medium
11691,22,6,9,8,4.663636364,Medium
11695,17,15,8,3,2.764705882,Medium
11696,8,3,2,9,4.15,Medium
11700,26,4,7,5,3.853846154,Medium
11701,12,15,6,6,2.5,Medium
11704,29,14,8,5,2.234482759,Medium
11707,21,11,7,9,2.728571429,Medium
11708,24,5,6,6,3.25,Medium
11709,7,3,2,7,4.685714286,Medium
11714,29,8,7,5,2.934482759,Medium
11716,28,5,4,3,2.071428571,Medium
11717,15,7,4,1,2.6,Medium
11719,15,10,9,4,4.5,Medium
11720,7,7,4,7,4.885714286,Medium
11721,28,5,9,2,4.571428571,Medium
11722,29,13,9,7,2.934482759,Medium
11726,21,2,2,7,2.028571429,Medium
11727,18,4,5,7,3.366666667,Medium
11728,17,8,8,5,4.164705882,Medium
11729,13,4,3,8,3.007692308,Medium
11733,25,17,9,2,2.3,Medium
11736,14,1,6,3,4.942857143,Medium
11737,18,1,7,8,4.966666667,Medium
11738,28,11,8,1,2.871428571,Medium
11739,12,18,9,8,3.4,Medium
11740,16,6,5,3,3.175,Medium
11741,18,7,4,3,2.266666667,Medium
11748,21,4,8,6,4.628571429,Medium
11751,10,9,7,9,4.7,Medium
11754,28,11,8,8,2.871428571,Medium
11755,23,4,6,7,3.504347826,Medium
11757,25,11,7,4,2.5,Medium
11762,25,2,3,7,2.3,Medium
11766,8,18,4,2,2.15,Medium
11768,8,4,4,2,4.95,Medium
11769,13,18,8,4,2.707692308,Medium
11771,28,9,9,5,3.771428571,Medium
11772,21,8,6,3,2.828571429,Medium
11781,21,14,9,2,3.128571429,Medium
11784,17,7,9,3,4.864705882,Medium
11785,22,12,8,7,2.963636364,Medium
11788,16,13,7,9,2.775,Medium
11790,11,14,8,4,3.927272727,Medium
11791,5,19,3,1,3.7,Medium
11792,12,11,9,2,4.8,Medium
11795,10,9,6,9,4.2,Medium
11797,6,10,4,6,5,Medium
11798,18,6,4,5,2.466666667,Medium
11802,23,6,5,7,2.604347826,Medium
11805,9,19,7,6,3.033333333,Medium
11807,11,6,6,7,4.527272727,Medium
11809,10,18,7,9,2.9,Medium
11812,22,3,7,4,4.263636364,Medium
11817,12,17,7,3,2.6,Medium
11821,12,8,8,9,4.9,Medium
11824,16,11,5,8,2.175,Medium
11831,6,9,1,6,3.7,Medium
11835,7,9,4,9,4.485714286,Medium
11838,27,7,8,1,3.711111111,Medium
11842,9,13,5,4,3.233333333,Medium
11846,28,1,5,2,3.371428571,Medium
11854,13,2,5,2,4.407692308,Medium
11857,14,8,8,1,4.542857143,Medium
11859,26,15,8,6,2.153846154,Medium
11860,15,9,7,1,3.7,Medium
11862,12,12,9,5,4.6,Medium
11864,22,12,7,6,2.463636364,Medium
11867,14,15,6,7,2.142857143,Medium
11869,13,4,5,3,4.007692308,Medium
11871,17,12,8,3,3.364705882,Medium
11875,17,18,8,4,2.164705882,Medium
11876,13,13,9,3,4.207692308,Medium
11878,23,5,5,4,2.804347826,Medium
11885,28,6,6,8,2.871428571,Medium
11887,17,14,7,8,2.464705882,Medium
11888,16,9,9,7,4.575,Medium
11889,9,13,8,5,4.733333333,Medium
11890,29,4,9,2,4.734482759,Medium
11892,11,16,9,8,4.027272727,Medium
11894,15,14,7,5,2.7,Medium
11899,15,4,7,2,4.7,Medium
11900,15,5,3,6,2.5,Medium
11901,7,8,3,6,4.185714286,Medium
11902,12,14,8,8,3.7,Medium
11903,12,11,7,1,3.8,Medium
11905,13,12,7,6,3.407692308,Medium
11908,22,8,7,4,3.263636364,Medium
11909,11,11,8,4,4.527272727,Medium
11910,9,4,2,1,3.533333333,Medium
11912,24,10,6,7,2.25,Medium
11916,29,6,9,5,4.334482759,Medium
11922,29,2,7,3,4.134482759,Medium
11924,10,12,6,9,3.6,Medium
11926,21,8,5,6,2.328571429,Medium
11927,24,8,6,4,2.65,Medium
11929,27,1,5,2,3.411111111,Medium
11931,22,14,9,4,3.063636364,Medium
11934,10,13,9,4,4.9,Medium
11935,20,14,9,1,3.2,Medium
11936,10,10,5,9,3.5,Medium
11951,12,14,6,6,2.7,Medium
11952,9,1,1,8,3.633333333,Medium
11953,22,11,9,3,3.663636364,Medium
11954,24,2,5,6,3.35,Medium
11959,12,11,8,2,4.3,Medium
11960,29,4,6,4,3.234482759,Medium
11962,23,7,5,2,2.404347826,Medium
11963,22,6,9,7,4.663636364,Medium
11966,19,1,4,9,3.378947368,Medium
11967,8,8,2,6,3.15,Medium
11970,15,1,2,2,2.8,Medium
11971,22,14,8,5,2.563636364,Medium
11972,9,19,9,4,4.033333333,Medium
11973,7,12,3,5,3.385714286,Medium
11980,13,4,5,6,4.007692308,Medium
11982,13,1,5,6,4.607692308,Medium
11984,25,8,9,9,4.1,Medium
11985,23,2,5,3,3.404347826,Medium
11986,6,8,3,8,4.9,Medium
11990,19,15,9,9,3.078947368,Medium
11993,11,19,9,7,3.427272727,Medium
11994,16,3,4,2,3.275,Medium
12000,24,3,8,8,4.65,Medium
12006,12,17,6,8,2.1,Medium
12008,7,16,2,4,2.085714286,Medium
12010,21,4,8,5,4.628571429,Medium
12012,12,11,6,9,3.3,Medium
12014,29,7,5,9,2.134482759,Medium
12018,24,18,9,7,2.15,Medium
12023,25,4,9,5,4.9,Medium
12024,27,7,7,9,3.211111111,Medium
12027,11,18,6,5,2.127272727,Medium
12029,12,13,8,2,3.9,Medium
12031,9,15,7,4,3.833333333,Medium
12033,16,8,6,8,3.275,Medium
12034,15,12,8,9,3.6,Medium
12037,9,19,7,8,3.033333333,Medium
12041,21,14,9,5,3.128571429,Medium
12048,8,3,2,7,4.15,Medium
12049,16,16,9,6,3.175,Medium
12052,21,8,5,9,2.328571429,Medium
12056,25,2,3,5,2.3,Medium
12062,20,2,6,3,4.1,Medium
12065,28,12,8,3,2.671428571,Medium
12067,13,2,5,9,4.407692308,Medium
12075,10,13,5,6,2.9,Medium
12077,7,14,6,4,4.485714286,Medium
12078,18,4,6,7,3.866666667,Medium
12080,15,5,8,6,5,Medium
12081,10,19,8,6,3.2,Medium
12085,22,8,6,8,2.763636364,Medium
12086,7,19,4,2,2.485714286,Medium
12087,10,9,6,5,4.2,Medium
12092,11,10,6,7,3.727272727,Medium
12095,20,6,8,5,4.3,Medium
12097,25,2,4,7,2.8,Medium
12103,7,11,5,5,4.585714286,Medium
12105,28,10,7,7,2.571428571,Medium
12107,12,7,7,2,4.6,Medium
12109,26,1,6,6,3.953846154,Medium
12111,25,2,6,7,3.8,Medium
12112,17,5,5,7,3.264705882,Medium
12114,18,12,8,2,3.266666667,Medium
12116,15,13,9,5,3.9,Medium
12117,21,18,9,6,2.328571429,Medium
12122,11,10,4,3,2.727272727,Medium
12130,19,12,6,7,2.178947368,Medium
12131,10,19,7,3,2.7,Medium
12133,6,17,6,4,4.6,Medium
12134,8,5,2,8,3.75,Medium
12139,15,2,2,6,2.6,Medium
12140,20,5,6,4,3.5,Medium
12144,21,13,9,6,3.328571429,Medium
12146,15,15,9,5,3.5,Medium
12148,26,4,5,3,2.853846154,Medium
12149,17,5,6,4,3.764705882,Medium
12151,11,11,8,1,4.527272727,Medium
12152,17,10,5,2,2.264705882,Medium
12154,13,6,5,7,3.607692308,Medium
12156,29,10,8,4,3.034482759,Medium
12158,9,2,3,2,4.433333333,Medium
12159,25,8,9,6,4.1,Medium
12166,22,2,6,8,3.963636364,Medium
12168,4,19,2,5,4.7,Medium
12171,21,4,8,9,4.628571429,Medium
12173,16,2,3,9,2.975,Medium
12174,16,4,4,9,3.075,Medium
12184,25,3,3,5,2.1,Medium
12186,17,19,9,4,2.464705882,Medium
12187,18,13,7,9,2.566666667,Medium
12188,29,3,5,1,2.934482759,Medium
12189,24,7,6,7,2.85,Medium
12190,17,18,9,7,2.664705882,Medium
12194,11,4,1,6,2.427272727,Medium
12198,8,9,3,8,3.45,Medium
12199,12,17,6,3,2.1,Medium
12201,8,10,6,5,4.75,Medium
12203,17,19,9,3,2.464705882,Medium
12204,22,12,7,2,2.463636364,Medium
12205,16,10,6,2,2.875,Medium
12206,29,1,8,8,4.834482759,Medium
12208,20,6,4,8,2.3,Medium
12209,23,9,5,2,2.004347826,Medium
12211,23,3,5,7,3.204347826,Medium
12213,23,6,7,7,3.604347826,Medium
12215,23,1,5,6,3.604347826,Medium
12221,10,5,3,5,3.5,Medium
12225,13,11,8,3,4.107692308,Medium
12226,15,4,2,6,2.2,Medium
12228,12,13,5,8,2.4,Medium
12231,8,9,4,4,3.95,Medium
12232,11,6,6,7,4.527272727,Medium
12236,16,15,7,8,2.375,Medium
12237,18,4,5,4,3.366666667,Medium
12239,19,1,4,8,3.378947368,Medium
12241,20,5,7,1,4,Medium
12248,23,2,4,5,2.904347826,Medium
12249,13,9,3,3,2.007692308,Medium
12252,12,16,7,5,2.8,Medium
12257,8,13,4,7,3.15,Medium
12262,16,4,4,5,3.075,Medium
12265,22,6,4,9,2.163636364,Medium
12266,6,15,1,8,2.5,Medium
12269,14,15,7,2,2.642857143,Medium
12274,15,8,8,8,4.4,Medium
12275,19,7,6,5,3.178947368,Medium
12277,22,11,8,7,3.163636364,Medium
12284,11,17,6,8,2.327272727,Medium
12287,9,14,4,7,2.533333333,Medium
12288,23,17,9,1,2.404347826,Medium
12290,14,6,3,6,2.442857143,Medium
12291,26,9,6,8,2.353846154,Medium
12292,20,4,5,1,3.2,Medium
12294,20,6,4,5,2.3,Medium
12297,26,4,9,8,4.853846154,Medium
12298,29,13,9,6,2.934482759,Medium
12304,14,2,4,2,3.742857143,Medium
12305,22,2,4,5,2.963636364,Medium
12306,29,1,8,9,4.834482759,Medium
12308,14,4,6,1,4.342857143,Medium
12309,10,15,7,8,3.5,Medium
12314,8,11,1,9,2.05,Medium
12316,22,14,8,4,2.563636364,Medium
12317,25,3,3,3,2.1,Medium
12320,23,14,8,2,2.504347826,Medium
12323,10,11,8,1,4.8,Medium
12327,6,19,2,7,2.2,Medium
12329,21,2,6,8,4.028571429,Medium
12334,26,7,5,7,2.253846154,Medium
12338,8,19,5,2,2.45,Medium
12340,22,4,7,4,4.063636364,Medium
12342,13,7,6,6,3.907692308,Medium
12344,25,7,7,3,3.3,Medium
12346,22,12,7,6,2.463636364,Medium
12347,16,7,6,2,3.475,Medium
12348,16,6,4,4,2.675,Medium
12350,16,9,6,7,3.075,Medium
12352,17,12,6,5,2.364705882,Medium
12357,17,15,7,2,2.264705882,Medium
12358,9,17,8,6,3.933333333,Medium
12359,28,6,8,7,3.871428571,Medium
12360,27,7,5,5,2.211111111,Medium
12362,19,3,5,6,3.478947368,Medium
12363,22,2,4,1,2.963636364,Medium
12368,13,4,6,8,4.507692308,Medium
12370,7,5,2,5,4.285714286,Medium
12371,24,2,5,5,3.35,Medium
12372,9,3,2,6,3.733333333,Medium
12377,27,8,6,8,2.511111111,Medium
12379,20,7,8,2,4.1,Medium
12381,9,17,6,1,2.933333333,Medium
12382,7,16,2,5,2.085714286,Medium
12383,6,19,4,7,3.2,Medium
12384,15,12,5,1,2.1,Medium
12386,6,11,4,3,4.8,Medium
12387,16,19,8,3,2.075,Medium
12389,22,15,9,2,2.863636364,Medium
12390,13,10,7,5,3.807692308,Medium
12391,17,9,5,8,2.464705882,Medium
12395,16,13,7,8,2.775,Medium
12396,13,10,5,1,2.807692308,Medium
12398,4,15,1,2,5,Medium
12399,23,2,8,5,4.904347826,Medium
12402,10,11,3,1,2.3,Medium
12404,15,15,8,7,3,Medium
12407,10,6,5,3,4.3,Medium
12409,18,7,8,8,4.266666667,Medium
12410,11,14,7,5,3.427272727,Medium
12414,16,14,7,7,2.575,Medium
12415,16,6,4,4,2.675,Medium
12416,22,8,7,3,3.263636364,Medium
12417,8,16,4,2,2.55,Medium
12420,8,13,4,1,3.15,Medium
12421,24,5,6,8,3.25,Medium
12423,14,6,8,1,4.942857143,Medium
12424,21,14,7,1,2.128571429,Medium
12426,7,18,7,4,4.185714286,Medium
12427,23,10,9,4,3.804347826,Medium
12428,6,17,5,1,4.1,Medium
12431,29,7,8,3,3.634482759,Medium
12432,15,5,3,1,2.5,Medium
12436,19,4,3,1,2.278947368,Medium
12442,18,1,3,2,2.966666667,Medium
12445,14,4,6,3,4.342857143,Medium
12446,17,2,5,4,3.864705882,Medium
12447,29,2,3,1,2.134482759,Medium
12458,17,2,5,6,3.864705882,Medium
12459,27,7,6,1,2.711111111,Medium
12460,19,9,8,8,3.778947368,Medium
12462,26,8,7,9,3.053846154,Medium
12463,10,8,2,2,2.4,Medium
12467,5,15,4,6,5,Medium
12468,16,8,4,6,2.275,Medium
12477,26,6,6,2,2.953846154,Medium
12479,13,5,2,6,2.307692308,Medium
12481,16,2,7,2,4.975,Medium
12482,24,14,9,7,2.95,Medium
12485,20,4,4,3,2.7,Medium
12488,16,17,8,6,2.475,Medium
12489,21,4,4,2,2.628571429,Medium
12496,21,15,8,3,2.428571429,Medium
12497,25,11,9,6,3.5,Medium
12499,26,4,9,8,4.853846154,Medium
12503,29,14,9,7,2.734482759,Medium
12507,27,4,7,9,3.811111111,Medium
12508,17,4,7,2,4.464705882,Medium
12509,15,3,6,2,4.4,Medium
12514,24,6,4,3,2.05,Medium
12520,26,4,7,7,3.853846154,Medium
12529,14,7,5,9,3.242857143,Medium
12532,17,11,5,8,2.064705882,Medium
12536,8,4,4,5,4.95,Medium
12541,27,7,5,5,2.211111111,Medium
12545,17,11,8,7,3.564705882,Medium
12547,24,4,4,7,2.45,Medium
12550,13,5,3,9,2.807692308,Medium
12552,16,8,7,2,3.775,Medium
12554,9,17,8,8,3.933333333,Medium
12555,13,1,3,7,3.607692308,Medium
12557,19,1,4,5,3.378947368,Medium
12559,26,3,6,7,3.553846154,Medium
12562,18,1,7,6,4.966666667,Medium
12564,14,5,2,6,2.142857143,Medium
12570,19,4,3,1,2.278947368,Medium
12571,11,19,8,3,2.927272727,Medium
12572,12,17,7,2,2.6,Medium
12573,29,10,6,7,2.034482759,Medium
12577,4,18,1,4,4.4,Medium
12578,8,10,4,5,3.75,Medium
12580,26,10,6,2,2.153846154,Medium
12585,13,1,2,7,3.107692308,Medium
12587,11,13,4,3,2.127272727,Medium
12588,29,12,7,3,2.134482759,Medium
12592,29,10,7,2,2.534482759,Medium
12595,17,12,7,5,2.864705882,Medium
12597,23,11,9,2,3.604347826,Medium
12598,23,11,8,8,3.104347826,Medium
12599,8,19,6,8,2.95,Medium
12601,18,12,6,1,2.266666667,Medium
12611,26,6,8,7,3.953846154,Medium
12617,15,6,3,8,2.3,Medium
12618,22,2,3,1,2.463636364,Medium
12619,19,7,9,1,4.678947368,Medium
12621,12,2,1,3,2.6,Medium
12624,16,16,8,9,2.675,Medium
12625,12,3,2,5,2.9,Medium
12629,26,14,8,8,2.353846154,Medium
12630,19,12,6,3,2.178947368,Medium
12635,10,4,2,9,3.2,Medium
12639,10,8,5,2,3.9,Medium
12640,12,1,3,3,3.8,Medium
12643,19,3,8,8,4.978947368,Medium
12644,13,8,8,6,4.707692308,Medium
12647,18,11,9,5,3.966666667,Medium
12649,12,6,3,1,2.8,Medium
12650,9,8,5,7,4.233333333,Medium
12651,15,5,5,2,3.5,Medium
12652,16,4,7,2,4.575,Medium
12653,7,18,5,7,3.185714286,Medium
12655,10,4,4,7,4.2,Medium
12656,10,7,6,5,4.6,Medium
12658,27,7,7,9,3.211111111,Medium
12662,12,16,6,2,2.3,Medium
12666,28,1,4,7,2.871428571,Medium
12667,10,16,5,1,2.3,Medium
12668,27,9,6,2,2.311111111,Medium
12670,23,3,3,6,2.204347826,Medium
12676,28,4,6,9,3.271428571,Medium
12678,6,18,7,3,4.9,Medium
12679,24,2,3,9,2.35,Medium
12680,10,9,2,7,2.2,Medium
12683,20,13,8,6,2.9,Medium
12686,24,5,6,6,3.25,Medium
12687,22,1,6,9,4.163636364,Medium
12690,7,12,1,4,2.385714286,Medium
12694,6,13,4,7,4.4,Medium
12695,16,6,4,5,2.675,Medium
12698,22,15,9,7,2.863636364,Medium
12699,27,3,7,5,4.011111111,Medium
12700,9,4,3,5,4.033333333,Medium
12702,14,9,4,6,2.342857143,Medium
12703,24,7,7,2,3.35,Medium
12704,23,13,7,8,2.204347826,Medium
12708,10,9,3,1,2.7,Medium
12712,15,1,1,3,2.3,Medium
12714,12,12,7,3,3.6,Medium
12715,25,14,9,6,2.9,Medium
12716,23,9,7,4,3.004347826,Medium
12719,9,10,5,8,3.833333333,Medium
12721,25,12,8,6,2.8,Medium
12723,7,8,2,5,3.685714286,Medium
12725,14,2,1,2,2.242857143,Medium
12727,24,5,8,5,4.25,Medium
12731,20,10,6,6,2.5,Medium
12733,17,5,5,5,3.264705882,Medium
12735,8,8,1,1,2.65,Medium
12737,15,7,7,9,4.1,Medium
12739,9,9,2,5,2.533333333,Medium
12741,15,14,8,9,3.2,Medium
12744,10,16,9,9,4.3,Medium
12745,16,7,6,6,3.475,Medium
12749,21,18,9,5,2.328571429,Medium
12752,29,5,7,5,3.534482759,Medium
12753,25,7,6,5,2.8,Medium
12759,29,6,5,4,2.334482759,Medium
12761,5,13,3,9,4.9,Medium
12764,8,16,8,2,4.55,Medium
12766,12,6,7,6,4.8,Medium
12768,13,5,4,8,3.307692308,Medium
12773,20,14,9,7,3.2,Medium
12774,8,11,4,6,3.55,Medium
12776,28,4,5,5,2.771428571,Medium
12778,14,3,3,2,3.042857143,Medium
12780,19,13,7,1,2.478947368,Medium
12788,5,15,1,1,3.5,Medium
12790,12,8,5,5,3.4,Medium
12791,23,9,9,5,4.004347826,Medium
12792,16,11,9,1,4.175,Medium
12793,21,13,7,4,2.328571429,Medium
12794,16,7,6,1,3.475,Medium
12796,26,3,7,3,4.053846154,Medium
12797,17,7,7,5,3.864705882,Medium
12798,17,12,6,1,2.364705882,Medium
12800,14,19,9,7,2.842857143,Medium
12801,23,3,3,6,2.204347826,Medium
12808,27,4,7,2,3.811111111,Medium
12810,20,5,7,6,4,Medium
12814,6,17,2,2,2.6,Medium
12815,27,6,8,3,3.911111111,Medium
12817,20,11,9,6,3.8,Medium
12819,10,14,6,9,3.2,Medium
12821,27,6,6,5,2.911111111,Medium
12823,10,10,4,5,3,Medium
12824,26,13,8,9,2.553846154,Medium
12828,29,1,8,7,4.834482759,Medium
12829,13,11,9,7,4.607692308,Medium
12834,26,4,6,4,3.353846154,Medium
12835,23,7,9,7,4.404347826,Medium
12838,27,13,8,8,2.511111111,Medium
12840,11,11,6,4,3.527272727,Medium
12842,19,4,4,4,2.778947368,Medium
12844,18,7,5,2,2.766666667,Medium
12848,8,9,3,4,3.45,Medium
12849,26,2,4,7,2.753846154,Medium
12853,23,5,8,1,4.304347826,Medium
12855,16,6,3,5,2.175,Medium
12856,15,4,6,4,4.2,Medium
12861,10,5,1,1,2.5,Medium
12864,18,7,8,5,4.266666667,Medium
12865,7,6,2,2,4.085714286,Medium
12870,8,15,4,1,2.75,Medium
12871,18,15,9,4,3.166666667,Medium
12872,9,14,6,4,3.533333333,Medium
12876,10,7,3,1,3.1,Medium
12877,18,14,7,8,2.366666667,Medium
12880,5,13,3,6,4.9,Medium
12887,27,2,4,8,2.711111111,Medium
12890,19,11,7,5,2.878947368,Medium
12892,10,4,3,6,3.7,Medium
12896,17,15,7,4,2.264705882,Medium
12899,26,6,5,2,2.453846154,Medium
12907,28,3,7,3,3.971428571,Medium
12913,8,3,3,1,4.65,Medium
12914,8,10,3,8,3.25,Medium
12917,10,11,6,3,3.8,Medium
12918,29,12,7,3,2.134482759,Medium
12922,22,2,8,9,4.963636364,Medium
12923,11,1,2,9,3.527272727,Medium
12927,11,17,6,2,2.327272727,Medium
12929,24,7,5,9,2.35,Medium
12933,20,2,5,9,3.6,Medium
12934,6,17,5,3,4.1,Medium
12940,10,2,4,8,4.6,Medium
12941,13,16,9,5,3.607692308,Medium
12943,6,13,1,4,2.9,Medium
12950,9,11,7,6,4.633333333,Medium
12954,18,12,8,3,3.266666667,Medium
12955,11,18,8,6,3.127272727,Medium
12957,10,5,1,6,2.5,Medium
12958,20,5,9,5,5,Medium
12959,17,4,4,1,2.964705882,Medium
12962,19,13,9,8,3.478947368,Medium
12963,23,18,9,6,2.204347826,Medium
12965,13,7,3,9,2.407692308,Medium
12967,16,4,2,1,2.075,Medium
12970,28,17,9,3,2.171428571,Medium
12973,12,11,4,1,2.3,Medium
12976,17,13,8,5,3.164705882,Medium
12978,20,2,7,9,4.6,Medium
12980,12,2,2,9,3.1,Medium
12983,22,7,8,3,3.963636364,Medium
12988,18,10,6,8,2.666666667,Medium
12989,18,1,3,5,2.966666667,Medium
12990,13,15,6,2,2.307692308,Medium
12991,21,6,5,8,2.728571429,Medium
12994,23,2,6,3,3.904347826,Medium
12996,23,10,6,9,2.304347826,Medium
12997,14,5,4,9,3.142857143,Medium
13000,22,4,8,8,4.563636364,Medium
13001,14,11,6,4,2.942857143,Medium
13002,25,13,7,4,2.1,Medium
13004,14,9,4,4,2.342857143,Medium
13012,10,7,1,8,2.1,Medium
13015,20,1,6,8,4.3,Medium
13017,9,5,5,5,4.833333333,Medium
13018,18,2,4,3,3.266666667,Medium
13020,9,12,4,2,2.933333333,Medium
13025,9,11,3,6,2.633333333,Medium
13028,13,1,5,6,4.607692308,Medium
13031,26,18,9,4,2.053846154,Medium
13038,26,16,9,9,2.453846154,Medium
13039,10,3,5,5,4.9,Medium
13043,25,3,6,8,3.6,Medium
13045,15,12,9,6,4.1,Medium
13049,11,4,6,2,4.927272727,Medium
13050,12,7,5,6,3.6,Medium
13051,20,4,3,2,2.2,Medium
13053,14,7,8,2,4.742857143,Medium
13055,7,3,2,3,4.685714286,Medium
13057,12,8,8,3,4.9,Medium
13060,27,4,4,8,2.311111111,Medium
13061,14,9,5,2,2.842857143,Medium
13063,5,17,4,3,4.6,Medium
13068,13,9,6,6,3.507692308,Medium
13069,17,3,6,6,4.164705882,Medium
13074,26,1,4,8,2.953846154,Medium
13076,29,10,9,2,3.534482759,Medium
13079,13,15,6,3,2.307692308,Medium
13082,18,9,6,4,2.866666667,Medium
13083,13,13,9,7,4.207692308,Medium
13085,14,10,9,7,4.642857143,Medium
13088,25,2,7,4,4.3,Medium
13090,14,15,6,1,2.142857143,Medium
13091,20,6,6,5,3.3,Medium
13092,22,12,7,2,2.463636364,Medium
13094,27,10,8,3,3.111111111,Medium
13096,18,6,8,9,4.466666667,Medium
13101,15,9,8,1,4.2,Medium
13102,8,17,5,8,2.85,Medium
13106,25,9,6,6,2.4,Medium
13107,18,3,4,9,3.066666667,Medium
13114,22,19,9,9,2.063636364,Medium
13115,17,19,9,6,2.464705882,Medium
13116,18,10,9,5,4.166666667,Medium
13121,14,8,6,6,3.542857143,Medium
13122,7,6,2,6,4.085714286,Medium
13124,9,6,1,9,2.633333333,Medium
13132,19,3,4,5,2.978947368,Medium
13133,9,11,5,2,3.633333333,Medium
13134,11,4,5,4,4.427272727,Medium
13140,16,13,8,7,3.275,Medium
13142,11,19,8,5,2.927272727,Medium
13145,20,7,4,7,2.1,Medium
13151,19,18,9,4,2.478947368,Medium
13152,24,6,4,2,2.05,Medium
13155,19,14,7,6,2.278947368,Medium
13157,13,8,7,9,4.207692308,Medium
13159,4,19,2,8,4.7,Medium
13161,6,14,1,3,2.7,Medium
13162,14,4,4,7,3.342857143,Medium
13164,28,14,8,2,2.271428571,Medium
13168,23,3,4,8,2.704347826,Medium
13169,20,8,5,1,2.4,Medium
13173,25,9,6,7,2.4,Medium
13174,12,15,9,6,4,Medium
13178,27,11,9,4,3.411111111,Medium
13179,12,17,9,9,3.6,Medium
13184,7,18,3,3,2.185714286,Medium
13185,12,16,6,1,2.3,Medium
13187,19,13,9,9,3.478947368,Medium
13191,25,5,4,9,2.2,Medium
13192,19,8,7,6,3.478947368,Medium
13195,25,11,9,6,3.5,Medium
13196,21,5,6,2,3.428571429,Medium
13197,20,7,5,7,2.6,Medium
13200,24,1,7,7,4.55,Medium
13205,11,13,4,7,2.127272727,Medium
13206,12,9,8,9,4.7,Medium
13207,17,2,5,9,3.864705882,Medium
13209,24,1,3,7,2.55,Medium
13210,14,1,2,2,2.942857143,Medium
13215,13,11,8,9,4.107692308,Medium
13217,28,7,8,5,3.671428571,Medium
13221,18,4,4,8,2.866666667,Medium
13225,11,2,4,8,4.327272727,Medium
13227,25,4,9,9,4.9,Medium
13230,20,6,5,4,2.8,Medium
13231,8,13,3,9,2.65,Medium
13232,7,9,5,5,4.985714286,Medium
13235,8,14,3,1,2.45,Medium
13241,23,7,9,4,4.404347826,Medium
13245,15,18,8,2,2.4,Medium
13246,22,8,8,5,3.763636364,Medium
13247,29,17,9,4,2.134482759,Medium
13250,9,17,5,3,2.433333333,Medium
13252,14,8,4,3,2.542857143,Medium
13253,16,8,9,8,4.775,Medium
13255,25,5,5,5,2.7,Medium
13256,14,7,8,3,4.742857143,Medium
13257,14,9,9,1,4.842857143,Medium
13258,26,5,8,8,4.153846154,Medium
13260,10,19,6,6,2.2,Medium
13264,15,10,9,6,4.5,Medium
13266,19,7,5,8,2.678947368,Medium
13267,13,19,9,1,3.007692308,Medium
13270,19,1,5,1,3.878947368,Medium
13272,10,17,7,2,3.1,Medium
13273,22,4,4,8,2.563636364,Medium
13275,25,5,8,9,4.2,Medium
13276,14,18,8,7,2.542857143,Medium
13277,14,3,4,2,3.542857143,Medium
13287,24,3,4,9,2.65,Medium
13291,27,10,8,7,3.111111111,Medium
13293,28,16,9,3,2.371428571,Medium
13304,13,2,5,1,4.407692308,Medium
13305,6,16,1,7,2.3,Medium
13308,13,5,2,5,2.307692308,Medium
13310,4,19,2,3,4.7,Medium
13312,17,19,9,6,2.464705882,Medium
13316,15,12,6,5,2.6,Medium
13317,25,7,6,5,2.8,Medium
13320,15,5,6,9,4,Medium
13323,9,19,8,4,3.533333333,Medium
13326,7,12,2,3,2.885714286,Medium
13331,11,19,8,7,2.927272727,Medium
13333,10,8,2,7,2.4,Medium
13336,7,8,1,6,3.185714286,Medium
13341,14,7,6,4,3.742857143,Medium
13343,17,8,6,8,3.164705882,Medium
13344,28,5,8,4,4.071428571,Medium
13346,19,10,6,5,2.578947368,Medium
13348,24,3,4,2,2.65,Medium
13349,6,11,4,6,4.8,Medium
13350,10,17,8,4,3.6,Medium
13352,10,6,5,6,4.3,Medium
13360,8,5,4,2,4.75,Medium
13361,17,15,8,6,2.764705882,Medium
13363,4,18,2,8,4.9,Medium
13365,7,7,1,8,3.385714286,Medium
13367,27,5,8,2,4.111111111,Medium
13368,12,13,5,9,2.4,Medium
13369,15,2,1,3,2.1,Medium
13371,8,8,5,2,4.65,Medium
13372,13,15,8,6,3.307692308,Medium
13374,22,5,7,8,3.863636364,Medium
13375,13,2,5,1,4.407692308,Medium
13376,26,8,7,1,3.053846154,Medium
13378,12,3,1,5,2.4,Medium
13379,10,10,5,1,3.5,Medium
13384,19,10,9,2,4.078947368,Medium
13389,22,6,6,4,3.163636364,Medium
13391,15,1,5,5,4.3,Medium
13393,18,9,8,3,3.866666667,Medium
13396,26,1,6,6,3.953846154,Medium
13398,13,2,5,6,4.407692308,Medium
13401,22,7,5,9,2.463636364,Medium
13408,5,15,1,2,3.5,Medium
13411,14,3,6,8,4.542857143,Medium
13412,11,11,3,9,2.027272727,Medium
13415,6,10,4,1,5,Medium
13416,14,9,9,1,4.842857143,Medium
13417,17,10,7,2,3.264705882,Medium
13420,10,5,2,8,3,Medium
13422,26,1,8,3,4.953846154,Medium
13424,19,8,9,6,4.478947368,Medium
13425,5,19,1,5,2.7,Medium
13427,11,14,6,3,2.927272727,Medium
13428,27,14,9,8,2.811111111,Medium
13431,21,10,6,6,2.428571429,Medium
13433,17,13,6,8,2.164705882,Medium
13434,6,19,5,3,3.7,Medium
13435,9,3,4,3,4.733333333,Medium
13436,28,15,8,7,2.071428571,Medium
13438,11,15,5,2,2.227272727,Medium
13439,29,12,9,4,3.134482759,Medium
13441,6,19,5,5,3.7,Medium
13443,25,1,8,4,5,Medium
13445,12,7,5,8,3.6,Medium
13447,25,1,4,6,3,Medium
13448,21,4,4,2,2.628571429,Medium
13449,22,7,5,2,2.463636364,Medium
13450,16,2,2,4,2.475,Medium
13451,14,7,5,7,3.242857143,Medium
13452,18,17,9,4,2.766666667,Medium
13453,15,17,7,2,2.1,Medium
13456,8,19,7,4,3.45,Medium
13458,21,8,8,8,3.828571429,Medium
13459,6,7,1,5,4.1,Medium
13462,13,1,4,2,4.107692308,Medium
13465,24,9,6,5,2.45,Medium
13469,18,18,9,8,2.566666667,Medium
13475,8,12,7,7,4.85,Medium
13482,21,12,7,4,2.528571429,Medium
13484,26,14,9,5,2.853846154,Medium
13487,27,4,4,2,2.311111111,Medium
13488,12,11,5,4,2.8,Medium
13489,28,6,5,9,2.371428571,Medium
13491,14,18,7,4,2.042857143,Medium
13492,28,10,6,4,2.071428571,Medium
13495,6,18,2,8,2.4,Medium
13499,16,3,7,6,4.775,Medium
13501,23,1,4,5,3.104347826,Medium
13504,21,17,9,9,2.528571429,Medium
13505,10,6,5,9,4.3,Medium
13508,16,2,2,4,2.475,Medium
13509,27,15,8,8,2.111111111,Medium
13510,14,8,5,1,3.042857143,Medium
13513,14,10,5,5,2.642857143,Medium
13518,7,18,7,5,4.185714286,Medium
13526,17,9,8,6,3.964705882,Medium
13528,27,12,9,8,3.211111111,Medium
13530,11,19,9,3,3.427272727,Medium
13531,28,9,9,6,3.771428571,Medium
13535,29,11,9,4,3.334482759,Medium
13537,28,11,9,9,3.371428571,Medium
13544,18,4,5,6,3.366666667,Medium
13545,7,17,7,1,4.385714286,Medium
13550,6,17,4,3,3.6,Medium
13552,13,12,7,3,3.407692308,Medium
13553,18,12,8,4,3.266666667,Medium
13554,23,12,9,4,3.404347826,Medium
13561,9,13,4,5,2.733333333,Medium
13563,25,4,4,4,2.4,Medium
13567,21,16,8,8,2.228571429,Medium
13568,9,11,4,2,3.133333333,Medium
13569,23,6,4,5,2.104347826,Medium
13570,7,8,1,7,3.185714286,Medium
13575,10,4,3,8,3.7,Medium
13581,27,8,5,3,2.011111111,Medium
13584,20,1,2,5,2.3,Medium
13590,29,5,5,3,2.534482759,Medium
13591,15,12,6,9,2.6,Medium
13592,15,5,5,8,3.5,Medium
13593,15,10,5,6,2.5,Medium
13594,21,5,9,4,4.928571429,Medium
13595,21,1,4,6,3.228571429,Medium
13596,25,1,4,3,3,Medium
13600,6,12,4,5,4.6,Medium
13601,16,3,2,6,2.275,Medium
13611,5,10,1,6,4.5,Medium
13614,18,1,7,7,4.966666667,Medium
13617,16,10,7,7,3.375,Medium
13618,29,4,9,5,4.734482759,Medium
13619,10,16,9,2,4.3,Medium
13621,8,17,5,7,2.85,Medium
13623,14,7,8,5,4.742857143,Medium
13625,15,11,7,6,3.3,Medium
13626,22,1,5,3,3.663636364,Medium
13632,12,4,2,5,2.7,Medium
13636,10,3,5,3,4.9,Medium
13639,15,17,7,6,2.1,Medium
13642,12,9,8,8,4.7,Medium
13647,16,13,9,4,3.775,Medium
13649,19,3,6,6,3.978947368,Medium
13651,11,16,6,9,2.527272727,Medium
13652,16,17,9,8,2.975,Medium
13653,19,16,8,1,2.378947368,Medium
13655,8,5,1,2,3.25,Medium
13656,9,15,9,1,4.833333333,Medium
13657,26,9,9,9,3.853846154,Medium
13659,19,3,3,8,2.478947368,Medium
13661,24,9,6,1,2.45,Medium
13663,20,1,4,3,3.3,Medium
13664,13,1,4,6,4.107692308,Medium
13665,29,7,8,9,3.634482759,Medium
13666,23,11,9,8,3.604347826,Medium
13669,21,5,7,5,3.928571429,Medium
13670,9,9,4,4,3.533333333,Medium
13671,23,4,3,3,2.004347826,Medium
13672,14,9,9,4,4.842857143,Medium
13673,10,18,7,5,2.9,Medium
13676,14,8,4,4,2.542857143,Medium
13677,21,6,6,1,3.228571429,Medium
13678,9,17,6,9,2.933333333,Medium
13680,14,7,3,5,2.242857143,Medium
13681,12,12,5,7,2.6,Medium
13685,11,1,1,6,3.027272727,Medium
13689,14,4,3,9,2.842857143,Medium
13690,20,1,3,6,2.8,Medium
13694,8,17,7,6,3.85,Medium
13696,27,2,4,7,2.711111111,Medium
13697,11,15,5,7,2.227272727,Medium
13698,7,18,5,6,3.185714286,Medium
13702,25,7,6,9,2.8,Medium
13706,21,1,5,3,3.728571429,Medium
13711,27,8,8,2,3.511111111,Medium
13714,16,7,4,5,2.475,Medium
13716,19,3,4,9,2.978947368,Medium
13717,11,9,4,4,2.927272727,Medium
13723,14,11,7,7,3.442857143,Medium
13725,26,2,8,2,4.753846154,Medium
13730,29,9,7,7,2.734482759,Medium
13734,22,6,6,5,3.163636364,Medium
13735,22,15,8,6,2.363636364,Medium
13736,13,14,7,2,3.007692308,Medium
13737,25,7,8,7,3.8,Medium
13738,9,6,3,9,3.633333333,Medium
13744,29,11,8,3,2.834482759,Medium
13746,8,9,6,2,4.95,Medium
13747,8,16,6,7,3.55,Medium
13748,29,5,6,3,3.034482759,Medium
13750,11,7,3,4,2.827272727,Medium
13753,23,8,6,5,2.704347826,Medium
13756,15,5,5,2,3.5,Medium
13757,5,14,1,5,3.7,Medium
13759,7,9,5,2,4.985714286,Medium
13762,9,7,1,4,2.433333333,Medium
13764,16,13,7,4,2.775,Medium
13770,15,6,7,7,4.3,Medium
13774,17,11,5,9,2.064705882,Medium
13776,10,2,3,9,4.1,Medium
13777,11,6,5,9,4.027272727,Medium
13779,22,9,5,9,2.063636364,Medium
13780,26,7,9,3,4.253846154,Medium
13781,18,3,3,2,2.566666667,Medium
13782,15,2,1,9,2.1,Medium
13783,7,12,4,1,3.885714286,Medium
13788,28,2,8,8,4.671428571,Medium
13789,12,12,4,4,2.1,Medium
13791,7,17,5,6,3.385714286,Medium
13792,27,12,8,1,2.711111111,Medium
13797,28,9,6,1,2.271428571,Medium
13799,8,6,4,5,4.55,Medium
13801,17,16,8,5,2.564705882,Medium
13802,27,18,9,9,2.011111111,Medium
13803,14,3,2,6,2.542857143,Medium
13807,19,17,9,8,2.678947368,Medium
13809,9,12,6,4,3.933333333,Medium
13817,28,9,9,6,3.771428571,Medium
13819,12,11,6,6,3.3,Medium
13820,20,2,6,8,4.1,Medium
13821,24,5,7,4,3.75,Medium
13822,12,2,3,2,3.6,Medium
13823,7,5,3,4,4.785714286,Medium
13829,16,5,7,3,4.375,Medium
13830,23,19,9,9,2.004347826,Medium
13836,16,2,4,8,3.475,Medium
13837,10,15,6,6,3,Medium
13840,17,3,6,8,4.164705882,Medium
13846,15,6,3,3,2.3,Medium
13849,10,8,5,6,3.9,Medium
13851,13,8,7,6,4.207692308,Medium
13852,10,14,8,6,4.2,Medium
13858,28,10,6,6,2.071428571,Medium
13860,22,10,7,5,2.863636364,Medium
13862,13,4,1,4,2.007692308,Medium
13866,17,14,9,4,3.464705882,Medium
13868,29,1,5,9,3.334482759,Medium
13869,17,6,8,2,4.564705882,Medium
13871,13,5,4,3,3.307692308,Medium
13872,5,19,2,6,3.2,Medium
13873,24,11,8,8,3.05,Medium
13874,6,9,1,5,3.7,Medium
13876,21,6,9,2,4.728571429,Medium
13877,24,1,6,3,4.05,Medium
13879,26,9,7,5,2.853846154,Medium
13880,23,6,7,2,3.604347826,Medium
13881,7,12,6,4,4.885714286,Medium
13882,10,15,5,7,2.5,Medium
13884,23,5,8,1,4.304347826,Medium
13886,7,9,5,1,4.985714286,Medium
13887,18,3,7,5,4.566666667,Medium
13888,13,10,9,2,4.807692308,Medium
13889,24,2,3,2,2.35,Medium
13892,23,6,7,3,3.604347826,Medium
13893,12,11,5,5,2.8,Medium
13895,18,6,4,4,2.466666667,Medium
13898,8,13,2,8,2.15,Medium
13903,25,18,9,2,2.1,Medium
13908,20,1,7,5,4.8,Medium
13910,17,5,7,1,4.264705882,Medium
13912,10,8,6,9,4.4,Medium
13913,23,17,9,2,2.404347826,Medium
13919,10,19,7,3,2.7,Medium
13920,12,11,5,9,2.8,Medium
13926,19,14,7,1,2.278947368,Medium
13927,15,9,9,3,4.7,Medium
13928,26,4,7,5,3.853846154,Medium
13933,14,2,2,7,2.742857143,Medium
13935,6,19,7,9,4.7,Medium
13936,11,7,7,3,4.827272727,Medium
13937,17,2,2,2,2.364705882,Medium
13938,20,5,6,2,3.5,Medium
13946,6,17,1,4,2.1,Medium
13947,18,13,9,9,3.566666667,Medium
13948,26,6,5,5,2.453846154,Medium
13950,22,4,4,3,2.563636364,Medium
13951,16,14,7,4,2.575,Medium
13953,17,6,6,1,3.564705882,Medium
13955,6,8,3,1,4.9,Medium
13959,20,4,7,6,4.2,Medium
13961,8,10,5,4,4.25,Medium
13963,11,2,5,9,4.827272727,Medium
13964,21,2,6,7,4.028571429,Medium
13966,20,9,8,5,3.7,Medium
13971,9,5,2,6,3.333333333,Medium
13974,15,8,5,7,2.9,Medium
13975,10,1,4,8,4.8,Medium
13976,21,5,7,3,3.928571429,Medium
13977,6,15,4,8,4,Medium
13979,10,10,5,6,3.5,Medium
13980,22,14,7,4,2.063636364,Medium
13987,20,18,9,4,2.4,Medium
13988,18,13,7,7,2.566666667,Medium
13994,10,16,6,8,2.8,Medium
13996,22,9,9,5,4.063636364,Medium
13997,23,4,7,8,4.004347826,Medium
13998,22,8,6,4,2.763636364,Medium
13999,24,4,8,7,4.45,Medium
14002,24,8,7,7,3.15,Medium
14004,28,1,8,1,4.871428571,Medium
14006,13,9,5,9,3.007692308,Medium
14007,8,11,4,2,3.55,Medium
14008,24,3,7,2,4.15,Medium
14009,9,8,2,6,2.733333333,Medium
14012,7,9,2,8,3.485714286,Medium
14013,8,13,5,7,3.65,Medium
14016,15,4,2,7,2.2,Medium
14018,19,4,8,8,4.778947368,Medium
14020,28,6,8,8,3.871428571,Medium
14021,5,12,1,8,4.1,Medium
14027,16,4,3,7,2.575,Medium
14028,19,9,6,7,2.778947368,Medium
14030,25,11,7,5,2.5,Medium
14033,13,5,6,8,4.307692308,Medium
14035,18,13,8,2,3.066666667,Medium
14036,11,5,4,3,3.727272727,Medium
14041,20,7,9,5,4.6,Medium
14048,13,15,9,6,3.807692308,Medium
14056,12,5,4,8,3.5,Medium
14059,10,8,6,4,4.4,Medium
14061,23,13,7,8,2.204347826,Medium
14062,15,1,2,6,2.8,Medium
14065,20,2,3,8,2.6,Medium
14066,28,17,9,8,2.171428571,Medium
14071,7,16,4,2,3.085714286,Medium
14075,13,19,9,6,3.007692308,Medium
14078,23,6,9,6,4.604347826,Medium
14079,10,7,1,2,2.1,Medium
14082,14,10,7,3,3.642857143,Medium
14084,17,2,4,4,3.364705882,Medium
14086,19,5,5,1,3.078947368,Medium
14087,23,8,7,5,3.204347826,Medium
14089,9,17,9,4,4.433333333,Medium
14090,21,9,7,1,3.128571429,Medium
14091,13,7,4,2,2.907692308,Medium
14093,16,7,6,9,3.475,Medium
14096,18,2,7,4,4.766666667,Medium
14097,28,6,8,5,3.871428571,Medium
14102,17,1,2,4,2.564705882,Medium
14105,15,12,8,1,3.6,Medium
14108,10,19,9,7,3.7,Medium
14109,17,3,4,9,3.164705882,Medium
14110,22,6,6,1,3.163636364,Medium
14114,8,8,3,9,3.65,Medium
14117,22,4,4,7,2.563636364,Medium
14118,19,2,7,8,4.678947368,Medium
14119,29,1,3,7,2.334482759,Medium
14120,13,2,4,6,3.907692308,Medium
14121,21,11,7,2,2.728571429,Medium
14125,22,2,7,4,4.463636364,Medium
14126,17,5,4,1,2.764705882,Medium
14129,19,8,5,8,2.478947368,Medium
14131,20,11,9,5,3.8,Medium
14132,9,2,2,4,3.933333333,Medium
14134,20,3,3,1,2.4,Medium
14136,7,18,7,2,4.185714286,Medium
14137,8,8,3,7,3.65,Medium
14141,18,15,8,9,2.666666667,Medium
14143,9,8,5,6,4.233333333,Medium
14144,26,1,3,9,2.453846154,Medium
14145,22,10,9,8,3.863636364,Medium
14151,29,5,6,5,3.034482759,Medium
14154,11,4,5,5,4.427272727,Medium
14155,14,7,4,9,2.742857143,Medium
14156,13,2,5,5,4.407692308,Medium
14158,24,1,7,1,4.55,Medium
14164,10,10,7,4,4.5,Medium
14165,9,5,3,3,3.833333333,Medium
14166,13,2,3,6,3.407692308,Medium
14169,28,7,5,5,2.171428571,Medium
14171,8,8,4,6,4.15,Medium
14173,9,19,9,4,4.033333333,Medium
14178,9,8,6,3,4.733333333,Medium
14180,4,16,1,8,4.8,Medium
14182,7,12,6,3,4.885714286,Medium
14183,24,12,9,6,3.35,Medium
14186,23,14,9,9,3.004347826,Medium
14187,21,2,6,6,4.028571429,Medium
14191,8,17,5,4,2.85,Medium
14193,13,4,2,9,2.507692308,Medium
14194,28,15,9,3,2.571428571,Medium
14197,7,14,2,5,2.485714286,Medium
14199,25,9,9,6,3.9,Medium
14202,29,10,6,4,2.034482759,Medium
14209,11,9,3,8,2.427272727,Medium
14212,24,14,8,8,2.45,Medium
14217,28,4,6,9,3.271428571,Medium
14222,21,8,8,6,3.828571429,Medium
14226,22,7,7,2,3.463636364,Medium
14228,14,2,2,7,2.742857143,Medium
14229,25,2,4,4,2.8,Medium
14230,21,14,7,4,2.128571429,Medium
14231,14,15,8,9,3.142857143,Medium
14236,14,14,6,3,2.342857143,Medium
14237,12,8,7,5,4.4,Medium
14241,18,1,5,8,3.966666667,Medium
14242,8,8,2,7,3.15,Medium
14243,10,14,9,2,4.7,Medium
14247,20,12,7,7,2.6,Medium
14249,20,1,3,3,2.8,Medium
14251,17,7,8,3,4.364705882,Medium
14252,8,3,3,9,4.65,Medium
14253,29,12,8,2,2.634482759,Medium
14254,22,12,8,3,2.963636364,Medium
14255,25,5,4,8,2.2,Medium
14256,17,3,7,3,4.664705882,Medium
14262,8,7,3,1,3.85,Medium
14270,20,3,7,6,4.4,Medium
14271,11,10,5,6,3.227272727,Medium
14275,25,18,9,7,2.1,Medium
14276,12,4,2,3,2.7,Medium
14278,11,1,3,5,4.027272727,Medium
14279,24,1,7,1,4.55,Medium
14280,23,10,8,5,3.304347826,Medium
14281,23,13,9,6,3.204347826,Medium
14284,16,5,3,5,2.375,Medium
14291,24,4,7,5,3.95,Medium
14292,29,3,6,9,3.434482759,Medium
14293,8,4,4,9,4.95,Medium
14296,21,14,8,7,2.628571429,Medium
14297,21,4,7,4,4.128571429,Medium
14301,28,9,9,7,3.771428571,Medium
14302,19,1,4,3,3.378947368,Medium
14303,13,18,9,6,3.207692308,Medium
14305,15,1,4,9,3.8,Medium
14308,13,11,4,5,2.107692308,Medium
14312,21,19,9,8,2.128571429,Medium
14320,11,6,3,6,3.027272727,Medium
14323,24,10,7,3,2.75,Medium
14324,28,6,7,1,3.371428571,Medium
14325,21,4,4,4,2.628571429,Medium
14329,21,4,6,2,3.628571429,Medium
14333,19,14,9,6,3.278947368,Medium
14335,25,8,9,9,4.1,Medium
14338,10,13,7,9,3.9,Medium
14339,12,19,9,4,3.2,Medium
14343,23,7,6,1,2.904347826,Medium
14344,26,17,9,9,2.253846154,Medium
14345,8,4,2,1,3.95,Medium
14346,23,5,5,3,2.804347826,Medium
14349,26,4,8,9,4.353846154,Medium
14352,21,10,6,6,2.428571429,Medium
14353,13,5,7,5,4.807692308,Medium
14357,8,17,4,8,2.35,Medium
14358,26,4,5,7,2.853846154,Medium
14362,27,16,9,1,2.411111111,Medium
14363,11,2,4,5,4.327272727,Medium
14364,10,5,4,7,4,Medium
14366,16,2,4,3,3.475,Medium
14368,19,15,8,6,2.578947368,Medium
14370,10,9,4,6,3.2,Medium
14378,6,13,3,1,3.9,Medium
14384,10,5,3,7,3.5,Medium
14386,7,9,1,8,2.985714286,Medium
14388,24,17,9,9,2.35,Medium
14390,7,10,1,6,2.785714286,Medium
14392,12,10,8,2,4.5,Medium
14395,17,3,5,7,3.664705882,Medium
14398,8,18,5,6,2.65,Medium
14400,14,6,4,7,2.942857143,Medium
14402,17,19,9,1,2.464705882,Medium
14403,16,18,9,3,2.775,Medium
14405,28,10,6,7,2.071428571,Medium
14407,10,8,2,9,2.4,Medium
14411,23,13,8,4,2.704347826,Medium
14412,9,18,8,2,3.733333333,Medium
14413,21,7,7,4,3.528571429,Medium
14414,15,6,7,8,4.3,Medium
14415,14,3,4,1,3.542857143,Medium
14416,26,3,8,2,4.553846154,Medium
14417,19,4,3,1,2.278947368,Medium
14419,12,14,9,6,4.2,Medium
14423,23,6,9,9,4.604347826,Medium
14426,24,11,7,3,2.55,Medium
14427,10,19,9,8,3.7,Medium
14430,27,7,9,3,4.211111111,Medium
14433,15,4,2,9,2.2,Medium
14438,28,8,7,4,2.971428571,Medium
14441,17,9,8,1,3.964705882,Medium
14443,17,4,7,1,4.464705882,Medium
14445,18,6,5,7,2.966666667,Medium
14450,7,18,3,4,2.185714286,Medium
14451,20,13,7,1,2.4,Medium
14452,27,7,9,6,4.211111111,Medium
14453,9,16,9,7,4.633333333,Medium
14454,16,13,6,6,2.275,Medium
14455,26,6,9,9,4.453846154,Medium
14456,26,10,8,9,3.153846154,Medium
14459,28,7,9,7,4.171428571,Medium
14460,12,13,6,2,2.9,Medium
14462,9,14,7,3,4.033333333,Medium
14463,10,15,5,4,2.5,Medium
14467,10,6,4,8,3.8,Medium
14471,25,2,8,9,4.8,Medium
14475,18,8,9,5,4.566666667,Medium
14476,23,8,6,5,2.704347826,Medium
14478,13,1,3,8,3.607692308,Medium
14486,23,12,9,7,3.404347826,Medium
14487,21,9,9,8,4.128571429,Medium
14489,26,6,6,2,2.953846154,Medium
14492,8,13,6,9,4.15,Medium
14498,19,2,4,7,3.178947368,Medium
14502,7,16,3,8,2.585714286,Medium
14503,20,17,8,3,2.1,Medium
14509,9,18,8,7,3.733333333,Medium
14518,13,6,2,4,2.107692308,Medium
14519,22,9,8,5,3.563636364,Medium
14520,18,1,5,1,3.966666667,Medium
14529,17,9,5,3,2.464705882,Medium
14530,14,19,9,2,2.842857143,Medium
14535,14,11,8,3,3.942857143,Medium
14537,9,4,4,8,4.533333333,Medium
14544,12,18,9,9,3.4,Medium
14545,27,12,7,2,2.211111111,Medium
14548,6,16,6,9,4.8,Medium
14549,7,19,5,3,2.985714286,Medium
14550,26,8,8,3,3.553846154,Medium
14556,17,16,8,9,2.564705882,Medium
14557,10,18,7,1,2.9,Medium
14558,15,17,8,2,2.6,Medium
14559,25,13,7,6,2.1,Medium
14562,28,9,8,5,3.271428571,Medium
14563,27,13,8,7,2.511111111,Medium
14565,29,1,3,8,2.334482759,Medium
14566,16,5,3,7,2.375,Medium
14567,8,16,3,1,2.05,Medium
14571,12,2,1,4,2.6,Medium
14572,19,5,7,9,4.078947368,Medium
14574,15,12,9,1,4.1,Medium
14575,28,16,9,4,2.371428571,Medium
14576,24,5,7,9,3.75,Medium
14578,6,13,2,8,3.4,Medium
14579,15,17,7,3,2.1,Medium
14581,24,6,8,4,4.05,Medium
14584,7,12,1,7,2.385714286,Medium
14586,14,12,7,3,3.242857143,Medium
14587,5,15,2,7,4,Medium
14588,12,17,6,8,2.1,Medium
14593,8,9,1,6,2.45,Medium
14598,18,4,6,6,3.866666667,Medium
14600,22,6,8,7,4.163636364,Medium
14601,7,18,6,7,3.685714286,Medium
14603,24,6,4,9,2.05,Medium
14609,5,14,1,1,3.7,Medium
14612,8,16,5,7,3.05,Medium
14613,19,7,5,8,2.678947368,Medium
14615,12,18,8,9,2.9,Medium
14617,10,10,3,3,2.5,Medium
14621,28,15,8,3,2.071428571,Medium
14622,27,5,6,7,3.111111111,Medium
14623,15,6,8,8,4.8,Medium
14624,26,4,4,8,2.353846154,Medium
14626,20,6,5,3,2.8,Medium
14627,18,11,6,6,2.466666667,Medium
14630,27,7,7,9,3.211111111,Medium
14634,6,10,1,1,3.5,Medium
14638,13,9,4,7,2.507692308,Medium
14639,20,19,9,3,2.2,Medium
14640,28,10,8,4,3.071428571,Medium
14642,26,10,9,2,3.653846154,Medium
14644,17,7,8,7,4.364705882,Medium
14645,20,13,9,7,3.4,Medium
14647,25,5,8,7,4.2,Medium
14649,7,18,8,4,4.685714286,Medium
14650,5,15,2,2,4,Medium
14651,10,9,7,4,4.7,Medium
14653,27,8,6,1,2.511111111,Medium
14655,9,7,5,8,4.433333333,Medium
14656,11,14,8,5,3.927272727,Medium
14657,13,7,5,1,3.407692308,Medium
14658,26,16,9,3,2.453846154,Medium
14663,19,14,9,1,3.278947368,Medium
14664,8,8,1,6,2.65,Medium
14672,16,7,5,8,2.975,Medium
14675,27,4,6,3,3.311111111,Medium
14676,7,19,7,9,3.985714286,Medium
14680,16,12,8,8,3.475,Medium
14684,12,10,4,7,2.5,Medium
14685,10,2,2,1,3.6,Medium
14688,22,3,6,8,3.763636364,Medium
14694,15,13,6,1,2.4,Medium
14696,23,7,9,6,4.404347826,Medium
14698,20,9,9,5,4.2,Medium
14700,17,14,9,3,3.464705882,Medium
14705,18,3,5,6,3.566666667,Medium
14706,11,18,6,8,2.127272727,Medium
14707,28,4,5,3,2.771428571,Medium
14709,5,14,3,6,4.7,Medium
14714,10,5,2,9,3,Medium
14715,9,10,5,4,3.833333333,Medium
14716,12,6,4,3,3.3,Medium
14721,16,17,9,5,2.975,Medium
14724,18,3,4,3,3.066666667,Medium
14726,6,18,5,3,3.9,Medium
14728,11,11,4,6,2.527272727,Medium
14729,16,10,9,7,4.375,Medium
14732,13,8,6,5,3.707692308,Medium
14733,13,18,9,5,3.207692308,Medium
14736,20,6,9,1,4.8,Medium
14739,9,2,3,1,4.433333333,Medium
14749,19,12,7,6,2.678947368,Medium
14753,17,4,6,7,3.964705882,Medium
14757,29,11,9,2,3.334482759,Medium
14759,9,5,1,4,2.833333333,Medium
14760,10,12,8,7,4.6,Medium
14761,19,14,8,5,2.778947368,Medium
14762,22,6,5,9,2.663636364,Medium
14765,17,1,6,4,4.564705882,Medium
14766,29,13,9,5,2.934482759,Medium
14767,18,10,7,6,3.166666667,Medium
14771,10,15,6,7,3,Medium
14772,7,4,3,4,4.985714286,Medium
14773,27,5,4,5,2.111111111,Medium
14774,21,12,8,1,3.028571429,Medium
14775,12,14,9,7,4.2,Medium
14778,12,5,2,6,2.5,Medium
14779,14,1,3,2,3.442857143,Medium
14782,16,10,7,7,3.375,Medium
14784,12,7,4,1,3.1,Medium
14786,19,1,7,2,4.878947368,Medium
14787,16,3,2,5,2.275,Medium
14788,18,10,5,7,2.166666667,Medium
14790,19,4,4,5,2.778947368,Medium
14794,20,10,9,6,4,Medium
14795,13,9,7,1,4.007692308,Medium
14801,13,11,7,8,3.607692308,Medium
14804,27,6,9,9,4.411111111,Medium
14808,8,6,3,4,4.05,Medium
14809,14,16,7,6,2.442857143,Medium
14815,26,10,8,8,3.153846154,Medium
14820,16,18,9,6,2.775,Medium
14821,11,8,4,7,3.127272727,Medium
14822,8,4,3,4,4.45,Medium
14823,15,4,6,5,4.2,Medium
14826,10,16,9,2,4.3,Medium
14827,16,10,6,4,2.875,Medium
14828,9,19,7,1,3.033333333,Medium
14830,12,11,9,6,4.8,Medium
14835,8,16,3,9,2.05,Medium
14837,23,12,9,7,3.404347826,Medium
14839,6,13,4,7,4.4,Medium
14842,29,10,8,2,3.034482759,Medium
14843,26,15,9,6,2.653846154,Medium
14844,23,8,5,3,2.204347826,Medium
14845,10,14,6,8,3.2,Medium
14846,8,16,7,5,4.05,Medium
14848,26,3,8,2,4.553846154,Medium
14850,17,1,5,7,4.064705882,Medium
14851,21,14,8,2,2.628571429,Medium
14855,7,18,4,5,2.685714286,Medium
14859,23,10,6,4,2.304347826,Medium
14862,16,7,7,7,3.975,Medium
14864,20,4,7,5,4.2,Medium
14866,22,8,5,1,2.263636364,Medium
14871,17,2,5,5,3.864705882,Medium
14872,7,17,7,4,4.385714286,Medium
14874,19,3,7,7,4.478947368,Medium
14876,14,7,4,9,2.742857143,Medium
14879,18,18,9,8,2.566666667,Medium
14887,26,10,6,4,2.153846154,Medium
14888,20,13,7,6,2.4,Medium
14890,23,14,9,9,3.004347826,Medium
14894,23,6,7,4,3.604347826,Medium
14895,6,17,2,1,2.6,Medium
14896,6,7,1,5,4.1,Medium
14899,25,8,5,6,2.1,Medium
14902,24,6,4,5,2.05,Medium
14903,5,15,1,3,3.5,Medium
14904,16,3,4,9,3.275,Medium
14905,24,11,6,2,2.05,Medium
14906,9,14,7,9,4.033333333,Medium
14908,20,4,4,8,2.7,Medium
14910,20,12,6,9,2.1,Medium
14911,15,1,5,8,4.3,Medium
14912,10,10,8,5,5,Medium
14915,17,8,7,7,3.664705882,Medium
14916,14,15,9,3,3.642857143,Medium
14918,25,3,4,3,2.6,Medium
14919,11,10,3,7,2.227272727,Medium
14921,8,18,4,7,2.15,Medium
14926,28,16,9,8,2.371428571,Medium
14931,26,6,8,5,3.953846154,Medium
14933,18,5,5,4,3.166666667,Medium
14934,24,3,6,1,3.65,Medium
14937,9,11,4,6,3.133333333,Medium
14942,9,9,3,2,3.033333333,Medium
14943,24,8,6,4,2.65,Medium
14944,26,16,9,5,2.453846154,Medium
14946,19,10,6,4,2.578947368,Medium
14948,8,14,5,8,3.45,Medium
14949,9,9,4,8,3.533333333,Medium
14950,18,6,4,2,2.466666667,Medium
14951,13,2,2,9,2.907692308,Medium
14952,16,19,8,5,2.075,Medium
14953,9,7,2,1,2.933333333,Medium
14955,8,15,6,6,3.75,Medium
14956,22,4,6,5,3.563636364,Medium
14961,22,1,3,7,2.663636364,Medium
14964,25,9,6,2,2.4,Medium
14965,18,11,6,4,2.466666667,Medium
14966,19,16,8,1,2.378947368,Medium
14967,7,16,3,8,2.585714286,Medium
14968,16,16,8,9,2.675,Medium
14969,20,4,8,9,4.7,Medium
14973,7,13,4,3,3.685714286,Medium
14974,13,8,7,8,4.207692308,Medium
14975,6,12,1,9,3.1,Medium
14977,10,10,6,6,4,Medium
14979,27,5,8,6,4.111111111,Medium
14983,10,6,1,9,2.3,Medium
14984,28,4,9,2,4.771428571,Medium
14985,19,6,7,3,3.878947368,Medium
14986,11,18,9,3,3.627272727,Medium
14987,12,6,6,5,4.3,Medium
14989,12,13,7,5,3.4,Medium
14990,5,18,1,2,2.9,Medium
14993,27,5,7,7,3.611111111,Medium
14999,21,9,8,4,3.628571429,Medium
15001,20,9,8,1,3.7,Medium
15005,15,12,8,6,3.6,Medium
15007,27,6,6,7,2.911111111,Medium
15013,29,7,8,9,3.634482759,Medium
15015,11,6,5,7,4.027272727,Medium
15017,11,12,9,1,4.827272727,Medium
15018,19,15,9,6,3.078947368,Medium
15019,20,6,9,2,4.8,Medium
15021,29,11,8,6,2.834482759,Medium
15024,11,5,2,1,2.727272727,Medium
15025,17,17,9,5,2.864705882,Medium
15027,29,4,4,6,2.234482759,Medium
15029,21,9,8,8,3.628571429,Medium
15030,22,5,4,3,2.363636364,Medium
15033,19,11,7,8,2.878947368,Medium
15035,20,5,4,4,2.5,Medium
15036,24,14,9,3,2.95,Medium
15042,8,5,2,9,3.75,Medium
15044,17,18,9,3,2.664705882,Medium
15049,20,1,6,3,4.3,Medium
15052,10,5,5,8,4.5,Medium
15053,10,16,9,5,4.3,Medium
15057,15,9,5,9,2.7,Medium
15061,27,18,9,9,2.011111111,Medium
15062,9,5,1,7,2.833333333,Medium
15063,23,1,7,9,4.604347826,Medium
15069,24,7,5,3,2.35,Medium
15071,14,9,8,9,4.342857143,Medium
15072,11,5,3,7,3.227272727,Medium
15073,23,2,5,8,3.404347826,Medium
15074,15,13,8,4,3.4,Medium
15076,29,8,7,6,2.934482759,Medium
15077,14,8,3,8,2.042857143,Medium
15079,11,12,7,7,3.827272727,Medium
15080,16,7,7,5,3.975,Medium
15083,8,18,5,8,2.65,Medium
15094,27,11,7,2,2.411111111,Medium
15095,10,14,8,2,4.2,Medium
15097,13,16,9,7,3.607692308,Medium
15100,20,1,6,6,4.3,Medium
15104,14,5,6,5,4.142857143,Medium
15106,17,15,8,3,2.764705882,Medium
15107,6,4,1,1,4.7,Medium
15108,28,4,4,7,2.271428571,Medium
15109,25,13,9,4,3.1,Medium
15110,23,14,7,5,2.004347826,Medium
15111,12,9,6,6,3.7,Medium
15112,24,15,9,6,2.75,Medium
15115,23,4,5,7,3.004347826,Medium
15116,16,4,7,7,4.575,Medium
15117,14,13,9,9,4.042857143,Medium
15122,21,6,9,4,4.728571429,Medium
15125,24,4,7,8,3.95,Medium
15127,13,13,6,8,2.707692308,Medium
15130,27,9,7,2,2.811111111,Medium
15133,20,1,3,7,2.8,Medium
15134,16,15,9,8,3.375,Medium
15135,24,7,7,6,3.35,Medium
15136,13,9,3,5,2.007692308,Medium
15140,16,4,4,3,3.075,Medium
15142,11,9,8,4,4.927272727,Medium
15144,15,8,4,7,2.4,Medium
15146,17,10,5,6,2.264705882,Medium
15150,16,8,7,4,3.775,Medium
15151,23,3,6,4,3.704347826,Medium
15154,22,2,8,4,4.963636364,Medium
15156,29,4,4,7,2.234482759,Medium
15157,13,9,3,3,2.007692308,Medium
15160,5,11,2,9,4.8,Medium
15162,13,6,5,2,3.607692308,Medium
15163,20,3,7,7,4.4,Medium
15164,16,9,9,1,4.575,Medium
15169,24,17,9,1,2.35,Medium
15170,8,15,6,3,3.75,Medium
15171,11,13,5,7,2.627272727,Medium
15174,12,11,5,9,2.8,Medium
15175,7,13,1,9,2.185714286,Medium
15179,12,2,3,5,3.6,Medium
15180,25,7,9,3,4.3,Medium
15182,26,4,4,7,2.353846154,Medium
15183,14,6,7,5,4.442857143,Medium
15185,10,15,7,2,3.5,Medium
15187,20,2,5,2,3.6,Medium
15188,15,4,4,5,3.2,Medium
15189,10,9,6,3,4.2,Medium
15190,9,14,5,6,3.033333333,Medium
15191,16,12,8,1,3.475,Medium
15196,23,9,5,7,2.004347826,Medium
15198,6,8,1,6,3.9,Medium
15200,12,5,5,7,4,Medium
15202,11,12,4,1,2.327272727,Medium
15208,26,3,4,8,2.553846154,Medium
15210,16,5,5,5,3.375,Medium
15211,14,6,5,4,3.442857143,Medium
15212,7,16,4,1,3.085714286,Medium
15213,18,13,9,8,3.566666667,Medium
15214,15,13,8,9,3.4,Medium
15216,25,5,5,4,2.7,Medium
15217,29,9,6,7,2.234482759,Medium
15222,15,1,1,9,2.3,Medium
15223,15,15,9,9,3.5,Medium
15224,22,2,7,7,4.463636364,Medium
15226,7,18,3,7,2.185714286,Medium
15227,22,9,5,5,2.063636364,Medium
15229,16,2,7,5,4.975,Medium
15233,27,1,6,2,3.911111111,Medium
15238,8,3,3,9,4.65,Medium
15239,18,8,4,4,2.066666667,Medium
15241,18,9,7,8,3.366666667,Medium
15243,24,16,9,5,2.55,Medium
15245,12,14,9,7,4.2,Medium
15249,18,5,4,7,2.666666667,Medium
15251,16,13,6,6,2.275,Medium
15253,23,9,8,1,3.504347826,Medium
15260,22,2,7,7,4.463636364,Medium
15261,25,9,6,3,2.4,Medium
15262,17,7,7,2,3.864705882,Medium
15268,10,12,5,4,3.1,Medium
15271,18,3,6,4,4.066666667,Medium
15277,22,8,6,9,2.763636364,Medium
15280,4,18,1,7,4.4,Medium
15283,8,17,5,4,2.85,Medium
15284,11,5,4,7,3.727272727,Medium
15286,19,9,8,2,3.778947368,Medium
15287,20,4,7,7,4.2,Medium
15289,22,11,6,2,2.163636364,Medium
15299,27,7,9,3,4.211111111,Medium
15302,18,5,7,4,4.166666667,Medium
15305,23,6,6,4,3.104347826,Medium
15306,22,8,7,7,3.263636364,Medium
15309,23,1,5,1,3.604347826,Medium
15311,25,2,8,8,4.8,Medium
15313,17,6,7,6,4.064705882,Medium
15317,6,6,1,8,4.3,Medium
15320,5,18,3,7,3.9,Medium
15322,21,1,5,4,3.728571429,Medium
15324,12,11,5,7,2.8,Medium
15327,17,2,5,5,3.864705882,Medium
15328,13,17,9,9,3.407692308,Medium
15330,16,2,7,8,4.975,Medium
15331,7,16,6,7,4.085714286,Medium
15333,24,12,8,5,2.85,Medium
15338,29,7,9,9,4.134482759,Medium
15339,24,2,6,3,3.85,Medium
15342,9,3,4,1,4.733333333,Medium
15344,19,9,5,7,2.278947368,Medium
15345,10,7,2,9,2.6,Medium
15347,17,9,5,6,2.464705882,Medium
15360,17,2,6,9,4.364705882,Medium
15361,16,14,7,7,2.575,Medium
15362,15,5,6,2,4,Medium
15365,22,6,8,3,4.163636364,Medium
15369,11,12,8,5,4.327272727,Medium
15370,9,5,2,2,3.333333333,Medium
15371,21,2,5,9,3.528571429,Medium
15374,25,14,9,3,2.9,Medium
15375,18,9,5,5,2.366666667,Medium
15377,14,6,6,3,3.942857143,Medium
15378,10,5,1,5,2.5,Medium
15379,26,4,4,1,2.353846154,Medium
15380,8,13,6,7,4.15,Medium
15381,21,3,6,2,3.828571429,Medium
15382,19,5,7,4,4.078947368,Medium
15383,28,4,4,6,2.271428571,Medium
15385,12,9,5,7,3.2,Medium
15386,18,12,6,8,2.266666667,Medium
15390,27,7,5,4,2.211111111,Medium
15391,19,9,9,9,4.278947368,Medium
15393,12,12,9,3,4.6,Medium
15397,18,9,5,1,2.366666667,Medium
15400,13,19,8,7,2.507692308,Medium
15405,15,12,7,1,3.1,Medium
15409,6,5,2,2,5,Medium
15411,28,15,9,9,2.571428571,Medium
15412,24,2,3,7,2.35,Medium
15414,26,13,7,3,2.053846154,Medium
15415,8,2,2,7,4.35,Medium
15416,9,13,8,2,4.733333333,Medium
15418,11,17,7,2,2.827272727,Medium
15419,15,2,5,8,4.1,Medium
15421,12,8,8,5,4.9,Medium
15427,28,5,4,9,2.071428571,Medium
15431,12,6,4,7,3.3,Medium
15433,10,1,2,9,3.8,Medium
15447,27,11,8,2,2.911111111,Medium
15448,24,5,8,6,4.25,Medium
15451,28,6,7,5,3.371428571,Medium
15452,23,2,5,3,3.404347826,Medium
15453,9,16,9,5,4.633333333,Medium
15454,22,9,6,5,2.563636364,Medium
15455,29,13,9,2,2.934482759,Medium
15457,7,19,5,1,2.985714286,Medium
15458,15,6,8,2,4.8,Medium
15460,21,6,5,1,2.728571429,Medium
15461,5,14,2,3,4.2,Medium
15462,26,7,6,9,2.753846154,Medium
15463,12,10,9,4,5,Medium
15464,11,2,4,5,4.327272727,Medium
15468,17,1,1,2,2.064705882,Medium
15469,14,15,8,9,3.142857143,Medium
15470,27,8,9,6,4.011111111,Medium
15475,8,8,4,6,4.15,Medium
15478,10,6,3,7,3.3,Medium
15479,27,1,6,9,3.911111111,Medium
15485,12,11,9,5,4.8,Medium
15486,29,7,8,4,3.634482759,Medium
15487,7,19,8,3,4.485714286,Medium
15489,26,10,8,9,3.153846154,Medium
15493,29,2,5,2,3.134482759,Medium
15495,10,9,4,1,3.2,Medium
15497,13,11,9,9,4.607692308,Medium
15498,8,8,5,5,4.65,Medium
15499,11,14,6,2,2.927272727,Medium
15500,11,17,8,7,3.327272727,Medium
15504,9,15,6,1,3.333333333,Medium
15507,13,19,8,8,2.507692308,Medium
15509,21,6,8,2,4.228571429,Medium
15510,8,18,8,2,4.15,Medium
15511,9,14,4,7,2.533333333,Medium
15513,27,10,8,5,3.111111111,Medium
15514,28,5,4,1,2.071428571,Medium
15516,9,9,2,6,2.533333333,Medium
15519,7,15,2,9,2.285714286,Medium
15523,7,9,5,4,4.985714286,Medium
15524,18,6,7,5,3.966666667,Medium
15526,17,5,5,1,3.264705882,Medium
15527,23,3,3,8,2.204347826,Medium
15530,14,5,4,1,3.142857143,Medium
15533,17,8,8,6,4.164705882,Medium
15535,29,3,5,4,2.934482759,Medium
15536,9,13,8,8,4.733333333,Medium
15539,21,13,7,4,2.328571429,Medium
15540,21,9,7,7,3.128571429,Medium
15541,7,15,7,8,4.785714286,Medium
15542,8,12,7,1,4.85,Medium
15546,7,16,3,8,2.585714286,Medium
15547,15,4,7,8,4.7,Medium
15549,18,13,9,5,3.566666667,Medium
15555,23,8,9,2,4.204347826,Medium
15557,14,5,4,9,3.142857143,Medium
15558,28,12,7,2,2.171428571,Medium
15562,28,1,6,1,3.871428571,Medium
15564,23,1,2,9,2.104347826,Medium
15566,7,4,2,6,4.485714286,Medium
15568,16,7,6,1,3.475,Medium
15569,9,10,5,3,3.833333333,Medium
15571,20,7,8,7,4.1,Medium
15572,21,4,6,6,3.628571429,Medium
15573,29,1,5,9,3.334482759,Medium
15574,6,19,6,3,4.2,Medium
15576,18,10,6,8,2.666666667,Medium
15577,17,8,9,3,4.664705882,Medium
15578,9,14,3,8,2.033333333,Medium
15581,12,1,4,7,4.3,Medium
15582,15,12,9,6,4.1,Medium
15584,18,14,9,8,3.366666667,Medium
15586,10,13,8,9,4.4,Medium
15592,28,3,6,1,3.471428571,Medium
15593,10,14,8,9,4.2,Medium
15594,28,11,9,7,3.371428571,Medium
15597,27,1,6,9,3.911111111,Medium
15598,17,4,3,5,2.464705882,Medium
15604,13,12,5,8,2.407692308,Medium
15607,23,15,9,7,2.804347826,Medium
15608,26,13,9,7,3.053846154,Medium
15610,29,3,9,4,4.934482759,Medium
15611,28,5,9,2,4.571428571,Medium
15612,15,1,5,7,4.3,Medium
15614,10,5,1,9,2.5,Medium
15619,13,11,6,5,3.107692308,Medium
15620,18,2,7,4,4.766666667,Medium
15621,14,7,3,3,2.242857143,Medium
15622,18,10,6,6,2.666666667,Medium
15623,12,9,5,9,3.2,Medium
15626,25,11,7,3,2.5,Medium
15630,10,10,6,3,4,Medium
15632,22,15,9,5,2.863636364,Medium
15634,29,8,7,1,2.934482759,Medium
15636,10,5,4,1,4,Medium
15637,27,8,7,4,3.011111111,Medium
15639,13,5,2,5,2.307692308,Medium
15641,10,6,2,7,2.8,Medium
15642,12,4,4,7,3.7,Medium
15651,21,5,5,1,2.928571429,Medium
15655,29,10,8,3,3.034482759,Medium
15658,13,14,5,8,2.007692308,Medium
15659,28,17,9,5,2.171428571,Medium
15662,22,3,3,3,2.263636364,Medium
15670,7,14,4,5,3.485714286,Medium
15674,26,2,8,9,4.753846154,Medium
15684,11,14,9,4,4.427272727,Medium
15685,22,10,6,5,2.363636364,Medium
15686,25,12,9,6,3.3,Medium
15688,21,16,9,2,2.728571429,Medium
15693,11,2,4,9,4.327272727,Medium
15694,19,4,4,1,2.778947368,Medium
15695,13,5,6,5,4.307692308,Medium
15696,14,4,6,3,4.342857143,Medium
15697,6,19,6,1,4.2,Medium
15698,13,8,5,8,3.207692308,Medium
15700,6,5,2,5,5,Medium
15705,21,14,7,2,2.128571429,Medium
15706,21,1,3,5,2.728571429,Medium
15707,20,7,4,1,2.1,Medium
15709,28,3,7,1,3.971428571,Medium
15714,10,12,5,6,3.1,Medium
15717,9,4,3,5,4.033333333,Medium
15718,15,19,8,1,2.2,Medium
15722,19,8,5,7,2.478947368,Medium
15726,16,8,6,1,3.275,Medium
15729,9,3,4,2,4.733333333,Medium
15733,10,8,3,7,2.9,Medium
15736,11,3,1,1,2.627272727,Medium
15740,12,13,5,5,2.4,Medium
15743,14,2,1,7,2.242857143,Medium
15744,8,19,7,5,3.45,Medium
15745,18,4,7,7,4.366666667,Medium
15755,27,14,9,7,2.811111111,Medium
15756,10,8,4,9,3.4,Medium
15758,10,1,1,1,3.3,Medium
15759,26,1,7,4,4.453846154,Medium
15762,6,14,4,9,4.2,Medium
15768,24,17,9,6,2.35,Medium
15769,24,10,7,1,2.75,Medium
15771,16,3,3,9,2.775,Medium
15775,17,2,3,8,2.864705882,Medium
15780,4,19,1,5,4.2,Medium
15781,6,18,2,8,2.4,Medium
15782,13,3,1,8,2.207692308,Medium
15788,13,11,4,2,2.107692308,Medium
15792,6,13,3,3,3.9,Medium
15795,12,17,7,3,2.6,Medium
15797,10,8,5,8,3.9,Medium
15800,28,12,7,7,2.171428571,Medium
15804,25,11,8,5,3,Medium
15806,6,11,4,7,4.8,Medium
15807,22,5,7,5,3.863636364,Medium
15810,11,13,8,7,4.127272727,Medium
15813,28,5,6,8,3.071428571,Medium
15815,21,14,8,9,2.628571429,Medium
15816,25,10,8,7,3.2,Medium
15817,20,10,6,9,2.5,Medium
15818,27,6,9,6,4.411111111,Medium
15819,25,14,9,9,2.9,Medium
15821,12,11,6,8,3.3,Medium
15823,8,9,3,7,3.45,Medium
15824,4,15,1,6,5,Medium
15825,8,18,7,6,3.65,Medium
15827,22,15,8,7,2.363636364,Medium
15829,15,8,8,2,4.4,Medium
15833,10,6,1,4,2.3,Medium
15835,14,4,7,2,4.842857143,Medium
15837,6,12,4,4,4.6,Medium
15838,16,14,9,1,3.575,Medium
15841,7,17,6,8,3.885714286,Medium
15842,26,4,8,6,4.353846154,Medium
15847,18,8,9,7,4.566666667,Medium
15848,16,2,6,1,4.475,Medium
15849,17,12,9,2,3.864705882,Medium
15852,29,11,9,1,3.334482759,Medium
15853,22,1,2,6,2.163636364,Medium
15854,25,12,8,5,2.8,Medium
15855,19,11,8,4,3.378947368,Medium
15857,15,6,3,5,2.3,Medium
15858,17,13,9,5,3.664705882,Medium
15861,20,6,9,6,4.8,Medium
15866,12,17,9,5,3.6,Medium
15869,15,6,7,4,4.3,Medium
15871,22,8,6,2,2.763636364,Medium
15873,10,6,6,7,4.8,Medium
15877,20,3,3,4,2.4,Medium
15880,26,2,6,5,3.753846154,Medium
15882,7,5,2,5,4.285714286,Medium
15886,9,1,3,2,4.633333333,Medium
15888,20,5,5,2,3,Medium
15892,19,10,7,7,3.078947368,Medium
15893,5,18,5,9,4.9,Medium
15898,24,1,5,6,3.55,Medium
15902,9,3,3,1,4.233333333,Medium
15904,16,4,2,9,2.075,Medium
15905,21,14,7,3,2.128571429,Medium
15907,8,9,2,8,2.95,Medium
15912,24,4,7,6,3.95,Medium
15913,22,11,7,1,2.663636364,Medium
15915,23,15,9,8,2.804347826,Medium
15916,9,15,7,2,3.833333333,Medium
15917,9,11,4,5,3.133333333,Medium
15918,17,19,9,9,2.464705882,Medium
15923,22,2,7,5,4.463636364,Medium
15925,6,16,4,2,3.8,Medium
15926,27,3,7,3,4.011111111,Medium
15928,16,14,9,4,3.575,Medium
15936,12,14,5,1,2.2,Medium
15938,26,5,7,2,3.653846154,Medium
15943,21,5,6,3,3.428571429,Medium
15944,23,2,4,4,2.904347826,Medium
15947,24,2,4,7,2.85,Medium
15951,23,2,7,8,4.404347826,Medium
15953,22,6,8,7,4.163636364,Medium
15954,14,16,8,8,2.942857143,Medium
15955,26,6,6,7,2.953846154,Medium
15956,15,17,9,6,3.1,Medium
15957,14,3,5,6,4.042857143,Medium
15960,13,7,6,3,3.907692308,Medium
15961,13,5,3,5,2.807692308,Medium
15967,26,14,8,7,2.353846154,Medium
15969,24,12,8,3,2.85,Medium
15970,18,3,4,2,3.066666667,Medium
15971,7,13,6,6,4.685714286,Medium
15975,6,14,1,8,2.7,Medium
15976,8,2,3,4,4.85,Medium
15978,19,2,2,6,2.178947368,Medium
15983,25,12,9,2,3.3,Medium
15986,26,10,9,3,3.653846154,Medium
15987,15,8,9,5,4.9,Medium
15991,10,12,6,6,3.6,Medium
15992,25,4,5,2,2.9,Medium
15993,17,16,8,3,2.564705882,Medium
15995,23,12,7,5,2.404347826,Medium
15996,19,4,8,6,4.778947368,Medium
15999,18,8,8,3,4.066666667,Medium
16004,13,12,7,1,3.407692308,Medium
16005,22,14,8,9,2.563636364,Medium
16008,28,10,7,3,2.571428571,Medium
16010,29,2,5,1,3.134482759,Medium
16013,9,14,6,5,3.533333333,Medium
16014,15,15,7,5,2.5,Medium
16018,16,1,1,4,2.175,Medium
16023,6,7,1,3,4.1,Medium
16031,8,8,5,5,4.65,Medium
16033,13,7,7,6,4.407692308,Medium
16045,27,3,6,5,3.511111111,Medium
16048,12,8,3,8,2.4,Medium
16050,8,9,4,3,3.95,Medium
16052,24,6,6,2,3.05,Medium
16055,10,6,6,8,4.8,Medium
16058,29,11,7,9,2.334482759,Medium
16059,11,16,9,8,4.027272727,Medium
16061,22,8,7,3,3.263636364,Medium
16062,28,4,7,7,3.771428571,Medium
16066,9,18,8,6,3.733333333,Medium
16068,15,1,3,6,3.3,Medium
16071,18,2,6,1,4.266666667,Medium
16072,23,9,6,5,2.504347826,Medium
16075,8,16,4,6,2.55,Medium
16077,18,11,6,6,2.466666667,Medium
16081,16,5,5,9,3.375,Medium
16087,9,2,1,5,3.433333333,Medium
16088,5,17,2,9,3.6,Medium
16089,25,1,3,7,2.5,Medium
16093,25,12,8,9,2.8,Medium
16095,27,1,7,7,4.411111111,Medium
16097,23,6,9,6,4.604347826,Medium
16098,9,18,8,2,3.733333333,Medium
16101,11,7,4,1,3.327272727,Medium
16102,14,12,7,8,3.242857143,Medium
16104,26,3,5,2,3.053846154,Medium
16109,16,9,5,8,2.575,Medium
16113,9,12,5,1,3.433333333,Medium
16117,6,15,5,2,4.5,Medium
16121,7,14,5,3,3.985714286,Medium
16122,18,4,6,2,3.866666667,Medium
16124,16,17,9,5,2.975,Medium
16125,9,8,4,4,3.733333333,Medium
16128,16,8,6,4,3.275,Medium
16131,21,2,3,3,2.528571429,Medium
16132,29,1,8,3,4.834482759,Medium
16133,29,9,9,2,3.734482759,Medium
16134,18,15,8,2,2.666666667,Medium
16136,13,18,9,4,3.207692308,Medium
16138,22,9,6,5,2.563636364,Medium
16142,13,13,6,7,2.707692308,Medium
16147,6,10,1,1,3.5,Medium
16148,11,14,5,4,2.427272727,Medium
16150,23,2,6,1,3.904347826,Medium
16152,22,2,8,1,4.963636364,Medium
16153,14,8,3,7,2.042857143,Medium
16156,9,17,8,5,3.933333333,Medium
16158,12,15,7,1,3,Medium
16160,9,3,3,3,4.233333333,Medium
16162,15,2,4,5,3.6,Medium
16163,22,3,5,9,3.263636364,Medium
16165,28,8,8,9,3.471428571,Medium
16166,29,3,6,8,3.434482759,Medium
16169,23,8,5,2,2.204347826,Medium
16172,6,8,1,3,3.9,Medium
16173,14,9,9,2,4.842857143,Medium
16179,25,4,6,1,3.4,Medium
16183,17,12,7,9,2.864705882,Medium
16185,27,2,3,2,2.211111111,Medium
16190,26,1,7,9,4.453846154,Medium
16191,25,4,9,9,4.9,Medium
16192,12,14,8,7,3.7,Medium
16194,14,5,4,8,3.142857143,Medium
16195,12,5,4,8,3.5,Medium
16200,9,16,6,5,3.133333333,Medium
16202,29,4,6,9,3.234482759,Medium
16203,14,1,3,8,3.442857143,Medium
16206,19,12,9,4,3.678947368,Medium
16207,29,3,7,1,3.934482759,Medium
16209,8,10,4,1,3.75,Medium
16210,9,1,2,3,4.133333333,Medium
16211,21,8,9,9,4.328571429,Medium
16215,9,4,1,1,3.033333333,Medium
16219,11,5,1,6,2.227272727,Medium
16227,9,6,5,3,4.633333333,Medium
16231,19,5,6,7,3.578947368,Medium
16234,10,1,4,7,4.8,Medium
16241,6,15,5,7,4.5,Medium
16242,9,8,2,6,2.733333333,Medium
16246,10,4,2,4,3.2,Medium
16247,28,4,4,4,2.271428571,Medium
16254,26,1,3,7,2.453846154,Medium
16255,9,2,3,9,4.433333333,Medium
16258,17,6,6,7,3.564705882,Medium
16259,10,16,9,9,4.3,Medium
16260,10,11,6,3,3.8,Medium
16261,14,14,7,3,2.842857143,Medium
16263,8,14,6,6,3.95,Medium
16264,14,7,3,7,2.242857143,Medium
16265,11,8,7,4,4.627272727,Medium
16267,27,3,5,6,3.011111111,Medium
16273,9,18,5,5,2.233333333,Medium
16274,18,2,7,6,4.766666667,Medium
16277,23,5,8,8,4.304347826,Medium
16279,23,1,7,1,4.604347826,Medium
16281,9,2,3,7,4.433333333,Medium
16282,27,15,9,6,2.611111111,Medium
16283,15,9,9,9,4.7,Medium
16284,9,19,6,7,2.533333333,Medium
16291,20,4,3,8,2.2,Medium
16292,7,17,8,4,4.885714286,Medium
16293,16,4,7,2,4.575,Medium
16298,15,15,8,1,3,Medium
16302,11,13,7,9,3.627272727,Medium
16305,11,9,8,3,4.927272727,Medium
16308,23,10,8,5,3.304347826,Medium
16309,17,6,5,5,3.064705882,Medium
16310,5,12,2,8,4.6,Medium
16314,14,3,3,2,3.042857143,Medium
16316,16,19,8,9,2.075,Medium
16318,14,15,8,4,3.142857143,Medium
16319,8,6,2,1,3.55,Medium
16322,25,1,3,6,2.5,Medium
16323,14,3,3,8,3.042857143,Medium
16324,17,1,5,9,4.064705882,Medium
16325,17,6,7,7,4.064705882,Medium
16326,23,3,7,9,4.204347826,Medium
16329,13,9,8,2,4.507692308,Medium
16332,27,15,8,8,2.111111111,Medium
16333,24,9,9,8,3.95,Medium
16338,8,14,4,6,2.95,Medium
16339,6,11,4,5,4.8,Medium
16340,26,5,9,6,4.653846154,Medium
16342,23,13,8,7,2.704347826,Medium
16346,18,5,4,2,2.666666667,Medium
16348,29,6,9,9,4.334482759,Medium
16350,9,9,1,5,2.033333333,Medium
16354,28,4,6,1,3.271428571,Medium
16359,29,6,9,7,4.334482759,Medium
16361,14,19,8,7,2.342857143,Medium
16366,13,16,6,1,2.107692308,Medium
16367,6,13,4,1,4.4,Medium
16375,27,8,9,6,4.011111111,Medium
16376,17,4,7,6,4.464705882,Medium
16377,23,14,7,8,2.004347826,Medium
16378,9,7,3,4,3.433333333,Medium
16379,29,4,9,3,4.734482759,Medium
16380,14,8,6,8,3.542857143,Medium
16383,14,10,7,4,3.642857143,Medium
16386,6,12,1,2,3.1,Medium
16387,29,14,8,7,2.234482759,Medium
16397,20,9,8,1,3.7,Medium
16398,14,15,6,1,2.142857143,Medium
16399,28,5,4,3,2.071428571,Medium
16400,10,9,7,8,4.7,Medium
16401,15,11,6,7,2.8,Medium
16402,28,7,9,8,4.171428571,Medium
16411,23,8,8,1,3.704347826,Medium
16414,26,13,9,9,3.053846154,Medium
16417,13,3,2,6,2.707692308,Medium
16420,20,7,4,4,2.1,Medium
16421,12,11,4,3,2.3,Medium
16424,28,10,8,2,3.071428571,Medium
16425,10,1,1,3,3.3,Medium
16427,24,9,9,8,3.95,Medium
16431,8,3,2,6,4.15,Medium
16435,8,9,5,6,4.45,Medium
16436,22,15,9,3,2.863636364,Medium
16442,11,4,3,7,3.427272727,Medium
16444,9,15,5,6,2.833333333,Medium
16445,21,6,5,5,2.728571429,Medium
16449,17,4,3,3,2.464705882,Medium
16451,27,9,6,3,2.311111111,Medium
16454,9,18,5,5,2.233333333,Medium
16461,15,14,6,9,2.2,Medium
16464,25,6,9,9,4.5,Medium
16473,23,3,4,7,2.704347826,Medium
16484,26,18,9,6,2.053846154,Medium
16487,28,17,9,7,2.171428571,Medium
16488,18,4,4,5,2.866666667,Medium
16489,16,12,9,3,3.975,Medium
16492,16,7,7,1,3.975,Medium
16495,26,4,6,8,3.353846154,Medium
16498,9,5,5,8,4.833333333,Medium
16503,16,9,6,5,3.075,Medium
16504,27,10,6,9,2.111111111,Medium
16509,23,3,5,1,3.204347826,Medium
16511,11,14,9,9,4.427272727,Medium
16515,7,19,5,8,2.985714286,Medium
16516,18,18,9,7,2.566666667,Medium
16518,12,13,5,2,2.4,Medium
16520,19,13,8,4,2.978947368,Medium
16523,17,5,5,6,3.264705882,Medium
16530,4,18,2,4,4.9,Medium
16531,8,4,3,6,4.45,Medium
16536,15,12,7,2,3.1,Medium
16539,8,15,3,5,2.25,Medium
16540,17,4,4,2,2.964705882,Medium
16547,29,7,8,5,3.634482759,Medium
16548,13,1,1,2,2.607692308,Medium
16552,16,18,8,4,2.275,Medium
16553,8,13,4,2,3.15,Medium
16556,7,17,7,7,4.385714286,Medium
16557,27,3,5,8,3.011111111,Medium
16558,21,9,7,6,3.128571429,Medium
16561,16,1,2,1,2.675,Medium
16565,14,6,7,6,4.442857143,Medium
16568,11,13,4,7,2.127272727,Medium
16570,14,6,4,1,2.942857143,Medium
16573,14,13,5,8,2.042857143,Medium
16576,27,6,5,7,2.411111111,Medium
16579,17,5,7,2,4.264705882,Medium
16580,24,2,5,6,3.35,Medium
16586,29,2,6,1,3.634482759,Medium
16588,10,5,2,2,3,Medium
16590,11,12,8,6,4.327272727,Medium
16591,11,9,8,6,4.927272727,Medium
16593,9,12,7,1,4.433333333,Medium
16595,6,15,5,5,4.5,Medium
16596,27,9,6,5,2.311111111,Medium
16598,10,11,8,9,4.8,Medium
16599,8,17,4,8,2.35,Medium
16600,23,10,6,6,2.304347826,Medium
16601,13,12,5,6,2.407692308,Medium
16603,18,9,9,9,4.366666667,Medium
16609,21,2,3,3,2.528571429,Medium
16611,7,7,3,5,4.385714286,Medium
16620,14,18,9,4,3.042857143,Medium
16622,7,15,7,8,4.785714286,Medium
16623,19,9,8,8,3.778947368,Medium
16624,15,9,8,9,4.2,Medium
16625,8,16,4,6,2.55,Medium
16626,8,10,5,3,4.25,Medium
16633,19,15,7,9,2.078947368,Medium
16634,19,14,8,8,2.778947368,Medium
16635,27,6,6,1,2.911111111,Medium
16638,22,3,4,5,2.763636364,Medium
16645,16,12,9,7,3.975,Medium
16649,29,2,8,2,4.634482759,Medium
16650,24,6,6,4,3.05,Medium
16653,20,5,8,2,4.5,Medium
16656,23,8,9,6,4.204347826,Medium
16659,10,7,6,4,4.6,Medium
16664,13,6,4,9,3.107692308,Medium
16667,10,7,6,6,4.6,Medium
16668,17,8,8,7,4.164705882,Medium
16670,23,2,7,2,4.404347826,Medium
16675,7,15,6,9,4.285714286,Medium
16676,25,1,6,9,4,Medium
16677,19,2,5,3,3.678947368,Medium
16678,12,4,2,1,2.7,Medium
16680,15,4,6,5,4.2,Medium
16681,20,10,6,8,2.5,Medium
16683,10,12,6,8,3.6,Medium
16685,17,13,6,6,2.164705882,Medium
16687,19,5,4,5,2.578947368,Medium
16691,16,4,6,2,4.075,Medium
16693,21,2,7,9,4.528571429,Medium
16694,19,13,8,5,2.978947368,Medium
16696,25,5,9,9,4.7,Medium
16700,10,3,5,2,4.9,Medium
16701,20,2,4,1,3.1,Medium
16705,15,5,8,2,5,Medium
16708,21,7,8,9,4.028571429,Medium
16710,16,4,6,8,4.075,Medium
16711,15,13,9,9,3.9,Medium
16714,9,12,5,8,3.433333333,Medium
16715,9,4,3,5,4.033333333,Medium
16721,25,13,7,3,2.1,Medium
16722,15,2,5,6,4.1,Medium
16725,14,9,4,2,2.342857143,Medium
16726,20,4,8,5,4.7,Medium
16727,10,15,8,4,4,Medium
16730,21,12,9,1,3.528571429,Medium
16732,14,9,7,6,3.842857143,Medium
16733,27,1,8,7,4.911111111,Medium
16734,23,10,9,9,3.804347826,Medium
16739,14,1,2,4,2.942857143,Medium
16740,26,3,4,9,2.553846154,Medium
16741,8,7,4,5,4.35,Medium
16742,9,3,1,4,3.233333333,Medium
16745,21,5,8,6,4.428571429,Medium
16747,4,16,1,7,4.8,Medium
16752,24,8,6,1,2.65,Medium
16755,8,16,7,3,4.05,Medium
16759,12,10,4,8,2.5,Medium
16760,14,1,6,4,4.942857143,Medium
16763,10,18,8,3,3.4,Medium
16766,20,13,8,5,2.9,Medium
16772,26,13,8,4,2.553846154,Medium
16774,20,4,4,7,2.7,Medium
16776,7,12,3,8,3.385714286,Medium
16781,26,4,5,6,2.853846154,Medium
16782,23,2,3,9,2.404347826,Medium
16783,25,1,3,4,2.5,Medium
16785,7,17,4,2,2.885714286,Medium
16787,14,14,8,1,3.342857143,Medium
16789,17,12,6,3,2.364705882,Medium
16791,24,3,7,5,4.15,Medium
16795,16,6,4,7,2.675,Medium
16796,5,15,2,8,4,Medium
16797,18,1,6,8,4.466666667,Medium
16800,7,14,6,7,4.485714286,Medium
16801,28,2,8,5,4.671428571,Medium
16802,27,8,5,9,2.011111111,Medium
16807,11,6,1,8,2.027272727,Medium
16810,12,14,9,6,4.2,Medium
16812,13,5,4,5,3.307692308,Medium
16817,7,4,2,2,4.485714286,Medium
16818,13,15,8,7,3.307692308,Medium
16823,15,18,8,4,2.4,Medium
16824,20,12,8,7,3.1,Medium
16829,10,9,7,1,4.7,Medium
16837,12,11,8,9,4.3,Medium
16842,22,7,9,7,4.463636364,Medium
16843,26,16,9,1,2.453846154,Medium
16844,21,17,9,1,2.528571429,Medium
16848,7,12,6,3,4.885714286,Medium
16852,10,4,3,8,3.7,Medium
16853,4,15,1,4,5,Medium
16856,16,6,6,1,3.675,Medium
16857,7,13,1,4,2.185714286,Medium
16862,21,10,9,1,3.928571429,Medium
16863,9,13,6,7,3.733333333,Medium
16868,22,5,7,7,3.863636364,Medium
16869,18,1,5,5,3.966666667,Medium
16871,8,14,5,9,3.45,Medium
16876,26,2,7,4,4.253846154,Medium
16882,5,12,1,3,4.1,Medium
16883,20,3,6,3,3.9,Medium
16886,8,19,7,4,3.45,Medium
16893,12,6,7,2,4.8,Medium
16894,12,5,4,4,3.5,Medium
16895,8,3,3,3,4.65,Medium
16897,9,10,5,3,3.833333333,Medium
16899,17,15,7,6,2.264705882,Medium
16902,27,10,9,3,3.611111111,Medium
16904,10,3,1,4,2.9,Medium
16907,10,2,4,2,4.6,Medium
16908,10,15,9,6,4.5,Medium
16912,14,14,8,3,3.342857143,Medium
16914,18,3,4,4,3.066666667,Medium
16917,22,5,6,7,3.363636364,Medium
16918,13,13,6,2,2.707692308,Medium
16920,9,13,6,8,3.733333333,Medium
16925,12,11,6,4,3.3,Medium
16926,14,8,8,6,4.542857143,Medium
16929,8,13,6,9,4.15,Medium
16930,13,7,4,5,2.907692308,Medium
16932,20,3,6,7,3.9,Medium
16934,9,10,4,5,3.333333333,Medium
16935,11,6,2,8,2.527272727,Medium
16939,16,12,7,7,2.975,Medium
16941,26,5,6,6,3.153846154,Medium
16942,14,4,7,6,4.842857143,Medium
16943,22,3,3,7,2.263636364,Medium
16946,24,5,8,2,4.25,Medium
16951,7,9,2,3,3.485714286,Medium
16953,24,2,8,1,4.85,Medium
16954,5,16,2,8,3.8,Medium
16955,9,1,3,2,4.633333333,Medium
16957,19,8,6,1,2.978947368,Medium
16960,26,6,6,9,2.953846154,Medium
16962,29,6,7,3,3.334482759,Medium
16967,21,4,4,2,2.628571429,Medium
16972,27,2,6,2,3.711111111,Medium
16979,18,15,7,2,2.166666667,Medium
16981,22,2,5,1,3.463636364,Medium
16982,8,13,4,7,3.15,Medium
16983,10,2,4,5,4.6,Medium
16986,16,5,7,1,4.375,Medium
16988,21,7,8,3,4.028571429,Medium
16992,7,11,3,3,3.585714286,Medium
16996,17,16,8,4,2.564705882,Medium
16998,21,2,3,6,2.528571429,Medium
17001,13,13,6,1,2.707692308,Medium
17004,29,6,6,2,2.834482759,Medium
17007,16,8,6,8,3.275,Medium
17009,9,12,5,8,3.433333333,Medium
17010,17,9,9,6,4.464705882,Medium
17013,18,2,3,8,2.766666667,Medium
17015,25,8,8,5,3.6,Medium
17018,9,8,4,9,3.733333333,Medium
17020,22,7,5,6,2.463636364,Medium
17021,22,12,7,5,2.463636364,Medium
17022,11,17,8,4,3.327272727,Medium
17023,20,3,7,3,4.4,Medium
17025,9,11,6,5,4.133333333,Medium
17028,10,19,8,1,3.2,Medium
17033,11,10,4,8,2.727272727,Medium
17036,29,13,8,1,2.434482759,Medium
17037,20,7,6,4,3.1,Medium
17038,19,9,5,1,2.278947368,Medium
17039,26,2,4,7,2.753846154,Medium
17044,8,7,4,8,4.35,Medium
17045,28,1,5,6,3.371428571,Medium
17047,20,15,9,7,3,Medium
17052,14,1,6,2,4.942857143,Medium
17054,14,4,5,1,3.842857143,Medium
17057,29,6,8,3,3.834482759,Medium
17058,7,8,3,1,4.185714286,Medium
17063,6,9,1,9,3.7,Medium
17065,11,3,2,1,3.127272727,Medium
17069,13,18,8,3,2.707692308,Medium
17070,18,7,9,7,4.766666667,Medium
17071,19,5,8,9,4.578947368,Medium
17072,21,2,6,4,4.028571429,Medium
17073,10,6,1,6,2.3,Medium
17074,17,9,8,9,3.964705882,Medium
17075,7,10,5,4,4.785714286,Medium
17076,20,14,8,6,2.7,Medium
17077,23,8,8,7,3.704347826,Medium
17080,5,11,2,9,4.8,Medium
17081,17,1,1,6,2.064705882,Medium
17084,11,15,9,6,4.227272727,Medium
17085,14,13,5,5,2.042857143,Medium
17095,25,1,5,4,3.5,Medium
17096,10,6,6,9,4.8,Medium
17102,26,9,6,5,2.353846154,Medium
17104,6,11,1,1,3.3,Medium
17105,26,16,9,5,2.453846154,Medium
17106,13,15,9,5,3.807692308,Medium
17109,23,3,4,3,2.704347826,Medium
17111,12,6,6,2,4.3,Medium
17114,11,9,3,7,2.427272727,Medium
17115,23,10,8,8,3.304347826,Medium
17116,28,7,8,5,3.671428571,Medium
17118,8,7,5,8,4.85,Medium
17119,11,5,6,8,4.727272727,Medium
17123,9,5,2,8,3.333333333,Medium
17129,16,6,6,1,3.675,Medium
17134,7,15,2,6,2.285714286,Medium
17135,7,4,2,9,4.485714286,Medium
17138,19,2,4,9,3.178947368,Medium
17139,13,17,8,4,2.907692308,Medium
17146,8,14,5,3,3.45,Medium
17148,16,9,5,9,2.575,Medium
17149,27,7,9,5,4.211111111,Medium
17150,11,14,9,1,4.427272727,Medium
17151,24,7,9,7,4.35,Medium
17152,26,9,9,1,3.853846154,Medium
17154,16,2,3,2,2.975,Medium
17155,13,2,4,7,3.907692308,Medium
17157,9,11,7,7,4.633333333,Medium
17159,11,6,5,8,4.027272727,Medium
17163,28,10,9,1,3.571428571,Medium
17164,16,2,2,7,2.475,Medium
17165,19,19,9,2,2.278947368,Medium
17167,19,9,9,6,4.278947368,Medium
17168,22,4,7,4,4.063636364,Medium
17169,13,2,6,9,4.907692308,Medium
17170,29,3,8,7,4.434482759,Medium
17171,6,11,2,2,3.8,Medium
17172,16,8,8,3,4.275,Medium
17176,14,8,3,8,2.042857143,Medium
17177,18,4,6,2,3.866666667,Medium
17181,14,6,8,5,4.942857143,Medium
17182,17,7,7,1,3.864705882,Medium
17189,15,9,8,8,4.2,Medium
17190,21,12,7,3,2.528571429,Medium
17193,6,19,7,2,4.7,Medium
17195,22,10,8,7,3.363636364,Medium
17198,28,8,6,7,2.471428571,Medium
17199,23,6,7,5,3.604347826,Medium
17201,18,6,4,2,2.466666667,Medium
17202,11,14,6,4,2.927272727,Medium
17206,8,8,1,8,2.65,Medium
17207,25,3,4,4,2.6,Medium
17208,10,4,2,6,3.2,Medium
17209,26,5,8,6,4.153846154,Medium
17210,19,11,8,6,3.378947368,Medium
17211,9,19,9,6,4.033333333,Medium
17217,29,13,8,1,2.434482759,Medium
17218,20,16,9,9,2.8,Medium
17220,11,8,2,4,2.127272727,Medium
17225,11,17,9,7,3.827272727,Medium
17226,5,14,2,4,4.2,Medium
17227,19,12,9,4,3.678947368,Medium
17228,12,12,6,3,3.1,Medium
17230,17,12,7,4,2.864705882,Medium
17232,5,18,3,6,3.9,Medium
17233,10,14,6,1,3.2,Medium
17234,18,7,4,4,2.266666667,Medium
17238,7,17,5,5,3.385714286,Medium
17240,13,9,4,7,2.507692308,Medium
17241,16,9,4,1,2.075,Medium
17245,23,1,5,6,3.604347826,Medium
17249,27,3,7,2,4.011111111,Medium
17253,21,2,4,5,3.028571429,Medium
17254,26,16,9,1,2.453846154,Medium
17257,13,1,3,4,3.607692308,Medium
17258,15,15,7,3,2.5,Medium
17262,11,18,9,4,3.627272727,Medium
17269,9,19,6,1,2.533333333,Medium
17270,7,1,1,9,4.585714286,Medium
17271,17,10,7,8,3.264705882,Medium
17274,8,15,3,2,2.25,Medium
17279,24,12,9,4,3.35,Medium
17281,12,9,8,2,4.7,Medium
17283,18,9,8,4,3.866666667,Medium
17287,14,13,5,2,2.042857143,Medium
17290,25,10,9,3,3.7,Medium
17299,13,6,3,3,2.607692308,Medium
17302,26,2,5,9,3.253846154,Medium
17307,8,14,3,2,2.45,Medium
17310,10,14,4,3,2.2,Medium
17312,10,18,8,3,3.4,Medium
17313,14,9,8,2,4.342857143,Medium
17314,8,12,4,8,3.35,Medium
17315,22,19,9,8,2.063636364,Medium
17317,14,12,9,1,4.242857143,Medium
17322,7,10,1,1,2.785714286,Medium
17323,20,2,4,1,3.1,Medium
17325,12,10,5,7,3,Medium
17326,23,6,4,7,2.104347826,Medium
17327,9,18,8,2,3.733333333,Medium
17328,16,12,9,2,3.975,Medium
17331,15,13,8,7,3.4,Medium
17332,28,10,9,6,3.571428571,Medium
17334,29,7,5,1,2.134482759,Medium
17336,13,9,7,2,4.007692308,Medium
17337,17,16,9,6,3.064705882,Medium
17338,27,5,9,4,4.611111111,Medium
17344,6,11,3,9,4.3,Medium
17347,22,1,6,1,4.163636364,Medium
17348,12,10,6,5,3.5,Medium
17351,13,18,7,9,2.207692308,Medium
17355,21,6,9,2,4.728571429,Medium
17356,12,17,7,8,2.6,Medium
17357,23,7,9,6,4.404347826,Medium
17361,15,13,6,9,2.4,Medium
17362,13,9,4,1,2.507692308,Medium
17364,17,1,6,8,4.564705882,Medium
17368,29,1,6,3,3.834482759,Medium
17372,5,19,5,1,4.7,Medium
17374,14,4,3,3,2.842857143,Medium
17375,6,13,5,2,4.9,Medium
17376,11,13,5,5,2.627272727,Medium
17378,10,1,3,7,4.3,Medium
17380,24,7,6,6,2.85,Medium
17385,8,19,7,4,3.45,Medium
17387,15,8,5,8,2.9,Medium
17391,7,3,1,7,4.185714286,Medium
17392,26,4,6,3,3.353846154,Medium
17395,26,15,9,4,2.653846154,Medium
17396,11,18,8,7,3.127272727,Medium
17397,18,17,9,9,2.766666667,Medium
17398,8,17,9,6,4.85,Medium
17400,7,2,1,9,4.385714286,Medium
17405,11,11,4,9,2.527272727,Medium
17409,10,4,4,2,4.2,Medium
17411,7,13,4,9,3.685714286,Medium
17413,16,11,6,3,2.675,Medium
17420,24,2,4,7,2.85,Medium
17423,17,12,6,8,2.364705882,Medium
17424,11,16,9,2,4.027272727,Medium
17425,13,1,5,7,4.607692308,Medium
17426,9,9,2,6,2.533333333,Medium
17428,12,14,7,2,3.2,Medium
17429,14,14,7,8,2.842857143,Medium
17431,13,3,5,1,4.207692308,Medium
17432,13,6,5,5,3.607692308,Medium
17433,14,19,9,4,2.842857143,Medium
17436,5,17,1,8,3.1,Medium
17437,21,17,9,1,2.528571429,Medium
17439,15,8,8,1,4.4,Medium
17444,11,12,5,5,2.827272727,Medium
17452,17,1,1,5,2.064705882,Medium
17454,27,9,8,9,3.311111111,Medium
17458,23,3,6,3,3.704347826,Medium
17459,5,16,2,8,3.8,Medium
17462,25,18,9,2,2.1,Medium
17465,11,10,7,4,4.227272727,Medium
17467,27,2,6,6,3.711111111,Medium
17473,6,12,3,5,4.1,Medium
17474,6,11,1,5,3.3,Medium
17476,8,16,7,3,4.05,Medium
17480,7,13,1,8,2.185714286,Medium
17485,24,3,7,2,4.15,Medium
17491,21,17,9,8,2.528571429,Medium
17495,11,12,6,6,3.327272727,Medium
17500,13,3,6,8,4.707692308,Medium
17503,9,15,6,8,3.333333333,Medium
17509,22,8,8,1,3.763636364,Medium
17511,27,6,5,7,2.411111111,Medium
17514,12,4,3,4,3.2,Medium
17515,7,14,4,9,3.485714286,Medium
17518,29,11,7,8,2.334482759,Medium
17519,20,9,9,6,4.2,Medium
17520,8,7,3,3,3.85,Medium
17526,22,3,7,5,4.263636364,Medium
17529,13,10,7,7,3.807692308,Medium
17532,13,8,5,1,3.207692308,Medium
17539,28,12,9,8,3.171428571,Medium
17540,28,15,8,5,2.071428571,Medium
17542,22,5,6,3,3.363636364,Medium
17547,15,9,7,1,3.7,Medium
17548,18,18,8,9,2.066666667,Medium
17549,9,15,6,3,3.333333333,Medium
17551,25,18,9,3,2.1,Medium
17553,9,13,8,1,4.733333333,Medium
17554,15,18,9,3,2.9,Medium
17556,18,8,4,1,2.066666667,Medium
17558,14,8,3,8,2.042857143,Medium
17559,22,5,9,1,4.863636364,Medium
17561,12,9,7,2,4.2,Medium
17562,16,3,5,2,3.775,Medium
17563,7,9,1,2,2.985714286,Medium
17565,11,19,9,9,3.427272727,Medium
17568,25,11,8,4,3,Medium
17569,24,11,7,7,2.55,Medium
17573,20,5,5,3,3,Medium
17575,19,2,6,5,4.178947368,Medium
17576,11,11,8,9,4.527272727,Medium
17578,13,13,9,5,4.207692308,Medium
17581,17,12,7,4,2.864705882,Medium
17584,17,6,7,3,4.064705882,Medium
17586,12,19,9,5,3.2,Medium
17587,19,4,5,4,3.278947368,Medium
17588,14,13,5,6,2.042857143,Medium
17589,7,10,4,4,4.285714286,Medium
17591,24,7,5,4,2.35,Medium
17592,13,7,5,9,3.407692308,Medium
17593,13,12,5,3,2.407692308,Medium
17595,24,9,6,4,2.45,Medium
17598,27,2,5,5,3.211111111,Medium
17600,22,7,8,4,3.963636364,Medium
17604,18,15,9,9,3.166666667,Medium
17607,14,3,3,8,3.042857143,Medium
17609,15,4,6,1,4.2,Medium
17612,29,3,8,4,4.434482759,Medium
17613,7,18,6,5,3.685714286,Medium
17616,15,17,9,5,3.1,Medium
17619,12,6,4,7,3.3,Medium
17621,15,7,8,5,4.6,Medium
17622,8,13,7,6,4.65,Medium
17624,29,9,6,8,2.234482759,Medium
17628,28,6,8,9,3.871428571,Medium
17631,21,3,4,6,2.828571429,Medium
17632,16,4,4,3,3.075,Medium
17637,16,14,9,2,3.575,Medium
17639,14,4,5,7,3.842857143,Medium
17643,29,10,9,4,3.534482759,Medium
17646,10,12,5,6,3.1,Medium
17647,23,1,7,9,4.604347826,Medium
17650,16,8,8,1,4.275,Medium
17651,14,19,9,4,2.842857143,Medium
17653,13,1,3,7,3.607692308,Medium
17654,10,18,6,5,2.4,Medium
17655,29,16,9,3,2.334482759,Medium
17656,8,10,4,9,3.75,Medium
17659,7,7,3,6,4.385714286,Medium
17671,8,19,6,2,2.95,Medium
17680,9,12,6,4,3.933333333,Medium
17682,8,6,2,1,3.55,Medium
17684,17,9,6,9,2.964705882,Medium
17685,26,16,9,7,2.453846154,Medium
17689,26,12,8,5,2.753846154,Medium
17692,7,17,7,2,4.385714286,Medium
17698,6,10,1,7,3.5,Medium
17699,13,5,5,9,3.807692308,Medium
17703,10,3,3,5,3.9,Medium
17705,15,2,4,5,3.6,Medium
17708,6,18,3,1,2.9,Medium
17714,12,4,5,8,4.2,Medium
17717,13,2,2,5,2.907692308,Medium
17722,13,13,9,8,4.207692308,Medium
17723,9,12,6,8,3.933333333,Medium
17727,21,7,9,3,4.528571429,Medium
17729,12,8,6,6,3.9,Medium
17732,15,10,6,1,3,Medium
17733,5,18,5,2,4.9,Medium
17734,20,2,3,7,2.6,Medium
17737,11,9,5,8,3.427272727,Medium
17738,9,18,9,7,4.233333333,Medium
17739,29,6,7,4,3.334482759,Medium
17741,7,10,3,3,3.785714286,Medium
17744,6,15,6,6,5,Medium
17749,7,3,2,2,4.685714286,Medium
17752,6,9,2,3,4.2,Medium
17753,23,7,8,2,3.904347826,Medium
17755,7,6,2,9,4.085714286,Medium
17758,13,9,6,9,3.507692308,Medium
17761,12,13,6,5,2.9,Medium
17762,20,7,5,7,2.6,Medium
17763,17,17,8,1,2.364705882,Medium
17764,11,8,5,9,3.627272727,Medium
17765,12,5,2,1,2.5,Medium
17766,29,16,9,5,2.334482759,Medium
17771,11,8,7,9,4.627272727,Medium
17776,26,2,4,2,2.753846154,Medium
17777,26,9,6,9,2.353846154,Medium
17780,8,5,4,9,4.75,Medium
17782,14,9,8,4,4.342857143,Medium
17784,18,12,8,4,3.266666667,Medium
17786,24,8,6,7,2.65,Medium
17789,7,8,1,8,3.185714286,Medium
17792,12,1,3,1,3.8,Medium
17794,11,8,6,6,4.127272727,Medium
17798,29,16,9,3,2.334482759,Medium
17804,17,10,6,2,2.764705882,Medium
17807,26,17,9,6,2.253846154,Medium
17809,13,2,4,1,3.907692308,Medium
17819,13,16,7,9,2.607692308,Medium
17820,11,1,3,8,4.027272727,Medium
17824,10,16,9,4,4.3,Medium
17826,13,6,5,3,3.607692308,Medium
17829,19,2,4,3,3.178947368,Medium
17830,10,10,3,3,2.5,Medium
17832,27,3,7,9,4.011111111,Medium
17838,7,18,7,5,4.185714286,Medium
17839,14,18,8,5,2.542857143,Medium
17841,13,14,6,9,2.507692308,Medium
17842,22,3,3,3,2.263636364,Medium
17844,8,9,5,7,4.45,Medium
17848,16,2,4,1,3.475,Medium
17849,18,3,2,9,2.066666667,Medium
17850,11,5,6,2,4.727272727,Medium
17854,6,17,3,4,3.1,Medium
17858,15,9,9,7,4.7,Medium
17863,23,7,7,6,3.404347826,Medium
17865,26,11,8,7,2.953846154,Medium
17868,10,13,7,9,3.9,Medium
17871,16,9,6,4,3.075,Medium
17878,15,7,6,5,3.6,Medium
17884,14,4,6,4,4.342857143,Medium
17886,26,5,4,8,2.153846154,Medium
17887,25,7,8,3,3.8,Medium
17892,14,13,8,4,3.542857143,Medium
17896,18,7,9,5,4.766666667,Medium
17897,17,5,6,9,3.764705882,Medium
17898,20,5,7,1,4,Medium
17899,18,10,7,6,3.166666667,Medium
17902,8,11,4,6,3.55,Medium
17905,21,10,9,8,3.928571429,Medium
17906,12,3,1,8,2.4,Medium
17910,21,17,9,3,2.528571429,Medium
17912,19,6,5,1,2.878947368,Medium
17916,13,1,2,1,3.107692308,Medium
17918,22,9,5,2,2.063636364,Medium
17919,20,12,6,7,2.1,Medium
17920,24,3,7,7,4.15,Medium
17921,12,8,6,7,3.9,Medium
17929,9,6,5,7,4.633333333,Medium
17931,22,5,8,6,4.363636364,Medium
17935,14,7,5,8,3.242857143,Medium
17937,23,19,9,4,2.004347826,Medium
17938,13,16,9,9,3.607692308,Medium
17939,10,6,1,6,2.3,Medium
17945,6,15,4,4,4,Medium
17948,13,10,4,3,2.307692308,Medium
17950,8,1,1,6,4.05,Medium
17951,9,7,4,5,3.933333333,Medium
17952,6,8,2,8,4.4,Medium
17954,21,10,6,8,2.428571429,Medium
17957,7,18,5,6,3.185714286,Medium
17960,21,3,4,9,2.828571429,Medium
17961,12,2,3,6,3.6,Medium
17964,11,1,4,8,4.527272727,Medium
17966,17,1,3,4,3.064705882,Medium
17967,23,11,7,6,2.604347826,Medium
17969,8,17,9,9,4.85,Medium
17970,9,16,8,4,4.133333333,Medium
17975,11,6,4,7,3.527272727,Medium
17976,24,3,6,4,3.65,Medium
17978,9,13,5,7,3.233333333,Medium
17979,8,18,5,9,2.65,Medium
17982,14,6,5,6,3.442857143,Medium
17983,27,18,9,9,2.011111111,Medium
17984,15,6,3,2,2.3,Medium
17985,5,14,1,8,3.7,Medium
17987,25,14,9,8,2.9,Medium
17991,14,17,8,5,2.742857143,Medium
17992,19,12,6,4,2.178947368,Medium
17993,13,9,3,2,2.007692308,Medium
17994,25,9,9,5,3.9,Medium
17997,24,5,5,5,2.75,Medium
18000,12,3,2,5,2.9,Medium
18001,16,4,5,1,3.575,Medium
18003,14,11,5,7,2.442857143,Medium
18007,29,12,7,1,2.134482759,Medium
18011,17,15,8,6,2.764705882,Medium
18013,17,4,3,5,2.464705882,Medium
18015,28,15,8,8,2.071428571,Medium
18017,11,17,7,2,2.827272727,Medium
18019,26,6,8,5,3.953846154,Medium
18021,7,14,6,5,4.485714286,Medium
18022,24,6,8,9,4.05,Medium
18023,10,15,6,8,3,Medium
18024,14,19,8,8,2.342857143,Medium
18025,18,12,6,4,2.266666667,Medium
18030,20,3,7,2,4.4,Medium
18034,19,6,9,1,4.878947368,Medium
18035,10,17,7,7,3.1,Medium
18040,10,6,2,5,2.8,Medium
18045,7,1,1,6,4.585714286,Medium
18050,17,12,9,7,3.864705882,Medium
18053,19,17,8,9,2.178947368,Medium
18054,7,15,7,7,4.785714286,Medium
18057,14,2,2,2,2.742857143,Medium
18060,15,11,7,5,3.3,Medium
18062,24,11,8,8,3.05,Medium
18063,7,19,7,3,3.985714286,Medium
18064,10,7,4,8,3.6,Medium
18066,27,6,9,6,4.411111111,Medium
18074,23,7,8,6,3.904347826,Medium
18075,16,12,6,3,2.475,Medium
18076,21,5,4,3,2.428571429,Medium
18078,28,4,4,6,2.271428571,Medium
18080,27,4,5,2,2.811111111,Medium
18082,7,2,2,1,4.885714286,Medium
18083,23,8,9,3,4.204347826,Medium
18085,25,6,7,8,3.5,Medium
18086,15,3,4,2,3.4,Medium
18087,10,7,1,2,2.1,Medium
18090,13,10,4,2,2.307692308,Medium
18091,5,14,2,6,4.2,Medium
18092,25,7,9,5,4.3,Medium
18093,8,19,7,9,3.45,Medium
18094,15,9,4,9,2.2,Medium
18096,12,4,3,8,3.2,Medium
18099,12,13,5,7,2.4,Medium
18100,26,2,8,6,4.753846154,Medium
18101,11,2,3,7,3.827272727,Medium
18109,11,9,4,5,2.927272727,Medium
18112,7,11,2,8,3.085714286,Medium
18119,17,11,5,1,2.064705882,Medium
18121,18,11,6,8,2.466666667,Medium
18126,29,2,3,9,2.134482759,Medium
18129,22,6,8,4,4.163636364,Medium
18132,14,12,9,3,4.242857143,Medium
18133,25,14,8,5,2.4,Medium
18135,9,11,5,8,3.633333333,Medium
18146,27,6,5,3,2.411111111,Medium
18148,6,13,3,1,3.9,Medium
18150,9,13,5,7,3.233333333,Medium
18152,22,5,8,9,4.363636364,Medium
18155,21,7,8,9,4.028571429,Medium
18159,20,1,2,8,2.3,Medium
18160,22,5,6,9,3.363636364,Medium
18164,28,11,7,8,2.371428571,Medium
18166,7,3,2,5,4.685714286,Medium
18172,19,6,4,4,2.378947368,Medium
18173,24,6,8,3,4.05,Medium
18174,26,5,8,6,4.153846154,Medium
18178,22,13,8,5,2.763636364,Medium
18184,26,16,9,4,2.453846154,Medium
18191,6,10,3,3,4.5,Medium
18194,13,18,7,5,2.207692308,Medium
18195,15,7,8,4,4.6,Medium
18196,18,9,7,7,3.366666667,Medium
18197,13,15,9,5,3.807692308,Medium
18199,27,10,7,9,2.611111111,Medium
18203,14,10,7,4,3.642857143,Medium
18210,17,15,8,1,2.764705882,Medium
18211,18,2,2,3,2.266666667,Medium
18212,12,7,2,1,2.1,Medium
18213,18,7,4,5,2.266666667,Medium
18214,5,19,3,9,3.7,Medium
18216,10,14,9,8,4.7,Medium
18217,29,5,8,9,4.034482759,Medium
18218,6,3,1,1,4.9,Medium
18223,28,3,4,5,2.471428571,Medium
18224,11,14,5,9,2.427272727,Medium
18231,17,19,9,6,2.464705882,Medium
18242,22,3,3,5,2.263636364,Medium
18247,29,15,8,8,2.034482759,Medium
18248,18,3,5,9,3.566666667,Medium
18251,13,4,5,6,4.007692308,Medium
18253,13,1,2,8,3.107692308,Medium
18254,19,7,4,8,2.178947368,Medium
18257,13,5,3,9,2.807692308,Medium
18258,20,2,4,3,3.1,Medium
18259,24,1,2,9,2.05,Medium
18261,17,4,4,7,2.964705882,Medium
18269,11,17,7,7,2.827272727,Medium
18271,18,3,5,2,3.566666667,Medium
18272,13,3,3,3,3.207692308,Medium
18273,11,1,3,6,4.027272727,Medium
18277,18,2,7,5,4.766666667,Medium
18279,13,19,7,5,2.007692308,Medium
18285,17,6,8,2,4.564705882,Medium
18286,12,15,7,7,3,Medium
18287,27,9,7,5,2.811111111,Medium
18290,16,9,6,5,3.075,Medium
18294,8,9,3,6,3.45,Medium
18295,28,3,5,8,2.971428571,Medium
18303,21,4,7,1,4.128571429,Medium
18305,27,9,8,7,3.311111111,Medium
18306,9,8,4,1,3.733333333,Medium
18308,27,1,5,9,3.411111111,Medium
18309,21,4,5,3,3.128571429,Medium
18314,21,7,8,5,4.028571429,Medium
18315,22,12,7,2,2.463636364,Medium
18317,11,8,6,6,4.127272727,Medium
18319,21,8,7,7,3.328571429,Medium
18320,27,13,8,8,2.511111111,Medium
18321,19,1,3,4,2.878947368,Medium
18323,25,14,9,8,2.9,Medium
18326,10,16,7,9,3.3,Medium
18327,26,3,4,5,2.553846154,Medium
18328,22,6,8,9,4.163636364,Medium
18329,12,12,8,5,4.1,Medium
18330,11,8,7,7,4.627272727,Medium
18335,8,4,3,9,4.45,Medium
18340,28,15,8,7,2.071428571,Medium
18341,9,1,1,3,3.633333333,Medium
18344,27,1,6,7,3.911111111,Medium
18348,6,14,1,6,2.7,Medium
18350,11,2,5,1,4.827272727,Medium
18352,17,11,9,6,4.064705882,Medium
18357,17,6,7,1,4.064705882,Medium
18359,23,9,9,2,4.004347826,Medium
18361,24,6,6,9,3.05,Medium
18362,27,8,9,8,4.011111111,Medium
18363,24,2,6,2,3.85,Medium
18366,10,6,6,5,4.8,Medium
18367,9,8,1,3,2.233333333,Medium
18368,11,6,3,3,3.027272727,Medium
18370,10,10,8,9,5,Medium
18377,10,12,8,6,4.6,Medium
18378,14,12,8,6,3.742857143,Medium
18379,18,2,5,6,3.766666667,Medium
18380,5,19,2,6,3.2,Medium
18383,12,1,2,1,3.3,Medium
18384,26,1,8,8,4.953846154,Medium
18386,17,4,4,9,2.964705882,Medium
18387,17,3,4,6,3.164705882,Medium
18391,13,18,8,6,2.707692308,Medium
18397,21,7,7,2,3.528571429,Medium
18398,7,4,2,3,4.485714286,Medium
18399,9,11,7,2,4.633333333,Medium
18400,11,6,3,4,3.027272727,Medium
18403,15,15,9,5,3.5,Medium
18413,21,6,4,7,2.228571429,Medium
18414,18,13,8,5,3.066666667,Medium
18416,12,6,3,9,2.8,Medium
18421,12,4,1,7,2.2,Medium
18422,25,6,8,2,4,Medium
18423,16,15,8,8,2.875,Medium
18425,11,1,1,2,3.027272727,Medium
18426,7,9,1,7,2.985714286,Medium
18430,20,3,6,8,3.9,Medium
18432,22,13,8,5,2.763636364,Medium
18434,14,17,9,1,3.242857143,Medium
18437,29,3,8,4,4.434482759,Medium
18443,12,8,4,3,2.9,Medium
18445,25,5,6,1,3.2,Medium
18448,7,19,8,7,4.485714286,Medium
18452,25,4,6,2,3.4,Medium
18456,17,11,5,3,2.064705882,Medium
18457,6,12,2,2,3.6,Medium
18458,18,8,5,3,2.566666667,Medium
18461,27,6,8,6,3.911111111,Medium
18463,22,3,6,6,3.763636364,Medium
18468,29,3,8,3,4.434482759,Medium
18471,5,17,4,6,4.6,Medium
18473,13,1,4,2,4.107692308,Medium
18474,12,2,3,1,3.6,Medium
18475,9,5,2,8,3.333333333,Medium
18476,11,13,7,5,3.627272727,Medium
18480,25,13,9,6,3.1,Medium
18481,26,3,7,4,4.053846154,Medium
18482,23,6,9,9,4.604347826,Medium
18483,28,4,6,4,3.271428571,Medium
18485,28,3,4,3,2.471428571,Medium
18488,6,17,4,9,3.6,Medium
18494,16,14,9,1,3.575,Medium
18499,12,10,6,5,3.5,Medium
18501,23,1,2,6,2.104347826,Medium
18505,14,13,8,6,3.542857143,Medium
18508,10,18,8,2,3.4,Medium
18510,21,1,5,8,3.728571429,Medium
18515,8,13,3,1,2.65,Medium
18517,16,15,8,6,2.875,Medium
18521,14,14,6,6,2.342857143,Medium
18525,26,14,9,5,2.853846154,Medium
18526,9,7,1,9,2.433333333,Medium
18529,18,2,6,1,4.266666667,Medium
18530,25,16,9,5,2.5,Medium
18531,8,15,4,3,2.75,Medium
18536,8,16,8,1,4.55,Medium
18537,10,5,5,6,4.5,Medium
18538,21,6,7,5,3.728571429,Medium
18544,12,6,4,2,3.3,Medium
18545,5,8,1,5,4.9,Medium
18547,26,3,3,1,2.053846154,Medium
18548,26,8,9,2,4.053846154,Medium
18549,15,9,9,6,4.7,Medium
18552,9,15,7,6,3.833333333,Medium
18556,29,1,8,2,4.834482759,Medium
18557,15,17,8,1,2.6,Medium
18558,12,17,9,9,3.6,Medium
18559,8,9,6,5,4.95,Medium
18569,12,14,7,3,3.2,Medium
18570,24,9,9,1,3.95,Medium
18573,24,18,9,7,2.15,Medium
18574,26,3,7,9,4.053846154,Medium
18575,11,7,5,1,3.827272727,Medium
18576,23,6,8,5,4.104347826,Medium
18577,6,16,1,8,2.3,Medium
18580,21,16,9,9,2.728571429,Medium
18586,11,1,1,7,3.027272727,Medium
18589,15,11,8,6,3.8,Medium
18592,20,10,8,7,3.5,Medium
18593,19,2,3,9,2.678947368,Medium
18595,24,2,3,4,2.35,Medium
18598,5,16,4,3,4.8,Medium
18600,12,12,4,8,2.1,Medium
18601,23,1,2,2,2.104347826,Medium
18602,24,7,5,5,2.35,Medium
18603,13,4,4,1,3.507692308,Medium
18604,13,2,5,6,4.407692308,Medium
18605,13,9,3,4,2.007692308,Medium
18610,10,3,4,2,4.4,Medium
18612,17,2,4,2,3.364705882,Medium
18614,23,7,8,7,3.904347826,Medium
18620,7,15,7,4,4.785714286,Medium
18621,23,2,3,2,2.404347826,Medium
18622,7,9,2,3,3.485714286,Medium
18623,15,15,9,4,3.5,Medium
18624,11,6,3,6,3.027272727,Medium
18625,16,11,8,1,3.675,Medium
18627,24,6,5,3,2.55,Medium
18631,12,14,8,2,3.7,Medium
18635,13,11,7,8,3.607692308,Medium
18636,24,14,9,9,2.95,Medium
18637,22,4,8,4,4.563636364,Medium
18639,12,1,3,9,3.8,Medium
18640,12,17,8,6,3.1,Medium
18643,19,14,8,8,2.778947368,Medium
18644,6,16,2,9,2.8,Medium
18647,23,8,5,7,2.204347826,Medium
18649,24,3,6,8,3.65,Medium
18653,23,3,8,1,4.704347826,Medium
18656,26,4,5,3,2.853846154,Medium
18658,28,16,9,6,2.371428571,Medium
18661,23,8,6,2,2.704347826,Medium
18662,13,19,9,4,3.007692308,Medium
18665,28,8,9,2,3.971428571,Medium
18666,13,5,5,4,3.807692308,Medium
18667,13,8,5,3,3.207692308,Medium
18668,29,2,5,7,3.134482759,Medium
18671,10,6,2,8,2.8,Medium
18672,11,12,6,3,3.327272727,Medium
18674,6,15,1,2,2.5,Medium
18675,12,7,6,7,4.1,Medium
18676,7,13,6,4,4.685714286,Medium
18677,22,2,5,7,3.463636364,Medium
18680,21,4,6,8,3.628571429,Medium
18681,9,17,6,6,2.933333333,Medium
18682,17,11,8,4,3.564705882,Medium
18683,27,4,5,6,2.811111111,Medium
18685,23,14,9,5,3.004347826,Medium
18687,11,10,8,6,4.727272727,Medium
18695,15,5,6,3,4,Medium
18696,16,9,5,2,2.575,Medium
18697,14,9,4,7,2.342857143,Medium
18703,15,7,7,5,4.1,Medium
18705,29,5,7,3,3.534482759,Medium
18709,11,8,5,4,3.627272727,Medium
18712,19,5,5,1,3.078947368,Medium
18713,11,4,5,7,4.427272727,Medium
18715,23,6,9,7,4.604347826,Medium
18723,15,1,1,6,2.3,Medium
18727,18,13,7,3,2.566666667,Medium
18730,14,6,6,8,3.942857143,Medium
18731,27,4,7,1,3.811111111,Medium
18735,8,9,2,5,2.95,Medium
18736,8,17,7,5,3.85,Medium
18737,14,10,9,2,4.642857143,Medium
18739,21,9,5,1,2.128571429,Medium
18740,29,6,5,4,2.334482759,Medium
18741,21,13,9,3,3.328571429,Medium
18748,17,6,6,1,3.564705882,Medium
18750,20,3,3,1,2.4,Medium
18752,6,13,4,2,4.4,Medium
18753,6,7,2,2,4.6,Medium
18762,9,8,4,3,3.733333333,Medium
18763,6,8,1,2,3.9,Medium
18764,21,7,5,9,2.528571429,Medium
18768,6,18,2,8,2.4,Medium
18771,28,5,9,7,4.571428571,Medium
18772,27,11,9,8,3.411111111,Medium
18773,8,18,4,7,2.15,Medium
18775,12,1,1,4,2.8,Medium
18779,16,5,5,8,3.375,Medium
18781,9,12,3,8,2.433333333,Medium
18783,25,7,8,6,3.8,Medium
18784,22,3,8,9,4.763636364,Medium
18786,20,2,3,3,2.6,Medium
18787,23,13,9,3,3.204347826,Medium
18789,29,4,6,5,3.234482759,Medium
18791,19,1,2,8,2.378947368,Medium
18793,15,17,8,2,2.6,Medium
18794,16,4,4,3,3.075,Medium
18797,7,13,4,5,3.685714286,Medium
18801,6,14,4,5,4.2,Medium
18802,27,8,7,3,3.011111111,Medium
18806,16,13,6,5,2.275,Medium
18807,27,6,8,2,3.911111111,Medium
18808,10,11,8,2,4.8,Medium
18810,9,9,2,7,2.533333333,Medium
18812,9,5,3,3,3.833333333,Medium
18814,11,15,7,8,3.227272727,Medium
18817,20,8,6,4,2.9,Medium
18823,15,12,9,3,4.1,Medium
18827,25,4,7,9,3.9,Medium
18829,17,7,6,9,3.364705882,Medium
18832,17,6,3,1,2.064705882,Medium
18839,22,4,4,3,2.563636364,Medium
18840,18,6,5,1,2.966666667,Medium
18842,13,5,6,4,4.307692308,Medium
18843,15,1,5,2,4.3,Medium
18844,15,7,3,8,2.1,Medium
18848,23,7,9,1,4.404347826,Medium
18852,11,4,6,6,4.927272727,Medium
18855,11,14,9,4,4.427272727,Medium
18860,10,18,8,4,3.4,Medium
18865,22,11,6,8,2.163636364,Medium
18869,12,17,7,9,2.6,Medium
18872,10,15,6,9,3,Medium
18874,21,6,5,9,2.728571429,Medium
18878,28,1,6,2,3.871428571,Medium
18881,20,3,6,5,3.9,Medium
18883,15,6,5,2,3.3,Medium
18884,13,8,5,1,3.207692308,Medium
18886,13,7,3,3,2.407692308,Medium
18887,21,10,7,8,2.928571429,Medium
18888,7,16,4,5,3.085714286,Medium
18890,22,16,9,4,2.663636364,Medium
18896,9,19,8,6,3.533333333,Medium
18897,6,16,6,7,4.8,Medium
18904,13,16,8,6,3.107692308,Medium
18905,8,8,5,3,4.65,Medium
18906,19,6,7,9,3.878947368,Medium
18908,26,5,9,5,4.653846154,Medium
18918,18,4,7,1,4.366666667,Medium
18919,26,12,7,7,2.253846154,Medium
18920,10,6,3,2,3.3,Medium
18921,7,11,4,7,4.085714286,Medium
18922,15,14,6,8,2.2,Medium
18926,25,6,7,5,3.5,Medium
18928,14,3,5,5,4.042857143,Medium
18929,26,4,5,3,2.853846154,Medium
18930,10,4,3,8,3.7,Medium
18932,15,7,8,4,4.6,Medium
18934,8,12,6,7,4.35,Medium
18936,17,8,4,5,2.164705882,Medium
18940,9,14,8,8,4.533333333,Medium
18942,29,1,5,5,3.334482759,Medium
18943,7,12,5,7,4.385714286,Medium
18948,29,10,8,5,3.034482759,Medium
18951,27,13,9,5,3.011111111,Medium
18953,7,18,5,4,3.185714286,Medium
18955,10,11,8,6,4.8,Medium
18956,12,17,7,3,2.6,Medium
18959,23,1,3,2,2.604347826,Medium
18960,28,8,7,3,2.971428571,Medium
18961,18,3,5,2,3.566666667,Medium
18962,10,12,5,5,3.1,Medium
18966,17,3,3,5,2.664705882,Medium
18967,21,7,4,3,2.028571429,Medium
18968,25,6,8,8,4,Medium
18972,27,2,5,8,3.211111111,Medium
18973,26,17,9,9,2.253846154,Medium
18974,25,8,6,5,2.6,Medium
18975,20,12,9,1,3.6,Medium
18976,23,2,6,8,3.904347826,Medium
18978,9,10,2,9,2.333333333,Medium
18979,13,9,5,1,3.007692308,Medium
18986,19,8,9,2,4.478947368,Medium
18989,16,18,9,9,2.775,Medium
18991,16,13,8,4,3.275,Medium
18992,11,14,6,1,2.927272727,Medium
18993,18,10,7,5,3.166666667,Medium
18998,8,1,1,4,4.05,Medium
18999,27,3,4,5,2.511111111,Medium
19001,11,10,7,3,4.227272727,Medium
19002,10,17,8,6,3.6,Medium
19003,10,9,3,2,2.7,Medium
19005,12,1,1,9,2.8,Medium
19006,14,7,6,6,3.742857143,Medium
19007,21,9,5,5,2.128571429,Medium
19010,29,13,8,6,2.434482759,Medium
19012,18,11,9,7,3.966666667,Medium
19013,27,2,3,6,2.211111111,Medium
19015,17,5,4,8,2.764705882,Medium
19016,22,6,7,8,3.663636364,Medium
19019,18,14,8,9,2.866666667,Medium
19020,23,8,9,8,4.204347826,Medium
19025,7,15,4,1,3.285714286,Medium
19027,13,16,7,5,2.607692308,Medium
19029,7,19,6,3,3.485714286,Medium
19031,13,16,8,6,3.107692308,Medium
19035,7,3,1,9,4.185714286,Medium
19036,27,1,5,5,3.411111111,Medium
19039,19,5,7,6,4.078947368,Medium
19040,17,3,6,4,4.164705882,Medium
19044,12,8,8,6,4.9,Medium
19045,25,9,8,9,3.4,Medium
19048,12,4,2,2,2.7,Medium
19051,17,9,6,4,2.964705882,Medium
19052,19,9,5,8,2.278947368,Medium
19053,11,11,8,2,4.527272727,Medium
19057,24,1,4,9,3.05,Medium
19062,19,13,8,2,2.978947368,Medium
19064,13,4,5,8,4.007692308,Medium
19066,7,13,5,4,4.185714286,Medium
19067,6,15,4,9,4,Medium
19068,19,3,6,5,3.978947368,Medium
19071,28,9,8,9,3.271428571,Medium
19075,7,11,1,1,2.585714286,Medium
19077,20,5,8,4,4.5,Medium
19079,20,16,9,2,2.8,Medium
19082,8,16,8,1,4.55,Medium
19089,17,2,3,5,2.864705882,Medium
19091,28,15,8,8,2.071428571,Medium
19092,20,17,9,7,2.6,Medium
19100,13,7,8,6,4.907692308,Medium
19102,14,9,5,9,2.842857143,Medium
19103,22,3,3,1,2.263636364,Medium
19104,16,10,7,9,3.375,Medium
19106,22,8,5,9,2.263636364,Medium
19107,18,19,9,3,2.366666667,Medium
19109,20,8,5,1,2.4,Medium
19112,15,1,5,7,4.3,Medium
19115,8,8,5,5,4.65,Medium
19117,9,14,4,6,2.533333333,Medium
19118,17,18,9,3,2.664705882,Medium
19119,24,14,9,1,2.95,Medium
19121,22,14,9,7,3.063636364,Medium
19128,24,6,8,2,4.05,Medium
19134,7,9,5,7,4.985714286,Medium
19136,22,13,8,1,2.763636364,Medium
19141,8,13,5,2,3.65,Medium
19142,12,12,5,6,2.6,Medium
19144,9,12,5,6,3.433333333,Medium
19145,12,13,7,8,3.4,Medium
19146,25,3,3,7,2.1,Medium
19147,28,4,6,8,3.271428571,Medium
19149,14,14,9,7,3.842857143,Medium
19155,15,5,4,7,3,Medium
19160,17,12,8,9,3.364705882,Medium
19161,27,15,9,6,2.611111111,Medium
19167,5,14,2,6,4.2,Medium
19170,7,19,9,3,4.985714286,Medium
19171,14,3,2,8,2.542857143,Medium
19172,16,2,6,1,4.475,Medium
19174,13,10,4,7,2.307692308,Medium
19176,8,12,5,5,3.85,Medium
19179,24,11,9,5,3.55,Medium
19183,10,3,3,8,3.9,Medium
19184,25,9,7,2,2.9,Medium
19186,19,1,4,2,3.378947368,Medium
19191,17,10,7,3,3.264705882,Medium
19192,23,4,3,3,2.004347826,Medium
19196,7,11,5,4,4.585714286,Medium
19197,13,9,5,5,3.007692308,Medium
19200,27,13,9,1,3.011111111,Medium
19204,7,9,1,5,2.985714286,Medium
19205,20,15,8,9,2.5,Medium
19210,19,4,8,6,4.778947368,Medium
19211,11,4,5,5,4.427272727,Medium
19214,18,6,5,6,2.966666667,Medium
19217,8,7,4,2,4.35,Medium
19219,17,3,2,7,2.164705882,Medium
19221,20,14,8,8,2.7,Medium
19225,8,7,3,2,3.85,Medium
19226,21,6,7,6,3.728571429,Medium
19228,9,18,8,5,3.733333333,Medium
19229,22,6,6,4,3.163636364,Medium
19230,13,3,5,5,4.207692308,Medium
19231,7,18,6,8,3.685714286,Medium
19232,11,8,6,6,4.127272727,Medium
19234,8,12,6,8,4.35,Medium
19236,6,15,4,4,4,Medium
19237,11,3,1,7,2.627272727,Medium
19238,14,16,9,8,3.442857143,Medium
19239,22,15,8,7,2.363636364,Medium
19242,20,19,9,1,2.2,Medium
19244,18,3,7,3,4.566666667,Medium
19245,26,1,3,5,2.453846154,Medium
19248,26,1,3,7,2.453846154,Medium
19250,21,2,5,4,3.528571429,Medium
19251,16,5,7,9,4.375,Medium
19254,18,12,9,9,3.766666667,Medium
19255,23,15,8,3,2.304347826,Medium
19257,14,7,8,1,4.742857143,Medium
19259,18,4,6,8,3.866666667,Medium
19263,10,14,7,1,3.7,Medium
19264,28,15,8,9,2.071428571,Medium
19265,18,1,5,9,3.966666667,Medium
19266,21,5,5,3,2.928571429,Medium
19267,6,6,1,6,4.3,Medium
19271,18,13,8,1,3.066666667,Medium
19274,11,10,5,4,3.227272727,Medium
19275,16,12,8,7,3.475,Medium
19276,23,6,6,9,3.104347826,Medium
19277,14,14,8,8,3.342857143,Medium
19278,12,15,6,4,2.5,Medium
19280,16,5,8,6,4.875,Medium
19282,20,18,9,3,2.4,Medium
19283,21,5,9,8,4.928571429,Medium
19285,13,10,4,4,2.307692308,Medium
19287,9,2,3,7,4.433333333,Medium
19293,24,7,6,5,2.85,Medium
19294,22,13,8,7,2.763636364,Medium
19295,11,2,2,9,3.327272727,Medium
19297,29,8,7,7,2.934482759,Medium
19300,26,6,8,8,3.953846154,Medium
19309,29,2,3,6,2.134482759,Medium
19311,19,5,7,3,4.078947368,Medium
19313,13,3,2,9,2.707692308,Medium
19314,6,11,4,9,4.8,Medium
19315,11,2,1,8,2.827272727,Medium
19317,15,7,7,2,4.1,Medium
19323,20,6,6,6,3.3,Medium
19324,6,10,4,7,5,Medium
19328,17,2,7,7,4.864705882,Medium
19329,16,9,8,4,4.075,Medium
19332,27,4,7,3,3.811111111,Medium
19333,8,16,6,4,3.55,Medium
19334,25,5,5,3,2.7,Medium
19335,4,19,1,2,4.2,Medium
19336,13,2,5,8,4.407692308,Medium
19339,9,18,9,4,4.233333333,Medium
19347,20,19,9,8,2.2,Medium
19349,7,19,9,6,4.985714286,Medium
19351,8,11,2,1,2.55,Medium
19354,5,17,3,2,4.1,Medium
19355,10,9,2,3,2.2,Medium
19360,13,6,3,4,2.607692308,Medium
19361,26,4,8,3,4.353846154,Medium
19364,9,17,8,4,3.933333333,Medium
19365,13,9,7,3,4.007692308,Medium
19367,9,2,2,2,3.933333333,Medium
19371,24,9,8,3,3.45,Medium
19372,13,7,6,4,3.907692308,Medium
19374,21,1,5,8,3.728571429,Medium
19376,14,3,1,3,2.042857143,Medium
19378,10,17,5,3,2.1,Medium
19383,15,6,6,3,3.8,Medium
19384,19,6,8,6,4.378947368,Medium
19385,14,13,5,6,2.042857143,Medium
19386,28,2,3,2,2.171428571,Medium
19394,22,5,8,1,4.363636364,Medium
19397,17,8,7,1,3.664705882,Medium
19398,17,6,3,4,2.064705882,Medium
19399,9,8,5,8,4.233333333,Medium
19400,14,3,4,9,3.542857143,Medium
19404,28,8,6,7,2.471428571,Medium
19405,8,10,1,6,2.25,Medium
19407,24,8,7,7,3.15,Medium
19408,26,10,8,6,3.153846154,Medium
19412,6,17,4,1,3.6,Medium
19415,7,19,6,9,3.485714286,Medium
19421,17,5,8,8,4.764705882,Medium
19422,15,13,9,8,3.9,Medium
19426,19,14,8,7,2.778947368,Medium
19431,23,14,7,8,2.004347826,Medium
19432,11,11,5,4,3.027272727,Medium
19435,27,7,8,5,3.711111111,Medium
19437,14,10,5,8,2.642857143,Medium
19438,12,1,5,4,4.8,Medium
19439,27,4,4,6,2.311111111,Medium
19441,9,12,3,7,2.433333333,Medium
19444,18,4,3,6,2.366666667,Medium
19449,11,19,7,4,2.427272727,Medium
19450,7,7,4,7,4.885714286,Medium
19451,23,10,7,3,2.804347826,Medium
19456,13,13,6,8,2.707692308,Medium
19458,26,1,5,1,3.453846154,Medium
19460,23,1,7,5,4.604347826,Medium
19463,12,1,5,6,4.8,Medium
19465,16,11,9,9,4.175,Medium
19466,16,2,4,1,3.475,Medium
19472,13,9,4,4,2.507692308,Medium
19475,16,3,5,3,3.775,Medium
19477,12,7,2,5,2.1,Medium
19481,24,4,9,9,4.95,Medium
19483,16,11,5,2,2.175,Medium
19485,20,12,7,6,2.6,Medium
19486,21,8,8,9,3.828571429,Medium
19490,24,8,5,8,2.15,Medium
19492,22,3,6,1,3.763636364,Medium
19498,20,11,8,6,3.3,Medium
19499,8,19,9,6,4.45,Medium
19500,14,16,8,8,2.942857143,Medium
19503,14,12,7,1,3.242857143,Medium
19504,14,14,8,2,3.342857143,Medium
19508,24,7,8,1,3.85,Medium
19509,10,7,1,5,2.1,Medium
19510,10,14,6,6,3.2,Medium
19511,10,8,6,1,4.4,Medium
19521,20,11,9,4,3.8,Medium
19524,14,4,6,4,4.342857143,Medium
19527,19,4,5,7,3.278947368,Medium
19531,15,14,7,8,2.7,Medium
19532,20,7,8,7,4.1,Medium
19535,28,4,4,3,2.271428571,Medium
19537,24,8,7,2,3.15,Medium
19538,24,3,5,7,3.15,Medium
19539,15,14,8,2,3.2,Medium
19540,6,18,2,6,2.4,Medium
19544,8,19,5,7,2.45,Medium
19545,7,18,7,1,4.185714286,Medium
19549,13,5,7,4,4.807692308,Medium
19550,24,1,5,1,3.55,Medium
19551,29,12,7,3,2.134482759,Medium
19555,20,11,8,8,3.3,Medium
19556,25,4,5,6,2.9,Medium
19557,29,10,8,6,3.034482759,Medium
19562,16,9,6,7,3.075,Medium
19565,7,16,6,4,4.085714286,Medium
19567,14,11,9,6,4.442857143,Medium
19570,14,8,8,2,4.542857143,Medium
19572,11,6,3,4,3.027272727,Medium
19573,19,7,9,9,4.678947368,Medium
19575,15,9,9,7,4.7,Medium
19576,12,14,7,3,3.2,Medium
19578,22,1,6,7,4.163636364,Medium
19583,29,10,6,4,2.034482759,Medium
19585,11,12,8,8,4.327272727,Medium
19593,17,1,1,4,2.064705882,Medium
19594,7,10,5,4,4.785714286,Medium
19595,23,8,5,1,2.204347826,Medium
19597,18,5,5,9,3.166666667,Medium
19601,6,17,1,9,2.1,Medium
19603,13,7,8,1,4.907692308,Medium
19606,7,4,3,6,4.985714286,Medium
19608,29,8,8,3,3.434482759,Medium
19611,29,12,7,5,2.134482759,Medium
19612,11,6,6,9,4.527272727,Medium
19613,11,10,5,5,3.227272727,Medium
19614,12,11,4,3,2.3,Medium
19618,20,4,5,1,3.2,Medium
19620,12,16,9,8,3.8,Medium
19622,20,15,9,8,3,Medium
19628,12,15,6,4,2.5,Medium
19631,23,9,7,3,3.004347826,Medium
19632,22,2,8,8,4.963636364,Medium
19633,16,8,5,6,2.775,Medium
19638,11,9,5,1,3.427272727,Medium
19639,13,10,9,6,4.807692308,Medium
19646,22,4,4,7,2.563636364,Medium
19648,9,17,8,6,3.933333333,Medium
19649,10,12,3,6,2.1,Medium
19654,6,10,4,2,5,Medium
19660,12,8,6,4,3.9,Medium
19664,7,19,4,6,2.485714286,Medium
19672,13,2,4,2,3.907692308,Medium
19673,13,3,2,1,2.707692308,Medium
19674,29,5,9,2,4.534482759,Medium
19675,17,18,9,9,2.664705882,Medium
19678,19,11,7,1,2.878947368,Medium
19680,28,4,4,3,2.271428571,Medium
19685,10,13,5,3,2.9,Medium
19686,18,3,4,1,3.066666667,Medium
19689,24,5,7,7,3.75,Medium
19690,26,6,7,5,3.453846154,Medium
19691,9,12,7,7,4.433333333,Medium
19692,13,19,8,8,2.507692308,Medium
19693,19,2,5,7,3.678947368,Medium
19694,26,3,8,1,4.553846154,Medium
19697,15,11,5,7,2.3,Medium
19698,26,13,9,2,3.053846154,Medium
19703,9,1,1,4,3.633333333,Medium
19705,14,6,8,1,4.942857143,Medium
19708,9,15,6,9,3.333333333,Medium
19710,5,12,1,1,4.1,Medium
19717,14,12,7,2,3.242857143,Medium
19729,15,14,6,4,2.2,Medium
19731,11,9,6,5,3.927272727,Medium
19732,13,15,7,4,2.807692308,Medium
19733,21,8,7,2,3.328571429,Medium
19736,9,19,8,8,3.533333333,Medium
19739,8,9,1,2,2.45,Medium
19750,15,6,7,2,4.3,Medium
19752,17,13,9,6,3.664705882,Medium
19754,28,5,4,8,2.071428571,Medium
19755,20,11,6,5,2.3,Medium
19758,9,3,2,7,3.733333333,Medium
19759,27,4,4,2,2.311111111,Medium
19762,12,12,6,8,3.1,Medium
19765,11,18,9,9,3.627272727,Medium
19766,15,10,8,2,4,Medium
19767,14,10,4,8,2.142857143,Medium
19768,28,10,6,6,2.071428571,Medium
19776,23,11,6,6,2.104347826,Medium
19777,8,9,5,9,4.45,Medium
19778,10,14,9,2,4.7,Medium
19780,23,13,8,1,2.704347826,Medium
19781,7,3,1,1,4.185714286,Medium
19784,5,17,4,2,4.6,Medium
19786,10,6,1,5,2.3,Medium
19787,6,4,1,2,4.7,Medium
19789,11,16,5,9,2.027272727,Medium
19790,14,8,4,7,2.542857143,Medium
19791,8,5,2,9,3.75,Medium
19792,26,3,3,3,2.053846154,Medium
19797,16,9,5,4,2.575,Medium
19799,4,19,2,4,4.7,Medium
19800,23,3,7,7,4.204347826,Medium
19801,20,7,4,2,2.1,Medium
19802,13,12,8,3,3.907692308,Medium
19803,13,6,3,6,2.607692308,Medium
19809,15,17,7,8,2.1,Medium
19810,26,8,5,1,2.053846154,Medium
19811,9,16,5,9,2.633333333,Medium
19813,13,13,8,4,3.707692308,Medium
19816,10,19,6,2,2.2,Medium
19818,14,19,9,7,2.842857143,Medium
19819,9,5,3,5,3.833333333,Medium
19820,26,1,3,9,2.453846154,Medium
19821,12,16,9,8,3.8,Medium
19826,16,4,6,8,4.075,Medium
19833,7,14,3,9,2.985714286,Medium
19837,21,2,3,6,2.528571429,Medium
19839,12,4,3,7,3.2,Medium
19842,13,4,3,8,3.007692308,Medium
19845,25,13,9,5,3.1,Medium
19849,22,16,8,4,2.163636364,Medium
19850,12,17,6,6,2.1,Medium
19852,21,9,6,1,2.628571429,Medium
19853,12,3,5,4,4.4,Medium
19857,27,8,7,4,3.011111111,Medium
19866,28,8,9,6,3.971428571,Medium
19869,10,8,7,3,4.9,Medium
19870,14,7,4,1,2.742857143,Medium
19871,29,14,9,7,2.734482759,Medium
19873,11,13,7,2,3.627272727,Medium
19876,11,3,2,1,3.127272727,Medium
19877,8,8,4,1,4.15,Medium
19878,27,1,5,2,3.411111111,Medium
19879,22,2,8,7,4.963636364,Medium
19880,8,16,4,2,2.55,Medium
19881,18,4,7,5,4.366666667,Medium
19882,28,1,8,1,4.871428571,Medium
19888,17,14,8,7,2.964705882,Medium
19891,22,18,9,1,2.263636364,Medium
19893,13,6,2,4,2.107692308,Medium
19898,9,5,3,3,3.833333333,Medium
19899,28,2,3,1,2.171428571,Medium
19900,16,16,8,9,2.675,Medium
19902,22,13,9,1,3.263636364,Medium
19904,14,3,3,1,3.042857143,Medium
19906,24,6,7,6,3.55,Medium
19911,16,6,6,9,3.675,Medium
19914,10,3,1,4,2.9,Medium
19917,16,7,7,9,3.975,Medium
19923,28,14,8,6,2.271428571,Medium
19927,7,12,4,2,3.885714286,Medium
19929,8,14,7,4,4.45,Medium
19930,24,13,9,4,3.15,Medium
19931,9,10,5,2,3.833333333,Medium
19933,22,13,8,3,2.763636364,Medium
19935,20,3,6,8,3.9,Medium
19939,10,18,9,3,3.9,Medium
19940,21,4,7,5,4.128571429,Medium
19941,15,1,4,7,3.8,Medium
19944,9,4,1,1,3.033333333,Medium
19945,20,10,8,5,3.5,Medium
19946,20,13,7,2,2.4,Medium
19947,12,13,6,4,2.9,Medium
19948,9,12,8,4,4.933333333,Medium
19950,20,5,7,8,4,Medium
19952,15,7,8,5,4.6,Medium
19956,7,8,1,5,3.185714286,Medium
19958,10,14,8,6,4.2,Medium
19959,11,7,7,8,4.827272727,Medium
19962,27,2,3,5,2.211111111,Medium
19966,14,12,8,6,3.742857143,Medium
19968,20,9,7,6,3.2,Medium
19974,17,1,1,2,2.064705882,Medium
19978,10,12,5,3,3.1,Medium
19980,17,12,9,9,3.864705882,Medium
19984,11,9,8,3,4.927272727,Medium
19985,16,8,8,4,4.275,Medium
19989,23,11,9,5,3.604347826,Medium
19992,14,4,3,2,2.842857143,Medium
19993,11,13,6,6,3.127272727,Medium
19994,27,4,8,9,4.311111111,Medium
19995,11,16,5,9,2.027272727,Medium
19996,14,10,4,1,2.142857143,Medium
19997,13,9,5,8,3.007692308,Medium
19998,18,6,4,2,2.466666667,Medium
19999,8,6,3,9,4.05,Medium
20004,6,18,3,6,2.9,Medium
20007,17,15,7,8,2.264705882,Medium
20008,12,9,6,8,3.7,Medium
20017,6,13,5,8,4.9,Medium
20019,14,3,6,3,4.542857143,Medium
20020,10,12,4,7,2.6,Medium
20022,23,10,6,4,2.304347826,Medium
20023,20,9,8,1,3.7,Medium
20024,29,16,9,7,2.334482759,Medium
20025,27,8,9,4,4.011111111,Medium
20026,9,11,2,9,2.133333333,Medium
20027,13,10,7,5,3.807692308,Medium
20028,21,4,5,3,3.128571429,Medium
20029,24,17,9,3,2.35,Medium
20032,27,18,9,6,2.011111111,Medium
20033,13,9,6,7,3.507692308,Medium
20034,26,13,7,9,2.053846154,Medium
20038,5,19,2,4,3.2,Medium
20040,29,5,5,6,2.534482759,Medium
20041,10,15,7,2,3.5,Medium
20042,19,1,2,5,2.378947368,Medium
20046,21,9,8,5,3.628571429,Medium
20048,14,19,8,4,2.342857143,Medium
20049,16,10,5,8,2.375,Medium
20050,10,17,6,7,2.6,Medium
20051,15,10,7,1,3.5,Medium
20053,20,1,3,7,2.8,Medium
20054,12,18,9,5,3.4,Medium
20055,12,9,7,5,4.2,Medium
20056,6,18,2,5,2.4,Medium
20062,22,1,2,7,2.163636364,Medium
20063,8,7,4,6,4.35,Medium
20065,20,10,6,6,2.5,Medium
20070,27,15,8,4,2.111111111,Medium
20073,28,8,8,1,3.471428571,Medium
20075,13,13,5,6,2.207692308,Medium
20078,15,5,5,8,3.5,Medium
20081,11,19,7,3,2.427272727,Medium
20083,28,5,5,1,2.571428571,Medium
20084,9,10,7,6,4.833333333,Medium
20085,8,5,2,1,3.75,Medium
20087,6,10,2,3,4,Medium
20088,21,8,6,3,2.828571429,Medium
20094,17,5,4,6,2.764705882,Medium
20095,17,16,9,9,3.064705882,Medium
20096,13,2,4,4,3.907692308,Medium
20099,20,13,7,1,2.4,Medium
20106,7,13,3,3,3.185714286,Medium
20112,6,13,3,7,3.9,Medium
20115,10,12,7,1,4.1,Medium
20116,21,6,5,2,2.728571429,Medium
20117,9,14,3,8,2.033333333,Medium
20119,16,18,9,2,2.775,Medium
20121,12,1,1,3,2.8,Medium
20124,14,18,8,7,2.542857143,Medium
20125,10,15,9,1,4.5,Medium
20127,22,2,8,6,4.963636364,Medium
20130,20,13,7,6,2.4,Medium
20131,9,9,1,6,2.033333333,Medium
20132,10,17,5,4,2.1,Medium
20135,16,9,8,5,4.075,Medium
20137,6,17,1,1,2.1,Medium
20138,18,3,4,9,3.066666667,Medium
20139,18,3,3,8,2.566666667,Medium
20146,20,8,5,3,2.4,Medium
20147,7,2,2,4,4.885714286,Medium
20148,6,18,6,9,4.4,Medium
20150,13,10,8,7,4.307692308,Medium
20152,11,8,3,3,2.627272727,Medium
20159,16,12,8,9,3.475,Medium
20160,9,16,8,3,4.133333333,Medium
20165,18,4,6,6,3.866666667,Medium
20167,13,1,4,8,4.107692308,Medium
20171,18,11,8,8,3.466666667,Medium
20173,14,18,9,4,3.042857143,Medium
20177,18,7,6,2,3.266666667,Medium
20180,11,1,4,6,4.527272727,Medium
20182,13,15,6,1,2.307692308,Medium
20183,24,4,7,7,3.95,Medium
20185,20,4,6,5,3.7,Medium
20188,21,15,8,6,2.428571429,Medium
20189,13,11,4,5,2.107692308,Medium
20196,16,9,5,4,2.575,Medium
20200,14,3,1,8,2.042857143,Medium
20201,6,11,3,2,4.3,Medium
20202,28,5,5,8,2.571428571,Medium
20203,10,3,3,7,3.9,Medium
20204,21,3,6,3,3.828571429,Medium
20206,13,14,6,6,2.507692308,Medium
20207,13,4,4,9,3.507692308,Medium
20210,18,11,9,9,3.966666667,Medium
20211,4,15,1,4,5,Medium
20212,28,9,8,3,3.271428571,Medium
20215,26,7,7,6,3.253846154,Medium
20219,26,2,5,8,3.253846154,Medium
20220,27,1,5,5,3.411111111,Medium
20223,18,13,8,9,3.066666667,Medium
20224,7,15,5,8,3.785714286,Medium
20225,9,10,6,9,4.333333333,Medium
20226,20,2,3,8,2.6,Medium
20230,20,3,4,7,2.9,Medium
20233,8,12,6,8,4.35,Medium
20234,5,15,1,9,3.5,Medium
20237,13,6,4,4,3.107692308,Medium
20238,16,16,9,1,3.175,Medium
20239,24,8,7,9,3.15,Medium
20240,23,11,8,1,3.104347826,Medium
20241,16,2,3,6,2.975,Medium
20248,26,3,4,8,2.553846154,Medium
20250,28,4,4,1,2.271428571,Medium
20252,9,6,4,4,4.133333333,Medium
20254,9,7,3,8,3.433333333,Medium
20255,27,1,6,3,3.911111111,Medium
20256,7,15,2,4,2.285714286,Medium
20258,20,4,5,6,3.2,Medium
20263,8,14,5,4,3.45,Medium
20267,8,14,8,8,4.95,Medium
20271,9,6,5,5,4.633333333,Medium
20272,17,10,8,9,3.764705882,Medium
20273,22,2,7,6,4.463636364,Medium
20275,19,1,4,9,3.378947368,Medium
20276,24,6,6,5,3.05,Medium
20281,9,10,4,1,3.333333333,Medium
20283,26,12,9,2,3.253846154,Medium
20289,7,9,3,7,3.985714286,Medium
20293,11,6,2,5,2.527272727,Medium
20294,17,7,6,7,3.364705882,Medium
20295,16,14,9,5,3.575,Medium
20296,22,11,6,9,2.163636364,Medium
20297,22,4,4,6,2.563636364,Medium
20298,8,12,5,2,3.85,Medium
20299,10,16,6,7,2.8,Medium
20305,8,14,4,3,2.95,Medium
20306,27,9,7,8,2.811111111,Medium
20310,22,10,7,2,2.863636364,Medium
20311,28,2,7,7,4.171428571,Medium
20313,9,11,6,8,4.133333333,Medium
20320,12,9,4,8,2.7,Medium
20321,22,2,8,5,4.963636364,Medium
20322,22,10,9,8,3.863636364,Medium
20325,15,2,6,3,4.6,Medium
20326,24,4,6,6,3.45,Medium
20329,23,8,7,4,3.204347826,Medium
20331,29,9,8,1,3.234482759,Medium
20332,13,8,6,5,3.707692308,Medium
20334,23,4,7,8,4.004347826,Medium
20337,7,15,4,9,3.285714286,Medium
20338,18,13,7,5,2.566666667,Medium
20344,20,12,7,8,2.6,Medium
20345,16,2,5,6,3.975,Medium
20347,24,5,9,6,4.75,Medium
20348,24,14,8,3,2.45,Medium
20349,7,14,6,8,4.485714286,Medium
20350,9,9,5,1,4.033333333,Medium
20351,24,8,9,3,4.15,Medium
20352,12,3,2,9,2.9,Medium
20353,27,2,3,3,2.211111111,Medium
20358,8,2,3,5,4.85,Medium
20361,18,1,3,3,2.966666667,Medium
20362,13,3,5,7,4.207692308,Medium
20363,7,16,5,7,3.585714286,Medium
20365,24,8,5,7,2.15,Medium
20366,10,2,1,9,3.1,Medium
20368,15,5,8,1,5,Medium
20372,24,3,8,8,4.65,Medium
20373,11,11,6,4,3.527272727,Medium
20380,7,12,3,5,3.385714286,Medium
20381,13,13,9,8,4.207692308,Medium
20385,26,6,7,3,3.453846154,Medium
20388,10,14,5,8,2.7,Medium
20389,17,7,5,8,2.864705882,Medium
20391,21,6,5,8,2.728571429,Medium
20397,26,11,8,2,2.953846154,Medium
20398,13,8,7,9,4.207692308,Medium
20399,10,13,6,1,3.4,Medium
20400,21,13,8,1,2.828571429,Medium
20409,22,3,6,4,3.763636364,Medium
20416,15,1,3,2,3.3,Medium
20417,16,7,9,8,4.975,Medium
20422,29,6,6,2,2.834482759,Medium
20426,6,16,6,5,4.8,Medium
20438,14,5,6,3,4.142857143,Medium
20440,26,4,5,2,2.853846154,Medium
20441,13,19,9,5,3.007692308,Medium
20448,19,7,6,1,3.178947368,Medium
20450,12,9,6,3,3.7,Medium
20453,22,1,3,1,2.663636364,Medium
20454,20,8,8,8,3.9,Medium
20456,18,6,5,9,2.966666667,Medium
20459,7,14,5,3,3.985714286,Medium
20461,13,11,4,5,2.107692308,Medium
20462,21,16,9,5,2.728571429,Medium
20463,21,3,8,1,4.828571429,Medium
20464,16,3,5,5,3.775,Medium
20465,14,4,3,8,2.842857143,Medium
20467,21,12,8,4,3.028571429,Medium
20483,16,13,8,5,3.275,Medium
20485,9,8,3,5,3.233333333,Medium
20486,27,13,9,6,3.011111111,Medium
20489,10,7,1,4,2.1,Medium
20490,22,3,3,8,2.263636364,Medium
20492,18,4,6,6,3.866666667,Medium
20495,26,4,9,5,4.853846154,Medium
20496,15,16,9,4,3.3,Medium
20497,11,13,7,7,3.627272727,Medium
20498,25,17,9,9,2.3,Medium
20499,8,4,2,2,3.95,Medium
20501,29,7,9,3,4.134482759,Medium
20503,19,2,2,4,2.178947368,Medium
20505,9,16,9,4,4.633333333,Medium
20506,12,6,5,8,3.8,Medium
20508,19,7,6,8,3.178947368,Medium
20515,12,10,5,3,3,Medium
20516,11,2,4,5,4.327272727,Medium
20517,7,12,6,8,4.885714286,Medium
20518,14,1,3,4,3.442857143,Medium
20520,15,4,6,6,4.2,Medium
20522,19,7,9,3,4.678947368,Medium
20526,15,10,9,7,4.5,Medium
20532,26,14,9,9,2.853846154,Medium
20533,18,9,8,8,3.866666667,Medium
20534,10,14,4,2,2.2,Medium
20536,14,8,6,2,3.542857143,Medium
20544,13,2,3,2,3.407692308,Medium
20545,8,18,9,8,4.65,Medium
20546,7,13,4,4,3.685714286,Medium
20552,16,1,3,8,3.175,Medium
20553,18,19,9,6,2.366666667,Medium
20555,22,6,4,4,2.163636364,Medium
20557,7,14,4,6,3.485714286,Medium
20558,11,2,3,5,3.827272727,Medium
20559,24,3,3,4,2.15,Medium
20563,14,8,5,7,3.042857143,Medium
20564,10,4,1,9,2.7,Medium
20566,28,10,7,6,2.571428571,Medium
20567,14,14,8,2,3.342857143,Medium
20568,25,5,9,8,4.7,Medium
20569,26,15,8,7,2.153846154,Medium
20575,21,4,3,8,2.128571429,Medium
20577,13,15,9,5,3.807692308,Medium
20578,23,13,8,9,2.704347826,Medium
20580,11,1,3,4,4.027272727,Medium
20581,12,6,4,2,3.3,Medium
20583,11,5,6,9,4.727272727,Medium
20585,24,7,7,1,3.35,Medium
20587,12,10,5,4,3,Medium
20591,7,2,1,2,4.385714286,Medium
20592,10,2,3,1,4.1,Medium
20593,11,18,9,4,3.627272727,Medium
20594,20,16,8,5,2.3,Medium
20600,14,3,4,5,3.542857143,Medium
20603,24,8,9,8,4.15,Medium
20605,16,10,9,9,4.375,Medium
20607,26,3,8,9,4.553846154,Medium
20610,6,19,6,1,4.2,Medium
20611,11,11,5,7,3.027272727,Medium
20613,24,18,9,7,2.15,Medium
20615,21,5,7,9,3.928571429,Medium
20618,27,2,7,3,4.211111111,Medium
20623,15,12,8,5,3.6,Medium
20624,26,11,8,4,2.953846154,Medium
20626,23,1,4,3,3.104347826,Medium
20632,21,17,9,8,2.528571429,Medium
20633,17,16,7,3,2.064705882,Medium
20636,20,12,7,6,2.6,Medium
20642,25,2,7,8,4.3,Medium
20643,5,11,2,8,4.8,Medium
20644,20,6,8,2,4.3,Medium
20647,15,6,6,8,3.8,Medium
20649,29,11,8,7,2.834482759,Medium
20650,20,8,9,9,4.4,Medium
20653,6,19,5,1,3.7,Medium
20654,10,1,4,9,4.8,Medium
20656,5,13,1,4,3.9,Medium
20657,26,9,7,8,2.853846154,Medium
20659,14,3,4,8,3.542857143,Medium
20660,19,11,9,5,3.878947368,Medium
20661,17,3,2,2,2.164705882,Medium
20662,12,9,6,4,3.7,Medium
20668,14,6,6,7,3.942857143,Medium
20669,27,10,9,6,3.611111111,Medium
20673,15,5,4,8,3,Medium
20675,7,10,4,2,4.285714286,Medium
20676,16,9,5,7,2.575,Medium
20677,20,6,4,1,2.3,Medium
20678,8,14,6,7,3.95,Medium
20680,10,17,5,7,2.1,Medium
20682,19,11,8,6,3.378947368,Medium
20683,22,1,7,8,4.663636364,Medium
20684,26,2,6,2,3.753846154,Medium
20685,20,4,3,4,2.2,Medium
20686,15,3,3,2,2.9,Medium
20687,22,6,9,2,4.663636364,Medium
20688,9,9,1,7,2.033333333,Medium
20692,7,18,4,9,2.685714286,Medium
20693,14,18,7,9,2.042857143,Medium
20700,12,2,2,5,3.1,Medium
20701,10,19,9,6,3.7,Medium
20704,27,8,9,1,4.011111111,Medium
20705,16,12,7,4,2.975,Medium
20707,27,1,6,1,3.911111111,Medium
20714,6,10,1,6,3.5,Medium
20716,27,13,7,6,2.011111111,Medium
20720,14,12,6,1,2.742857143,Medium
20727,12,8,4,7,2.9,Medium
20731,26,8,8,5,3.553846154,Medium
20732,5,8,1,4,4.9,Medium
20733,18,11,6,5,2.466666667,Medium
20736,25,9,6,7,2.4,Medium
20741,18,10,9,1,4.166666667,Medium
20742,11,11,3,6,2.027272727,Medium
20743,19,12,8,1,3.178947368,Medium
20744,14,19,8,4,2.342857143,Medium
20745,26,13,9,9,3.053846154,Medium
20746,28,4,4,4,2.271428571,Medium
20747,22,8,6,2,2.763636364,Medium
20748,29,1,4,5,2.834482759,Medium
20751,16,11,6,7,2.675,Medium
20752,24,2,3,9,2.35,Medium
20755,13,14,5,6,2.007692308,Medium
20757,19,5,6,7,3.578947368,Medium
20759,21,11,9,2,3.728571429,Medium
20760,9,9,5,4,4.033333333,Medium
20761,12,8,7,1,4.4,Medium
20762,13,4,2,6,2.507692308,Medium
20767,25,1,7,7,4.5,Medium
20769,22,7,5,7,2.463636364,Medium
20770,10,19,7,6,2.7,Medium
20772,9,11,4,2,3.133333333,Medium
20773,9,10,7,2,4.833333333,Medium
20775,24,1,5,7,3.55,Medium
20778,28,13,8,4,2.471428571,Medium
20779,21,8,6,4,2.828571429,Medium
20780,17,6,3,5,2.064705882,Medium
20782,10,17,6,2,2.6,Medium
20783,25,5,8,1,4.2,Medium
20784,23,4,5,4,3.004347826,Medium
20785,6,5,1,3,4.5,Medium
20787,11,7,7,2,4.827272727,Medium
20791,19,15,8,2,2.578947368,Medium
20792,19,1,5,3,3.878947368,Medium
20793,20,17,8,9,2.1,Medium
20797,11,8,4,5,3.127272727,Medium
20798,15,1,5,3,4.3,Medium
20800,14,7,8,6,4.742857143,Medium
20801,6,8,2,8,4.4,Medium
20803,15,5,6,6,4,Medium
20807,6,16,2,3,2.8,Medium
20808,27,3,5,1,3.011111111,Medium
20810,15,15,8,6,3,Medium
20811,8,13,5,7,3.65,Medium
20816,18,8,6,7,3.066666667,Medium
20818,6,17,6,9,4.6,Medium
20819,15,6,7,1,4.3,Medium
20821,17,2,6,3,4.364705882,Medium
20823,28,5,9,6,4.571428571,Medium
20825,17,8,6,9,3.164705882,Medium
20826,19,8,9,7,4.478947368,Medium
20830,18,10,5,7,2.166666667,Medium
20831,14,1,2,8,2.942857143,Medium
20833,24,3,8,1,4.65,Medium
20835,26,9,8,1,3.353846154,Medium
20837,18,6,6,6,3.466666667,Medium
20838,4,19,1,3,4.2,Medium
20840,14,10,9,8,4.642857143,Medium
20843,17,5,7,7,4.264705882,Medium
20844,7,11,5,7,4.585714286,Medium
20846,11,14,6,8,2.927272727,Medium
20848,6,11,2,8,3.8,Medium
20849,6,11,3,7,4.3,Medium
20850,28,8,7,1,2.971428571,Medium
20853,19,8,6,6,2.978947368,Medium
20857,25,16,9,5,2.5,Medium
20861,22,6,9,6,4.663636364,Medium
20863,13,2,4,3,3.907692308,Medium
20864,14,6,8,5,4.942857143,Medium
20870,10,12,6,6,3.6,Medium
20872,10,16,5,4,2.3,Medium
20873,25,12,7,5,2.3,Medium
20874,20,8,8,5,3.9,Medium
20878,6,13,5,8,4.9,Medium
20879,28,11,9,9,3.371428571,Medium
20880,25,2,4,6,2.8,Medium
20881,18,10,5,5,2.166666667,Medium
20883,10,12,8,6,4.6,Medium
20884,29,5,4,4,2.034482759,Medium
20887,25,5,9,1,4.7,Medium
20888,14,16,8,2,2.942857143,Medium
20890,18,1,4,8,3.466666667,Medium
20891,22,4,3,5,2.063636364,Medium
20892,13,7,5,6,3.407692308,Medium
20893,16,5,6,5,3.875,Medium
20894,19,2,7,2,4.678947368,Medium
20895,15,5,4,8,3,Medium
20897,11,2,1,9,2.827272727,Medium
20898,13,17,7,4,2.407692308,Medium
20899,14,17,9,7,3.242857143,Medium
20905,12,5,4,9,3.5,Medium
20908,4,15,1,6,5,Medium
20910,21,13,8,6,2.828571429,Medium
20912,12,9,3,5,2.2,Medium
20916,6,13,4,5,4.4,Medium
20922,21,6,5,2,2.728571429,Medium
20925,28,5,6,5,3.071428571,Medium
20928,21,16,9,7,2.728571429,Medium
20929,26,7,5,3,2.253846154,Medium
20931,26,14,8,7,2.353846154,Medium
20932,13,5,6,5,4.307692308,Medium
20934,8,18,7,8,3.65,Medium
20942,13,13,7,4,3.207692308,Medium
20943,17,15,9,4,3.264705882,Medium
20947,18,11,9,3,3.966666667,Medium
20948,14,11,5,1,2.442857143,Medium
20949,23,11,8,1,3.104347826,Medium
20951,20,12,9,8,3.6,Medium
20953,25,1,6,5,4,Medium
20954,19,17,8,2,2.178947368,Medium
20955,8,8,1,9,2.65,Medium
20956,11,19,7,6,2.427272727,Medium
20959,11,9,5,4,3.427272727,Medium
20960,18,13,6,3,2.066666667,Medium
20961,16,14,9,4,3.575,Medium
20962,21,4,8,7,4.628571429,Medium
20963,7,8,2,1,3.685714286,Medium
20965,28,9,6,2,2.271428571,Medium
20966,11,5,3,9,3.227272727,Medium
20967,24,5,4,4,2.25,Medium
20968,9,4,4,8,4.533333333,Medium
20969,19,2,5,7,3.678947368,Medium
20970,27,5,4,8,2.111111111,Medium
20974,16,13,7,3,2.775,Medium
20977,13,12,6,8,2.907692308,Medium
20979,5,16,1,7,3.3,Medium
20981,19,10,9,4,4.078947368,Medium
20987,5,14,2,7,4.2,Medium
20988,25,8,5,3,2.1,Medium
20991,13,9,3,5,2.007692308,Medium
20994,11,7,4,8,3.327272727,Medium
20996,11,13,5,2,2.627272727,Medium
20999,15,13,9,4,3.9,Medium
21006,29,6,8,1,3.834482759,Medium
21009,27,5,5,6,2.611111111,Medium
21013,29,3,4,2,2.434482759,Medium
21016,7,7,2,2,3.885714286,Medium
21017,17,1,1,2,2.064705882,Medium
21022,13,3,4,4,3.707692308,Medium
21023,12,16,8,5,3.3,Medium
21025,20,8,8,2,3.9,Medium
21027,6,13,1,4,2.9,Medium
21029,8,12,4,5,3.35,Medium
21030,23,5,4,5,2.304347826,Medium
21032,22,4,3,3,2.063636364,Medium
21033,8,18,7,1,3.65,Medium
21035,6,14,2,3,3.2,Medium
21036,22,4,4,2,2.563636364,Medium
21039,5,15,2,6,4,Medium
21040,9,8,4,4,3.733333333,Medium
21041,21,5,5,2,2.928571429,Medium
21042,21,9,9,6,4.128571429,Medium
21043,10,8,2,4,2.4,Medium
21044,16,18,8,2,2.275,Medium
21045,10,8,6,7,4.4,Medium
21051,13,11,5,1,2.607692308,Medium
21052,16,9,7,4,3.575,Medium
21054,18,1,6,6,4.466666667,Medium
21057,12,7,7,1,4.6,Medium
21059,22,8,7,4,3.263636364,Medium
21061,19,4,6,6,3.778947368,Medium
21063,22,5,5,1,2.863636364,Medium
21065,24,7,8,4,3.85,Medium
21066,25,7,7,8,3.3,Medium
21069,22,5,8,3,4.363636364,Medium
21070,19,6,4,8,2.378947368,Medium
21075,18,19,9,5,2.366666667,Medium
21076,22,1,7,8,4.663636364,Medium
21077,16,9,9,1,4.575,Medium
21079,18,13,7,7,2.566666667,Medium
21080,10,5,5,7,4.5,Medium
21083,21,2,7,5,4.528571429,Medium
21089,8,13,5,1,3.65,Medium
21093,22,4,6,3,3.563636364,Medium
21095,12,3,4,9,3.9,Medium
21096,20,8,8,5,3.9,Medium
21097,18,5,3,7,2.166666667,Medium
21098,16,10,7,9,3.375,Medium
21099,25,10,8,3,3.2,Medium
21101,13,12,9,9,4.407692308,Medium
21103,17,4,3,2,2.464705882,Medium
21104,8,2,1,7,3.85,Medium
21105,13,4,5,9,4.007692308,Medium
21115,16,8,7,2,3.775,Medium
21116,19,11,8,8,3.378947368,Medium
21119,15,10,9,7,4.5,Medium
21123,7,17,3,7,2.385714286,Medium
21127,17,19,9,3,2.464705882,Medium
21133,28,3,8,4,4.471428571,Medium
21135,28,4,6,7,3.271428571,Medium
21139,8,2,1,2,3.85,Medium
21142,11,10,7,8,4.227272727,Medium
21143,15,5,8,8,5,Medium
21144,21,2,5,7,3.528571429,Medium
21145,6,11,2,2,3.8,Medium
21152,19,13,7,9,2.478947368,Medium
21154,14,10,7,7,3.642857143,Medium
21155,13,8,5,9,3.207692308,Medium
21156,22,6,8,7,4.163636364,Medium
21157,13,11,4,8,2.107692308,Medium
21158,11,14,8,5,3.927272727,Medium
21159,21,18,9,5,2.328571429,Medium
21160,16,1,5,5,4.175,Medium
21161,27,10,7,9,2.611111111,Medium
21164,14,6,3,9,2.442857143,Medium
21167,7,18,3,5,2.185714286,Medium
21169,27,14,8,1,2.311111111,Medium
21176,12,7,3,2,2.6,Medium
21177,14,15,9,6,3.642857143,Medium
21180,23,1,6,4,4.104347826,Medium
21181,25,9,7,5,2.9,Medium
21182,12,7,2,2,2.1,Medium
21191,29,8,9,4,3.934482759,Medium
21203,7,13,6,4,4.685714286,Medium
21205,23,2,5,3,3.404347826,Medium
21207,17,8,8,1,4.164705882,Medium
21209,13,13,6,3,2.707692308,Medium
21213,9,14,3,1,2.033333333,Medium
21217,7,13,6,9,4.685714286,Medium
21218,14,7,7,1,4.242857143,Medium
21219,29,2,8,2,4.634482759,Medium
21221,27,14,9,9,2.811111111,Medium
21222,15,8,6,9,3.4,Medium
21223,17,3,7,6,4.664705882,Medium
21224,22,1,3,2,2.663636364,Medium
21225,11,10,8,1,4.727272727,Medium
21228,22,3,6,4,3.763636364,Medium
21230,8,18,6,8,3.15,Medium
21237,12,5,6,3,4.5,Medium
21239,17,6,5,2,3.064705882,Medium
21249,26,10,9,2,3.653846154,Medium
21252,13,4,5,7,4.007692308,Medium
21253,17,2,3,3,2.864705882,Medium
21254,26,10,8,2,3.153846154,Medium
21255,19,5,4,9,2.578947368,Medium
21256,18,4,3,7,2.366666667,Medium
21257,15,7,5,8,3.1,Medium
21258,12,14,6,8,2.7,Medium
21259,23,1,3,7,2.604347826,Medium
21262,17,4,6,6,3.964705882,Medium
21265,11,6,6,1,4.527272727,Medium
21272,18,8,6,4,3.066666667,Medium
21274,25,8,8,2,3.6,Medium
21275,25,5,7,8,3.7,Medium
21276,21,3,7,4,4.328571429,Medium
21279,5,13,2,4,4.4,Medium
21280,16,8,5,6,2.775,Medium
21282,26,5,9,3,4.653846154,Medium
21285,14,3,1,9,2.042857143,Medium
21286,11,12,9,8,4.827272727,Medium
21289,7,5,1,3,3.785714286,Medium
21290,12,13,6,8,2.9,Medium
21292,15,11,9,3,4.3,Medium
21296,24,3,4,3,2.65,Medium
21301,21,17,8,2,2.028571429,Medium
21302,10,13,8,8,4.4,Medium
21303,12,6,3,5,2.8,Medium
21304,13,16,9,8,3.607692308,Medium
21309,25,4,9,2,4.9,Medium
21310,12,4,6,9,4.7,Medium
21315,11,7,7,9,4.827272727,Medium
21317,13,12,8,5,3.907692308,Medium
21319,29,9,9,8,3.734482759,Medium
21322,20,5,8,4,4.5,Medium
21323,15,11,8,7,3.8,Medium
21324,23,12,9,2,3.404347826,Medium
21326,11,14,8,7,3.927272727,Medium
21327,12,13,7,4,3.4,Medium
21331,12,15,9,3,4,Medium
21333,9,9,2,1,2.533333333,Medium
21336,11,5,5,4,4.227272727,Medium
21337,19,4,3,8,2.278947368,Medium
21338,13,18,9,2,3.207692308,Medium
21339,25,10,7,8,2.7,Medium
21340,24,8,6,6,2.65,Medium
21345,8,7,1,4,2.85,Medium
21347,25,12,9,1,3.3,Medium
21348,8,7,2,9,3.35,Medium
21350,18,3,7,3,4.566666667,Medium
21353,14,12,7,8,3.242857143,Medium
21358,15,16,7,6,2.3,Medium
21359,23,3,7,2,4.204347826,Medium
21363,19,4,5,9,3.278947368,Medium
21364,17,9,8,4,3.964705882,Medium
21369,25,1,4,2,3,Medium
21371,12,6,5,4,3.8,Medium
21372,18,3,4,2,3.066666667,Medium
21374,26,1,3,9,2.453846154,Medium
21375,8,19,7,5,3.45,Medium
21377,17,9,8,7,3.964705882,Medium
21378,6,14,1,3,2.7,Medium
21379,15,7,8,3,4.6,Medium
21383,17,9,6,8,2.964705882,Medium
21384,7,15,5,5,3.785714286,Medium
21385,21,14,9,6,3.128571429,Medium
21388,9,14,5,9,3.033333333,Medium
21389,14,4,7,5,4.842857143,Medium
21391,26,7,9,3,4.253846154,Medium
21393,28,13,9,7,2.971428571,Medium
21397,29,4,6,2,3.234482759,Medium
21398,25,7,6,5,2.8,Medium
21399,16,2,3,4,2.975,Medium
21400,6,18,3,8,2.9,Medium
21401,16,5,6,6,3.875,Medium
21403,25,2,7,5,4.3,Medium
21405,16,16,7,2,2.175,Medium
21406,12,11,4,9,2.3,Medium
21420,28,9,9,9,3.771428571,Medium
21421,22,12,8,1,2.963636364,Medium
21422,20,9,7,7,3.2,Medium
21426,15,14,6,6,2.2,Medium
21427,9,6,4,1,4.133333333,Medium
21430,25,2,6,3,3.8,Medium
21431,27,2,3,6,2.211111111,Medium
21432,27,9,9,5,3.811111111,Medium
21435,13,14,6,6,2.507692308,Medium
21437,7,14,4,3,3.485714286,Medium
21439,15,4,5,3,3.7,Medium
21440,16,7,9,6,4.975,Medium
21441,23,2,6,9,3.904347826,Medium
21445,11,16,9,9,4.027272727,Medium
21446,17,1,1,5,2.064705882,Medium
21450,9,14,4,2,2.533333333,Medium
21455,7,8,4,5,4.685714286,Medium
21460,8,2,1,5,3.85,Medium
21462,22,4,7,5,4.063636364,Medium
21463,9,6,3,9,3.633333333,Medium
21464,27,8,9,1,4.011111111,Medium
21467,23,1,7,5,4.604347826,Medium
21470,28,10,8,4,3.071428571,Medium
21472,16,9,6,8,3.075,Medium
21475,18,4,8,6,4.866666667,Medium
21476,5,17,3,4,4.1,Medium
21478,11,8,3,6,2.627272727,Medium
21479,22,5,9,3,4.863636364,Medium
21480,14,2,4,4,3.742857143,Medium
21482,20,9,9,4,4.2,Medium
21483,5,13,2,5,4.4,Medium
21486,20,1,2,6,2.3,Medium
21490,28,4,5,1,2.771428571,Medium
21492,22,2,7,4,4.463636364,Medium
21499,14,19,9,8,2.842857143,Medium
21500,13,7,4,3,2.907692308,Medium
21501,13,5,7,7,4.807692308,Medium
21507,9,10,5,8,3.833333333,Medium
21510,22,9,9,1,4.063636364,Medium
21514,22,2,5,4,3.463636364,Medium
21517,15,17,8,7,2.6,Medium
21519,9,13,8,6,4.733333333,Medium
21522,11,13,4,8,2.127272727,Medium
21523,18,5,3,2,2.166666667,Medium
21524,18,15,7,6,2.166666667,Medium
21525,19,4,5,4,3.278947368,Medium
21526,14,2,5,2,4.242857143,Medium
21532,6,5,2,2,5,Medium
21538,20,11,7,1,2.8,Medium
21542,12,3,3,9,3.4,Medium
21543,12,6,6,7,4.3,Medium
21545,18,10,7,5,3.166666667,Medium
21547,29,13,8,3,2.434482759,Medium
21549,4,17,1,8,4.6,Medium
21555,11,8,5,6,3.627272727,Medium
21558,18,17,9,2,2.766666667,Medium
21561,22,16,8,8,2.163636364,Medium
21562,27,9,7,3,2.811111111,Medium
21563,27,12,8,7,2.711111111,Medium
21564,6,14,5,1,4.7,Medium
21567,8,12,6,9,4.35,Medium
21571,18,12,7,7,2.766666667,Medium
21573,5,15,3,4,4.5,Medium
21574,20,16,9,8,2.8,Medium
21576,16,8,7,1,3.775,Medium
21577,22,1,4,1,3.163636364,Medium
21579,8,12,4,8,3.35,Medium
21584,26,4,8,4,4.353846154,Medium
21592,15,6,6,4,3.8,Medium
21593,24,2,8,3,4.85,Medium
21594,18,3,2,3,2.066666667,Medium
21596,5,15,3,4,4.5,Medium
21598,19,2,3,3,2.678947368,Medium
21600,28,1,6,6,3.871428571,Medium
21603,7,9,4,6,4.485714286,Medium
21606,26,17,9,4,2.253846154,Medium
21608,24,5,5,6,2.75,Medium
21614,19,3,4,8,2.978947368,Medium
21615,11,13,9,8,4.627272727,Medium
21616,22,3,3,1,2.263636364,Medium
21617,28,6,7,9,3.371428571,Medium
21618,18,2,3,9,2.766666667,Medium
21623,14,2,5,5,4.242857143,Medium
21624,8,13,2,6,2.15,Medium
21628,9,8,4,1,3.733333333,Medium
21629,19,10,8,7,3.578947368,Medium
21630,18,2,3,2,2.766666667,Medium
21634,27,6,6,7,2.911111111,Medium
21635,20,13,9,9,3.4,Medium
21637,23,5,9,6,4.804347826,Medium
21639,28,1,7,4,4.371428571,Medium
21641,18,16,9,3,2.966666667,Medium
21642,21,2,3,7,2.528571429,Medium
21643,14,3,3,9,3.042857143,Medium
21648,17,12,7,2,2.864705882,Medium
21649,20,4,7,7,4.2,Medium
21650,5,12,1,6,4.1,Medium
21651,27,7,6,2,2.711111111,Medium
21652,10,3,5,8,4.9,Medium
21653,14,8,8,4,4.542857143,Medium
21654,29,6,9,3,4.334482759,Medium
21655,8,3,1,5,3.65,Medium
21656,17,4,6,8,3.964705882,Medium
21661,18,19,9,5,2.366666667,Medium
21662,14,3,3,5,3.042857143,Medium
21663,24,4,4,6,2.45,Medium
21665,27,14,9,3,2.811111111,Medium
21667,28,14,8,1,2.271428571,Medium
21670,15,10,7,9,3.5,Medium
21672,8,18,6,1,3.15,Medium
21673,15,8,6,1,3.4,Medium
21674,20,15,9,1,3,Medium
21678,18,6,4,1,2.466666667,Medium
21679,19,3,4,4,2.978947368,Medium
21681,19,9,5,6,2.278947368,Medium
21683,15,11,5,6,2.3,Medium
21686,23,12,9,2,3.404347826,Medium
21689,16,1,5,7,4.175,Medium
21691,10,2,4,8,4.6,Medium
21692,19,6,5,4,2.878947368,Medium
21693,14,10,5,6,2.642857143,Medium
21696,18,10,9,5,4.166666667,Medium
21698,14,5,2,3,2.142857143,Medium
21700,16,5,5,7,3.375,Medium
21705,20,1,5,6,3.8,Medium
21706,15,13,6,9,2.4,Medium
21707,15,16,8,2,2.8,Medium
21715,10,9,6,3,4.2,Medium
21716,26,15,9,6,2.653846154,Medium
21717,22,13,7,8,2.263636364,Medium
21718,24,8,8,8,3.65,Medium
21721,9,11,3,1,2.633333333,Medium
21723,12,14,5,1,2.2,Medium
21727,8,14,3,1,2.45,Medium
21728,9,7,3,8,3.433333333,Medium
21729,6,11,1,8,3.3,Medium
21730,9,2,2,2,3.933333333,Medium
21731,29,5,8,8,4.034482759,Medium
21734,22,7,7,8,3.463636364,Medium
21736,16,16,8,2,2.675,Medium
21737,10,11,8,7,4.8,Medium
21741,9,14,4,2,2.533333333,Medium
21742,13,17,8,4,2.907692308,Medium
21744,17,1,3,8,3.064705882,Medium
21750,16,16,7,4,2.175,Medium
21754,26,1,7,6,4.453846154,Medium
21757,18,7,7,3,3.766666667,Medium
21759,19,2,2,4,2.178947368,Medium
21764,21,4,8,3,4.628571429,Medium
21767,12,1,3,3,3.8,Medium
21768,19,6,9,1,4.878947368,Medium
21773,4,18,2,8,4.9,Medium
21774,16,2,5,6,3.975,Medium
21775,24,11,9,1,3.55,Medium
21779,13,5,3,2,2.807692308,Medium
21782,5,16,4,4,4.8,Medium
21785,18,5,6,2,3.666666667,Medium
21786,8,5,4,9,4.75,Medium
21787,28,2,3,1,2.171428571,Medium
21791,26,17,9,9,2.253846154,Medium
21794,9,12,3,4,2.433333333,Medium
21795,23,5,9,6,4.804347826,Medium
21797,25,4,6,6,3.4,Medium
21798,8,11,6,1,4.55,Medium
21801,17,4,8,8,4.964705882,Medium
21803,13,4,4,8,3.507692308,Medium
21805,6,12,4,7,4.6,Medium
21812,12,17,9,3,3.6,Medium
21815,14,6,3,5,2.442857143,Medium
21819,20,7,8,7,4.1,Medium
21820,15,5,4,6,3,Medium
21821,11,12,7,1,3.827272727,Medium
21827,27,9,6,9,2.311111111,Medium
21828,29,8,8,4,3.434482759,Medium
21831,17,18,9,6,2.664705882,Medium
21832,26,12,7,5,2.253846154,Medium
21834,16,2,5,5,3.975,Medium
21835,11,10,7,2,4.227272727,Medium
21836,20,10,8,7,3.5,Medium
21839,26,12,9,5,3.253846154,Medium
21840,13,8,7,9,4.207692308,Medium
21842,12,11,7,1,3.8,Medium
21843,22,10,6,3,2.363636364,Medium
21846,12,15,9,5,4,Medium
21848,23,1,4,9,3.104347826,Medium
21850,6,19,7,6,4.7,Medium
21851,20,5,9,7,5,Medium
21852,13,2,2,7,2.907692308,Medium
21853,11,11,4,9,2.527272727,Medium
21854,18,3,6,6,4.066666667,Medium
21857,7,3,1,2,4.185714286,Medium
21858,27,12,7,8,2.211111111,Medium
21860,10,2,4,8,4.6,Medium
21862,22,1,5,4,3.663636364,Medium
21865,27,13,9,3,3.011111111,Medium
21867,29,3,8,8,4.434482759,Medium
21868,12,9,8,9,4.7,Medium
21870,26,3,3,3,2.053846154,Medium
21872,16,1,5,9,4.175,Medium
21873,7,9,5,9,4.985714286,Medium
21875,18,2,7,9,4.766666667,Medium
21876,9,19,6,7,2.533333333,Medium
21877,16,6,5,7,3.175,Medium
21878,20,2,6,7,4.1,Medium
21879,13,10,6,2,3.307692308,Medium
21887,15,1,6,7,4.8,Medium
21888,15,4,6,3,4.2,Medium
21892,6,16,1,3,2.3,Medium
21894,23,5,7,8,3.804347826,Medium
21895,20,1,7,3,4.8,Medium
21898,18,10,6,8,2.666666667,Medium
21899,19,6,6,2,3.378947368,Medium
21900,23,10,9,9,3.804347826,Medium
21907,17,12,9,3,3.864705882,Medium
21914,19,5,8,8,4.578947368,Medium
21919,27,11,9,3,3.411111111,Medium
21922,23,1,6,6,4.104347826,Medium
21923,28,13,9,1,2.971428571,Medium
21924,18,12,9,1,3.766666667,Medium
21925,5,11,1,6,4.3,Medium
21928,25,2,8,2,4.8,Medium
21930,11,1,1,7,3.027272727,Medium
21932,12,7,7,9,4.6,Medium
21934,28,5,7,9,3.571428571,Medium
21935,10,17,8,2,3.6,Medium
21937,15,11,7,8,3.3,Medium
21943,14,2,2,6,2.742857143,Medium
21945,8,8,3,9,3.65,Medium
21947,18,9,5,9,2.366666667,Medium
21950,19,2,4,9,3.178947368,Medium
21951,21,19,9,4,2.128571429,Medium
21952,21,8,8,2,3.828571429,Medium
21954,11,7,6,5,4.327272727,Medium
21957,26,10,8,1,3.153846154,Medium
21961,17,10,6,2,2.764705882,Medium
21964,22,13,7,7,2.263636364,Medium
21965,12,5,2,6,2.5,Medium
21970,10,4,5,6,4.7,Medium
21974,8,18,8,1,4.15,Medium
21975,10,6,3,5,3.3,Medium
21977,14,7,7,7,4.242857143,Medium
21981,14,1,2,1,2.942857143,Medium
21983,21,2,2,6,2.028571429,Medium
21986,10,9,4,7,3.2,Medium
21987,24,4,5,5,2.95,Medium
21988,11,3,5,3,4.627272727,Medium
21993,12,8,3,9,2.4,Medium
21994,6,4,1,6,4.7,Medium
22003,29,9,6,7,2.234482759,Medium
22004,6,13,1,5,2.9,Medium
22006,11,11,7,1,4.027272727,Medium
22007,23,6,5,1,2.604347826,Medium
22010,15,13,8,7,3.4,Medium
22011,7,12,4,4,3.885714286,Medium
22013,5,14,3,5,4.7,Medium
22014,18,11,6,9,2.466666667,Medium
22016,19,16,8,5,2.378947368,Medium
22017,16,7,9,5,4.975,Medium
22021,23,9,8,6,3.504347826,Medium
22022,7,3,2,1,4.685714286,Medium
22023,14,19,9,4,2.842857143,Medium
22027,15,12,6,1,2.6,Medium
22033,15,3,6,5,4.4,Medium
22037,27,7,7,1,3.211111111,Medium
22039,14,9,4,9,2.342857143,Medium
22044,6,15,1,9,2.5,Medium
22045,9,4,3,2,4.033333333,Medium
22048,10,9,5,2,3.7,Medium
22050,22,4,3,3,2.063636364,Medium
22051,5,13,3,9,4.9,Medium
22053,24,3,6,5,3.65,Medium
22059,27,12,9,1,3.211111111,Medium
22060,9,3,1,4,3.233333333,Medium
22061,12,11,9,8,4.8,Medium
22062,22,4,6,9,3.563636364,Medium
22065,21,3,5,2,3.328571429,Medium
22066,9,4,4,5,4.533333333,Medium
22068,12,3,3,5,3.4,Medium
22069,10,13,6,8,3.4,Medium
22072,12,9,5,8,3.2,Medium
22074,16,5,7,7,4.375,Medium
22075,10,17,6,7,2.6,Medium
22076,7,17,6,5,3.885714286,Medium
22078,29,8,6,4,2.434482759,Medium
22079,13,7,6,6,3.907692308,Medium
22082,19,7,5,8,2.678947368,Medium
22085,10,13,4,4,2.4,Medium
22087,27,2,3,8,2.211111111,Medium
22088,28,3,5,1,2.971428571,Medium
22091,20,1,4,8,3.3,Medium
22094,24,5,7,3,3.75,Medium
22095,19,1,4,6,3.378947368,Medium
22097,9,4,1,9,3.033333333,Medium
22099,22,10,8,9,3.363636364,Medium
22103,15,5,4,7,3,Medium
22106,11,13,8,4,4.127272727,Medium
22107,16,9,4,3,2.075,Medium
22112,9,7,1,3,2.433333333,Medium
22116,16,3,6,6,4.275,Medium
22117,25,13,8,3,2.6,Medium
22119,6,8,1,8,3.9,Medium
22120,8,11,2,2,2.55,Medium
22121,13,9,5,8,3.007692308,Medium
22122,17,15,9,2,3.264705882,Medium
22123,27,4,5,6,2.811111111,Medium
22128,8,1,2,3,4.55,Medium
22129,21,17,8,5,2.028571429,Medium
22130,26,8,5,8,2.053846154,Medium
22139,7,9,4,7,4.485714286,Medium
22141,21,5,8,6,4.428571429,Medium
22143,29,8,6,8,2.434482759,Medium
22145,16,1,6,4,4.675,Medium
22147,17,2,7,5,4.864705882,Medium
22148,9,11,6,8,4.133333333,Medium
22154,7,13,6,7,4.685714286,Medium
22156,27,12,7,9,2.211111111,Medium
22157,22,11,8,3,3.163636364,Medium
22158,29,8,9,6,3.934482759,Medium
22161,29,3,5,4,2.934482759,Medium
22164,10,12,5,4,3.1,Medium
22167,8,9,6,2,4.95,Medium
22168,15,3,5,7,3.9,Medium
22170,18,2,4,2,3.266666667,Medium
22171,18,3,3,4,2.566666667,Medium
22172,9,14,7,7,4.033333333,Medium
22174,23,15,9,5,2.804347826,Medium
22175,9,15,5,2,2.833333333,Medium
22176,13,7,8,3,4.907692308,Medium
22179,22,5,8,4,4.363636364,Medium
22182,14,10,7,3,3.642857143,Medium
22188,7,1,1,5,4.585714286,Medium
22189,19,6,4,3,2.378947368,Medium
22190,23,10,9,3,3.804347826,Medium
22192,11,8,6,4,4.127272727,Medium
22194,11,16,7,4,3.027272727,Medium
22195,12,16,8,3,3.3,Medium
22197,16,18,9,3,2.775,Medium
22199,12,15,8,5,3.5,Medium
22200,23,11,6,1,2.104347826,Medium
22206,6,16,1,5,2.3,Medium
22208,23,4,6,2,3.504347826,Medium
22210,8,3,3,9,4.65,Medium
22213,20,2,2,2,2.1,Medium
22214,19,14,7,6,2.278947368,Medium
22216,6,11,1,4,3.3,Medium
22224,7,18,5,4,3.185714286,Medium
22225,27,4,6,2,3.311111111,Medium
22226,10,6,3,7,3.3,Medium
22228,11,19,8,6,2.927272727,Medium
22235,23,13,9,9,3.204347826,Medium
22239,6,15,4,6,4,Medium
22242,26,1,4,1,2.953846154,Medium
22243,24,3,8,5,4.65,Medium
22244,17,11,8,8,3.564705882,Medium
22246,14,15,6,7,2.142857143,Medium
22247,9,6,1,8,2.633333333,Medium
22251,10,14,9,9,4.7,Medium
22253,24,1,6,3,4.05,Medium
22254,18,13,8,6,3.066666667,Medium
22255,10,5,5,3,4.5,Medium
22258,24,1,7,2,4.55,Medium
22259,14,8,5,6,3.042857143,Medium
22260,15,13,6,5,2.4,Medium
22262,8,6,2,2,3.55,Medium
22268,28,10,6,3,2.071428571,Medium
22270,11,16,6,9,2.527272727,Medium
22274,15,11,7,1,3.3,Medium
22275,29,4,7,4,3.734482759,Medium
22285,17,8,4,8,2.164705882,Medium
22286,17,19,9,1,2.464705882,Medium
22288,27,12,9,2,3.211111111,Medium
22293,24,6,8,9,4.05,Medium
22294,22,8,6,4,2.763636364,Medium
22296,28,3,8,9,4.471428571,Medium
22297,17,4,8,5,4.964705882,Medium
22299,28,2,3,3,2.171428571,Medium
22300,14,4,2,4,2.342857143,Medium
22304,17,7,6,5,3.364705882,Medium
22305,25,3,3,5,2.1,Medium
22307,7,12,6,6,4.885714286,Medium
22308,11,4,5,5,4.427272727,Medium
22312,12,1,1,7,2.8,Medium
22313,25,3,4,5,2.6,Medium
22314,26,2,5,6,3.253846154,Medium
22315,23,5,5,2,2.804347826,Medium
22317,23,9,5,4,2.004347826,Medium
22318,17,13,8,5,3.164705882,Medium
22320,8,17,4,3,2.35,Medium
22321,26,7,6,4,2.753846154,Medium
22326,26,13,8,4,2.553846154,Medium
22328,6,17,2,7,2.6,Medium
22329,20,2,2,1,2.1,Medium
22332,21,5,9,3,4.928571429,Medium
22336,23,4,7,2,4.004347826,Medium
22337,16,6,3,5,2.175,Medium
22338,12,14,7,6,3.2,Medium
22339,12,12,9,5,4.6,Medium
22342,13,19,8,7,2.507692308,Medium
22343,29,4,8,6,4.234482759,Medium
22352,13,17,7,4,2.407692308,Medium
22355,19,1,3,1,2.878947368,Medium
22362,6,19,4,3,3.2,Medium
22363,23,13,7,7,2.204347826,Medium
22364,20,8,5,5,2.4,Medium
22365,11,4,3,7,3.427272727,Medium
22375,10,10,5,4,3.5,Medium
22376,25,8,6,9,2.6,Medium
22382,27,5,9,7,4.611111111,Medium
22384,23,2,4,9,2.904347826,Medium
22385,5,10,1,2,4.5,Medium
22393,7,7,2,6,3.885714286,Medium
22395,9,3,4,8,4.733333333,Medium
22398,16,3,5,4,3.775,Medium
22400,12,16,7,6,2.8,Medium
22403,21,5,9,7,4.928571429,Medium
22404,23,4,6,3,3.504347826,Medium
22405,8,19,6,9,2.95,Medium
22408,6,11,3,9,4.3,Medium
22412,26,2,8,4,4.753846154,Medium
22413,13,18,8,2,2.707692308,Medium
22414,19,2,2,7,2.178947368,Medium
22418,26,6,6,2,2.953846154,Medium
22419,12,3,1,8,2.4,Medium
22422,16,3,3,3,2.775,Medium
22425,22,2,7,1,4.463636364,Medium
22428,23,3,5,7,3.204347826,Medium
22430,29,4,6,8,3.234482759,Medium
22432,21,14,8,1,2.628571429,Medium
22433,15,5,7,1,4.5,Medium
22435,21,7,9,2,4.528571429,Medium
22437,10,8,6,2,4.4,Medium
22438,16,4,6,7,4.075,Medium
22440,6,9,2,6,4.2,Medium
22445,14,16,7,8,2.442857143,Medium
22457,14,1,4,8,3.942857143,Medium
22459,22,3,5,9,3.263636364,Medium
22460,11,18,9,6,3.627272727,Medium
22461,13,15,9,2,3.807692308,Medium
22462,10,15,8,6,4,Medium
22464,14,17,8,4,2.742857143,Medium
22465,14,7,8,7,4.742857143,Medium
22466,8,3,2,5,4.15,Medium
22468,12,9,4,3,2.7,Medium
22469,17,5,4,3,2.764705882,Medium
22472,23,10,6,7,2.304347826,Medium
22474,14,6,8,7,4.942857143,Medium
22475,27,7,8,9,3.711111111,Medium
22477,17,12,7,9,2.864705882,Medium
22478,23,19,9,9,2.004347826,Medium
22479,4,19,1,1,4.2,Medium
22482,13,18,9,4,3.207692308,Medium
22484,17,12,6,4,2.364705882,Medium
22485,18,9,5,1,2.366666667,Medium
22487,29,5,9,2,4.534482759,Medium
22491,19,5,3,7,2.078947368,Medium
22492,23,3,6,3,3.704347826,Medium
22494,27,8,8,8,3.511111111,Medium
22498,28,4,5,8,2.771428571,Medium
22500,11,17,6,2,2.327272727,Medium
22504,7,9,4,4,4.485714286,Medium
22505,29,11,7,1,2.334482759,Medium
22509,15,1,1,9,2.3,Medium
22513,15,7,3,1,2.1,Medium
22516,7,16,4,5,3.085714286,Medium
22517,9,17,7,8,3.433333333,Medium
22518,15,12,9,9,4.1,Medium
22519,12,10,8,9,4.5,Medium
22523,17,1,4,7,3.564705882,Medium
22527,12,8,4,3,2.9,Medium
22529,29,12,8,8,2.634482759,Medium
22531,8,14,3,1,2.45,Medium
22533,23,2,5,2,3.404347826,Medium
22535,27,11,7,9,2.411111111,Medium
22537,10,4,5,9,4.7,Medium
22540,22,6,9,9,4.663636364,Medium
22541,12,13,6,3,2.9,Medium
22544,29,2,6,4,3.634482759,Medium
22548,22,6,5,2,2.663636364,Medium
22551,24,16,8,8,2.05,Medium
22553,7,19,9,8,4.985714286,Medium
22558,23,3,7,9,4.204347826,Medium
22560,9,8,4,6,3.733333333,Medium
22561,19,4,8,4,4.778947368,Medium
22562,7,11,3,7,3.585714286,Medium
22564,22,7,9,8,4.463636364,Medium
22565,20,6,5,2,2.8,Medium
22566,21,5,9,3,4.928571429,Medium
22569,20,14,7,3,2.2,Medium
22572,28,9,9,2,3.771428571,Medium
22576,15,3,6,1,4.4,Medium
22578,18,11,7,5,2.966666667,Medium
22582,27,4,7,5,3.811111111,Medium
22583,16,11,9,8,4.175,Medium
22584,6,17,3,1,3.1,Medium
22586,20,10,7,6,3,Medium
22588,10,7,6,8,4.6,Medium
22595,10,10,8,7,5,Medium
22599,7,19,9,8,4.985714286,Medium
22600,9,13,3,2,2.233333333,Medium
22602,7,15,7,9,4.785714286,Medium
22608,8,5,2,3,3.75,Medium
22610,15,13,8,3,3.4,Medium
22612,29,10,7,3,2.534482759,Medium
22613,23,6,4,6,2.104347826,Medium
22615,6,17,1,7,2.1,Medium
22617,6,10,3,6,4.5,Medium
22619,20,8,9,9,4.4,Medium
22620,6,9,3,9,4.7,Medium
22621,11,15,6,5,2.727272727,Medium
22625,22,1,6,4,4.163636364,Medium
22626,19,3,8,4,4.978947368,Medium
22628,27,7,8,1,3.711111111,Medium
22629,19,4,4,4,2.778947368,Medium
22632,23,3,3,7,2.204347826,Medium
22633,5,14,2,7,4.2,Medium
22634,11,18,9,8,3.627272727,Medium
22635,12,18,9,2,3.4,Medium
22636,14,6,4,5,2.942857143,Medium
22638,24,6,4,9,2.05,Medium
22640,21,3,7,2,4.328571429,Medium
22643,23,15,9,1,2.804347826,Medium
22646,5,18,2,4,3.4,Medium
22647,18,8,6,8,3.066666667,Medium
22651,16,15,7,6,2.375,Medium
22653,19,15,9,6,3.078947368,Medium
22658,23,2,8,4,4.904347826,Medium
22661,18,7,6,4,3.266666667,Medium
22662,22,1,7,1,4.663636364,Medium
22668,23,1,7,5,4.604347826,Medium
22670,20,17,9,3,2.6,Medium
22671,11,7,5,7,3.827272727,Medium
22675,14,13,8,5,3.542857143,Medium
22680,27,14,9,8,2.811111111,Medium
22684,28,3,9,9,4.971428571,Medium
22686,16,8,6,4,3.275,Medium
22687,27,2,6,4,3.711111111,Medium
22689,20,3,3,8,2.4,Medium
22690,27,3,3,1,2.011111111,Medium
22694,26,2,6,8,3.753846154,Medium
22703,11,15,6,8,2.727272727,Medium
22705,12,7,3,7,2.6,Medium
22707,18,8,4,6,2.066666667,Medium
22711,13,10,6,6,3.307692308,Medium
22712,21,8,9,2,4.328571429,Medium
22713,29,2,8,2,4.634482759,Medium
22714,18,6,5,8,2.966666667,Medium
22716,14,11,9,4,4.442857143,Medium
22718,17,5,5,4,3.264705882,Medium
22721,25,8,9,6,4.1,Medium
22724,7,9,1,9,2.985714286,Medium
22725,9,13,5,3,3.233333333,Medium
22726,15,3,6,5,4.4,Medium
22727,6,18,3,3,2.9,Medium
22730,7,13,5,2,4.185714286,Medium
22737,24,4,9,9,4.95,Medium
22739,24,7,7,3,3.35,Medium
22741,9,4,3,9,4.033333333,Medium
22743,21,9,9,5,4.128571429,Medium
22747,26,3,3,7,2.053846154,Medium
22752,7,6,1,9,3.585714286,Medium
22753,10,12,3,9,2.1,Medium
22754,20,8,5,8,2.4,Medium
22755,29,1,8,6,4.834482759,Medium
22756,19,3,7,9,4.478947368,Medium
22757,24,1,7,9,4.55,Medium
22758,23,2,3,2,2.404347826,Medium
22759,18,10,6,2,2.666666667,Medium
22761,20,15,8,2,2.5,Medium
22762,11,1,4,5,4.527272727,Medium
22765,8,13,7,5,4.65,Medium
22766,20,15,8,7,2.5,Medium
22769,17,11,7,9,3.064705882,Medium
22772,16,13,7,3,2.775,Medium
22774,16,4,3,9,2.575,Medium
22779,16,2,2,7,2.475,Medium
22780,12,7,6,8,4.1,Medium
22786,23,1,2,4,2.104347826,Medium
22790,22,4,3,3,2.063636364,Medium
22793,17,2,2,7,2.364705882,Medium
22796,6,8,1,7,3.9,Medium
22798,12,11,4,6,2.3,Medium
22800,9,18,5,6,2.233333333,Medium
22803,15,11,8,4,3.8,Medium
22805,25,12,8,5,2.8,Medium
22807,21,8,6,4,2.828571429,Medium
22812,10,10,7,4,4.5,Medium
22816,13,6,3,6,2.607692308,Medium
22818,5,18,5,8,4.9,Medium
22819,12,14,9,7,4.2,Medium
22820,9,8,3,1,3.233333333,Medium
22821,9,15,7,4,3.833333333,Medium
22822,22,16,8,2,2.163636364,Medium
22823,14,10,7,9,3.642857143,Medium
22825,24,2,8,2,4.85,Medium
22826,11,8,2,3,2.127272727,Medium
22827,28,13,9,9,2.971428571,Medium
22828,20,2,2,7,2.1,Medium
22834,22,4,5,1,3.063636364,Medium
22835,9,7,1,8,2.433333333,Medium
22836,18,1,6,4,4.466666667,Medium
22838,6,13,4,3,4.4,Medium
22839,27,17,9,5,2.211111111,Medium
22841,11,6,6,1,4.527272727,Medium
22843,26,3,5,9,3.053846154,Medium
22845,22,10,9,1,3.863636364,Medium
22847,14,12,8,1,3.742857143,Medium
22850,11,11,6,9,3.527272727,Medium
22854,15,15,9,3,3.5,Medium
22856,7,9,1,5,2.985714286,Medium
22857,10,6,4,5,3.8,Medium
22861,13,12,9,9,4.407692308,Medium
22863,14,8,7,1,4.042857143,Medium
22864,9,2,2,8,3.933333333,Medium
22866,12,8,4,4,2.9,Medium
22868,28,7,5,6,2.171428571,Medium
22869,24,4,4,1,2.45,Medium
22870,14,8,4,7,2.542857143,Medium
22872,5,16,3,1,4.3,Medium
22877,22,2,7,9,4.463636364,Medium
22878,17,7,9,9,4.864705882,Medium
22880,18,2,7,9,4.766666667,Medium
22881,22,10,7,6,2.863636364,Medium
22884,28,3,8,9,4.471428571,Medium
22885,22,16,8,7,2.163636364,Medium
22890,14,2,1,3,2.242857143,Medium
22893,12,10,6,4,3.5,Medium
22896,16,8,8,5,4.275,Medium
22897,29,14,8,1,2.234482759,Medium
22900,25,5,4,1,2.2,Medium
22901,10,18,9,6,3.9,Medium
22909,11,1,1,4,3.027272727,Medium
22915,9,16,8,1,4.133333333,Medium
22916,9,6,5,7,4.633333333,Medium
22917,19,16,8,1,2.378947368,Medium
22922,6,5,1,6,4.5,Medium
22926,14,15,6,1,2.142857143,Medium
22929,8,2,1,9,3.85,Medium
22933,17,6,6,4,3.564705882,Medium
22934,21,2,6,2,4.028571429,Medium
22935,6,11,3,1,4.3,Medium
22938,29,5,7,9,3.534482759,Medium
22943,22,14,8,4,2.563636364,Medium
22945,24,11,9,3,3.55,Medium
22947,15,2,2,8,2.6,Medium
22950,24,9,8,9,3.45,Medium
22954,24,15,8,9,2.25,Medium
22955,9,11,3,2,2.633333333,Medium
22959,23,10,7,4,2.804347826,Medium
22960,14,1,6,4,4.942857143,Medium
22966,19,6,7,7,3.878947368,Medium
22972,18,19,9,5,2.366666667,Medium
22975,16,8,6,1,3.275,Medium
22977,15,6,8,8,4.8,Medium
22978,11,16,9,3,4.027272727,Medium
22981,10,9,5,1,3.7,Medium
22982,24,15,9,2,2.75,Medium
22985,28,15,9,2,2.571428571,Medium
22986,14,4,4,3,3.342857143,Medium
22987,28,17,9,4,2.171428571,Medium
22988,17,18,9,6,2.664705882,Medium
22991,23,5,8,3,4.304347826,Medium
22992,10,15,6,5,3,Medium
22993,11,12,4,9,2.327272727,Medium
22995,11,1,2,1,3.527272727,Medium
22997,10,8,5,3,3.9,Medium
23003,14,4,2,1,2.342857143,Medium
23007,22,11,8,9,3.163636364,Medium
23010,10,13,7,2,3.9,Medium
23011,13,16,6,8,2.107692308,Medium
23013,9,18,9,1,4.233333333,Medium
23016,29,4,5,7,2.734482759,Medium
23017,24,1,2,4,2.05,Medium
23022,15,1,5,3,4.3,Medium
23026,20,13,8,2,2.9,Medium
23032,5,15,2,2,4,Medium
23036,27,4,8,4,4.311111111,Medium
23037,9,10,6,7,4.333333333,Medium
23039,11,14,9,7,4.427272727,Medium
23042,18,14,7,1,2.366666667,Medium
23045,12,1,2,9,3.3,Medium
23046,14,9,4,7,2.342857143,Medium
23049,25,2,5,5,3.3,Medium
23051,9,10,6,4,4.333333333,Medium
23055,13,15,7,5,2.807692308,Medium
23056,14,2,5,3,4.242857143,Medium
23058,11,14,5,9,2.427272727,Medium
23061,29,4,4,7,2.234482759,Medium
23068,13,1,5,8,4.607692308,Medium
23069,10,10,3,6,2.5,Medium
23073,18,17,9,4,2.766666667,Medium
23074,7,7,3,9,4.385714286,Medium
23075,29,10,8,3,3.034482759,Medium
23081,25,11,7,9,2.5,Medium
23084,25,17,9,3,2.3,Medium
23085,11,8,2,2,2.127272727,Medium
23086,19,9,9,4,4.278947368,Medium
23087,9,4,1,5,3.033333333,Medium
23088,15,5,8,7,5,Medium
23089,13,7,7,7,4.407692308,Medium
23092,29,3,6,7,3.434482759,Medium
23093,8,6,2,9,3.55,Medium
23094,10,17,8,2,3.6,Medium
23095,13,14,8,4,3.507692308,Medium
23098,13,1,4,3,4.107692308,Medium
23101,12,15,9,7,4,Medium
23103,9,12,3,5,2.433333333,Medium
23105,14,2,1,4,2.242857143,Medium
23109,14,19,8,7,2.342857143,Medium
23110,15,6,8,7,4.8,Medium
23111,23,12,7,3,2.404347826,Medium
23113,12,5,4,2,3.5,Medium
23114,21,1,6,4,4.228571429,Medium
23121,29,12,9,5,3.134482759,Medium
23122,11,19,7,9,2.427272727,Medium
23128,22,10,6,9,2.363636364,Medium
23129,14,5,6,4,4.142857143,Medium
23131,15,14,6,4,2.2,Medium
23133,6,16,2,4,2.8,Medium
23141,8,10,6,8,4.75,Medium
23144,6,10,4,9,5,Medium
23146,24,11,9,8,3.55,Medium
23147,9,8,5,5,4.233333333,Medium
23148,18,13,9,8,3.566666667,Medium
23152,21,10,9,1,3.928571429,Medium
23154,29,5,9,5,4.534482759,Medium
23157,9,8,6,1,4.733333333,Medium
23160,19,7,8,1,4.178947368,Medium
23163,13,6,6,7,4.107692308,Medium
23164,9,17,9,8,4.433333333,Medium
23166,7,14,5,4,3.985714286,Medium
23167,20,6,4,3,2.3,Medium
23169,28,11,7,9,2.371428571,Medium
23171,6,16,4,8,3.8,Medium
23172,9,1,2,2,4.133333333,Medium
23176,8,7,1,5,2.85,Medium
23178,24,3,3,8,2.15,Medium
23179,13,8,8,1,4.707692308,Medium
23181,17,2,5,6,3.864705882,Medium
23184,13,6,4,3,3.107692308,Medium
23188,10,15,8,2,4,Medium
23190,20,6,9,3,4.8,Medium
23192,17,3,6,2,4.164705882,Medium
23193,21,9,8,4,3.628571429,Medium
23196,19,10,5,6,2.078947368,Medium
23199,24,1,3,7,2.55,Medium
23200,17,6,3,1,2.064705882,Medium
23203,21,5,8,7,4.428571429,Medium
23205,9,12,4,3,2.933333333,Medium
23211,12,8,7,2,4.4,Medium
23212,8,16,3,3,2.05,Medium
23214,19,2,3,5,2.678947368,Medium
23216,12,7,2,8,2.1,Medium
23217,20,16,8,3,2.3,Medium
23222,9,10,6,6,4.333333333,Medium
23228,15,11,5,3,2.3,Medium
23236,21,5,9,5,4.928571429,Medium
23237,23,4,4,2,2.504347826,Medium
23239,15,5,6,5,4,Medium
23240,8,15,8,2,4.75,Medium
23243,6,14,1,3,2.7,Medium
23245,22,10,7,9,2.863636364,Medium
23246,9,15,6,8,3.333333333,Medium
23248,26,8,8,9,3.553846154,Medium
23249,14,15,9,3,3.642857143,Medium
23251,16,5,7,9,4.375,Medium
23256,23,8,5,1,2.204347826,Medium
23257,20,9,8,4,3.7,Medium
23258,8,13,5,6,3.65,Medium
23262,21,4,3,9,2.128571429,Medium
23264,18,5,3,6,2.166666667,Medium
23265,27,5,9,9,4.611111111,Medium
23268,7,16,3,3,2.585714286,Medium
23270,21,15,8,5,2.428571429,Medium
23271,6,16,4,9,3.8,Medium
23275,26,2,6,9,3.753846154,Medium
23276,16,3,7,1,4.775,Medium
23279,16,9,7,5,3.575,Medium
23280,11,18,8,5,3.127272727,Medium
23281,12,1,3,9,3.8,Medium
23285,24,1,3,2,2.55,Medium
23286,20,3,3,5,2.4,Medium
23287,21,1,4,2,3.228571429,Medium
23288,25,8,9,3,4.1,Medium
23290,14,11,6,2,2.942857143,Medium
23292,29,9,9,5,3.734482759,Medium
23293,7,17,3,4,2.385714286,Medium
23294,19,14,8,8,2.778947368,Medium
23295,26,1,4,1,2.953846154,Medium
23296,18,3,5,8,3.566666667,Medium
23300,5,17,3,3,4.1,Medium
23305,16,1,5,8,4.175,Medium
23306,18,14,7,2,2.366666667,Medium
23310,23,1,7,7,4.604347826,Medium
23312,9,16,8,4,4.133333333,Medium
23314,17,1,4,4,3.564705882,Medium
23318,19,12,9,1,3.678947368,Medium
23319,14,6,5,3,3.442857143,Medium
23320,9,9,6,1,4.533333333,Medium
23325,19,6,7,7,3.878947368,Medium
23326,15,9,6,4,3.2,Medium
23330,9,12,5,5,3.433333333,Medium
23331,12,12,6,8,3.1,Medium
23332,18,4,8,5,4.866666667,Medium
23334,9,18,6,4,2.733333333,Medium
23337,9,6,4,4,4.133333333,Medium
23339,24,11,8,9,3.05,Medium
23341,7,18,6,5,3.685714286,Medium
23342,11,10,4,9,2.727272727,Medium
23346,8,13,5,8,3.65,Medium
23348,18,13,7,1,2.566666667,Medium
23350,20,11,9,3,3.8,Medium
23351,23,5,8,9,4.304347826,Medium
23352,16,5,3,7,2.375,Medium
23354,20,5,8,9,4.5,Medium
23358,13,10,8,2,4.307692308,Medium
23360,8,1,1,4,4.05,Medium
23361,20,2,4,6,3.1,Medium
23364,13,12,6,3,2.907692308,Medium
23365,27,12,8,8,2.711111111,Medium
23367,6,18,6,4,4.4,Medium
23370,14,1,3,5,3.442857143,Medium
23371,11,12,4,7,2.327272727,Medium
23373,11,4,1,1,2.427272727,Medium
23376,18,2,4,8,3.266666667,Medium
23378,16,10,8,4,3.875,Medium
23379,28,7,7,6,3.171428571,Medium
23380,22,8,8,2,3.763636364,Medium
23382,12,19,7,3,2.2,Medium
23383,15,1,2,6,2.8,Medium
23387,15,7,8,4,4.6,Medium
23391,4,19,1,8,4.2,Medium
23393,20,19,9,7,2.2,Medium
23395,23,6,5,4,2.604347826,Medium
23396,19,16,9,6,2.878947368,Medium
23399,17,8,7,2,3.664705882,Medium
23408,23,7,5,6,2.404347826,Medium
23412,26,5,7,8,3.653846154,Medium
23414,13,13,6,2,2.707692308,Medium
23416,9,11,6,2,4.133333333,Medium
23417,23,3,3,7,2.204347826,Medium
23418,7,18,6,3,3.685714286,Medium
23422,13,11,9,2,4.607692308,Medium
23423,10,18,8,9,3.4,Medium
23428,28,9,9,8,3.771428571,Medium
23430,6,19,3,2,2.7,Medium
23431,20,17,9,2,2.6,Medium
23434,24,3,4,5,2.65,Medium
23435,11,7,5,4,3.827272727,Medium
23436,7,12,2,3,2.885714286,Medium
23438,19,11,8,9,3.378947368,Medium
23440,16,19,9,8,2.575,Medium
23443,20,2,2,9,2.1,Medium
23444,10,6,4,7,3.8,Medium
23447,26,18,9,2,2.053846154,Medium
23453,23,8,9,8,4.204347826,Medium
23457,16,11,9,4,4.175,Medium
23458,26,7,9,6,4.253846154,Medium
23461,14,9,5,1,2.842857143,Medium
23468,20,18,9,4,2.4,Medium
23469,13,17,9,4,3.407692308,Medium
23473,11,18,8,5,3.127272727,Medium
23474,13,12,8,3,3.907692308,Medium
23475,22,10,6,5,2.363636364,Medium
23479,15,10,6,7,3,Medium
23480,13,5,7,6,4.807692308,Medium
23481,5,14,1,1,3.7,Medium
23482,11,11,6,4,3.527272727,Medium
23484,12,11,6,3,3.3,Medium
23485,16,10,6,7,2.875,Medium
23487,17,2,5,8,3.864705882,Medium
23489,21,11,7,4,2.728571429,Medium
23491,24,14,8,7,2.45,Medium
23496,18,13,8,7,3.066666667,Medium
23497,14,11,8,3,3.942857143,Medium
23499,22,19,9,7,2.063636364,Medium
23501,13,2,1,8,2.407692308,Medium
23505,28,4,8,5,4.271428571,Medium
23511,8,16,6,1,3.55,Medium
23516,15,8,7,5,3.9,Medium
23520,18,10,7,2,3.166666667,Medium
23521,9,19,7,8,3.033333333,Medium
23524,22,3,3,8,2.263636364,Medium
23528,25,10,7,6,2.7,Medium
23529,12,17,8,1,3.1,Medium
23530,12,3,5,6,4.4,Medium
23533,10,7,1,6,2.1,Medium
23537,16,17,8,4,2.475,Medium
23540,25,2,7,4,4.3,Medium
23541,18,10,9,1,4.166666667,Medium
23544,6,12,1,8,3.1,Medium
23545,27,2,7,1,4.211111111,Medium
23548,16,1,3,2,3.175,Medium
23549,29,3,5,4,2.934482759,Medium
23550,20,5,5,4,3,Medium
23552,10,12,5,7,3.1,Medium
23555,21,6,8,8,4.228571429,Medium
23556,17,9,6,3,2.964705882,Medium
23565,24,5,7,3,3.75,Medium
23571,25,5,8,8,4.2,Medium
23573,18,2,3,4,2.766666667,Medium
23576,6,5,1,7,4.5,Medium
23581,18,5,8,4,4.666666667,Medium
23582,13,2,6,5,4.907692308,Medium
23585,29,6,8,8,3.834482759,Medium
23588,12,12,4,2,2.1,Medium
23590,12,14,5,1,2.2,Medium
23591,21,8,7,5,3.328571429,Medium
23592,6,8,3,7,4.9,Medium
23597,7,12,2,7,2.885714286,Medium
23601,14,8,7,4,4.042857143,Medium
23604,28,2,8,6,4.671428571,Medium
23609,26,7,8,7,3.753846154,Medium
23614,13,4,4,3,3.507692308,Medium
23617,9,4,1,5,3.033333333,Medium
23623,15,12,8,1,3.6,Medium
23625,22,16,8,9,2.163636364,Medium
23626,21,2,7,3,4.528571429,Medium
23630,20,3,6,8,3.9,Medium
23633,27,15,9,9,2.611111111,Medium
23635,14,11,8,5,3.942857143,Medium
23638,18,1,6,1,4.466666667,Medium
23640,13,12,8,9,3.907692308,Medium
23644,13,1,1,6,2.607692308,Medium
23645,10,10,6,7,4,Medium
23648,27,16,9,5,2.411111111,Medium
23652,27,10,6,2,2.111111111,Medium
23653,23,2,3,1,2.404347826,Medium
23655,20,12,9,8,3.6,Medium
23657,5,13,2,5,4.4,Medium
23659,16,9,7,9,3.575,Medium
23660,6,15,5,7,4.5,Medium
23666,19,11,7,5,2.878947368,Medium
23668,23,2,7,1,4.404347826,Medium
23669,8,16,4,9,2.55,Medium
23672,8,5,2,4,3.75,Medium
23674,23,14,8,3,2.504347826,Medium
23677,21,2,7,5,4.528571429,Medium
23679,23,1,5,1,3.604347826,Medium
23682,18,6,7,9,3.966666667,Medium
23683,6,13,1,9,2.9,Medium
23689,11,8,7,4,4.627272727,Medium
23699,17,5,6,8,3.764705882,Medium
23705,26,9,8,2,3.353846154,Medium
23706,28,8,9,2,3.971428571,Medium
23708,20,3,5,3,3.4,Medium
23711,11,5,2,2,2.727272727,Medium
23712,21,17,8,2,2.028571429,Medium
23715,24,2,8,2,4.85,Medium
23716,15,13,9,3,3.9,Medium
23718,29,11,8,5,2.834482759,Medium
23719,24,4,5,8,2.95,Medium
23720,21,7,4,6,2.028571429,Medium
23722,25,15,9,8,2.7,Medium
23725,10,16,7,8,3.3,Medium
23728,17,2,4,8,3.364705882,Medium
23733,29,4,6,5,3.234482759,Medium
23734,10,18,7,1,2.9,Medium
23735,18,11,8,4,3.466666667,Medium
23738,11,7,2,9,2.327272727,Medium
23739,23,4,6,9,3.504347826,Medium
23741,8,9,2,3,2.95,Medium
23744,7,13,2,7,2.685714286,Medium
23746,28,3,5,1,2.971428571,Medium
23748,14,3,4,5,3.542857143,Medium
23754,22,6,7,6,3.663636364,Medium
23758,16,10,7,7,3.375,Medium
23762,12,10,6,1,3.5,Medium
23764,15,9,9,6,4.7,Medium
23765,10,16,9,8,4.3,Medium
23766,14,11,8,9,3.942857143,Medium
23767,29,16,9,3,2.334482759,Medium
23770,7,12,5,6,4.385714286,Medium
23771,25,10,9,5,3.7,Medium
23772,15,12,5,6,2.1,Medium
23774,10,10,4,6,3,Medium
23776,20,6,8,6,4.3,Medium
23780,17,15,7,6,2.264705882,Medium
23782,24,8,6,5,2.65,Medium
23783,8,10,2,5,2.75,Medium
23786,11,19,7,3,2.427272727,Medium
23788,27,15,9,6,2.611111111,Medium
23792,10,9,3,4,2.7,Medium
23793,28,10,7,5,2.571428571,Medium
23794,26,9,7,3,2.853846154,Medium
23795,24,7,6,4,2.85,Medium
23796,25,4,9,1,4.9,Medium
23798,26,6,6,2,2.953846154,Medium
23799,13,9,5,7,3.007692308,Medium
23801,8,9,2,3,2.95,Medium
23802,7,17,8,9,4.885714286,Medium
23804,11,15,9,8,4.227272727,Medium
23806,21,4,4,3,2.628571429,Medium
23807,6,13,2,7,3.4,Medium
23809,20,7,5,6,2.6,Medium
23812,12,10,6,5,3.5,Medium
23813,6,19,7,5,4.7,Medium
23815,28,2,5,3,3.171428571,Medium
23820,23,12,8,9,2.904347826,Medium
23821,17,3,5,8,3.664705882,Medium
23822,24,12,7,5,2.35,Medium
23823,23,15,9,6,2.804347826,Medium
23827,10,11,7,2,4.3,Medium
23829,27,1,7,4,4.411111111,Medium
23835,8,15,3,3,2.25,Medium
23836,14,13,5,8,2.042857143,Medium
23837,12,12,7,8,3.6,Medium
23838,10,6,5,4,4.3,Medium
23839,10,6,6,8,4.8,Medium
23841,18,3,4,7,3.066666667,Medium
23844,14,2,6,8,4.742857143,Medium
23850,10,7,4,3,3.6,Medium
23852,27,10,6,8,2.111111111,Medium
23853,29,4,5,7,2.734482759,Medium
23857,29,14,9,8,2.734482759,Medium
23858,12,8,7,5,4.4,Medium
23860,23,1,7,9,4.604347826,Medium
23865,18,12,8,4,3.266666667,Medium
23868,4,18,2,5,4.9,Medium
23871,9,14,3,8,2.033333333,Medium
23873,19,2,5,8,3.678947368,Medium
23878,11,18,8,5,3.127272727,Medium
23886,21,1,5,2,3.728571429,Medium
23888,8,10,3,1,3.25,Medium
23889,27,5,5,9,2.611111111,Medium
23892,19,4,4,7,2.778947368,Medium
23894,18,7,8,1,4.266666667,Medium
23895,15,2,6,3,4.6,Medium
23896,10,3,1,5,2.9,Medium
23899,10,15,5,7,2.5,Medium
23900,15,9,5,5,2.7,Medium
23902,6,14,5,2,4.7,Medium
23905,9,8,6,7,4.733333333,Medium
23907,17,1,6,6,4.564705882,Medium
23909,26,4,6,8,3.353846154,Medium
23910,19,18,9,1,2.478947368,Medium
23912,25,8,8,9,3.6,Medium
23913,24,16,8,5,2.05,Medium
23915,22,15,8,7,2.363636364,Medium
23916,7,15,6,9,4.285714286,Medium
23918,25,3,4,1,2.6,Medium
23924,17,5,3,7,2.264705882,Medium
23928,26,2,4,8,2.753846154,Medium
23929,25,8,8,7,3.6,Medium
23932,9,10,7,2,4.833333333,Medium
23933,15,16,9,5,3.3,Medium
23935,11,7,5,5,3.827272727,Medium
23937,20,10,6,6,2.5,Medium
23951,14,6,7,6,4.442857143,Medium
23954,9,5,4,7,4.333333333,Medium
23958,6,19,3,1,2.7,Medium
23959,5,17,2,1,3.6,Medium
23963,9,12,6,1,3.933333333,Medium
23968,17,4,8,3,4.964705882,Medium
23970,25,13,9,8,3.1,Medium
23975,27,8,5,8,2.011111111,Medium
23978,8,18,7,4,3.65,Medium
23979,22,19,9,9,2.063636364,Medium
23981,23,5,7,9,3.804347826,Medium
23982,25,5,5,8,2.7,Medium
23984,25,4,7,6,3.9,Medium
23986,15,17,9,6,3.1,Medium
23988,13,16,7,1,2.607692308,Medium
23989,27,4,4,8,2.311111111,Medium
23990,28,1,4,6,2.871428571,Medium
23994,24,7,5,3,2.35,Medium
23995,22,2,6,1,3.963636364,Medium
23999,24,3,6,3,3.65,Medium
24002,24,8,7,2,3.15,Medium
24004,21,1,5,3,3.728571429,Medium
24005,23,5,9,7,4.804347826,Medium
24006,6,13,5,3,4.9,Medium
24007,16,1,3,7,3.175,Medium
24013,12,5,5,7,4,Medium
24015,9,18,8,2,3.733333333,Medium
24020,16,4,5,6,3.575,Medium
24027,12,5,7,9,5,Medium
24029,5,14,2,1,4.2,Medium
24030,17,1,5,3,4.064705882,Medium
24033,6,18,2,1,2.4,Medium
24035,9,19,6,8,2.533333333,Medium
24037,8,7,3,6,3.85,Medium
24040,20,4,5,7,3.2,Medium
24042,5,9,1,1,4.7,Medium
24044,23,9,9,6,4.004347826,Medium
24046,8,18,8,2,4.15,Medium
24047,20,4,4,2,2.7,Medium
24048,26,9,8,2,3.353846154,Medium
24051,4,16,1,9,4.8,Medium
24053,21,8,9,1,4.328571429,Medium
24054,18,8,4,6,2.066666667,Medium
24058,12,2,3,9,3.6,Medium
24060,7,17,4,3,2.885714286,Medium
24062,10,19,9,4,3.7,Medium
24063,12,4,4,6,3.7,Medium
24064,28,8,8,4,3.471428571,Medium
24066,9,13,8,2,4.733333333,Medium
24067,12,4,1,2,2.2,Medium
24068,10,3,3,5,3.9,Medium
24070,22,5,6,2,3.363636364,Medium
24071,26,18,9,8,2.053846154,Medium
24072,6,19,7,2,4.7,Medium
24075,6,10,4,6,5,Medium
24077,17,9,9,3,4.464705882,Medium
24079,23,2,8,3,4.904347826,Medium
24080,7,2,1,9,4.385714286,Medium
24082,13,6,7,3,4.607692308,Medium
24083,20,6,8,4,4.3,Medium
24084,5,15,2,9,4,Medium
24085,15,4,7,5,4.7,Medium
24086,28,5,9,4,4.571428571,Medium
24087,25,6,8,6,4,Medium
24088,24,2,4,4,2.85,Medium
24092,28,12,8,3,2.671428571,Medium
24095,29,3,6,6,3.434482759,Medium
24096,22,14,9,7,3.063636364,Medium
24099,16,11,8,1,3.675,Medium
24103,29,6,7,8,3.334482759,Medium
24104,7,8,3,8,4.185714286,Medium
24109,13,11,5,8,2.607692308,Medium
24112,13,3,5,9,4.207692308,Medium
24113,13,5,2,4,2.307692308,Medium
24115,12,12,9,8,4.6,Medium
24117,17,1,2,6,2.564705882,Medium
24118,20,1,3,7,2.8,Medium
24119,23,11,6,8,2.104347826,Medium
24120,23,13,7,9,2.204347826,Medium
24128,17,4,6,8,3.964705882,Medium
24129,8,17,9,8,4.85,Medium
24136,10,8,4,9,3.4,Medium
24139,13,15,9,3,3.807692308,Medium
24142,25,6,9,5,4.5,Medium
24144,5,12,2,5,4.6,Medium
24146,29,4,6,5,3.234482759,Medium
24148,24,4,9,8,4.95,Medium
24149,22,6,9,1,4.663636364,Medium
24150,16,6,7,5,4.175,Medium
24154,25,14,9,5,2.9,Medium
24159,25,4,4,5,2.4,Medium
24160,16,9,9,5,4.575,Medium
24161,27,3,6,2,3.511111111,Medium
24162,9,6,3,4,3.633333333,Medium
24165,16,1,5,7,4.175,Medium
24167,29,5,4,6,2.034482759,Medium
24174,15,9,4,9,2.2,Medium
24175,25,8,7,7,3.1,Medium
24176,13,3,3,4,3.207692308,Medium
24179,13,8,4,5,2.707692308,Medium
24182,10,4,3,1,3.7,Medium
24184,15,14,6,8,2.2,Medium
24185,19,8,8,2,3.978947368,Medium
24187,26,4,9,3,4.853846154,Medium
24188,15,12,5,5,2.1,Medium
24189,9,6,5,4,4.633333333,Medium
24191,7,2,2,9,4.885714286,Medium
24194,17,4,3,4,2.464705882,Medium
24199,20,12,9,2,3.6,Medium
24205,23,10,8,4,3.304347826,Medium
24206,5,19,1,6,2.7,Medium
24208,14,7,5,8,3.242857143,Medium
24210,9,11,3,1,2.633333333,Medium
24212,29,10,6,1,2.034482759,Medium
24213,27,7,9,9,4.211111111,Medium
24214,11,18,6,9,2.127272727,Medium
24215,13,10,8,8,4.307692308,Medium
24219,7,18,5,9,3.185714286,Medium
24220,25,9,6,9,2.4,Medium
24221,15,4,7,1,4.7,Medium
24222,9,8,5,3,4.233333333,Medium
24225,6,7,2,6,4.6,Medium
24229,14,17,8,7,2.742857143,Medium
24233,27,13,8,6,2.511111111,Medium
24235,12,12,4,9,2.1,Medium
24240,11,13,8,9,4.127272727,Medium
24241,20,3,6,5,3.9,Medium
24246,18,3,6,1,4.066666667,Medium
24247,7,9,4,8,4.485714286,Medium
24249,8,15,6,7,3.75,Medium
24252,12,3,1,8,2.4,Medium
24254,22,2,7,2,4.463636364,Medium
24261,14,16,9,9,3.442857143,Medium
24264,26,2,5,8,3.253846154,Medium
24265,21,9,5,9,2.128571429,Medium
24267,18,6,8,6,4.466666667,Medium
24268,19,4,5,4,3.278947368,Medium
24269,25,6,7,5,3.5,Medium
24271,14,5,7,7,4.642857143,Medium
24276,6,11,2,1,3.8,Medium
24279,21,14,9,7,3.128571429,Medium
24280,12,10,9,1,5,Medium
24283,27,2,5,8,3.211111111,Medium
24287,23,1,3,7,2.604347826,Medium
24288,13,1,2,4,3.107692308,Medium
24292,10,8,4,5,3.4,Medium
24293,13,9,5,7,3.007692308,Medium
24294,9,6,1,7,2.633333333,Medium
24297,9,16,7,8,3.633333333,Medium
24299,18,5,6,6,3.666666667,Medium
24300,14,2,4,7,3.742857143,Medium
24301,23,5,6,7,3.304347826,Medium
24302,17,8,4,6,2.164705882,Medium
24307,12,2,1,2,2.6,Medium
24308,25,9,8,4,3.4,Medium
24310,16,2,2,7,2.475,Medium
24311,7,18,3,2,2.185714286,Medium
24313,9,19,8,5,3.533333333,Medium
24314,19,5,7,6,4.078947368,Medium
24318,28,10,7,6,2.571428571,Medium
24320,16,9,5,8,2.575,Medium
24330,19,2,4,3,3.178947368,Medium
24333,13,4,3,8,3.007692308,Medium
24334,10,14,9,6,4.7,Medium
24335,23,11,7,4,2.604347826,Medium
24337,7,9,4,8,4.485714286,Medium
24343,18,10,7,1,3.166666667,Medium
24344,9,3,3,2,4.233333333,Medium
24345,12,7,4,8,3.1,Medium
24347,8,12,2,7,2.35,Medium
24351,11,11,4,2,2.527272727,Medium
24352,9,10,7,6,4.833333333,Medium
24357,21,8,5,6,2.328571429,Medium
24358,23,4,5,8,3.004347826,Medium
24361,7,12,6,7,4.885714286,Medium
24364,24,2,5,9,3.35,Medium
24368,19,2,2,9,2.178947368,Medium
24376,27,5,9,5,4.611111111,Medium
24378,21,12,6,4,2.028571429,Medium
24379,7,7,4,7,4.885714286,Medium
24382,19,2,5,8,3.678947368,Medium
24383,20,15,9,8,3,Medium
24385,26,17,9,3,2.253846154,Medium
24387,15,3,7,4,4.9,Medium
24390,27,9,9,5,3.811111111,Medium
24391,11,1,2,1,3.527272727,Medium
24396,9,19,8,4,3.533333333,Medium
24397,13,13,8,4,3.707692308,Medium
24400,20,13,9,7,3.4,Medium
24401,14,1,4,4,3.942857143,Medium
24408,17,15,9,4,3.264705882,Medium
24410,16,3,6,8,4.275,Medium
24411,11,9,6,3,3.927272727,Medium
24413,14,6,5,5,3.442857143,Medium
24414,22,16,9,8,2.663636364,Medium
24420,16,9,8,7,4.075,Medium
24421,6,13,3,3,3.9,Medium
24424,12,1,3,2,3.8,Medium
24425,18,11,8,5,3.466666667,Medium
24428,14,11,9,6,4.442857143,Medium
24431,15,14,8,7,3.2,Medium
24434,28,7,6,2,2.671428571,Medium
24436,29,3,7,6,3.934482759,Medium
24438,11,5,1,6,2.227272727,Medium
24439,14,5,3,5,2.642857143,Medium
24440,7,16,5,8,3.585714286,Medium
24443,21,3,5,9,3.328571429,Medium
24447,14,3,5,5,4.042857143,Medium
24448,20,9,9,1,4.2,Medium
24450,23,10,7,2,2.804347826,Medium
24456,13,16,8,6,3.107692308,Medium
24462,16,13,9,7,3.775,Medium
24465,13,19,8,1,2.507692308,Medium
24468,5,8,1,5,4.9,Medium
24472,26,4,6,6,3.353846154,Medium
24473,5,16,4,8,4.8,Medium
24477,13,2,3,5,3.407692308,Medium
24478,12,15,6,8,2.5,Medium
24480,25,10,9,2,3.7,Medium
24482,9,8,2,3,2.733333333,Medium
24484,23,14,9,5,3.004347826,Medium
24486,8,17,8,3,4.35,Medium
24489,6,11,1,9,3.3,Medium
24497,16,9,4,4,2.075,Medium
24501,10,4,4,4,4.2,Medium
24503,9,6,5,5,4.633333333,Medium
24509,20,6,7,4,3.8,Medium
24512,17,11,9,2,4.064705882,Medium
24514,12,10,5,6,3,Medium
24516,14,13,6,5,2.542857143,Medium
24517,13,1,1,7,2.607692308,Medium
24519,11,9,4,5,2.927272727,Medium
24522,26,10,9,7,3.653846154,Medium
24524,11,6,5,6,4.027272727,Medium
24525,16,5,8,1,4.875,Medium
24530,22,5,5,2,2.863636364,Medium
24533,28,2,4,8,2.671428571,Medium
24534,17,8,6,8,3.164705882,Medium
24535,22,8,5,9,2.263636364,Medium
24536,19,6,7,4,3.878947368,Medium
24538,20,1,5,9,3.8,Medium
24540,22,16,8,2,2.163636364,Medium
24548,11,8,3,3,2.627272727,Medium
24552,17,14,9,6,3.464705882,Medium
24556,12,12,7,6,3.6,Medium
24561,18,13,6,8,2.066666667,Medium
24562,25,6,5,6,2.5,Medium
24563,6,7,1,4,4.1,Medium
24564,14,7,7,3,4.242857143,Medium
24565,23,8,9,2,4.204347826,Medium
24568,9,13,4,6,2.733333333,Medium
24569,9,3,4,4,4.733333333,Medium
24575,10,6,1,3,2.3,Medium
24576,14,12,8,3,3.742857143,Medium
24578,28,9,8,7,3.271428571,Medium
24583,14,7,7,2,4.242857143,Medium
24584,6,12,3,4,4.1,Medium
24588,29,5,9,9,4.534482759,Medium
24589,24,7,5,8,2.35,Medium
24590,14,11,7,6,3.442857143,Medium
24591,27,6,5,2,2.411111111,Medium
24592,23,3,4,7,2.704347826,Medium
24595,11,1,2,4,3.527272727,Medium
24598,8,12,3,1,2.85,Medium
24601,29,2,3,4,2.134482759,Medium
24607,17,10,5,1,2.264705882,Medium
24608,22,1,4,6,3.163636364,Medium
24609,16,2,6,7,4.475,Medium
24611,23,7,9,3,4.404347826,Medium
24612,7,6,1,8,3.585714286,Medium
24613,21,6,6,9,3.228571429,Medium
24616,12,3,2,2,2.9,Medium
24623,19,11,8,6,3.378947368,Medium
24624,15,3,7,2,4.9,Medium
24625,6,18,3,1,2.9,Medium
24629,19,3,6,4,3.978947368,Medium
24630,23,4,7,2,4.004347826,Medium
24631,11,11,3,9,2.027272727,Medium
24634,7,15,3,2,2.785714286,Medium
24639,26,12,8,2,2.753846154,Medium
24642,10,14,4,4,2.2,Medium
24645,14,11,7,4,3.442857143,Medium
24646,11,9,7,2,4.427272727,Medium
24653,10,2,2,9,3.6,Medium
24656,26,13,8,3,2.553846154,Medium
24659,12,1,3,9,3.8,Medium
24662,14,4,7,1,4.842857143,Medium
24668,28,9,7,6,2.771428571,Medium
24669,14,1,1,7,2.442857143,Medium
24670,15,5,4,4,3,Medium
24672,10,7,3,9,3.1,Medium
24675,7,16,2,2,2.085714286,Medium
24676,17,8,7,2,3.664705882,Medium
24681,15,9,7,8,3.7,Medium
24684,11,14,9,9,4.427272727,Medium
24687,13,12,8,6,3.907692308,Medium
24688,6,12,3,7,4.1,Medium
24690,22,7,7,2,3.463636364,Medium
24691,9,12,6,5,3.933333333,Medium
24693,13,11,5,7,2.607692308,Medium
24697,13,2,1,9,2.407692308,Medium
24700,19,12,9,8,3.678947368,Medium
24701,9,6,3,8,3.633333333,Medium
24704,23,16,8,6,2.104347826,Medium
24706,15,10,9,6,4.5,Medium
24707,23,4,6,7,3.504347826,Medium
24709,12,12,5,4,2.6,Medium
24713,19,15,7,5,2.078947368,Medium
24716,26,10,8,7,3.153846154,Medium
24717,12,13,8,8,3.9,Medium
24719,26,14,8,5,2.353846154,Medium
24726,7,9,4,3,4.485714286,Medium
24728,11,11,6,5,3.527272727,Medium
24729,28,5,5,5,2.571428571,Medium
24730,12,8,4,9,2.9,Medium
24731,7,18,8,1,4.685714286,Medium
24732,7,6,1,4,3.585714286,Medium
24735,16,19,8,1,2.075,Medium
24737,7,8,1,7,3.185714286,Medium
24741,9,1,1,6,3.633333333,Medium
24742,25,6,8,4,4,Medium
24743,5,19,2,5,3.2,Medium
24746,17,7,5,3,2.864705882,Medium
24748,11,5,3,6,3.227272727,Medium
24749,23,13,7,6,2.204347826,Medium
24750,28,10,7,2,2.571428571,Medium
24753,13,2,6,6,4.907692308,Medium
24755,24,5,5,8,2.75,Medium
24759,22,10,8,4,3.363636364,Medium
24760,17,13,7,2,2.664705882,Medium
24761,29,17,9,6,2.134482759,Medium
24764,10,11,8,6,4.8,Medium
24767,28,8,8,2,3.471428571,Medium
24772,17,14,9,8,3.464705882,Medium
24773,18,12,6,9,2.266666667,Medium
24774,15,5,4,4,3,Medium
24775,12,2,3,4,3.6,Medium
24779,9,12,4,9,2.933333333,Medium
24780,26,7,5,9,2.253846154,Medium
24782,14,4,5,7,3.842857143,Medium
24788,23,8,5,9,2.204347826,Medium
24794,14,3,4,2,3.542857143,Medium
24795,17,9,8,2,3.964705882,Medium
24797,17,11,9,1,4.064705882,Medium
24799,14,14,9,8,3.842857143,Medium
24802,12,11,5,1,2.8,Medium
24803,21,11,8,1,3.228571429,Medium
24807,26,10,6,5,2.153846154,Medium
24808,14,14,6,3,2.342857143,Medium
24809,18,7,5,9,2.766666667,Medium
24811,22,18,9,5,2.263636364,Medium
24814,12,7,5,7,3.6,Medium
24818,21,7,6,5,3.028571429,Medium
24821,7,5,1,7,3.785714286,Medium
24823,7,7,1,3,3.385714286,Medium
24837,16,10,9,7,4.375,Medium
24841,12,4,1,8,2.2,Medium
24843,14,14,7,2,2.842857143,Medium
24852,8,7,1,2,2.85,Medium
24853,19,6,8,7,4.378947368,Medium
24854,22,5,8,6,4.363636364,Medium
24855,21,2,5,7,3.528571429,Medium
24856,7,14,6,6,4.485714286,Medium
24862,17,11,8,6,3.564705882,Medium
24865,27,2,8,3,4.711111111,Medium
24866,8,15,5,7,3.25,Medium
24874,10,5,6,8,5,Medium
24875,12,6,7,7,4.8,Medium
24876,20,16,8,9,2.3,Medium
24877,15,6,6,6,3.8,Medium
24880,13,10,5,6,2.807692308,Medium
24881,21,2,2,9,2.028571429,Medium
24883,27,17,9,3,2.211111111,Medium
24884,16,18,8,8,2.275,Medium
24887,21,2,2,5,2.028571429,Medium
24888,19,4,3,6,2.278947368,Medium
24889,13,8,6,5,3.707692308,Medium
24893,25,13,7,4,2.1,Medium
24895,10,15,6,4,3,Medium
24897,10,1,3,2,4.3,Medium
24900,11,18,6,3,2.127272727,Medium
24901,27,5,7,5,3.611111111,Medium
24903,13,10,5,8,2.807692308,Medium
24906,16,8,9,7,4.775,Medium
24910,26,1,5,5,3.453846154,Medium
24913,7,11,4,9,4.085714286,Medium
24916,21,8,6,9,2.828571429,Medium
24920,13,2,1,9,2.407692308,Medium
24926,22,5,6,8,3.363636364,Medium
24931,13,10,5,3,2.807692308,Medium
24932,22,10,8,2,3.363636364,Medium
24937,22,6,5,8,2.663636364,Medium
24942,25,3,3,7,2.1,Medium
24945,27,12,8,9,2.711111111,Medium
24948,28,1,3,9,2.371428571,Medium
24949,24,12,9,8,3.35,Medium
24954,10,13,8,5,4.4,Medium
24956,6,14,4,8,4.2,Medium
24957,15,14,6,3,2.2,Medium
24958,18,3,2,4,2.066666667,Medium
24959,16,6,8,8,4.675,Medium
24960,7,17,3,9,2.385714286,Medium
24961,15,4,6,1,4.2,Medium
24964,10,15,8,4,4,Medium
24966,9,1,1,5,3.633333333,Medium
24969,11,3,2,1,3.127272727,Medium
24974,18,17,9,5,2.766666667,Medium
24975,26,6,5,5,2.453846154,Medium
24977,13,4,1,6,2.007692308,Medium
24979,6,14,1,1,2.7,Medium
24980,11,14,9,4,4.427272727,Medium
24985,8,3,3,8,4.65,Medium
24987,17,8,8,3,4.164705882,Medium
24988,28,10,9,2,3.571428571,Medium
24990,26,4,6,9,3.353846154,Medium
24991,9,6,2,6,3.133333333,Medium
24992,16,10,9,8,4.375,Medium
24994,28,1,5,6,3.371428571,Medium
24997,20,1,6,4,4.3,Medium
24998,25,2,5,3,3.3,Medium
25002,8,16,5,1,3.05,Medium
25004,13,6,6,2,4.107692308,Medium
25007,27,3,4,9,2.511111111,Medium
25012,19,9,9,7,4.278947368,Medium
25015,13,1,5,6,4.607692308,Medium
25021,16,13,7,6,2.775,Medium
25022,27,8,5,1,2.011111111,Medium
25024,8,17,8,5,4.35,Medium
25025,17,9,6,1,2.964705882,Medium
25027,8,3,1,2,3.65,Medium
25028,16,9,6,4,3.075,Medium
25030,18,18,9,2,2.566666667,Medium
25033,10,12,3,7,2.1,Medium
25044,8,4,3,6,4.45,Medium
25047,21,7,8,9,4.028571429,Medium
25048,20,11,8,5,3.3,Medium
25050,28,2,7,5,4.171428571,Medium
25053,19,5,5,8,3.078947368,Medium
25055,13,12,6,6,2.907692308,Medium
25057,16,17,9,9,2.975,Medium
25058,17,4,7,9,4.464705882,Medium
25066,23,1,3,1,2.604347826,Medium
25068,20,7,8,2,4.1,Medium
25069,7,19,4,4,2.485714286,Medium
25071,22,19,9,6,2.063636364,Medium
25074,16,7,9,4,4.975,Medium
25076,28,3,8,8,4.471428571,Medium
25077,14,7,7,6,4.242857143,Medium
25079,11,14,5,4,2.427272727,Medium
25080,17,18,8,3,2.164705882,Medium
25081,22,1,3,7,2.663636364,Medium
25083,24,4,5,7,2.95,Medium
25085,20,8,5,7,2.4,Medium
25094,5,12,1,7,4.1,Medium
25095,7,10,2,3,3.285714286,Medium
25097,14,2,6,6,4.742857143,Medium
25100,23,16,9,9,2.604347826,Medium
25102,12,4,4,4,3.7,Medium
25103,21,1,4,7,3.228571429,Medium
25104,23,2,5,2,3.404347826,Medium
25111,29,2,3,9,2.134482759,Medium
25115,25,14,9,7,2.9,Medium
25122,14,7,7,7,4.242857143,Medium
25124,7,9,3,9,3.985714286,Medium
25126,15,1,5,1,4.3,Medium
25130,9,7,4,7,3.933333333,Medium
25131,11,9,8,1,4.927272727,Medium
25133,18,7,6,9,3.266666667,Medium
25135,9,8,1,3,2.233333333,Medium
25138,17,15,9,3,3.264705882,Medium
25140,15,1,6,3,4.8,Medium
25141,8,6,1,9,3.05,Medium
25143,29,8,9,4,3.934482759,Medium
25145,11,14,8,8,3.927272727,Medium
25148,9,7,6,3,4.933333333,Medium
25149,16,11,6,1,2.675,Medium
25151,9,6,2,1,3.133333333,Medium
25153,9,8,2,2,2.733333333,Medium
25154,24,2,3,9,2.35,Medium
25155,15,9,7,5,3.7,Medium
25157,13,14,9,1,4.007692308,Medium
25158,20,2,7,7,4.6,Medium
25160,14,10,9,2,4.642857143,Medium
25162,26,5,9,4,4.653846154,Medium
25163,18,9,7,1,3.366666667,Medium
25167,15,6,5,5,3.3,Medium
25172,15,12,8,5,3.6,Medium
25174,11,1,2,9,3.527272727,Medium
25175,29,7,8,7,3.634482759,Medium
25180,15,12,5,2,2.1,Medium
25181,19,3,3,8,2.478947368,Medium
25182,22,5,4,4,2.363636364,Medium
25183,20,12,7,4,2.6,Medium
25185,9,19,9,2,4.033333333,Medium
25187,23,6,7,2,3.604347826,Medium
25190,13,19,8,6,2.507692308,Medium
25192,10,19,6,3,2.2,Medium
25193,16,4,5,9,3.575,Medium
25194,14,15,9,2,3.642857143,Medium
25195,23,12,7,9,2.404347826,Medium
25199,22,11,6,1,2.163636364,Medium
25201,12,13,6,1,2.9,Medium
25202,12,4,4,9,3.7,Medium
25203,9,9,6,2,4.533333333,Medium
25206,7,7,2,1,3.885714286,Medium
25209,17,8,4,6,2.164705882,Medium
25210,14,13,9,2,4.042857143,Medium
25212,20,5,8,7,4.5,Medium
25216,12,10,8,3,4.5,Medium
25219,6,11,4,9,4.8,Medium
25220,18,13,9,6,3.566666667,Medium
25222,25,10,6,7,2.2,Medium
25223,21,14,8,8,2.628571429,Medium
25224,16,16,8,9,2.675,Medium
25225,15,14,8,6,3.2,Medium
25226,18,14,9,8,3.366666667,Medium
25228,15,16,9,1,3.3,Medium
25229,28,10,7,6,2.571428571,Medium
25231,10,4,4,4,4.2,Medium
25232,19,4,5,9,3.278947368,Medium
25233,14,4,3,5,2.842857143,Medium
25234,14,13,6,9,2.542857143,Medium
25238,18,2,4,1,3.266666667,Medium
25240,8,9,2,3,2.95,Medium
25242,11,14,6,9,2.927272727,Medium
25246,27,6,8,1,3.911111111,Medium
25249,10,13,7,1,3.9,Medium
25252,23,9,6,8,2.504347826,Medium
25258,10,16,8,1,3.8,Medium
25260,22,12,8,2,2.963636364,Medium
25262,28,4,9,6,4.771428571,Medium
25263,9,2,4,6,4.933333333,Medium
25264,10,5,1,1,2.5,Medium
25265,17,10,9,1,4.264705882,Medium
25267,29,9,6,3,2.234482759,Medium
25268,19,5,8,6,4.578947368,Medium
25274,9,3,1,4,3.233333333,Medium
25275,29,3,6,3,3.434482759,Medium
25277,15,16,8,9,2.8,Medium
25281,7,4,3,7,4.985714286,Medium
25285,9,15,9,2,4.833333333,Medium
25287,13,10,9,3,4.807692308,Medium
25290,19,3,8,4,4.978947368,Medium
25291,14,6,4,8,2.942857143,Medium
25294,9,11,3,1,2.633333333,Medium
25304,16,5,6,3,3.875,Medium
25305,11,11,4,5,2.527272727,Medium
25307,25,2,4,4,2.8,Medium
25309,9,19,7,3,3.033333333,Medium
25313,18,17,9,5,2.766666667,Medium
25315,29,3,6,2,3.434482759,Medium
25317,17,9,8,6,3.964705882,Medium
25318,22,3,4,1,2.763636364,Medium
25329,10,1,4,1,4.8,Medium
25330,23,3,3,1,2.204347826,Medium
25332,6,19,4,8,3.2,Medium
25335,24,11,8,1,3.05,Medium
25341,7,16,2,2,2.085714286,Medium
25342,21,1,2,4,2.228571429,Medium
25344,5,15,1,1,3.5,Medium
25345,28,12,7,1,2.171428571,Medium
25346,7,2,1,7,4.385714286,Medium
25347,12,11,5,2,2.8,Medium
25350,26,3,3,6,2.053846154,Medium
25354,29,6,9,1,4.334482759,Medium
25360,17,18,9,2,2.664705882,Medium
25370,24,3,4,7,2.65,Medium
25372,12,2,3,3,3.6,Medium
25373,8,16,3,8,2.05,Medium
25376,19,1,7,3,4.878947368,Medium
25379,12,4,5,1,4.2,Medium
25380,22,11,8,8,3.163636364,Medium
25383,29,8,6,1,2.434482759,Medium
25384,18,8,9,9,4.566666667,Medium
25389,13,7,3,6,2.407692308,Medium
25390,11,9,7,4,4.427272727,Medium
25392,20,1,7,5,4.8,Medium
25393,23,3,8,8,4.704347826,Medium
25396,20,5,6,3,3.5,Medium
25401,20,8,7,8,3.4,Medium
25402,8,18,9,1,4.65,Medium
25404,12,13,9,7,4.4,Medium
25405,11,16,5,4,2.027272727,Medium
25406,5,14,1,8,3.7,Medium
25411,19,12,7,7,2.678947368,Medium
25412,7,14,6,4,4.485714286,Medium
25415,16,17,8,2,2.475,Medium
25418,7,14,2,5,2.485714286,Medium
25419,21,1,2,4,2.228571429,Medium
25421,11,11,6,5,3.527272727,Medium
25425,28,6,9,6,4.371428571,Medium
25427,22,9,5,3,2.063636364,Medium
25428,12,2,3,3,3.6,Medium
25430,9,11,7,2,4.633333333,Medium
25436,27,6,5,2,2.411111111,Medium
25448,28,7,9,7,4.171428571,Medium
25449,21,2,2,3,2.028571429,Medium
25451,14,12,7,3,3.242857143,Medium
25453,10,9,7,5,4.7,Medium
25457,18,6,4,2,2.466666667,Medium
25458,20,2,5,3,3.6,Medium
25459,29,10,8,6,3.034482759,Medium
25462,8,9,1,5,2.45,Medium
25464,6,19,2,9,2.2,Medium
25465,5,19,1,3,2.7,Medium
25469,16,1,1,7,2.175,Medium
25472,16,8,8,2,4.275,Medium
25473,14,17,9,4,3.242857143,Medium
25477,6,11,3,3,4.3,Medium
25480,15,7,8,6,4.6,Medium
25483,18,3,3,9,2.566666667,Medium
25485,16,2,5,7,3.975,Medium
25487,19,6,6,4,3.378947368,Medium
25489,26,9,7,7,2.853846154,Medium
25499,14,8,3,1,2.042857143,Medium
25500,8,14,5,9,3.45,Medium
25501,10,17,9,6,4.1,Medium
25504,17,12,6,7,2.364705882,Medium
25507,6,19,3,6,2.7,Medium
25510,14,9,6,6,3.342857143,Medium
25513,10,15,7,7,3.5,Medium
25514,12,5,3,6,3,Medium
25515,5,15,4,9,5,Medium
25517,14,14,9,4,3.842857143,Medium
25519,25,1,3,3,2.5,Medium
25524,20,9,6,1,2.7,Medium
25527,15,3,2,7,2.4,Medium
25529,13,1,1,1,2.607692308,Medium
25530,7,14,4,1,3.485714286,Medium
25533,10,19,6,1,2.2,Medium
25537,21,10,9,5,3.928571429,Medium
25539,16,14,7,5,2.575,Medium
25543,29,11,8,4,2.834482759,Medium
25549,7,7,4,3,4.885714286,Medium
25553,11,10,5,1,3.227272727,Medium
25560,8,4,1,9,3.45,Medium
25562,22,1,6,4,4.163636364,Medium
25565,17,2,3,1,2.864705882,Medium
25566,18,12,9,1,3.766666667,Medium
25568,22,5,6,4,3.363636364,Medium
25570,13,2,2,7,2.907692308,Medium
25571,13,13,5,1,2.207692308,Medium
25573,20,1,4,1,3.3,Medium
25574,18,14,7,7,2.366666667,Medium
25575,16,19,9,9,2.575,Medium
25578,14,14,9,4,3.842857143,Medium
25582,16,4,7,5,4.575,Medium
25584,20,7,9,2,4.6,Medium
25585,28,4,8,7,4.271428571,Medium
25587,8,3,3,3,4.65,Medium
25591,7,12,1,9,2.385714286,Medium
25594,17,10,8,9,3.764705882,Medium
25598,15,8,6,6,3.4,Medium
25600,18,4,6,8,3.866666667,Medium
25603,26,14,8,3,2.353846154,Medium
25604,8,13,2,2,2.15,Medium
25606,25,13,9,1,3.1,Medium
25615,15,5,3,6,2.5,Medium
25619,11,11,3,8,2.027272727,Medium
25622,7,9,3,1,3.985714286,Medium
25628,16,3,6,4,4.275,Medium
25630,29,12,9,9,3.134482759,Medium
25631,8,7,3,7,3.85,Medium
25633,12,9,4,3,2.7,Medium
25635,14,6,8,1,4.942857143,Medium
25641,12,9,3,1,2.2,Medium
25642,13,3,2,1,2.707692308,Medium
25643,20,3,6,5,3.9,Medium
25644,10,8,2,5,2.4,Medium
25645,5,15,1,4,3.5,Medium
25647,23,4,3,4,2.004347826,Medium
25650,12,13,7,1,3.4,Medium
25651,29,11,8,7,2.834482759,Medium
25652,29,14,9,5,2.734482759,Medium
25655,21,11,8,7,3.228571429,Medium
25659,19,5,4,6,2.578947368,Medium
25663,6,9,1,3,3.7,Medium
25664,27,4,8,6,4.311111111,Medium
25665,9,5,5,3,4.833333333,Medium
25666,8,10,5,5,4.25,Medium
25668,24,3,3,3,2.15,Medium
25669,11,19,8,9,2.927272727,Medium
25670,20,5,5,3,3,Medium
25671,19,16,9,4,2.878947368,Medium
25672,13,16,9,5,3.607692308,Medium
25673,9,18,9,7,4.233333333,Medium
25674,12,12,6,8,3.1,Medium
25675,21,12,6,2,2.028571429,Medium
25676,24,12,8,6,2.85,Medium
25677,13,7,5,4,3.407692308,Medium
25678,12,3,4,9,3.9,Medium
25683,17,12,7,5,2.864705882,Medium
25685,26,12,7,4,2.253846154,Medium
25688,20,7,4,7,2.1,Medium
25690,21,17,8,9,2.028571429,Medium
25693,10,15,7,7,3.5,Medium
25696,9,2,4,9,4.933333333,Medium
25697,6,19,5,3,3.7,Medium
25699,28,4,9,1,4.771428571,Medium
25701,19,6,4,4,2.378947368,Medium
25704,27,8,8,7,3.511111111,Medium
25706,26,11,8,7,2.953846154,Medium
25707,27,8,8,4,3.511111111,Medium
25709,27,18,9,9,2.011111111,Medium
25713,29,1,8,7,4.834482759,Medium
25716,23,3,6,2,3.704347826,Medium
25720,19,5,8,3,4.578947368,Medium
25721,25,1,8,5,5,Medium
25730,5,14,1,6,3.7,Medium
25731,24,5,6,6,3.25,Medium
25733,11,16,5,6,2.027272727,Medium
25738,22,1,3,5,2.663636364,Medium
25742,15,1,4,2,3.8,Medium
25743,17,14,9,2,3.464705882,Medium
25744,14,15,8,3,3.142857143,Medium
25745,20,7,6,2,3.1,Medium
25746,6,17,1,7,2.1,Medium
25751,24,10,9,6,3.75,Medium
25764,26,6,7,8,3.453846154,Medium
25766,13,10,4,8,2.307692308,Medium
25768,20,7,4,7,2.1,Medium
25770,20,10,7,6,3,Medium
25771,12,8,6,7,3.9,Medium
25774,24,3,5,2,3.15,Medium
25775,15,15,8,5,3,Medium
25776,24,4,5,4,2.95,Medium
25777,17,17,8,6,2.364705882,Medium
25780,14,3,4,6,3.542857143,Medium
25783,28,1,4,9,2.871428571,Medium
25786,13,10,9,5,4.807692308,Medium
25790,8,10,1,6,2.25,Medium
25792,9,16,5,4,2.633333333,Medium
25796,9,13,8,8,4.733333333,Medium
25797,24,4,9,5,4.95,Medium
25800,25,7,9,7,4.3,Medium
25803,17,5,5,1,3.264705882,Medium
25804,14,7,5,8,3.242857143,Medium
25805,8,10,3,4,3.25,Medium
25807,25,6,9,9,4.5,Medium
25808,14,4,2,8,2.342857143,Medium
25810,14,12,6,8,2.742857143,Medium
25812,16,17,8,4,2.475,Medium
25813,15,17,7,2,2.1,Medium
25814,11,6,4,3,3.527272727,Medium
25820,10,2,3,4,4.1,Medium
25821,9,7,3,7,3.433333333,Medium
25823,15,3,3,2,2.9,Medium
25826,17,2,6,7,4.364705882,Medium
25827,12,6,4,2,3.3,Medium
25830,11,18,6,4,2.127272727,Medium
25831,4,19,1,6,4.2,Medium
25832,20,7,5,1,2.6,Medium
25833,15,5,4,4,3,Medium
25834,8,17,7,8,3.85,Medium
25835,11,10,5,2,3.227272727,Medium
25837,12,3,6,8,4.9,Medium
25838,10,3,4,9,4.4,Medium
25840,8,17,8,4,4.35,Medium
25841,6,19,5,2,3.7,Medium
25844,13,6,5,3,3.607692308,Medium
25846,19,12,8,4,3.178947368,Medium
25848,23,5,4,5,2.304347826,Medium
25853,29,9,8,9,3.234482759,Medium
25854,23,2,7,7,4.404347826,Medium
25857,24,13,7,1,2.15,Medium
25858,25,12,8,5,2.8,Medium
25859,23,5,6,9,3.304347826,Medium
25865,25,8,8,2,3.6,Medium
25871,14,17,7,6,2.242857143,Medium
25873,7,19,6,2,3.485714286,Medium
25874,9,14,4,1,2.533333333,Medium
25876,11,19,9,2,3.427272727,Medium
25879,14,3,4,6,3.542857143,Medium
25888,29,1,8,1,4.834482759,Medium
25889,22,3,8,3,4.763636364,Medium
25894,27,7,5,2,2.211111111,Medium
25895,7,10,3,2,3.785714286,Medium
25896,9,12,3,6,2.433333333,Medium
25898,8,17,7,9,3.85,Medium
25899,23,7,5,4,2.404347826,Medium
25902,10,2,4,5,4.6,Medium
25906,29,5,6,4,3.034482759,Medium
25908,7,9,4,8,4.485714286,Medium
25911,15,7,5,4,3.1,Medium
25912,23,11,6,2,2.104347826,Medium
25915,8,19,6,1,2.95,Medium
25916,19,10,8,9,3.578947368,Medium
25919,9,15,7,8,3.833333333,Medium
25922,23,1,7,6,4.604347826,Medium
25923,6,13,5,9,4.9,Medium
25924,12,10,9,7,5,Medium
25925,20,13,7,2,2.4,Medium
25934,18,6,7,9,3.966666667,Medium
25937,27,6,8,2,3.911111111,Medium
25940,23,9,9,6,4.004347826,Medium
25941,6,9,3,1,4.7,Medium
25943,22,8,6,5,2.763636364,Medium
25947,18,6,8,3,4.466666667,Medium
25949,5,18,4,4,4.4,Medium
25951,7,16,7,4,4.585714286,Medium
25957,10,13,5,9,2.9,Medium
25958,20,2,3,9,2.6,Medium
25960,22,10,7,8,2.863636364,Medium
25967,9,4,2,7,3.533333333,Medium
25970,7,10,4,8,4.285714286,Medium
25973,19,9,9,6,4.278947368,Medium
25978,22,8,5,2,2.263636364,Medium
25980,22,13,9,6,3.263636364,Medium
25982,12,6,4,2,3.3,Medium
25983,27,10,8,4,3.111111111,Medium
25984,22,10,9,8,3.863636364,Medium
25985,13,6,4,4,3.107692308,Medium
25987,22,8,5,4,2.263636364,Medium
25988,9,19,6,4,2.533333333,Medium
25993,25,8,8,3,3.6,Medium
26000,20,2,3,4,2.6,Medium
26001,14,6,4,7,2.942857143,Medium
26008,9,7,1,5,2.433333333,Medium
26010,15,16,9,4,3.3,Medium
26011,25,4,8,2,4.4,Medium
26013,8,2,3,5,4.85,Medium
26014,9,7,3,9,3.433333333,Medium
26017,18,12,6,5,2.266666667,Medium
26019,22,13,7,3,2.263636364,Medium
26026,28,4,4,5,2.271428571,Medium
26027,21,4,6,7,3.628571429,Medium
26034,10,6,2,4,2.8,Medium
26035,18,17,8,1,2.266666667,Medium
26037,10,7,6,4,4.6,Medium
26038,22,7,6,1,2.963636364,Medium
26040,7,18,3,8,2.185714286,Medium
26043,18,14,7,8,2.366666667,Medium
26044,8,15,6,7,3.75,Medium
26046,18,12,6,5,2.266666667,Medium
26048,16,14,8,2,3.075,Medium
26050,15,3,3,7,2.9,Medium
26052,13,6,6,4,4.107692308,Medium
26053,20,17,8,9,2.1,Medium
26054,27,15,9,7,2.611111111,Medium
26056,20,13,8,2,2.9,Medium
26057,14,2,3,4,3.242857143,Medium
26059,19,7,9,4,4.678947368,Medium
26061,13,5,4,6,3.307692308,Medium
26062,11,4,6,9,4.927272727,Medium
26065,20,8,8,3,3.9,Medium
26068,27,12,8,2,2.711111111,Medium
26070,22,16,9,4,2.663636364,Medium
26071,13,1,5,2,4.607692308,Medium
26072,29,10,6,4,2.034482759,Medium
26074,15,1,2,3,2.8,Medium
26079,12,7,4,6,3.1,Medium
26081,12,10,6,5,3.5,Medium
26084,8,14,3,2,2.45,Medium
26090,13,2,1,1,2.407692308,Medium
26091,22,8,7,6,3.263636364,Medium
26094,20,8,7,5,3.4,Medium
26095,27,13,9,8,3.011111111,Medium
26097,20,9,9,9,4.2,Medium
26099,12,17,7,5,2.6,Medium
26101,9,18,7,4,3.233333333,Medium
26102,10,15,7,1,3.5,Medium
26105,14,10,9,7,4.642857143,Medium
26107,14,1,6,7,4.942857143,Medium
26109,29,6,7,4,3.334482759,Medium
26115,26,7,8,7,3.753846154,Medium
26118,8,7,4,8,4.35,Medium
26119,21,3,7,7,4.328571429,Medium
26120,28,5,9,9,4.571428571,Medium
26122,6,15,5,3,4.5,Medium
26124,23,4,7,9,4.004347826,Medium
26129,29,7,6,4,2.634482759,Medium
26131,28,5,6,9,3.071428571,Medium
26132,11,15,8,5,3.727272727,Medium
26133,20,8,9,9,4.4,Medium
26136,15,10,5,1,2.5,Medium
26138,28,6,9,7,4.371428571,Medium
26140,14,13,8,8,3.542857143,Medium
26141,9,2,2,6,3.933333333,Medium
26143,9,12,6,8,3.933333333,Medium
26144,16,1,6,9,4.675,Medium
26147,29,9,7,2,2.734482759,Medium
26151,12,8,6,3,3.9,Medium
26153,27,10,9,9,3.611111111,Medium
26158,20,3,8,2,4.9,Medium
26159,24,6,6,9,3.05,Medium
26160,13,14,8,9,3.507692308,Medium
26161,15,18,8,9,2.4,Medium
26162,14,14,6,6,2.342857143,Medium
26164,11,8,4,3,3.127272727,Medium
26165,9,16,5,1,2.633333333,Medium
26166,29,13,8,2,2.434482759,Medium
26173,12,16,7,8,2.8,Medium
26174,28,3,6,2,3.471428571,Medium
26180,18,13,8,6,3.066666667,Medium
26181,8,9,1,8,2.45,Medium
26184,20,8,8,8,3.9,Medium
26185,5,16,2,3,3.8,Medium
26186,13,19,9,3,3.007692308,Medium
26187,8,7,2,8,3.35,Medium
26189,8,13,6,1,4.15,Medium
26192,13,19,9,8,3.007692308,Medium
26193,24,12,8,8,2.85,Medium
26194,8,11,2,9,2.55,Medium
26196,13,10,7,1,3.807692308,Medium
26197,20,7,6,4,3.1,Medium
26198,8,2,2,1,4.35,Medium
26205,12,6,5,4,3.8,Medium
26210,20,2,2,3,2.1,Medium
26212,10,17,5,1,2.1,Medium
26213,15,3,4,7,3.4,Medium
26214,20,1,5,6,3.8,Medium
26220,16,9,9,5,4.575,Medium
26221,5,15,2,5,4,Medium
26223,15,12,9,7,4.1,Medium
26225,10,7,1,2,2.1,Medium
26230,15,1,2,9,2.8,Medium
26231,7,12,2,9,2.885714286,Medium
26233,26,5,8,5,4.153846154,Medium
26234,23,2,4,1,2.904347826,Medium
26244,7,16,5,8,3.585714286,Medium
26246,9,8,1,9,2.233333333,Medium
26247,26,7,5,8,2.253846154,Medium
26249,5,19,5,8,4.7,Medium
26255,21,7,9,8,4.528571429,Medium
26257,25,8,8,2,3.6,Medium
26258,7,11,4,7,4.085714286,Medium
26259,6,7,2,4,4.6,Medium
26261,26,3,4,3,2.553846154,Medium
26263,5,19,3,5,3.7,Medium
26264,9,6,5,2,4.633333333,Medium
26267,13,7,8,7,4.907692308,Medium
26268,24,8,9,9,4.15,Medium
26270,7,5,1,1,3.785714286,Medium
26273,25,12,7,1,2.3,Medium
26279,16,11,8,3,3.675,Medium
26283,15,12,7,4,3.1,Medium
26284,16,16,7,6,2.175,Medium
26287,22,7,6,1,2.963636364,Medium
26288,13,1,4,2,4.107692308,Medium
26290,6,13,1,5,2.9,Medium
26293,11,14,7,9,3.427272727,Medium
26298,15,1,2,8,2.8,Medium
26301,23,6,6,4,3.104347826,Medium
26302,19,1,3,9,2.878947368,Medium
26306,14,2,4,3,3.742857143,Medium
26309,15,3,3,2,2.9,Medium
26311,22,2,5,8,3.463636364,Medium
26312,25,4,7,1,3.9,Medium
26313,16,5,6,4,3.875,Medium
26314,21,17,8,3,2.028571429,Medium
26317,7,13,3,8,3.185714286,Medium
26320,8,7,3,5,3.85,Medium
26322,12,7,3,3,2.6,Medium
26324,22,5,6,1,3.363636364,Medium
26327,11,5,1,1,2.227272727,Medium
26328,13,10,7,7,3.807692308,Medium
26329,8,11,5,7,4.05,Medium
26336,19,16,8,7,2.378947368,Medium
26337,7,6,2,6,4.085714286,Medium
26338,14,2,4,4,3.742857143,Medium
26339,10,9,5,3,3.7,Medium
26341,5,12,2,7,4.6,Medium
26345,6,12,1,7,3.1,Medium
26346,28,1,7,3,4.371428571,Medium
26347,13,8,5,5,3.207692308,Medium
26349,18,7,6,6,3.266666667,Medium
26350,8,16,5,8,3.05,Medium
26352,15,9,5,8,2.7,Medium
26354,26,8,5,5,2.053846154,Medium
26355,11,4,3,3,3.427272727,Medium
26357,13,17,7,5,2.407692308,Medium
26358,20,5,8,4,4.5,Medium
26360,14,5,6,4,4.142857143,Medium
26363,29,5,5,7,2.534482759,Medium
26369,9,7,5,6,4.433333333,Medium
26370,8,13,6,6,4.15,Medium
26371,16,1,2,5,2.675,Medium
26372,17,15,8,3,2.764705882,Medium
26374,14,19,9,2,2.842857143,Medium
26376,17,6,4,5,2.564705882,Medium
26378,17,19,9,6,2.464705882,Medium
26379,13,3,4,8,3.707692308,Medium
26380,23,3,3,6,2.204347826,Medium
26381,7,16,5,4,3.585714286,Medium
26383,17,12,8,8,3.364705882,Medium
26384,23,14,7,6,2.004347826,Medium
26386,9,14,3,7,2.033333333,Medium
26387,21,9,5,2,2.128571429,Medium
26389,6,18,3,1,2.9,Medium
26390,14,16,8,4,2.942857143,Medium
26391,28,17,9,7,2.171428571,Medium
26401,17,11,9,2,4.064705882,Medium
26402,9,5,1,5,2.833333333,Medium
26404,13,1,2,2,3.107692308,Medium
26406,19,15,8,1,2.578947368,Medium
26408,15,3,2,2,2.4,Medium
26409,13,14,7,2,3.007692308,Medium
26410,18,8,8,3,4.066666667,Medium
26411,14,14,8,9,3.342857143,Medium
26415,6,15,4,6,4,Medium
26416,16,6,8,8,4.675,Medium
26419,14,9,6,7,3.342857143,Medium
26423,12,10,8,8,4.5,Medium
26424,10,13,9,1,4.9,Medium
26425,29,9,9,2,3.734482759,Medium
26426,23,4,5,3,3.004347826,Medium
26431,19,1,7,2,4.878947368,Medium
26437,20,7,6,2,3.1,Medium
26438,21,5,9,2,4.928571429,Medium
26440,23,6,7,8,3.604347826,Medium
26441,10,14,8,3,4.2,Medium
26443,25,8,7,7,3.1,Medium
26452,14,3,6,6,4.542857143,Medium
26454,17,8,5,1,2.664705882,Medium
26459,27,2,7,5,4.211111111,Medium
26460,20,6,6,4,3.3,Medium
26464,11,3,4,5,4.127272727,Medium
26470,6,12,1,9,3.1,Medium
26472,23,18,9,6,2.204347826,Medium
26478,28,4,7,8,3.771428571,Medium
26480,18,13,8,3,3.066666667,Medium
26485,27,7,8,7,3.711111111,Medium
26486,8,3,3,9,4.65,Medium
26487,8,10,1,1,2.25,Medium
26488,15,7,8,2,4.6,Medium
26489,10,10,4,6,3,Medium
26490,21,5,8,8,4.428571429,Medium
26491,26,9,6,2,2.353846154,Medium
26496,11,9,8,5,4.927272727,Medium
26499,8,16,7,5,4.05,Medium
26507,22,6,6,3,3.163636364,Medium
26510,8,19,8,1,3.95,Medium
26511,10,15,8,5,4,Medium
26512,26,5,6,3,3.153846154,Medium
26513,23,16,9,3,2.604347826,Medium
26515,18,18,9,8,2.566666667,Medium
26517,26,5,8,5,4.153846154,Medium
26518,28,7,6,8,2.671428571,Medium
26519,11,15,5,1,2.227272727,Medium
26524,20,7,5,2,2.6,Medium
26525,26,4,7,2,3.853846154,Medium
26529,23,12,7,9,2.404347826,Medium
26531,29,9,9,8,3.734482759,Medium
26533,19,9,5,8,2.278947368,Medium
26534,11,11,4,5,2.527272727,Medium
26537,15,19,9,7,2.7,Medium
26538,25,8,8,6,3.6,Medium
26542,14,18,8,4,2.542857143,Medium
26544,24,1,6,8,4.05,Medium
26546,20,8,5,3,2.4,Medium
26547,6,10,3,2,4.5,Medium
26548,28,11,8,6,2.871428571,Medium
26549,24,10,9,1,3.75,Medium
26552,12,13,9,1,4.4,Medium
26553,16,7,5,6,2.975,Medium
26555,23,2,8,7,4.904347826,Medium
26563,21,8,8,6,3.828571429,Medium
26567,12,1,4,6,4.3,Medium
26572,17,8,5,9,2.664705882,Medium
26578,20,11,8,1,3.3,Medium
26582,12,13,5,9,2.4,Medium
26590,28,1,8,5,4.871428571,Medium
26591,27,9,8,6,3.311111111,Medium
26594,21,8,6,9,2.828571429,Medium
26595,17,15,7,9,2.264705882,Medium
26602,13,18,9,5,3.207692308,Medium
26605,7,14,4,2,3.485714286,Medium
26610,20,5,9,2,5,Medium
26612,5,11,1,7,4.3,Medium
26615,14,16,9,2,3.442857143,Medium
26616,5,15,4,8,5,Medium
26620,18,13,8,1,3.066666667,Medium
26622,20,6,4,6,2.3,Medium
26629,26,3,6,9,3.553846154,Medium
26630,23,8,5,7,2.204347826,Medium
26632,10,5,6,9,5,Medium
26635,12,5,4,4,3.5,Medium
26637,25,9,6,7,2.4,Medium
26644,17,15,8,4,2.764705882,Medium
26645,24,4,4,5,2.45,Medium
26649,13,15,7,1,2.807692308,Medium
26651,12,13,8,6,3.9,Medium
26660,13,15,8,2,3.307692308,Medium
26662,11,14,6,4,2.927272727,Medium
26664,13,15,8,6,3.307692308,Medium
26665,8,12,4,8,3.35,Medium
26666,8,16,3,4,2.05,Medium
26670,11,18,9,5,3.627272727,Medium
26673,6,17,5,4,4.1,Medium
26674,28,6,8,9,3.871428571,Medium
26677,26,5,6,3,3.153846154,Medium
26682,20,2,3,6,2.6,Medium
26683,6,15,5,3,4.5,Medium
26686,8,17,7,5,3.85,Medium
26689,23,1,5,7,3.604347826,Medium
26690,20,12,7,3,2.6,Medium
26693,14,5,3,3,2.642857143,Medium
26694,11,10,6,6,3.727272727,Medium
26695,9,13,6,4,3.733333333,Medium
26698,4,17,1,6,4.6,Medium
26700,15,3,6,7,4.4,Medium
26701,11,11,7,7,4.027272727,Medium
26705,20,12,9,8,3.6,Medium
26706,12,10,8,5,4.5,Medium
26707,6,15,3,2,3.5,Medium
26708,17,6,3,1,2.064705882,Medium
26709,10,7,4,5,3.6,Medium
26712,5,14,2,9,4.2,Medium
26713,10,13,5,4,2.9,Medium
26714,8,18,6,8,3.15,Medium
26720,27,3,6,5,3.511111111,Medium
26721,13,5,7,9,4.807692308,Medium
26724,16,11,5,9,2.175,Medium
26729,13,5,7,7,4.807692308,Medium
26730,6,15,5,5,4.5,Medium
26732,19,10,9,3,4.078947368,Medium
26733,10,2,3,4,4.1,Medium
26736,18,4,8,1,4.866666667,Medium
26738,8,10,1,3,2.25,Medium
26744,15,7,6,8,3.6,Medium
26746,8,8,1,7,2.65,Medium
26747,19,8,7,5,3.478947368,Medium
26748,9,6,2,6,3.133333333,Medium
26750,26,18,9,8,2.053846154,Medium
26751,17,3,7,1,4.664705882,Medium
26753,14,11,6,6,2.942857143,Medium
26754,13,6,5,6,3.607692308,Medium
26755,26,2,8,6,4.753846154,Medium
26757,7,4,1,7,3.985714286,Medium
26761,15,3,3,5,2.9,Medium
26763,14,17,9,8,3.242857143,Medium
26765,8,13,6,9,4.15,Medium
26766,14,10,8,8,4.142857143,Medium
26767,7,5,3,7,4.785714286,Medium
26775,19,14,9,7,3.278947368,Medium
26781,12,1,5,6,4.8,Medium
26793,26,11,8,1,2.953846154,Medium
26794,11,14,6,3,2.927272727,Medium
26800,12,2,3,1,3.6,Medium
26803,13,11,9,8,4.607692308,Medium
26806,22,4,8,8,4.563636364,Medium
26810,7,7,3,2,4.385714286,Medium
26813,29,7,8,1,3.634482759,Medium
26814,20,8,7,6,3.4,Medium
26816,23,11,9,8,3.604347826,Medium
26819,28,3,6,8,3.471428571,Medium
26823,7,17,8,5,4.885714286,Medium
26827,13,16,8,8,3.107692308,Medium
26828,9,2,4,5,4.933333333,Medium
26829,26,17,9,7,2.253846154,Medium
26832,13,12,5,7,2.407692308,Medium
26835,16,6,4,1,2.675,Medium
26838,6,16,3,7,3.3,Medium
26844,11,2,2,9,3.327272727,Medium
26847,15,15,7,2,2.5,Medium
26849,7,6,1,2,3.585714286,Medium
26852,20,2,3,5,2.6,Medium
26853,18,3,3,5,2.566666667,Medium
26854,10,19,6,2,2.2,Medium
26855,23,2,8,3,4.904347826,Medium
26856,12,18,8,3,2.9,Medium
26857,28,11,7,5,2.371428571,Medium
26863,24,7,7,8,3.35,Medium
26869,10,5,6,4,5,Medium
26870,8,11,2,9,2.55,Medium
26871,22,9,8,1,3.563636364,Medium
26873,27,1,4,5,2.911111111,Medium
26874,10,1,4,4,4.8,Medium
26875,10,10,6,2,4,Medium
26877,27,8,5,8,2.011111111,Medium
26878,26,6,5,5,2.453846154,Medium
26880,9,17,6,2,2.933333333,Medium
26883,28,4,5,6,2.771428571,Medium
26884,12,16,8,8,3.3,Medium
26886,25,1,5,4,3.5,Medium
26889,19,1,4,4,3.378947368,Medium
26892,14,3,2,2,2.542857143,Medium
26893,10,2,2,7,3.6,Medium
26895,26,17,9,8,2.253846154,Medium
26896,29,2,5,8,3.134482759,Medium
26908,13,15,6,5,2.307692308,Medium
26909,11,5,2,8,2.727272727,Medium
26911,6,14,5,8,4.7,Medium
26912,14,2,2,8,2.742857143,Medium
26917,13,3,4,3,3.707692308,Medium
26919,12,8,3,6,2.4,Medium
26922,8,15,4,5,2.75,Medium
26923,6,9,3,4,4.7,Medium
26925,12,16,7,3,2.8,Medium
26929,19,17,9,1,2.678947368,Medium
26932,7,6,3,6,4.585714286,Medium
26933,23,13,7,5,2.204347826,Medium
26935,16,4,7,5,4.575,Medium
26937,19,3,7,3,4.478947368,Medium
26940,20,8,5,1,2.4,Medium
26947,21,8,7,9,3.328571429,Medium
26951,19,12,7,2,2.678947368,Medium
26954,26,17,9,6,2.253846154,Medium
26957,19,5,6,8,3.578947368,Medium
26967,25,8,5,2,2.1,Medium
26972,12,9,7,1,4.2,Medium
26973,7,17,8,5,4.885714286,Medium
26975,7,4,1,6,3.985714286,Medium
26978,12,14,6,5,2.7,Medium
26979,10,4,3,1,3.7,Medium
26981,11,5,1,6,2.227272727,Medium
26990,6,18,5,9,3.9,Medium
26994,20,6,9,2,4.8,Medium
26995,10,11,4,3,2.8,Medium
26996,5,16,2,8,3.8,Medium
26997,24,2,5,9,3.35,Medium
26998,20,6,6,5,3.3,Medium
27002,16,16,8,7,2.675,Medium
27006,9,8,2,8,2.733333333,Medium
27007,14,2,5,8,4.242857143,Medium
27008,25,3,3,8,2.1,Medium
27009,14,5,6,4,4.142857143,Medium
27011,24,8,5,3,2.15,Medium
27014,6,18,4,6,3.4,Medium
27018,19,9,6,3,2.778947368,Medium
27024,22,5,4,3,2.363636364,Medium
27025,23,4,6,3,3.504347826,Medium
27026,15,10,7,2,3.5,Medium
27027,9,1,3,9,4.633333333,Medium
27028,10,1,2,7,3.8,Medium
27031,13,12,6,4,2.907692308,Medium
27032,20,8,6,5,2.9,Medium
27035,26,4,4,3,2.353846154,Medium
27039,18,10,6,8,2.666666667,Medium
27040,24,8,8,1,3.65,Medium
27041,26,1,4,5,2.953846154,Medium
27043,21,12,8,3,3.028571429,Medium
27046,8,12,6,4,4.35,Medium
27047,23,8,7,1,3.204347826,Medium
27049,15,8,5,7,2.9,Medium
27050,22,14,9,4,3.063636364,Medium
27053,23,1,6,5,4.104347826,Medium
27055,5,17,1,1,3.1,Medium
27063,21,18,9,5,2.328571429,Medium
27064,21,11,6,4,2.228571429,Medium
27065,20,13,9,3,3.4,Medium
27068,9,13,3,4,2.233333333,Medium
27072,17,9,8,2,3.964705882,Medium
27073,29,3,4,7,2.434482759,Medium
27074,16,3,5,4,3.775,Medium
27078,11,15,9,6,4.227272727,Medium
27081,28,6,8,3,3.871428571,Medium
27083,16,6,5,5,3.175,Medium
27084,16,5,5,7,3.375,Medium
27088,20,11,6,1,2.3,Medium
27089,21,12,7,8,2.528571429,Medium
27090,5,10,2,5,5,Medium
27091,7,1,1,9,4.585714286,Medium
27092,16,10,5,2,2.375,Medium
27096,27,13,7,2,2.011111111,Medium
27099,10,15,9,4,4.5,Medium
27100,7,18,8,6,4.685714286,Medium
27101,19,11,7,7,2.878947368,Medium
27112,27,7,8,2,3.711111111,Medium
27116,23,8,7,4,3.204347826,Medium
27118,5,11,1,4,4.3,Medium
27119,28,3,6,5,3.471428571,Medium
27120,21,8,7,7,3.328571429,Medium
27126,9,13,6,1,3.733333333,Medium
27127,7,5,2,5,4.285714286,Medium
27128,7,4,2,7,4.485714286,Medium
27132,10,9,6,7,4.2,Medium
27136,16,8,9,3,4.775,Medium
27137,5,18,1,5,2.9,Medium
27139,13,13,7,4,3.207692308,Medium
27140,9,16,5,4,2.633333333,Medium
27143,18,16,9,4,2.966666667,Medium
27144,21,3,7,1,4.328571429,Medium
27145,24,1,7,8,4.55,Medium
27146,9,6,5,9,4.633333333,Medium
27147,27,7,9,9,4.211111111,Medium
27149,29,4,9,1,4.734482759,Medium
27152,15,11,6,5,2.8,Medium
27153,15,11,8,5,3.8,Medium
27154,19,7,5,6,2.678947368,Medium
27158,26,12,9,1,3.253846154,Medium
27166,7,17,6,5,3.885714286,Medium
27169,14,14,8,3,3.342857143,Medium
27174,12,18,7,1,2.4,Medium
27177,27,7,5,8,2.211111111,Medium
27188,22,10,6,1,2.363636364,Medium
27189,9,15,9,4,4.833333333,Medium
27192,10,10,5,4,3.5,Medium
27199,29,6,6,4,2.834482759,Medium
27204,9,15,7,7,3.833333333,Medium
27205,20,11,7,7,2.8,Medium
27206,21,2,3,1,2.528571429,Medium
27209,9,16,7,1,3.633333333,Medium
27210,26,8,5,4,2.053846154,Medium
27213,23,9,6,4,2.504347826,Medium
27214,7,12,1,2,2.385714286,Medium
27215,23,14,8,6,2.504347826,Medium
27216,13,11,7,4,3.607692308,Medium
27220,28,10,8,1,3.071428571,Medium
27222,26,11,9,6,3.453846154,Medium
27225,7,16,4,3,3.085714286,Medium
27226,15,3,5,2,3.9,Medium
27232,15,9,8,6,4.2,Medium
27233,6,13,5,9,4.9,Medium
27234,9,10,6,7,4.333333333,Medium
27236,9,14,7,6,4.033333333,Medium
27237,21,3,5,7,3.328571429,Medium
27241,7,5,1,6,3.785714286,Medium
27251,19,17,8,5,2.178947368,Medium
27253,22,8,5,3,2.263636364,Medium
27255,11,3,2,9,3.127272727,Medium
27257,15,6,6,5,3.8,Medium
27262,10,5,1,4,2.5,Medium
27266,9,3,4,9,4.733333333,Medium
27269,19,9,5,3,2.278947368,Medium
27270,23,2,6,6,3.904347826,Medium
27274,7,6,3,6,4.585714286,Medium
27276,26,6,5,9,2.453846154,Medium
27278,6,14,5,7,4.7,Medium
27281,16,5,6,7,3.875,Medium
27283,15,13,8,2,3.4,Medium
27284,28,5,4,9,2.071428571,Medium
27285,29,6,5,9,2.334482759,Medium
27288,16,1,5,7,4.175,Medium
27289,17,8,7,2,3.664705882,Medium
27290,12,7,5,3,3.6,Medium
27291,5,12,2,3,4.6,Medium
27294,13,18,7,3,2.207692308,Medium
27295,19,6,8,3,4.378947368,Medium
27296,26,2,3,4,2.253846154,Medium
27297,24,7,9,3,4.35,Medium
27298,8,14,7,2,4.45,Medium
27299,8,17,8,2,4.35,Medium
27301,21,14,8,7,2.628571429,Medium
27302,24,4,9,7,4.95,Medium
27303,13,19,9,8,3.007692308,Medium
27304,24,12,7,9,2.35,Medium
27317,22,13,7,7,2.263636364,Medium
27320,23,17,9,3,2.404347826,Medium
27321,13,18,8,1,2.707692308,Medium
27322,14,11,7,1,3.442857143,Medium
27323,16,15,8,6,2.875,Medium
27325,9,2,4,2,4.933333333,Medium
27326,12,8,7,6,4.4,Medium
27327,9,2,4,8,4.933333333,Medium
27328,28,11,8,2,2.871428571,Medium
27330,18,7,8,1,4.266666667,Medium
27334,15,10,9,9,4.5,Medium
27335,13,8,3,8,2.207692308,Medium
27336,15,7,8,7,4.6,Medium
27339,8,16,8,2,4.55,Medium
27340,24,8,6,2,2.65,Medium
27343,26,12,8,7,2.753846154,Medium
27344,27,4,9,3,4.811111111,Medium
27347,27,1,5,6,3.411111111,Medium
27349,6,5,1,8,4.5,Medium
27350,20,14,9,2,3.2,Medium
27351,21,15,9,1,2.928571429,Medium
27353,18,11,7,1,2.966666667,Medium
27356,17,11,7,9,3.064705882,Medium
27357,11,1,1,3,3.027272727,Medium
27359,18,13,8,9,3.066666667,Medium
27362,28,2,4,3,2.671428571,Medium
27364,29,14,9,7,2.734482759,Medium
27366,11,9,7,3,4.427272727,Medium
27368,29,4,9,7,4.734482759,Medium
27373,13,9,5,3,3.007692308,Medium
27374,29,6,5,4,2.334482759,Medium
27378,12,4,6,6,4.7,Medium
27381,9,10,5,3,3.833333333,Medium
27383,7,14,6,4,4.485714286,Medium
27384,11,12,6,4,3.327272727,Medium
27385,7,18,5,1,3.185714286,Medium
27387,13,7,3,7,2.407692308,Medium
27388,18,13,7,7,2.566666667,Medium
27391,13,6,6,4,4.107692308,Medium
27392,20,7,6,6,3.1,Medium
27393,15,6,5,7,3.3,Medium
27394,27,1,5,3,3.411111111,Medium
27396,19,7,6,2,3.178947368,Medium
27399,14,2,6,5,4.742857143,Medium
27400,8,9,6,8,4.95,Medium
27410,29,2,5,8,3.134482759,Medium
27412,16,16,7,6,2.175,Medium
27414,16,6,3,2,2.175,Medium
27416,25,1,4,5,3,Medium
27417,11,6,4,6,3.527272727,Medium
27422,20,6,8,1,4.3,Medium
27427,10,9,7,1,4.7,Medium
27430,29,10,9,8,3.534482759,Medium
27431,8,11,6,4,4.55,Medium
27432,25,18,9,8,2.1,Medium
27434,12,5,7,6,5,Medium
27436,28,3,8,9,4.471428571,Medium
27439,9,16,6,5,3.133333333,Medium
27441,16,7,4,7,2.475,Medium
27442,8,17,6,7,3.35,Medium
27444,26,7,8,5,3.753846154,Medium
27445,17,2,7,1,4.864705882,Medium
27446,8,10,6,4,4.75,Medium
27447,17,2,4,9,3.364705882,Medium
27448,20,5,9,6,5,Medium
27449,6,14,4,8,4.2,Medium
27450,13,2,4,1,3.907692308,Medium
27452,28,14,8,4,2.271428571,Medium
27455,22,4,8,2,4.563636364,Medium
27456,7,14,7,6,4.985714286,Medium
27457,23,13,8,2,2.704347826,Medium
27459,28,12,7,5,2.171428571,Medium
27460,27,14,8,8,2.311111111,Medium
27461,19,2,7,1,4.678947368,Medium
27465,12,9,6,5,3.7,Medium
27471,19,1,5,6,3.878947368,Medium
27473,29,10,8,6,3.034482759,Medium
27475,27,1,5,7,3.411111111,Medium
27477,29,16,9,9,2.334482759,Medium
27478,14,8,8,9,4.542857143,Medium
27479,14,15,8,6,3.142857143,Medium
27480,10,2,2,8,3.6,Medium
27488,15,11,6,4,2.8,Medium
27496,9,10,6,6,4.333333333,Medium
27501,24,5,5,7,2.75,Medium
27502,12,13,8,7,3.9,Medium
27508,16,7,6,3,3.475,Medium
27509,21,4,5,9,3.128571429,Medium
27512,8,11,3,2,3.05,Medium
27513,15,15,7,5,2.5,Medium
27515,24,13,7,9,2.15,Medium
27519,18,2,2,8,2.266666667,Medium
27520,27,3,7,2,4.011111111,Medium
27521,7,15,3,1,2.785714286,Medium
27528,22,9,8,8,3.563636364,Medium
27530,15,2,2,2,2.6,Medium
27531,14,15,8,4,3.142857143,Medium
27532,14,9,4,9,2.342857143,Medium
27533,19,6,8,3,4.378947368,Medium
27536,14,17,8,3,2.742857143,Medium
27538,16,1,1,5,2.175,Medium
27545,24,1,7,2,4.55,Medium
27548,8,2,1,3,3.85,Medium
27551,29,2,5,5,3.134482759,Medium
27555,23,4,7,4,4.004347826,Medium
27556,19,9,8,4,3.778947368,Medium
27560,13,2,3,5,3.407692308,Medium
27561,9,18,7,7,3.233333333,Medium
27562,7,4,3,5,4.985714286,Medium
27567,21,4,4,5,2.628571429,Medium
27570,24,5,9,4,4.75,Medium
27571,17,9,9,7,4.464705882,Medium
27574,23,5,7,3,3.804347826,Medium
27578,26,8,5,8,2.053846154,Medium
27583,11,8,3,4,2.627272727,Medium
27588,8,11,1,5,2.05,Medium
27589,23,10,8,6,3.304347826,Medium
27592,12,12,5,6,2.6,Medium
27593,5,15,2,8,4,Medium
27596,19,5,3,8,2.078947368,Medium
27597,25,5,6,1,3.2,Medium
27602,19,4,4,3,2.778947368,Medium
27604,5,17,3,2,4.1,Medium
27608,9,18,5,1,2.233333333,Medium
27609,29,2,8,3,4.634482759,Medium
27610,20,8,6,2,2.9,Medium
27613,9,6,4,4,4.133333333,Medium
27614,9,6,4,1,4.133333333,Medium
27615,14,11,6,9,2.942857143,Medium
27616,10,17,9,9,4.1,Medium
27617,26,12,8,7,2.753846154,Medium
27618,12,19,8,8,2.7,Medium
27621,14,9,7,6,3.842857143,Medium
27623,16,14,6,1,2.075,Medium
27625,7,11,2,8,3.085714286,Medium
27628,15,16,8,9,2.8,Medium
27631,22,2,7,9,4.463636364,Medium
27633,18,10,9,6,4.166666667,Medium
27636,19,5,6,9,3.578947368,Medium
27637,15,10,5,1,2.5,Medium
27639,7,13,3,2,3.185714286,Medium
27640,21,4,5,6,3.128571429,Medium
27642,14,15,9,5,3.642857143,Medium
27644,5,15,4,8,5,Medium
27647,23,14,7,8,2.004347826,Medium
27657,22,3,7,9,4.263636364,Medium
27658,29,3,4,9,2.434482759,Medium
27661,7,4,1,6,3.985714286,Medium
27662,26,12,9,7,3.253846154,Medium
27665,14,16,7,6,2.442857143,Medium
27666,13,4,5,9,4.007692308,Medium
27669,18,2,7,3,4.766666667,Medium
27671,5,13,2,6,4.4,Medium
27672,23,18,9,6,2.204347826,Medium
27673,29,6,7,5,3.334482759,Medium
27675,12,9,3,9,2.2,Medium
27676,19,4,8,7,4.778947368,Medium
27680,16,5,4,6,2.875,Medium
27685,18,16,9,4,2.966666667,Medium
27686,13,13,5,9,2.207692308,Medium
27690,15,1,3,4,3.3,Medium
27691,15,14,9,5,3.7,Medium
27697,11,14,6,7,2.927272727,Medium
27698,23,1,4,4,3.104347826,Medium
27699,12,6,6,6,4.3,Medium
27702,17,3,4,7,3.164705882,Medium
27706,5,8,1,1,4.9,Medium
27709,18,9,9,5,4.366666667,Medium
27711,12,18,9,4,3.4,Medium
27714,19,12,9,5,3.678947368,Medium
27718,8,6,2,8,3.55,Medium
27719,9,18,7,3,3.233333333,Medium
27720,19,2,2,9,2.178947368,Medium
27724,8,6,1,7,3.05,Medium
27725,8,7,3,4,3.85,Medium
27733,6,14,2,1,3.2,Medium
27734,26,11,7,6,2.453846154,Medium
27735,17,16,7,4,2.064705882,Medium
27736,26,6,9,9,4.453846154,Medium
27742,8,13,5,2,3.65,Medium
27743,22,1,3,4,2.663636364,Medium
27744,8,18,7,3,3.65,Medium
27754,28,11,8,2,2.871428571,Medium
27755,20,7,7,8,3.6,Medium
27757,9,8,6,4,4.733333333,Medium
27758,5,18,5,7,4.9,Medium
27760,11,17,6,5,2.327272727,Medium
27765,25,3,5,8,3.1,Medium
27766,15,5,7,9,4.5,Medium
27767,23,10,9,4,3.804347826,Medium
27768,26,4,7,9,3.853846154,Medium
27771,10,10,5,6,3.5,Medium
27773,13,4,2,5,2.507692308,Medium
27774,27,7,5,8,2.211111111,Medium
27775,28,9,8,1,3.271428571,Medium
27777,28,3,5,2,2.971428571,Medium
27778,10,6,1,8,2.3,Medium
27779,11,12,6,1,3.327272727,Medium
27781,21,6,4,7,2.228571429,Medium
27783,10,19,8,1,3.2,Medium
27784,19,14,8,4,2.778947368,Medium
27787,24,13,7,5,2.15,Medium
27788,20,11,8,5,3.3,Medium
27793,10,15,5,4,2.5,Medium
27794,22,1,7,7,4.663636364,Medium
27799,14,17,7,6,2.242857143,Medium
27800,14,10,9,6,4.642857143,Medium
27802,6,14,4,4,4.2,Medium
27810,8,17,7,9,3.85,Medium
27811,5,19,5,5,4.7,Medium
27815,11,7,4,6,3.327272727,Medium
27817,9,18,8,3,3.733333333,Medium
27818,27,3,7,6,4.011111111,Medium
27819,16,10,7,9,3.375,Medium
27820,17,2,3,3,2.864705882,Medium
27821,25,5,9,2,4.7,Medium
27824,8,6,1,9,3.05,Medium
27825,11,14,6,3,2.927272727,Medium
27828,7,5,2,9,4.285714286,Medium
27829,25,8,9,6,4.1,Medium
27835,11,17,8,4,3.327272727,Medium
27838,21,5,5,3,2.928571429,Medium
27842,24,4,8,5,4.45,Medium
27844,8,2,1,7,3.85,Medium
27849,16,12,6,7,2.475,Medium
27855,13,12,7,7,3.407692308,Medium
27857,27,2,4,8,2.711111111,Medium
27858,14,8,4,2,2.542857143,Medium
27859,8,16,6,4,3.55,Medium
27861,22,10,6,7,2.363636364,Medium
27862,8,12,3,4,2.85,Medium
27863,22,9,8,7,3.563636364,Medium
27864,17,14,8,8,2.964705882,Medium
27866,13,4,6,6,4.507692308,Medium
27871,25,9,9,5,3.9,Medium
27882,10,16,8,9,3.8,Medium
27886,8,17,5,3,2.85,Medium
27887,19,10,5,3,2.078947368,Medium
27890,18,9,8,7,3.866666667,Medium
27894,29,9,9,5,3.734482759,Medium
27895,13,15,6,7,2.307692308,Medium
27896,27,10,7,5,2.611111111,Medium
27900,17,6,8,6,4.564705882,Medium
27901,12,2,1,7,2.6,Medium
27906,14,17,8,7,2.742857143,Medium
27907,23,5,5,2,2.804347826,Medium
27910,15,4,3,4,2.7,Medium
27914,22,4,5,6,3.063636364,Medium
27915,13,1,1,6,2.607692308,Medium
27916,20,5,5,3,3,Medium
27919,23,1,3,6,2.604347826,Medium
27922,14,4,3,2,2.842857143,Medium
27924,9,1,2,7,4.133333333,Medium
27925,6,18,3,9,2.9,Medium
27928,19,15,8,4,2.578947368,Medium
27930,11,6,2,5,2.527272727,Medium
27932,8,13,2,2,2.15,Medium
27934,28,5,6,8,3.071428571,Medium
27937,19,6,7,2,3.878947368,Medium
27939,10,15,7,9,3.5,Medium
27941,18,7,5,5,2.766666667,Medium
27942,8,13,5,9,3.65,Medium
27946,29,2,4,6,2.634482759,Medium
27948,15,2,4,9,3.6,Medium
27949,11,2,2,7,3.327272727,Medium
27951,13,16,8,3,3.107692308,Medium
27953,12,18,8,5,2.9,Medium
27954,7,18,5,5,3.185714286,Medium
27956,25,10,6,1,2.2,Medium
27958,26,3,6,5,3.553846154,Medium
27959,4,16,1,2,4.8,Medium
27965,14,9,6,4,3.342857143,Medium
27966,20,5,9,2,5,Medium
27967,11,10,5,6,3.227272727,Medium
27971,10,18,9,7,3.9,Medium
27972,8,9,2,8,2.95,Medium
27974,17,13,8,9,3.164705882,Medium
27976,9,5,5,8,4.833333333,Medium
27977,29,1,4,6,2.834482759,Medium
27978,21,18,9,6,2.328571429,Medium
27981,6,12,1,8,3.1,Medium
27982,22,12,7,2,2.463636364,Medium
27983,23,2,5,2,3.404347826,Medium
27986,9,12,3,3,2.433333333,Medium
27991,11,10,4,1,2.727272727,Medium
27993,26,2,4,8,2.753846154,Medium
27994,8,7,4,8,4.35,Medium
27996,7,13,3,3,3.185714286,Medium
27997,18,1,5,4,3.966666667,Medium
27998,13,14,7,4,3.007692308,Medium
28001,11,4,2,7,2.927272727,Medium
28002,4,16,1,9,4.8,Medium
28003,26,7,7,8,3.253846154,Medium
28005,14,12,8,3,3.742857143,Medium
28006,27,11,7,7,2.411111111,Medium
28007,12,12,6,9,3.1,Medium
28009,18,12,6,5,2.266666667,Medium
28015,14,16,8,9,2.942857143,Medium
28018,10,15,6,5,3,Medium
28019,5,16,2,3,3.8,Medium
28021,14,8,8,8,4.542857143,Medium
28022,8,11,3,4,3.05,Medium
28023,21,5,7,2,3.928571429,Medium
28028,28,14,9,6,2.771428571,Medium
28029,5,9,1,2,4.7,Medium
28030,29,1,3,5,2.334482759,Medium
28031,14,15,8,3,3.142857143,Medium
28033,18,6,4,1,2.466666667,Medium
28038,18,3,2,9,2.066666667,Medium
28039,7,14,7,5,4.985714286,Medium
28041,13,15,7,9,2.807692308,Medium
28042,13,10,4,2,2.307692308,Medium
28044,22,9,9,3,4.063636364,Medium
28049,25,8,8,3,3.6,Medium
28050,7,15,6,5,4.285714286,Medium
28053,25,3,6,2,3.6,Medium
28054,17,8,6,7,3.164705882,Medium
28055,16,2,5,4,3.975,Medium
28059,19,5,3,1,2.078947368,Medium
28061,26,2,4,9,2.753846154,Medium
28064,15,16,7,1,2.3,Medium
28066,29,6,5,7,2.334482759,Medium
28068,29,6,7,4,3.334482759,Medium
28071,6,13,5,9,4.9,Medium
28072,12,12,4,6,2.1,Medium
28074,24,6,5,9,2.55,Medium
28075,21,12,8,7,3.028571429,Medium
28080,20,3,5,4,3.4,Medium
28081,16,1,2,9,2.675,Medium
28082,29,12,8,5,2.634482759,Medium
28083,4,19,2,1,4.7,Medium
28084,7,13,1,4,2.185714286,Medium
28085,6,14,5,3,4.7,Medium
28089,7,5,2,1,4.285714286,Medium
28091,6,9,2,3,4.2,Medium
28099,18,11,9,1,3.966666667,Medium
28105,25,13,8,6,2.6,Medium
28106,8,19,9,6,4.45,Medium
28107,27,5,9,1,4.611111111,Medium
28112,18,9,7,1,3.366666667,Medium
28118,18,7,7,7,3.766666667,Medium
28119,14,13,6,7,2.542857143,Medium
28120,12,19,8,4,2.7,Medium
28122,11,17,9,7,3.827272727,Medium
28123,18,18,9,1,2.566666667,Medium
28126,21,6,6,9,3.228571429,Medium
28127,14,4,4,2,3.342857143,Medium
28128,19,15,8,8,2.578947368,Medium
28130,17,14,9,9,3.464705882,Medium
28132,23,3,8,1,4.704347826,Medium
28134,25,6,9,9,4.5,Medium
28136,29,14,9,4,2.734482759,Medium
28139,11,11,5,1,3.027272727,Medium
28147,19,1,3,5,2.878947368,Medium
28150,7,13,6,5,4.685714286,Medium
28152,13,8,6,8,3.707692308,Medium
28155,26,1,4,4,2.953846154,Medium
28159,25,1,4,4,3,Medium
28160,11,15,7,5,3.227272727,Medium
28162,9,8,4,9,3.733333333,Medium
28163,8,12,5,7,3.85,Medium
28166,28,8,7,8,2.971428571,Medium
28168,27,5,5,8,2.611111111,Medium
28169,28,2,3,9,2.171428571,Medium
28172,14,6,6,2,3.942857143,Medium
28178,16,10,9,8,4.375,Medium
28179,18,3,5,3,3.566666667,Medium
28180,10,9,4,5,3.2,Medium
28181,18,5,4,6,2.666666667,Medium
28184,15,5,6,5,4,Medium
28187,28,9,6,6,2.271428571,Medium
28190,14,3,5,9,4.042857143,Medium
28193,22,6,8,5,4.163636364,Medium
28194,10,11,7,3,4.3,Medium
28196,13,12,6,4,2.907692308,Medium
28198,9,12,8,2,4.933333333,Medium
28200,25,8,6,2,2.6,Medium
28201,21,6,8,6,4.228571429,Medium
28202,10,3,2,9,3.4,Medium
28205,22,2,6,3,3.963636364,Medium
28207,16,18,8,6,2.275,Medium
28211,17,7,6,9,3.364705882,Medium
28218,22,5,8,8,4.363636364,Medium
28222,12,19,7,5,2.2,Medium
28223,29,2,4,8,2.634482759,Medium
28224,25,12,7,9,2.3,Medium
28225,18,2,2,3,2.266666667,Medium
28231,16,5,7,5,4.375,Medium
28240,28,10,9,3,3.571428571,Medium
28242,16,16,7,6,2.175,Medium
28246,17,9,6,8,2.964705882,Medium
28247,10,16,8,6,3.8,Medium
28248,16,14,6,7,2.075,Medium
28251,14,18,8,6,2.542857143,Medium
28254,27,1,6,8,3.911111111,Medium
28255,25,11,7,3,2.5,Medium
28256,24,3,4,6,2.65,Medium
28258,11,6,3,1,3.027272727,Medium
28260,17,7,5,5,2.864705882,Medium
28261,20,16,8,6,2.3,Medium
28262,8,2,2,7,4.35,Medium
28265,27,2,7,6,4.211111111,Medium
28266,10,12,7,9,4.1,Medium
28267,19,9,5,1,2.278947368,Medium
28271,22,14,7,8,2.063636364,Medium
28276,15,6,3,2,2.3,Medium
28277,21,11,9,6,3.728571429,Medium
28278,6,16,5,7,4.3,Medium
28281,17,1,6,4,4.564705882,Medium
28283,10,2,1,1,3.1,Medium
28284,24,4,4,9,2.45,Medium
28285,23,3,6,5,3.704347826,Medium
28286,20,12,9,6,3.6,Medium
28288,18,4,3,9,2.366666667,Medium
28289,28,5,9,6,4.571428571,Medium
28290,14,7,3,2,2.242857143,Medium
28295,27,5,7,2,3.611111111,Medium
28296,19,13,7,3,2.478947368,Medium
28297,18,1,4,2,3.466666667,Medium
28299,6,18,7,7,4.9,Medium
28302,27,2,8,7,4.711111111,Medium
28304,15,18,8,7,2.4,Medium
28305,9,12,4,9,2.933333333,Medium
28309,12,5,4,8,3.5,Medium
28315,19,7,4,4,2.178947368,Medium
28318,12,12,7,9,3.6,Medium
28319,23,14,9,5,3.004347826,Medium
28321,16,17,8,4,2.475,Medium
28323,12,17,6,3,2.1,Medium
28329,12,6,3,8,2.8,Medium
28335,14,15,9,7,3.642857143,Medium
28336,17,3,3,9,2.664705882,Medium
28339,8,17,6,5,3.35,Medium
28342,17,8,8,6,4.164705882,Medium
28347,20,5,5,8,3,Medium
28353,13,1,4,8,4.107692308,Medium
28354,22,11,9,9,3.663636364,Medium
28355,8,6,2,6,3.55,Medium
28357,7,10,5,1,4.785714286,Medium
28360,15,6,8,3,4.8,Medium
28361,6,14,5,3,4.7,Medium
28364,25,1,5,8,3.5,Medium
28366,18,13,8,2,3.066666667,Medium
28371,11,4,4,7,3.927272727,Medium
28373,6,17,4,6,3.6,Medium
28377,29,8,6,2,2.434482759,Medium
28389,16,11,5,5,2.175,Medium
28393,11,16,9,7,4.027272727,Medium
28395,26,8,7,6,3.053846154,Medium
28396,8,5,2,5,3.75,Medium
28398,14,3,4,8,3.542857143,Medium
28406,9,6,4,3,4.133333333,Medium
28407,6,13,2,1,3.4,Medium
28408,21,9,9,4,4.128571429,Medium
28409,7,15,7,3,4.785714286,Medium
28411,13,15,8,7,3.307692308,Medium
28412,28,9,8,8,3.271428571,Medium
28414,17,11,9,2,4.064705882,Medium
28425,17,10,8,7,3.764705882,Medium
28426,21,6,5,9,2.728571429,Medium
28430,11,19,9,9,3.427272727,Medium
28431,29,2,4,8,2.634482759,Medium
28435,20,3,3,7,2.4,Medium
28437,11,6,4,7,3.527272727,Medium
28443,8,4,1,3,3.45,Medium
28446,8,4,3,7,4.45,Medium
28449,7,7,1,2,3.385714286,Medium
28450,25,14,9,6,2.9,Medium
28453,15,18,8,9,2.4,Medium
28456,14,4,2,9,2.342857143,Medium
28458,9,16,8,3,4.133333333,Medium
28459,7,15,2,6,2.285714286,Medium
28463,13,11,8,8,4.107692308,Medium
28464,15,7,6,6,3.6,Medium
28467,14,2,3,9,3.242857143,Medium
28468,26,11,9,8,3.453846154,Medium
28475,22,7,6,8,2.963636364,Medium
28476,10,11,3,1,2.3,Medium
28478,28,3,8,9,4.471428571,Medium
28479,27,3,8,5,4.511111111,Medium
28482,17,2,5,4,3.864705882,Medium
28484,24,13,7,5,2.15,Medium
28485,18,1,4,7,3.466666667,Medium
28491,12,6,5,3,3.8,Medium
28492,7,12,2,4,2.885714286,Medium
28497,16,5,4,8,2.875,Medium
28498,23,9,9,7,4.004347826,Medium
28502,12,4,1,5,2.2,Medium
28504,13,1,5,5,4.607692308,Medium
28506,24,3,7,5,4.15,Medium
28507,10,18,6,4,2.4,Medium
28509,21,11,6,7,2.228571429,Medium
28512,13,2,6,5,4.907692308,Medium
28518,7,19,9,2,4.985714286,Medium
28519,9,13,8,5,4.733333333,Medium
28522,7,11,1,1,2.585714286,Medium
28523,11,9,3,4,2.427272727,Medium
28524,10,14,8,2,4.2,Medium
28525,22,5,9,8,4.863636364,Medium
28526,28,3,6,5,3.471428571,Medium
28528,9,1,1,7,3.633333333,Medium
28529,8,12,7,4,4.85,Medium
28530,17,8,8,2,4.164705882,Medium
28532,14,1,2,9,2.942857143,Medium
28533,13,5,7,7,4.807692308,Medium
28541,26,4,8,7,4.353846154,Medium
28543,23,5,4,4,2.304347826,Medium
28547,9,7,2,4,2.933333333,Medium
28549,16,16,7,4,2.175,Medium
28556,23,2,7,3,4.404347826,Medium
28557,27,10,8,7,3.111111111,Medium
28558,10,4,4,2,4.2,Medium
28559,18,1,5,4,3.966666667,Medium
28571,8,17,9,6,4.85,Medium
28574,16,6,3,1,2.175,Medium
28576,18,11,6,1,2.466666667,Medium
28577,20,10,6,6,2.5,Medium
28578,24,10,8,8,3.25,Medium
28579,10,13,8,3,4.4,Medium
28580,17,1,3,7,3.064705882,Medium
28585,16,4,7,5,4.575,Medium
28587,23,7,9,8,4.404347826,Medium
28593,28,7,9,4,4.171428571,Medium
28595,10,3,2,5,3.4,Medium
28603,11,6,6,7,4.527272727,Medium
28607,5,16,2,2,3.8,Medium
28609,13,10,7,1,3.807692308,Medium
28610,17,11,5,4,2.064705882,Medium
28612,21,17,9,1,2.528571429,Medium
28614,7,13,6,9,4.685714286,Medium
28615,24,15,9,1,2.75,Medium
28616,12,1,5,7,4.8,Medium
28619,12,8,5,7,3.4,Medium
28621,22,6,9,5,4.663636364,Medium
28623,25,5,5,5,2.7,Medium
28625,10,2,4,6,4.6,Medium
28627,22,9,7,9,3.063636364,Medium
28628,12,5,7,5,5,Medium
28631,20,3,3,7,2.4,Medium
28633,19,15,7,2,2.078947368,Medium
28635,5,17,4,4,4.6,Medium
28637,6,13,4,4,4.4,Medium
28640,19,2,4,1,3.178947368,Medium
28643,26,8,5,1,2.053846154,Medium
28645,27,16,9,9,2.411111111,Medium
28650,18,2,4,1,3.266666667,Medium
28657,26,8,5,2,2.053846154,Medium
28658,17,1,3,8,3.064705882,Medium
28661,15,14,8,6,3.2,Medium
28668,6,19,2,3,2.2,Medium
28670,22,6,8,4,4.163636364,Medium
28671,15,2,2,8,2.6,Medium
28672,7,7,3,3,4.385714286,Medium
28674,17,17,8,8,2.364705882,Medium
28678,8,10,2,5,2.75,Medium
28682,9,15,8,2,4.333333333,Medium
28683,8,13,6,4,4.15,Medium
28684,15,2,5,1,4.1,Medium
28687,22,1,3,7,2.663636364,Medium
28688,15,6,6,2,3.8,Medium
28689,29,5,9,8,4.534482759,Medium
28690,9,8,4,3,3.733333333,Medium
28691,22,15,8,4,2.363636364,Medium
28692,18,7,5,5,2.766666667,Medium
28694,18,8,8,4,4.066666667,Medium
28695,6,13,2,1,3.4,Medium
28696,14,18,9,2,3.042857143,Medium
28698,28,3,9,6,4.971428571,Medium
28706,5,9,1,3,4.7,Medium
28707,21,2,3,8,2.528571429,Medium
28708,11,6,5,1,4.027272727,Medium
28710,7,17,5,7,3.385714286,Medium
28712,11,8,6,8,4.127272727,Medium
28713,19,6,9,2,4.878947368,Medium
28715,7,3,2,5,4.685714286,Medium
28718,25,11,8,5,3,Medium
28724,9,17,9,1,4.433333333,Medium
28725,24,2,6,9,3.85,Medium
28730,21,4,8,9,4.628571429,Medium
28735,21,3,6,3,3.828571429,Medium
28737,5,15,2,9,4,Medium
28739,13,11,5,1,2.607692308,Medium
28744,23,15,8,4,2.304347826,Medium
28747,16,11,8,9,3.675,Medium
28749,21,9,5,9,2.128571429,Medium
28750,12,8,5,7,3.4,Medium
28755,13,14,9,8,4.007692308,Medium
28756,5,18,2,7,3.4,Medium
28761,22,12,8,4,2.963636364,Medium
28763,23,17,9,9,2.404347826,Medium
28765,12,11,4,2,2.3,Medium
28767,12,1,3,6,3.8,Medium
28769,14,13,6,5,2.542857143,Medium
28773,9,15,7,9,3.833333333,Medium
28780,20,16,9,4,2.8,Medium
28781,23,18,9,9,2.204347826,Medium
28785,11,8,6,7,4.127272727,Medium
28788,13,7,6,4,3.907692308,Medium
28791,17,16,8,2,2.564705882,Medium
28793,8,10,5,1,4.25,Medium
28796,5,13,3,2,4.9,Medium
28799,7,9,1,3,2.985714286,Medium
28800,19,14,7,2,2.278947368,Medium
28803,15,17,9,7,3.1,Medium
28804,12,1,2,7,3.3,Medium
28807,15,7,8,4,4.6,Medium
28808,11,8,3,8,2.627272727,Medium
28810,9,16,5,7,2.633333333,Medium
28814,24,16,9,2,2.55,Medium
28816,13,3,2,7,2.707692308,Medium
28819,9,8,5,6,4.233333333,Medium
28820,22,2,3,9,2.463636364,Medium
28822,24,13,9,9,3.15,Medium
28824,27,4,7,2,3.811111111,Medium
28825,21,1,6,2,4.228571429,Medium
28826,22,3,7,4,4.263636364,Medium
28828,19,11,9,3,3.878947368,Medium
28831,20,11,7,5,2.8,Medium
28835,21,12,9,9,3.528571429,Medium
28839,11,7,7,9,4.827272727,Medium
28840,5,12,2,6,4.6,Medium
28841,17,2,7,6,4.864705882,Medium
28844,23,9,9,8,4.004347826,Medium
28846,27,10,7,2,2.611111111,Medium
28848,20,9,5,9,2.2,Medium
28851,11,6,4,5,3.527272727,Medium
28853,17,11,9,4,4.064705882,Medium
28855,15,9,4,8,2.2,Medium
28856,13,9,8,2,4.507692308,Medium
28857,8,8,4,5,4.15,Medium
28858,11,4,5,8,4.427272727,Medium
28865,27,1,4,4,2.911111111,Medium
28866,4,18,2,5,4.9,Medium
28867,23,5,7,5,3.804347826,Medium
28868,5,12,1,5,4.1,Medium
28873,6,16,4,3,3.8,Medium
28875,6,16,1,3,2.3,Medium
28876,22,5,9,9,4.863636364,Medium
28878,23,1,7,9,4.604347826,Medium
28882,14,6,3,8,2.442857143,Medium
28884,13,4,4,6,3.507692308,Medium
28885,24,6,4,6,2.05,Medium
28888,16,2,2,1,2.475,Medium
28890,16,12,8,6,3.475,Medium
28895,14,2,3,2,3.242857143,Medium
28897,26,7,7,9,3.253846154,Medium
28900,13,1,1,4,2.607692308,Medium
28901,11,17,6,7,2.327272727,Medium
28903,13,18,9,1,3.207692308,Medium
28904,24,5,5,6,2.75,Medium
28907,26,10,6,2,2.153846154,Medium
28910,11,4,5,2,4.427272727,Medium
28911,12,8,4,4,2.9,Medium
28913,28,3,6,5,3.471428571,Medium
28914,21,7,8,3,4.028571429,Medium
28920,16,4,6,5,4.075,Medium
28921,24,1,3,9,2.55,Medium
28922,29,16,9,7,2.334482759,Medium
28923,26,17,9,5,2.253846154,Medium
28926,23,2,7,9,4.404347826,Medium
28928,12,15,8,4,3.5,Medium
28930,10,15,7,6,3.5,Medium
28931,8,1,2,6,4.55,Medium
28933,28,11,7,1,2.371428571,Medium
28934,12,14,7,2,3.2,Medium
28935,28,13,8,5,2.471428571,Medium
28939,24,10,6,3,2.25,Medium
28943,19,4,5,5,3.278947368,Medium
28944,16,11,8,4,3.675,Medium
28946,8,8,5,1,4.65,Medium
28950,24,5,5,6,2.75,Medium
28952,15,10,8,9,4,Medium
28954,26,12,7,9,2.253846154,Medium
28955,9,8,6,7,4.733333333,Medium
28960,12,8,8,3,4.9,Medium
28961,14,3,4,5,3.542857143,Medium
28964,24,3,7,4,4.15,Medium
28965,9,6,4,7,4.133333333,Medium
28969,23,13,9,7,3.204347826,Medium
28970,17,2,2,8,2.364705882,Medium
28972,11,14,5,8,2.427272727,Medium
28974,18,10,6,7,2.666666667,Medium
28976,7,19,5,9,2.985714286,Medium
28977,6,12,3,3,4.1,Medium
28982,6,15,3,3,3.5,Medium
28983,19,18,9,5,2.478947368,Medium
28985,13,1,1,2,2.607692308,Medium
28986,24,18,9,4,2.15,Medium
28987,15,15,9,7,3.5,Medium
28988,11,7,4,8,3.327272727,Medium
28989,27,17,9,1,2.211111111,Medium
28991,9,7,1,5,2.433333333,Medium
28992,17,1,2,4,2.564705882,Medium
28993,28,6,6,2,2.871428571,Medium
28996,24,10,6,5,2.25,Medium
28999,29,1,7,1,4.334482759,Medium
29000,26,15,8,5,2.153846154,Medium
29003,22,1,5,9,3.663636364,Medium
29009,13,5,7,4,4.807692308,Medium
29010,13,19,9,4,3.007692308,Medium
29013,10,6,6,2,4.8,Medium
29014,16,1,2,6,2.675,Medium
29017,8,7,5,2,4.85,Medium
29019,19,1,4,2,3.378947368,Medium
29020,29,15,9,2,2.534482759,Medium
29022,22,3,7,5,4.263636364,Medium
29023,27,2,4,2,2.711111111,Medium
29024,24,15,8,8,2.25,Medium
29026,11,12,5,2,2.827272727,Medium
29027,9,15,4,4,2.333333333,Medium
29031,12,6,3,2,2.8,Medium
29032,12,5,4,5,3.5,Medium
29033,19,10,5,8,2.078947368,Medium
29034,16,7,4,1,2.475,Medium
29035,8,19,9,4,4.45,Medium
29036,12,13,9,4,4.4,Medium
29037,11,18,6,5,2.127272727,Medium
29041,11,13,6,1,3.127272727,Medium
29042,29,8,7,7,2.934482759,Medium
29043,26,15,8,2,2.153846154,Medium
29044,24,1,6,6,4.05,Medium
29048,12,9,7,3,4.2,Medium
29049,10,9,6,8,4.2,Medium
29051,7,11,2,1,3.085714286,Medium
29052,14,18,8,2,2.542857143,Medium
29054,18,8,5,5,2.566666667,Medium
29056,14,2,1,3,2.242857143,Medium
29058,17,11,8,4,3.564705882,Medium
29063,7,1,1,9,4.585714286,Medium
29065,11,14,7,7,3.427272727,Medium
29066,14,8,3,1,2.042857143,Medium
29068,13,17,8,2,2.907692308,Medium
29069,11,11,6,3,3.527272727,Medium
29070,22,11,8,2,3.163636364,Medium
29075,14,3,3,8,3.042857143,Medium
29077,24,3,8,1,4.65,Medium
29079,13,6,3,7,2.607692308,Medium
29083,20,1,7,6,4.8,Medium
29084,9,19,5,8,2.033333333,Medium
29087,19,6,4,3,2.378947368,Medium
29089,17,12,7,9,2.864705882,Medium
29091,8,15,7,4,4.25,Medium
29092,16,3,2,8,2.275,Medium
29096,25,17,9,1,2.3,Medium
29098,23,3,7,1,4.204347826,Medium
29099,17,11,7,3,3.064705882,Medium
29100,23,5,6,4,3.304347826,Medium
29101,8,2,1,7,3.85,Medium
29102,13,4,1,3,2.007692308,Medium
29109,16,5,6,1,3.875,Medium
29117,8,13,5,2,3.65,Medium
29120,10,16,8,5,3.8,Medium
29121,22,2,7,4,4.463636364,Medium
29124,27,7,8,3,3.711111111,Medium
29130,22,6,6,9,3.163636364,Medium
29131,21,5,5,3,2.928571429,Medium
29132,16,5,7,6,4.375,Medium
29136,14,14,9,6,3.842857143,Medium
29139,14,12,8,3,3.742857143,Medium
29141,17,17,8,4,2.364705882,Medium
29143,12,9,5,4,3.2,Medium
29147,18,10,5,3,2.166666667,Medium
29149,23,11,7,9,2.604347826,Medium
29151,20,5,9,5,5,Medium
29153,8,7,2,5,3.35,Medium
29155,28,4,8,2,4.271428571,Medium
29156,21,2,7,5,4.528571429,Medium
29160,17,16,8,5,2.564705882,Medium
29168,25,13,8,9,2.6,Medium
29169,17,11,8,8,3.564705882,Medium
29170,9,6,1,5,2.633333333,Medium
29171,18,1,3,9,2.966666667,Medium
29179,12,3,2,6,2.9,Medium
29180,25,10,7,3,2.7,Medium
29183,15,12,6,8,2.6,Medium
29184,19,12,9,6,3.678947368,Medium
29187,12,5,5,8,4,Medium
29190,29,5,5,7,2.534482759,Medium
29191,7,18,7,1,4.185714286,Medium
29192,28,3,6,7,3.471428571,Medium
29197,27,2,6,4,3.711111111,Medium
29202,22,16,8,1,2.163636364,Medium
29204,7,4,2,7,4.485714286,Medium
29209,13,6,2,8,2.107692308,Medium
29211,24,6,4,2,2.05,Medium
29215,13,10,5,8,2.807692308,Medium
29218,5,13,1,7,3.9,Medium
29219,13,11,9,7,4.607692308,Medium
29220,10,11,4,1,2.8,Medium
29229,20,2,5,1,3.6,Medium
29230,21,14,7,3,2.128571429,Medium
29233,23,8,8,4,3.704347826,Medium
29235,8,5,1,5,3.25,Medium
29244,14,6,7,6,4.442857143,Medium
29247,18,17,8,3,2.266666667,Medium
29259,18,6,8,3,4.466666667,Medium
29262,11,12,6,1,3.327272727,Medium
29264,24,3,8,2,4.65,Medium
29266,28,3,6,8,3.471428571,Medium
29273,16,13,8,6,3.275,Medium
29274,11,11,6,9,3.527272727,Medium
29278,16,5,4,9,2.875,Medium
29280,18,6,4,8,2.466666667,Medium
29283,13,9,7,8,4.007692308,Medium
29286,24,8,5,5,2.15,Medium
29289,10,4,3,5,3.7,Medium
29290,17,9,9,6,4.464705882,Medium
29291,5,13,1,1,3.9,Medium
29292,19,8,7,5,3.478947368,Medium
29293,9,8,4,5,3.733333333,Medium
29294,5,17,3,3,4.1,Medium
29295,6,15,1,2,2.5,Medium
29296,10,12,3,2,2.1,Medium
29297,11,1,3,7,4.027272727,Medium
29298,8,6,3,9,4.05,Medium
29299,16,5,8,1,4.875,Medium
29300,6,14,4,8,4.2,Medium
29302,15,10,6,4,3,Medium
29303,12,13,5,8,2.4,Medium
29304,21,1,4,1,3.228571429,Medium
29310,27,10,6,5,2.111111111,Medium
29311,25,2,5,3,3.3,Medium
29313,26,4,7,9,3.853846154,Medium
29316,6,6,1,3,4.3,Medium
29319,9,5,5,2,4.833333333,Medium
29328,13,9,6,6,3.507692308,Medium
29329,23,2,6,6,3.904347826,Medium
29330,10,7,1,2,2.1,Medium
29331,28,8,9,7,3.971428571,Medium
29332,9,8,5,5,4.233333333,Medium
29333,5,18,4,6,4.4,Medium
29336,12,10,7,3,4,Medium
29337,21,14,8,3,2.628571429,Medium
29342,29,7,7,2,3.134482759,Medium
29344,14,3,5,5,4.042857143,Medium
29348,27,3,5,3,3.011111111,Medium
29352,25,17,9,3,2.3,Medium
29353,10,4,2,7,3.2,Medium
29355,24,9,6,8,2.45,Medium
29356,21,3,8,7,4.828571429,Medium
29357,11,7,6,9,4.327272727,Medium
29361,19,2,3,7,2.678947368,Medium
29368,20,4,5,2,3.2,Medium
29372,26,10,8,9,3.153846154,Medium
29373,8,14,3,8,2.45,Medium
29374,6,10,2,9,4,Medium
29375,22,16,9,5,2.663636364,Medium
29380,12,10,4,7,2.5,Medium
29386,16,1,2,4,2.675,Medium
29393,21,6,8,9,4.228571429,Medium
29396,7,9,2,7,3.485714286,Medium
29397,22,7,6,8,2.963636364,Medium
29401,7,9,2,7,3.485714286,Medium
29402,19,11,7,8,2.878947368,Medium
29404,27,6,5,4,2.411111111,Medium
29406,6,12,2,6,3.6,Medium
29407,21,6,4,2,2.228571429,Medium
29413,14,7,7,9,4.242857143,Medium
29415,28,4,4,5,2.271428571,Medium
29421,7,16,5,5,3.585714286,Medium
29427,12,12,7,2,3.6,Medium
29428,5,19,5,5,4.7,Medium
29432,20,15,9,5,3,Medium
29434,7,18,8,4,4.685714286,Medium
29435,23,2,4,3,2.904347826,Medium
29436,20,3,4,5,2.9,Medium
29445,9,4,2,2,3.533333333,Medium
29446,6,8,3,4,4.9,Medium
29450,23,3,3,6,2.204347826,Medium
29452,12,14,8,6,3.7,Medium
29453,13,12,9,7,4.407692308,Medium
29454,12,5,7,4,5,Medium
29455,11,18,9,2,3.627272727,Medium
29456,26,13,7,5,2.053846154,Medium
29459,16,3,3,7,2.775,Medium
29460,16,2,5,1,3.975,Medium
29466,15,13,6,9,2.4,Medium
29467,19,4,3,5,2.278947368,Medium
29468,18,7,4,7,2.266666667,Medium
29471,15,16,9,9,3.3,Medium
29472,21,1,2,2,2.228571429,Medium
29478,22,1,5,7,3.663636364,Medium
29480,14,17,7,4,2.242857143,Medium
29481,12,14,7,3,3.2,Medium
29483,14,10,9,9,4.642857143,Medium
29485,22,8,9,8,4.263636364,Medium
29488,15,5,5,8,3.5,Medium
29489,16,3,2,1,2.275,Medium
29492,29,12,7,4,2.134482759,Medium
29493,18,10,7,9,3.166666667,Medium
29498,27,8,5,4,2.011111111,Medium
29499,9,3,3,6,4.233333333,Medium
29502,10,10,3,5,2.5,Medium
29505,21,7,9,1,4.528571429,Medium
29508,29,4,9,8,4.734482759,Medium
29511,9,9,5,7,4.033333333,Medium
29516,8,16,4,9,2.55,Medium
29518,20,11,9,2,3.8,Medium
29522,8,14,4,4,2.95,Medium
29523,16,4,7,8,4.575,Medium
29524,19,2,2,3,2.178947368,Medium
29525,6,4,1,5,4.7,Medium
29526,14,3,5,2,4.042857143,Medium
29528,9,9,6,6,4.533333333,Medium
29531,24,14,9,9,2.95,Medium
29532,29,2,8,2,4.634482759,Medium
29533,18,16,8,7,2.466666667,Medium
29536,20,4,6,1,3.7,Medium
29537,11,11,8,5,4.527272727,Medium
29538,11,1,4,2,4.527272727,Medium
29545,11,9,7,1,4.427272727,Medium
29546,11,17,6,3,2.327272727,Medium
29547,20,18,9,9,2.4,Medium
29551,21,11,7,4,2.728571429,Medium
29553,10,17,8,1,3.6,Medium
29560,8,18,6,7,3.15,Medium
29561,27,13,8,2,2.511111111,Medium
29565,18,3,6,9,4.066666667,Medium
29566,12,4,5,9,4.2,Medium
29569,19,14,7,7,2.278947368,Medium
29572,20,5,7,9,4,Medium
29573,17,4,6,1,3.964705882,Medium
29574,15,8,4,3,2.4,Medium
29575,20,5,6,2,3.5,Medium
29576,9,19,9,9,4.033333333,Medium
29577,27,6,9,5,4.411111111,Medium
29589,29,9,9,2,3.734482759,Medium
29590,21,1,3,2,2.728571429,Medium
29591,7,17,8,8,4.885714286,Medium
29595,12,2,1,1,2.6,Medium
29601,17,13,6,1,2.164705882,Medium
29604,15,8,9,6,4.9,Medium
29605,18,4,7,4,4.366666667,Medium
29609,12,10,4,6,2.5,Medium
29610,9,6,1,7,2.633333333,Medium
29612,22,5,7,9,3.863636364,Medium
29613,13,11,8,5,4.107692308,Medium
29615,10,8,3,1,2.9,Medium
29619,8,11,4,3,3.55,Medium
29624,21,8,6,9,2.828571429,Medium
29625,11,19,8,7,2.927272727,Medium
29626,20,2,5,5,3.6,Medium
29627,14,9,4,8,2.342857143,Medium
29629,19,18,9,2,2.478947368,Medium
29632,9,6,1,3,2.633333333,Medium
29633,18,10,6,4,2.666666667,Medium
29635,5,18,1,6,2.9,Medium
29636,22,10,9,3,3.863636364,Medium
29637,23,16,9,7,2.604347826,Medium
29640,8,9,3,9,3.45,Medium
29641,22,3,5,1,3.263636364,Medium
29642,10,5,3,7,3.5,Medium
29644,27,8,5,9,2.011111111,Medium
29645,25,7,7,6,3.3,Medium
29648,11,3,1,9,2.627272727,Medium
29649,29,4,8,8,4.234482759,Medium
29650,6,17,4,6,3.6,Medium
29653,18,7,4,2,2.266666667,Medium
29654,10,14,6,2,3.2,Medium
29656,13,2,4,3,3.907692308,Medium
29657,24,3,8,6,4.65,Medium
29658,20,15,8,8,2.5,Medium
29663,4,18,2,2,4.9,Medium
29665,17,2,2,7,2.364705882,Medium
29668,14,7,6,5,3.742857143,Medium
29674,10,6,4,4,3.8,Medium
29676,24,4,8,7,4.45,Medium
29677,19,14,9,8,3.278947368,Medium
29682,16,16,7,2,2.175,Medium
29685,16,2,2,9,2.475,Medium
29687,6,12,2,7,3.6,Medium
29689,5,10,1,8,4.5,Medium
29692,15,12,9,6,4.1,Medium
29693,22,4,3,3,2.063636364,Medium
29697,28,10,9,5,3.571428571,Medium
29699,18,3,7,3,4.566666667,Medium
29700,12,7,3,9,2.6,Medium
29702,20,14,9,4,3.2,Medium
29706,18,4,5,1,3.366666667,Medium
29717,15,7,3,2,2.1,Medium
29721,22,8,7,4,3.263636364,Medium
29724,9,13,4,7,2.733333333,Medium
29727,19,13,7,2,2.478947368,Medium
29732,5,15,2,7,4,Medium
29735,16,15,8,1,2.875,Medium
29738,6,12,2,2,3.6,Medium
29740,12,16,8,5,3.3,Medium
29742,17,5,5,5,3.264705882,Medium
29744,24,6,5,4,2.55,Medium
29745,12,8,4,7,2.9,Medium
29747,13,11,4,5,2.107692308,Medium
29748,27,1,7,5,4.411111111,Medium
29751,17,7,5,1,2.864705882,Medium
29752,20,12,8,8,3.1,Medium
29753,7,16,4,1,3.085714286,Medium
29756,9,18,5,9,2.233333333,Medium
29759,21,18,9,8,2.328571429,Medium
29760,12,7,6,4,4.1,Medium
29765,14,8,5,7,3.042857143,Medium
29768,8,14,4,6,2.95,Medium
29770,15,11,6,3,2.8,Medium
29771,17,19,9,5,2.464705882,Medium
29778,17,13,6,6,2.164705882,Medium
29780,18,9,5,9,2.366666667,Medium
29781,18,1,4,4,3.466666667,Medium
29783,11,3,4,9,4.127272727,Medium
29785,16,16,7,5,2.175,Medium
29787,8,17,7,3,3.85,Medium
29795,16,19,9,1,2.575,Medium
29796,27,2,8,5,4.711111111,Medium
29797,18,10,5,3,2.166666667,Medium
29798,23,7,8,6,3.904347826,Medium
29800,6,10,2,4,4,Medium
29805,13,6,2,5,2.107692308,Medium
29808,24,2,6,3,3.85,Medium
29809,18,18,8,1,2.066666667,Medium
29812,18,6,5,6,2.966666667,Medium
29813,9,16,9,1,4.633333333,Medium
29817,20,5,5,4,3,Medium
29818,16,13,8,6,3.275,Medium
29819,12,19,9,1,3.2,Medium
29820,13,10,8,4,4.307692308,Medium
29826,25,10,8,8,3.2,Medium
29827,11,11,7,2,4.027272727,Medium
29830,14,17,9,8,3.242857143,Medium
29831,14,7,4,3,2.742857143,Medium
29834,4,17,1,7,4.6,Medium
29835,13,9,8,3,4.507692308,Medium
29837,28,16,9,1,2.371428571,Medium
29840,24,5,5,6,2.75,Medium
29844,23,6,6,7,3.104347826,Medium
29847,4,16,1,4,4.8,Medium
29848,23,9,6,7,2.504347826,Medium
29853,19,5,8,5,4.578947368,Medium
29854,28,12,9,4,3.171428571,Medium
29855,12,2,1,5,2.6,Medium
29858,7,16,3,3,2.585714286,Medium
29859,13,7,3,2,2.407692308,Medium
29860,25,7,6,3,2.8,Medium
29861,20,8,5,7,2.4,Medium
29862,18,2,7,6,4.766666667,Medium
29863,21,4,5,2,3.128571429,Medium
29865,20,15,9,8,3,Medium
29867,10,5,6,2,5,Medium
29869,9,6,4,6,4.133333333,Medium
29870,20,5,7,7,4,Medium
29871,17,3,4,1,3.164705882,Medium
29880,23,6,6,9,3.104347826,Medium
29883,24,9,8,8,3.45,Medium
29884,24,8,5,6,2.15,Medium
29887,16,9,9,7,4.575,Medium
29897,19,7,7,7,3.678947368,Medium
29898,14,3,5,2,4.042857143,Medium
29905,16,8,5,8,2.775,Medium
29907,13,7,7,7,4.407692308,Medium
29908,25,2,5,4,3.3,Medium
29912,7,5,1,8,3.785714286,Medium
29914,13,8,5,1,3.207692308,Medium
29915,25,11,9,2,3.5,Medium
29917,9,13,5,7,3.233333333,Medium
29918,27,2,5,1,3.211111111,Medium
29919,7,15,3,2,2.785714286,Medium
29923,23,19,9,2,2.004347826,Medium
29926,11,11,6,9,3.527272727,Medium
29929,18,9,6,3,2.866666667,Medium
29931,5,17,1,4,3.1,Medium
29935,24,6,5,5,2.55,Medium
29937,12,5,6,5,4.5,Medium
29939,7,10,5,1,4.785714286,Medium
29942,8,19,5,9,2.45,Medium
29943,8,2,1,3,3.85,Medium
29944,29,11,8,3,2.834482759,Medium
29946,25,6,9,1,4.5,Medium
29951,28,2,5,3,3.171428571,Medium
29952,23,10,8,8,3.304347826,Medium
29953,26,3,5,9,3.053846154,Medium
29955,18,7,6,5,3.266666667,Medium
29959,13,14,8,1,3.507692308,Medium
29960,8,5,3,7,4.25,Medium
29962,12,17,6,1,2.1,Medium
29967,8,15,7,3,4.25,Medium
29970,7,10,4,3,4.285714286,Medium
29972,13,16,7,8,2.607692308,Medium
29973,28,10,9,8,3.571428571,Medium
29976,12,8,6,4,3.9,Medium
29983,10,16,8,6,3.8,Medium
29985,11,16,5,9,2.027272727,Medium
29987,17,1,1,7,2.064705882,Medium
29995,7,19,7,8,3.985714286,Medium
29997,27,2,7,5,4.211111111,Medium
30002,17,16,9,7,3.064705882,Medium
30003,18,7,4,3,2.266666667,Medium
30005,15,17,8,6,2.6,Medium
30007,7,2,2,7,4.885714286,Medium
30009,27,4,6,4,3.311111111,Medium
30010,12,11,8,4,4.3,Medium
30012,24,3,8,8,4.65,Medium
30014,6,16,2,9,2.8,Medium
30018,13,15,7,3,2.807692308,Medium
30028,17,5,4,1,2.764705882,Medium
30029,23,11,9,3,3.604347826,Medium
30031,11,12,7,6,3.827272727,Medium
30032,18,16,9,7,2.966666667,Medium
30038,19,12,6,1,2.178947368,Medium
30039,19,12,7,4,2.678947368,Medium
30041,10,1,4,3,4.8,Medium
30042,10,11,7,1,4.3,Medium
30045,27,12,7,1,2.211111111,Medium
30047,18,19,9,7,2.366666667,Medium
30048,17,13,6,6,2.164705882,Medium
30049,12,12,5,3,2.6,Medium
30050,17,3,4,6,3.164705882,Medium
30052,8,18,6,6,3.15,Medium
30055,10,13,6,7,3.4,Medium
30056,9,13,3,4,2.233333333,Medium
30059,16,9,6,7,3.075,Medium
30060,26,4,6,7,3.353846154,Medium
30061,20,2,3,7,2.6,Medium
30062,22,19,9,8,2.063636364,Medium
30068,14,5,5,7,3.642857143,Medium
30069,16,4,6,3,4.075,Medium
30073,5,16,2,7,3.8,Medium
30078,27,16,9,2,2.411111111,Medium
30082,16,14,9,2,3.575,Medium
30085,13,2,1,5,2.407692308,Medium
30087,15,3,3,7,2.9,Medium
30088,14,3,5,2,4.042857143,Medium
30089,8,6,2,3,3.55,Medium
30090,9,17,7,6,3.433333333,Medium
30092,12,8,7,7,4.4,Medium
30096,6,12,2,1,3.6,Medium
30097,26,1,4,9,2.953846154,Medium
30098,17,11,5,6,2.064705882,Medium
30101,9,15,7,4,3.833333333,Medium
30102,13,17,8,9,2.907692308,Medium
30104,13,13,6,7,2.707692308,Medium
30108,28,7,8,3,3.671428571,Medium
30109,27,6,8,6,3.911111111,Medium
30110,4,15,1,1,5,Medium
30111,8,14,4,9,2.95,Medium
30114,7,19,6,6,3.485714286,Medium
30117,18,8,6,1,3.066666667,Medium
30118,29,1,5,8,3.334482759,Medium
30124,20,2,2,1,2.1,Medium
30128,26,15,8,9,2.153846154,Medium
30130,12,6,5,4,3.8,Medium
30134,16,5,4,5,2.875,Medium
30137,20,13,7,3,2.4,Medium
30138,17,14,9,8,3.464705882,Medium
30140,6,12,2,2,3.6,Medium
30141,24,1,7,6,4.55,Medium
30142,28,11,7,3,2.371428571,Medium
30143,29,7,6,7,2.634482759,Medium
30145,25,1,5,6,3.5,Medium
30147,10,7,6,9,4.6,Medium
30148,27,14,9,6,2.811111111,Medium
30152,6,13,4,7,4.4,Medium
30156,12,15,9,7,4,Medium
30157,9,2,1,3,3.433333333,Medium
30160,28,7,8,6,3.671428571,Medium
30163,17,6,3,6,2.064705882,Medium
30165,15,8,5,5,2.9,Medium
30169,6,17,3,5,3.1,Medium
30170,24,6,4,2,2.05,Medium
30171,10,9,6,8,4.2,Medium
30173,24,9,7,8,2.95,Medium
30175,26,7,5,5,2.253846154,Medium
30183,22,3,6,4,3.763636364,Medium
30184,7,10,2,9,3.285714286,Medium
30188,24,7,9,7,4.35,Medium
30191,25,5,8,7,4.2,Medium
30197,15,11,8,2,3.8,Medium
30200,13,11,7,4,3.607692308,Medium
30201,14,19,9,2,2.842857143,Medium
30205,12,6,4,9,3.3,Medium
30209,18,9,5,3,2.366666667,Medium
30210,25,2,8,2,4.8,Medium
30212,18,5,6,7,3.666666667,Medium
30213,7,14,5,8,3.985714286,Medium
30216,18,1,5,8,3.966666667,Medium
30220,19,4,4,2,2.778947368,Medium
30227,15,2,6,2,4.6,Medium
30228,14,9,4,1,2.342857143,Medium
30232,18,8,4,2,2.066666667,Medium
30233,15,9,5,7,2.7,Medium
30234,12,2,3,2,3.6,Medium
30246,12,6,4,9,3.3,Medium
30247,8,14,8,9,4.95,Medium
30249,16,15,7,6,2.375,Medium
30252,15,9,5,1,2.7,Medium
30256,15,3,2,9,2.4,Medium
30258,5,13,2,2,4.4,Medium
30261,20,8,9,1,4.4,Medium
30265,20,1,3,5,2.8,Medium
30267,23,16,8,7,2.104347826,Medium
30268,13,12,7,2,3.407692308,Medium
30270,18,7,6,8,3.266666667,Medium
30271,12,16,6,1,2.3,Medium
30272,16,9,7,6,3.575,Medium
30274,12,8,3,7,2.4,Medium
30278,28,17,9,5,2.171428571,Medium
30281,9,7,4,7,3.933333333,Medium
30285,6,16,1,8,2.3,Medium
30286,28,2,6,4,3.671428571,Medium
30287,29,1,6,5,3.834482759,Medium
30289,17,18,8,3,2.164705882,Medium
30291,10,4,4,3,4.2,Medium
30297,21,3,8,3,4.828571429,Medium
30298,16,6,7,1,4.175,Medium
30299,10,7,6,9,4.6,Medium
30300,9,16,4,1,2.133333333,Medium
30305,20,10,7,6,3,Medium
30307,26,15,8,1,2.153846154,Medium
30312,9,10,6,4,4.333333333,Medium
30313,17,4,7,7,4.464705882,Medium
30314,18,18,9,1,2.566666667,Medium
30317,12,17,9,4,3.6,Medium
30319,13,4,6,9,4.507692308,Medium
30320,25,7,5,4,2.3,Medium
30321,11,11,8,4,4.527272727,Medium
30323,12,1,5,1,4.8,Medium
30327,16,10,8,3,3.875,Medium
30328,19,9,9,5,4.278947368,Medium
30331,13,17,8,5,2.907692308,Medium
30333,19,6,4,9,2.378947368,Medium
30334,27,7,6,1,2.711111111,Medium
30337,22,6,9,1,4.663636364,Medium
30339,26,7,8,9,3.753846154,Medium
30340,12,13,5,8,2.4,Medium
30342,26,8,8,5,3.553846154,Medium
30343,17,1,1,6,2.064705882,Medium
30344,28,5,8,4,4.071428571,Medium
30345,6,10,1,7,3.5,Medium
30347,14,6,3,2,2.442857143,Medium
30348,24,1,6,1,4.05,Medium
30350,11,9,6,2,3.927272727,Medium
30351,27,6,6,6,2.911111111,Medium
30352,9,3,1,7,3.233333333,Medium
30353,23,5,8,5,4.304347826,Medium
30357,23,6,8,8,4.104347826,Medium
30359,17,5,7,8,4.264705882,Medium
30360,19,6,4,5,2.378947368,Medium
30361,29,2,3,5,2.134482759,Medium
30364,22,8,9,3,4.263636364,Medium
30365,16,8,6,8,3.275,Medium
30368,15,5,7,6,4.5,Medium
30369,7,11,4,3,4.085714286,Medium
30373,14,7,7,8,4.242857143,Medium
30374,11,14,9,8,4.427272727,Medium
30375,10,10,3,3,2.5,Medium
30376,12,8,4,9,2.9,Medium
30378,20,1,6,5,4.3,Medium
30379,24,12,8,7,2.85,Medium
30380,27,5,7,8,3.611111111,Medium
30381,10,10,5,6,3.5,Medium
30383,5,19,1,2,2.7,Medium
30387,10,3,1,6,2.9,Medium
30388,9,6,5,4,4.633333333,Medium
30390,14,8,3,9,2.042857143,Medium
30394,14,2,4,2,3.742857143,Medium
30396,19,3,6,9,3.978947368,Medium
30397,13,5,5,8,3.807692308,Medium
30402,20,2,7,9,4.6,Medium
30406,10,1,1,5,3.3,Medium
30408,29,9,9,8,3.734482759,Medium
30411,6,13,4,2,4.4,Medium
30415,6,14,4,4,4.2,Medium
30416,27,7,5,6,2.211111111,Medium
30421,16,14,6,3,2.075,Medium
30429,8,16,7,9,4.05,Medium
30432,10,1,1,6,3.3,Medium
30433,18,13,6,8,2.066666667,Medium
30434,13,9,4,2,2.507692308,Medium
30436,25,4,6,1,3.4,Medium
30437,28,3,5,4,2.971428571,Medium
30439,12,13,8,6,3.9,Medium
30441,19,18,9,1,2.478947368,Medium
30442,8,11,4,8,3.55,Medium
30444,14,1,6,4,4.942857143,Medium
30448,24,1,6,5,4.05,Medium
30450,9,12,7,5,4.433333333,Medium
30451,28,3,8,8,4.471428571,Medium
30452,14,15,7,9,2.642857143,Medium
30458,6,12,1,5,3.1,Medium
30459,15,13,7,9,2.9,Medium
30460,17,7,5,5,2.864705882,Medium
30461,21,4,4,9,2.628571429,Medium
30470,13,13,5,6,2.207692308,Medium
30471,22,18,9,5,2.263636364,Medium
30474,25,5,8,8,4.2,Medium
30475,27,15,9,2,2.611111111,Medium
30476,22,1,6,2,4.163636364,Medium
30478,27,10,6,6,2.111111111,Medium
30482,17,1,3,8,3.064705882,Medium
30485,25,12,9,4,3.3,Medium
30486,25,9,8,1,3.4,Medium
30489,17,5,3,4,2.264705882,Medium
30491,22,9,8,5,3.563636364,Medium
30492,23,4,5,2,3.004347826,Medium
30495,15,11,8,3,3.8,Medium
30496,10,7,6,5,4.6,Medium
30499,7,13,4,5,3.685714286,Medium
30500,12,16,7,5,2.8,Medium
30515,7,1,1,6,4.585714286,Medium
30516,19,12,8,2,3.178947368,Medium
30519,20,12,7,9,2.6,Medium
30520,21,3,6,7,3.828571429,Medium
30528,18,2,2,5,2.266666667,Medium
30532,16,6,4,4,2.675,Medium
30533,8,4,4,3,4.95,Medium
30535,17,5,6,8,3.764705882,Medium
30538,26,4,4,1,2.353846154,Medium
30539,10,7,3,2,3.1,Medium
30543,8,16,6,4,3.55,Medium
30545,14,16,8,6,2.942857143,Medium
30546,24,4,8,6,4.45,Medium
30547,20,5,5,8,3,Medium
30548,7,10,3,8,3.785714286,Medium
30549,11,16,7,4,3.027272727,Medium
30550,22,12,8,1,2.963636364,Medium
30551,22,1,5,5,3.663636364,Medium
30552,12,7,4,9,3.1,Medium
30553,6,11,3,6,4.3,Medium
30557,11,13,5,7,2.627272727,Medium
30565,8,2,2,7,4.35,Medium
30566,8,13,7,4,4.65,Medium
30568,22,3,3,2,2.263636364,Medium
30574,5,15,4,8,5,Medium
30575,13,1,3,8,3.607692308,Medium
30576,20,3,7,7,4.4,Medium
30577,5,18,5,6,4.9,Medium
30580,13,16,6,1,2.107692308,Medium
30583,29,12,9,5,3.134482759,Medium
30584,16,16,7,6,2.175,Medium
30587,13,1,2,8,3.107692308,Medium
30588,23,19,9,8,2.004347826,Medium
30591,10,8,3,2,2.9,Medium
30600,9,11,7,1,4.633333333,Medium
30605,19,14,8,7,2.778947368,Medium
30608,29,13,8,2,2.434482759,Medium
30609,20,11,6,6,2.3,Medium
30611,10,6,6,4,4.8,Medium
30612,23,6,4,7,2.104347826,Medium
30614,19,19,9,7,2.278947368,Medium
30615,13,14,5,6,2.007692308,Medium
30616,10,15,9,3,4.5,Medium
30617,8,15,5,4,3.25,Medium
30618,15,17,8,2,2.6,Medium
30624,11,13,5,8,2.627272727,Medium
30626,28,2,7,4,4.171428571,Medium
30627,13,6,2,3,2.107692308,Medium
30629,10,16,6,5,2.8,Medium
30631,10,16,7,5,3.3,Medium
30632,14,11,5,2,2.442857143,Medium
30635,17,4,6,8,3.964705882,Medium
30638,23,11,9,3,3.604347826,Medium
30647,24,1,6,5,4.05,Medium
30649,12,17,6,4,2.1,Medium
30651,11,11,6,6,3.527272727,Medium
30654,8,19,9,3,4.45,Medium
30658,21,9,7,5,3.128571429,Medium
30661,8,13,4,6,3.15,Medium
30663,13,8,6,2,3.707692308,Medium
30665,21,8,8,3,3.828571429,Medium
30666,19,7,4,9,2.178947368,Medium
30668,28,4,6,3,3.271428571,Medium
30670,17,4,5,7,3.464705882,Medium
30672,17,8,7,9,3.664705882,Medium
30673,21,4,8,7,4.628571429,Medium
30676,28,5,5,3,2.571428571,Medium
30678,6,14,2,8,3.2,Medium
30680,26,3,5,9,3.053846154,Medium
30681,17,12,6,3,2.364705882,Medium
30682,21,19,9,5,2.128571429,Medium
30683,26,9,6,3,2.353846154,Medium
30684,10,3,5,6,4.9,Medium
30685,13,8,6,2,3.707692308,Medium
30688,9,11,7,2,4.633333333,Medium
30693,24,16,9,7,2.55,Medium
30694,27,3,6,5,3.511111111,Medium
30695,11,3,2,6,3.127272727,Medium
30698,16,15,7,6,2.375,Medium
30699,4,19,2,1,4.7,Medium
30700,7,2,1,7,4.385714286,Medium
30701,22,1,3,6,2.663636364,Medium
30703,25,11,9,5,3.5,Medium
30704,19,2,5,1,3.678947368,Medium
30706,6,16,6,8,4.8,Medium
30720,10,8,4,6,3.4,Medium
30723,29,3,4,7,2.434482759,Medium
30724,8,8,3,5,3.65,Medium
30727,13,14,6,1,2.507692308,Medium
30735,18,5,7,8,4.166666667,Medium
30736,19,6,4,4,2.378947368,Medium
30747,10,13,5,4,2.9,Medium
30748,9,14,3,7,2.033333333,Medium
30749,10,18,8,9,3.4,Medium
30750,22,2,4,2,2.963636364,Medium
30751,28,6,8,7,3.871428571,Medium
30752,14,2,2,6,2.742857143,Medium
30756,24,7,8,7,3.85,Medium
30761,17,3,4,7,3.164705882,Medium
30762,27,9,8,1,3.311111111,Medium
30764,24,5,5,8,2.75,Medium
30766,20,10,7,6,3,Medium
30768,24,11,8,1,3.05,Medium
30772,18,12,9,5,3.766666667,Medium
30774,6,8,2,9,4.4,Medium
30779,19,3,5,7,3.478947368,Medium
30780,11,10,8,8,4.727272727,Medium
30782,15,8,8,1,4.4,Medium
30786,22,7,7,2,3.463636364,Medium
30788,12,10,4,8,2.5,Medium
30793,12,16,9,7,3.8,Medium
30796,10,4,3,5,3.7,Medium
30798,16,13,6,2,2.275,Medium
30799,17,12,9,6,3.864705882,Medium
30803,17,7,4,6,2.364705882,Medium
30804,19,15,8,4,2.578947368,Medium
30808,9,14,6,4,3.533333333,Medium
30810,7,11,4,9,4.085714286,Medium
30813,8,10,6,9,4.75,Medium
30815,20,10,9,7,4,Medium
30821,16,12,6,5,2.475,Medium
30824,15,3,6,9,4.4,Medium
30827,18,4,8,6,4.866666667,Medium
30828,27,3,6,6,3.511111111,Medium
30830,8,18,6,8,3.15,Medium
30831,17,2,5,1,3.864705882,Medium
30832,18,18,8,7,2.066666667,Medium
30833,20,9,9,1,4.2,Medium
30836,9,3,1,2,3.233333333,Medium
30837,17,4,7,5,4.464705882,Medium
30838,20,1,7,4,4.8,Medium
30840,9,14,3,3,2.033333333,Medium
30845,10,13,7,1,3.9,Medium
30846,24,2,3,5,2.35,Medium
30847,5,18,3,4,3.9,Medium
30851,10,5,4,2,4,Medium
30853,20,12,8,7,3.1,Medium
30857,12,10,4,9,2.5,Medium
30858,15,3,3,3,2.9,Medium
30860,14,18,9,6,3.042857143,Medium
30862,10,17,5,4,2.1,Medium
30870,24,9,7,1,2.95,Medium
30875,20,14,9,3,3.2,Medium
30879,10,9,7,2,4.7,Medium
30882,19,6,7,4,3.878947368,Medium
30884,14,12,8,8,3.742857143,Medium
30885,22,2,6,2,3.963636364,Medium
30887,14,10,6,7,3.142857143,Medium
30891,15,5,6,4,4,Medium
30892,23,11,8,8,3.104347826,Medium
30893,24,10,8,5,3.25,Medium
30894,26,1,3,6,2.453846154,Medium
30898,15,7,3,8,2.1,Medium
30899,15,16,9,8,3.3,Medium
30901,13,6,5,8,3.607692308,Medium
30902,15,2,5,8,4.1,Medium
30907,24,13,8,3,2.65,Medium
30908,21,5,4,2,2.428571429,Medium
30909,17,11,5,8,2.064705882,Medium
30910,15,3,3,3,2.9,Medium
30911,8,18,5,3,2.65,Medium
30913,29,12,8,6,2.634482759,Medium
30922,16,9,7,6,3.575,Medium
30928,27,9,6,5,2.311111111,Medium
30933,9,16,8,5,4.133333333,Medium
30936,16,3,2,4,2.275,Medium
30939,7,14,3,8,2.985714286,Medium
30942,27,9,9,8,3.811111111,Medium
30943,18,12,6,1,2.266666667,Medium
30945,11,16,5,8,2.027272727,Medium
30947,24,1,6,7,4.05,Medium
30948,25,15,9,2,2.7,Medium
30952,9,19,8,4,3.533333333,Medium
30953,12,9,6,4,3.7,Medium
30954,23,3,6,4,3.704347826,Medium
30955,27,9,8,2,3.311111111,Medium
30958,16,10,5,8,2.375,Medium
30960,20,1,5,3,3.8,Medium
30961,28,5,5,9,2.571428571,Medium
30962,25,10,8,2,3.2,Medium
30965,13,13,6,7,2.707692308,Medium
30966,18,18,9,7,2.566666667,Medium
30969,15,12,9,1,4.1,Medium
30972,25,10,8,6,3.2,Medium
30978,26,3,3,7,2.053846154,Medium
30979,13,17,8,9,2.907692308,Medium
30982,21,11,9,2,3.728571429,Medium
30984,29,12,7,9,2.134482759,Medium
30987,15,3,4,3,3.4,Medium
30988,10,15,7,7,3.5,Medium
30989,22,12,7,3,2.463636364,Medium
30992,7,10,2,6,3.285714286,Medium
30998,13,3,6,3,4.707692308,Medium
30999,20,3,4,4,2.9,Medium
31001,20,17,9,7,2.6,Medium
31003,19,5,7,9,4.078947368,Medium
31004,12,13,6,7,2.9,Medium
31005,24,6,8,1,4.05,Medium
31008,12,6,5,2,3.8,Medium
31011,8,17,5,8,2.85,Medium
31012,27,6,9,2,4.411111111,Medium
31016,6,9,2,7,4.2,Medium
31017,12,5,4,2,3.5,Medium
31020,29,1,4,8,2.834482759,Medium
31022,21,7,4,9,2.028571429,Medium
31025,11,11,5,3,3.027272727,Medium
31029,13,7,3,7,2.407692308,Medium
31033,6,10,3,6,4.5,Medium
31036,18,6,8,3,4.466666667,Medium
31037,15,3,6,2,4.4,Medium
31039,11,5,4,6,3.727272727,Medium
31041,25,3,6,5,3.6,Medium
31044,23,9,9,9,4.004347826,Medium
31045,21,4,5,5,3.128571429,Medium
31048,10,7,6,1,4.6,Medium
31049,8,11,5,5,4.05,Medium
31051,10,13,6,2,3.4,Medium
31053,16,19,8,3,2.075,Medium
31054,10,14,8,9,4.2,Medium
31056,15,8,8,7,4.4,Medium
31057,13,16,8,8,3.107692308,Medium
31058,23,3,8,6,4.704347826,Medium
31060,17,1,3,8,3.064705882,Medium
31063,9,10,4,8,3.333333333,Medium
31064,13,11,8,1,4.107692308,Medium
31066,23,8,5,5,2.204347826,Medium
31067,26,4,9,4,4.853846154,Medium
31071,14,13,7,5,3.042857143,Medium
31073,16,13,9,4,3.775,Medium
31075,13,17,8,1,2.907692308,Medium
31076,17,5,7,2,4.264705882,Medium
31077,28,7,5,3,2.171428571,Medium
31078,27,4,4,1,2.311111111,Medium
31082,9,16,9,9,4.633333333,Medium
31086,23,11,8,5,3.104347826,Medium
31088,7,11,4,6,4.085714286,Medium
31089,12,10,8,1,4.5,Medium
31090,14,16,8,4,2.942857143,Medium
31094,24,8,9,9,4.15,Medium
31095,8,15,8,3,4.75,Medium
31097,13,8,5,2,3.207692308,Medium
31098,13,9,8,8,4.507692308,Medium
31100,13,5,6,4,4.307692308,Medium
31105,22,16,8,2,2.163636364,Medium
31107,13,2,2,1,2.907692308,Medium
31108,22,17,9,2,2.463636364,Medium
31111,10,13,9,7,4.9,Medium
31114,13,13,7,9,3.207692308,Medium
31116,10,6,3,4,3.3,Medium
31117,20,7,7,1,3.6,Medium
31119,16,7,6,5,3.475,Medium
31122,13,6,4,5,3.107692308,Medium
31127,21,8,7,2,3.328571429,Medium
31132,11,4,3,6,3.427272727,Medium
31135,18,16,9,5,2.966666667,Medium
31137,10,10,3,5,2.5,Medium
31142,13,4,2,7,2.507692308,Medium
31143,25,1,3,9,2.5,Medium
31146,21,3,3,1,2.328571429,Medium
31152,22,6,5,8,2.663636364,Medium
31153,15,14,9,1,3.7,Medium
31156,6,7,2,5,4.6,Medium
31157,27,9,7,2,2.811111111,Medium
31158,11,18,9,2,3.627272727,Medium
31160,12,4,1,4,2.2,Medium
31161,11,19,8,4,2.927272727,Medium
31162,21,4,4,3,2.628571429,Medium
31165,19,5,5,4,3.078947368,Medium
31169,11,5,3,6,3.227272727,Medium
31173,11,11,3,8,2.027272727,Medium
31175,17,6,3,6,2.064705882,Medium
31178,17,2,3,5,2.864705882,Medium
31181,17,5,4,6,2.764705882,Medium
31184,16,6,3,3,2.175,Medium
31187,12,3,3,5,3.4,Medium
31189,5,17,1,6,3.1,Medium
31191,14,3,3,8,3.042857143,Medium
31192,14,11,6,5,2.942857143,Medium
31193,16,14,9,8,3.575,Medium
31194,9,3,3,8,4.233333333,Medium
31196,10,15,6,8,3,Medium
31199,11,7,3,5,2.827272727,Medium
31202,8,9,1,7,2.45,Medium
31203,16,6,3,1,2.175,Medium
31204,5,15,3,4,4.5,Medium
31205,14,8,4,6,2.542857143,Medium
31210,14,7,7,5,4.242857143,Medium
31214,26,5,4,2,2.153846154,Medium
31217,26,9,7,5,2.853846154,Medium
31218,11,4,4,9,3.927272727,Medium
31219,7,18,7,9,4.185714286,Medium
31220,10,5,4,1,4,Medium
31223,19,12,6,5,2.178947368,Medium
31224,9,16,4,9,2.133333333,Medium
31226,12,7,6,8,4.1,Medium
31230,25,5,7,1,3.7,Medium
31235,10,2,1,6,3.1,Medium
31237,22,6,9,7,4.663636364,Medium
31240,12,9,4,8,2.7,Medium
31243,18,8,6,4,3.066666667,Medium
31245,14,13,5,4,2.042857143,Medium
31251,18,11,7,2,2.966666667,Medium
31254,15,6,3,1,2.3,Medium
31259,18,9,8,2,3.866666667,Medium
31262,5,18,5,8,4.9,Medium
31263,14,1,1,5,2.442857143,Medium
31264,20,3,3,3,2.4,Medium
31266,19,9,6,4,2.778947368,Medium
31268,28,14,8,2,2.271428571,Medium
31269,10,14,6,2,3.2,Medium
31271,28,5,6,5,3.071428571,Medium
31275,6,16,4,8,3.8,Medium
31276,27,9,9,3,3.811111111,Medium
31278,8,19,7,7,3.45,Medium
31279,17,11,8,4,3.564705882,Medium
31280,14,6,7,9,4.442857143,Medium
31284,14,15,7,4,2.642857143,Medium
31286,17,12,7,4,2.864705882,Medium
31287,7,12,2,7,2.885714286,Medium
31290,23,5,6,7,3.304347826,Medium
31292,6,13,2,1,3.4,Medium
31293,12,4,5,8,4.2,Medium
31294,16,15,7,9,2.375,Medium
31298,8,14,3,1,2.45,Medium
31301,22,3,4,9,2.763636364,Medium
31302,28,1,6,9,3.871428571,Medium
31304,5,17,4,1,4.6,Medium
31308,29,3,5,4,2.934482759,Medium
31309,20,17,8,4,2.1,Medium
31312,13,8,8,2,4.707692308,Medium
31314,14,10,4,3,2.142857143,Medium
31315,18,14,9,3,3.366666667,Medium
31316,21,8,9,8,4.328571429,Medium
31317,15,15,7,4,2.5,Medium
31319,16,9,5,3,2.575,Medium
31321,13,16,8,6,3.107692308,Medium
31329,26,5,5,5,2.653846154,Medium
31330,16,4,5,9,3.575,Medium
31331,9,19,7,2,3.033333333,Medium
31336,25,5,6,9,3.2,Medium
31337,11,6,4,5,3.527272727,Medium
31341,5,16,3,5,4.3,Medium
31342,8,19,9,5,4.45,Medium
31343,25,8,9,4,4.1,Medium
31344,18,12,6,5,2.266666667,Medium
31345,15,4,4,9,3.2,Medium
31348,27,3,6,4,3.511111111,Medium
31349,15,7,8,9,4.6,Medium
31350,10,4,2,6,3.2,Medium
31352,18,7,4,4,2.266666667,Medium
31355,18,12,9,6,3.766666667,Medium
31357,17,18,9,8,2.664705882,Medium
31358,27,1,8,1,4.911111111,Medium
31359,12,14,7,6,3.2,Medium
31360,8,7,4,7,4.35,Medium
31362,28,12,7,1,2.171428571,Medium
31363,14,3,4,1,3.542857143,Medium
31364,21,6,8,1,4.228571429,Medium
31365,24,13,8,2,2.65,Medium
31370,13,7,8,3,4.907692308,Medium
31371,22,3,6,7,3.763636364,Medium
31375,8,8,5,4,4.65,Medium
31378,6,16,3,1,3.3,Medium
31380,26,10,9,2,3.653846154,Medium
31383,26,2,8,5,4.753846154,Medium
31385,12,10,9,3,5,Medium
31386,26,7,7,5,3.253846154,Medium
31388,5,18,5,4,4.9,Medium
31394,24,6,9,8,4.55,Medium
31395,25,12,7,8,2.3,Medium
31396,7,16,4,1,3.085714286,Medium
31398,12,12,8,5,4.1,Medium
31399,12,3,1,3,2.4,Medium
31400,12,1,5,7,4.8,Medium
31402,9,16,9,5,4.633333333,Medium
31405,16,5,7,5,4.375,Medium
31407,19,6,8,6,4.378947368,Medium
31411,7,17,7,9,4.385714286,Medium
31412,28,7,8,8,3.671428571,Medium
31415,24,11,8,4,3.05,Medium
31416,10,10,6,4,4,Medium
31419,24,7,9,4,4.35,Medium
31420,22,5,4,3,2.363636364,Medium
31422,27,6,9,9,4.411111111,Medium
31424,21,17,9,2,2.528571429,Medium
31425,11,15,6,3,2.727272727,Medium
31429,9,16,7,3,3.633333333,Medium
31431,14,18,8,1,2.542857143,Medium
31437,14,7,4,8,2.742857143,Medium
31441,23,9,5,8,2.004347826,Medium
31443,25,5,6,7,3.2,Medium
31444,15,5,4,3,3,Medium
31446,11,5,3,8,3.227272727,Medium
31447,14,2,6,9,4.742857143,Medium
31448,23,12,8,4,2.904347826,Medium
31449,27,2,8,6,4.711111111,Medium
31450,15,6,8,9,4.8,Medium
31452,12,4,1,3,2.2,Medium
31453,27,8,7,9,3.011111111,Medium
31456,19,4,7,7,4.278947368,Medium
31457,10,10,5,6,3.5,Medium
31458,23,10,7,8,2.804347826,Medium
31459,29,3,9,7,4.934482759,Medium
31466,11,1,3,8,4.027272727,Medium
31467,17,6,7,8,4.064705882,Medium
31469,10,4,5,9,4.7,Medium
31472,29,14,9,8,2.734482759,Medium
31473,17,2,2,6,2.364705882,Medium
31476,28,6,9,3,4.371428571,Medium
31477,14,2,5,8,4.242857143,Medium
31478,24,5,4,4,2.25,Medium
31485,21,10,9,3,3.928571429,Medium
31486,15,1,4,4,3.8,Medium
31488,15,3,4,4,3.4,Medium
31490,10,14,9,5,4.7,Medium
31496,20,1,6,8,4.3,Medium
31497,9,18,9,4,4.233333333,Medium
31498,12,1,1,5,2.8,Medium
31506,17,3,7,3,4.664705882,Medium
31507,13,4,3,3,3.007692308,Medium
31513,12,6,2,7,2.3,Medium
31516,6,15,4,8,4,Medium
31517,25,10,7,2,2.7,Medium
31519,14,3,5,4,4.042857143,Medium
31523,23,5,7,8,3.804347826,Medium
31530,21,3,3,6,2.328571429,Medium
31536,28,4,7,7,3.771428571,Medium
31540,10,13,4,3,2.4,Medium
31542,13,11,7,8,3.607692308,Medium
31546,16,7,8,5,4.475,Medium
31549,15,9,9,9,4.7,Medium
31552,14,18,8,4,2.542857143,Medium
31556,11,2,2,5,3.327272727,Medium
31557,8,19,7,3,3.45,Medium
31558,20,6,4,2,2.3,Medium
31560,7,15,7,2,4.785714286,Medium
31562,28,2,6,3,3.671428571,Medium
31563,6,10,2,7,4,Medium
31565,10,13,7,1,3.9,Medium
31566,18,14,7,6,2.366666667,Medium
31570,19,8,5,7,2.478947368,Medium
31571,7,5,1,9,3.785714286,Medium
31574,18,6,5,5,2.966666667,Medium
31576,11,17,7,4,2.827272727,Medium
31582,28,8,7,8,2.971428571,Medium
31585,10,14,5,6,2.7,Medium
31586,20,4,4,7,2.7,Medium
31587,15,12,6,3,2.6,Medium
31589,12,2,4,7,4.1,Medium
31591,20,3,7,7,4.4,Medium
31593,16,1,2,1,2.675,Medium
31596,15,1,5,3,4.3,Medium
31597,7,14,7,1,4.985714286,Medium
31598,5,17,3,7,4.1,Medium
31599,7,11,2,1,3.085714286,Medium
31602,21,13,8,6,2.828571429,Medium
31603,20,7,5,6,2.6,Medium
31604,18,18,9,6,2.566666667,Medium
31612,6,18,3,6,2.9,Medium
31615,19,4,4,1,2.778947368,Medium
31617,6,5,2,4,5,Medium
31622,14,10,5,5,2.642857143,Medium
31624,24,4,7,5,3.95,Medium
31637,9,11,7,6,4.633333333,Medium
31640,13,16,9,6,3.607692308,Medium
31643,22,6,4,8,2.163636364,Medium
31644,21,1,3,3,2.728571429,Medium
31646,14,13,5,2,2.042857143,Medium
31647,24,17,9,8,2.35,Medium
31648,10,11,5,4,3.3,Medium
31649,16,9,6,8,3.075,Medium
31651,18,13,6,9,2.066666667,Medium
31654,17,9,9,8,4.464705882,Medium
31655,29,5,5,1,2.534482759,Medium
31656,27,1,4,7,2.911111111,Medium
31657,12,5,6,1,4.5,Medium
31658,13,10,6,9,3.307692308,Medium
31663,21,2,2,5,2.028571429,Medium
31664,26,11,8,1,2.953846154,Medium
31667,11,17,9,1,3.827272727,Medium
31670,19,3,8,6,4.978947368,Medium
31674,6,3,1,2,4.9,Medium
31678,12,8,3,8,2.4,Medium
31679,13,15,8,8,3.307692308,Medium
31680,17,15,8,2,2.764705882,Medium
31681,15,10,7,3,3.5,Medium
31682,9,12,3,7,2.433333333,Medium
31685,27,9,7,4,2.811111111,Medium
31686,19,7,7,4,3.678947368,Medium
31687,25,6,9,1,4.5,Medium
31688,18,11,6,2,2.466666667,Medium
31690,29,8,9,5,3.934482759,Medium
31692,23,4,7,8,4.004347826,Medium
31693,8,13,3,3,2.65,Medium
31696,9,8,5,4,4.233333333,Medium
31698,14,9,4,3,2.342857143,Medium
31700,14,6,6,5,3.942857143,Medium
31702,29,8,6,7,2.434482759,Medium
31703,12,9,8,5,4.7,Medium
31704,20,19,9,6,2.2,Medium
31707,14,17,7,9,2.242857143,Medium
31708,26,14,8,8,2.353846154,Medium
31711,8,15,4,6,2.75,Medium
31712,10,4,4,5,4.2,Medium
31713,23,4,4,2,2.504347826,Medium
31714,18,18,9,3,2.566666667,Medium
31720,18,14,8,6,2.866666667,Medium
31721,14,4,4,5,3.342857143,Medium
31724,13,7,8,4,4.907692308,Medium
31727,21,5,4,8,2.428571429,Medium
31728,9,11,6,8,4.133333333,Medium
31730,11,12,4,2,2.327272727,Medium
31732,25,1,8,5,5,Medium
31738,22,2,6,6,3.963636364,Medium
31743,20,2,7,7,4.6,Medium
31744,9,11,4,4,3.133333333,Medium
31745,21,12,9,5,3.528571429,Medium
31748,18,8,9,4,4.566666667,Medium
31750,29,7,8,2,3.634482759,Medium
31752,19,14,7,2,2.278947368,Medium
31753,23,14,8,4,2.504347826,Medium
31756,11,6,3,8,3.027272727,Medium
31757,8,16,8,6,4.55,Medium
31759,20,7,9,9,4.6,Medium
31760,9,1,1,8,3.633333333,Medium
31764,18,6,4,1,2.466666667,Medium
31766,26,10,7,2,2.653846154,Medium
31769,26,13,9,2,3.053846154,Medium
31774,27,5,7,6,3.611111111,Medium
31776,16,3,7,9,4.775,Medium
31778,25,10,6,2,2.2,Medium
31781,28,10,7,8,2.571428571,Medium
31784,24,5,5,6,2.75,Medium
31785,15,15,9,8,3.5,Medium
31787,8,14,4,2,2.95,Medium
31789,13,17,9,9,3.407692308,Medium
31790,24,3,7,5,4.15,Medium
31791,13,6,4,5,3.107692308,Medium
31796,12,11,7,7,3.8,Medium
31800,7,19,4,8,2.485714286,Medium
31801,10,14,9,1,4.7,Medium
31802,19,5,8,7,4.578947368,Medium
31804,24,10,8,8,3.25,Medium
31807,17,9,7,7,3.464705882,Medium
31809,24,12,9,5,3.35,Medium
31813,27,2,4,2,2.711111111,Medium
31815,20,3,3,5,2.4,Medium
31817,9,6,1,2,2.633333333,Medium
31819,29,8,6,1,2.434482759,Medium
31820,29,10,7,2,2.534482759,Medium
31822,6,16,5,7,4.3,Medium
31824,21,15,8,8,2.428571429,Medium
31831,12,16,8,6,3.3,Medium
31833,17,3,5,4,3.664705882,Medium
31836,17,5,8,5,4.764705882,Medium
31838,15,15,7,2,2.5,Medium
31844,12,6,5,7,3.8,Medium
31845,9,11,6,8,4.133333333,Medium
31848,16,5,7,7,4.375,Medium
31849,12,3,2,6,2.9,Medium
31855,15,9,5,5,2.7,Medium
31856,7,11,4,1,4.085714286,Medium
31858,18,15,9,3,3.166666667,Medium
31860,15,4,4,5,3.2,Medium
31861,26,2,5,3,3.253846154,Medium
31863,21,10,9,7,3.928571429,Medium
31865,6,12,4,4,4.6,Medium
31866,18,9,5,6,2.366666667,Medium
31867,22,3,7,2,4.263636364,Medium
31878,11,3,1,6,2.627272727,Medium
31879,23,2,4,2,2.904347826,Medium
31880,28,5,7,2,3.571428571,Medium
31881,13,5,2,8,2.307692308,Medium
31884,19,1,4,7,3.378947368,Medium
31885,11,5,5,4,4.227272727,Medium
31893,24,6,8,1,4.05,Medium
31896,25,6,8,5,4,Medium
31899,28,9,7,7,2.771428571,Medium
31901,10,7,1,2,2.1,Medium
31903,26,1,5,7,3.453846154,Medium
31911,20,15,9,4,3,Medium
31912,16,19,8,2,2.075,Medium
31915,22,9,7,3,3.063636364,Medium
31917,12,17,7,2,2.6,Medium
31921,15,14,8,7,3.2,Medium
31925,25,6,8,3,4,Medium
31931,27,12,7,5,2.211111111,Medium
31935,13,2,4,3,3.907692308,Medium
31936,20,13,8,3,2.9,Medium
31938,13,18,8,6,2.707692308,Medium
31943,24,8,8,1,3.65,Medium
31949,5,17,3,6,4.1,Medium
31951,15,13,7,9,2.9,Medium
31953,8,10,3,1,3.25,Medium
31954,26,5,4,9,2.153846154,Medium
31956,9,13,6,4,3.733333333,Medium
31958,8,15,7,4,4.25,Medium
31962,28,4,4,7,2.271428571,Medium
31964,8,6,3,5,4.05,Medium
31966,22,1,5,4,3.663636364,Medium
31967,25,12,7,9,2.3,Medium
31971,27,9,8,2,3.311111111,Medium
31973,19,10,8,7,3.578947368,Medium
31974,12,1,4,7,4.3,Medium
31975,15,5,5,9,3.5,Medium
31977,23,5,8,3,4.304347826,Medium
31982,12,17,7,8,2.6,Medium
31983,18,4,6,1,3.866666667,Medium
31985,14,10,6,5,3.142857143,Medium
31986,9,9,1,4,2.033333333,Medium
31988,15,3,7,8,4.9,Medium
31990,8,19,9,5,4.45,Medium
31993,12,6,3,3,2.8,Medium
31996,10,3,5,3,4.9,Medium
31998,19,6,9,4,4.878947368,Medium
32000,21,10,6,7,2.428571429,Medium
32001,7,13,4,7,3.685714286,Medium
32004,10,6,4,3,3.8,Medium
32008,22,3,5,7,3.263636364,Medium
32009,24,6,6,6,3.05,Medium
32013,25,4,6,1,3.4,Medium
32014,21,13,8,8,2.828571429,Medium
32015,9,5,2,2,3.333333333,Medium
32016,7,12,5,5,4.385714286,Medium
32019,7,19,7,3,3.985714286,Medium
32020,28,9,6,6,2.271428571,Medium
32021,14,6,4,8,2.942857143,Medium
32026,29,5,9,2,4.534482759,Medium
32029,15,3,7,9,4.9,Medium
32030,18,19,9,2,2.366666667,Medium
32031,17,1,4,3,3.564705882,Medium
32032,19,4,7,9,4.278947368,Medium
32034,17,13,9,3,3.664705882,Medium
32036,12,8,4,5,2.9,Medium
32039,13,8,8,1,4.707692308,Medium
32041,20,16,9,4,2.8,Medium
32042,27,4,7,3,3.811111111,Medium
32044,7,16,7,7,4.585714286,Medium
32046,19,5,8,7,4.578947368,Medium
32047,15,4,5,2,3.7,Medium
32049,28,3,5,4,2.971428571,Medium
32058,20,15,9,3,3,Medium
32059,12,4,4,2,3.7,Medium
32063,10,14,5,6,2.7,Medium
32070,18,18,9,6,2.566666667,Medium
32073,18,2,6,7,4.266666667,Medium
32074,16,1,3,9,3.175,Medium
32077,18,1,4,5,3.466666667,Medium
32079,13,4,6,2,4.507692308,Medium
32082,12,3,4,1,3.9,Medium
32083,11,17,6,4,2.327272727,Medium
32085,17,9,7,5,3.464705882,Medium
32086,10,10,6,4,4,Medium
32092,15,6,5,2,3.3,Medium
32097,6,8,2,8,4.4,Medium
32098,24,7,6,1,2.85,Medium
32102,9,12,7,1,4.433333333,Medium
32103,10,12,3,2,2.1,Medium
32112,10,6,5,5,4.3,Medium
32113,6,19,3,2,2.7,Medium
32115,22,5,6,9,3.363636364,Medium
32116,13,2,6,6,4.907692308,Medium
32117,23,14,8,6,2.504347826,Medium
32118,27,7,7,3,3.211111111,Medium
32121,8,1,1,5,4.05,Medium
32124,25,18,9,9,2.1,Medium
32126,24,2,8,5,4.85,Medium
32127,13,7,4,3,2.907692308,Medium
32128,28,3,4,5,2.471428571,Medium
32131,25,13,8,3,2.6,Medium
32138,15,19,9,1,2.7,Medium
32139,15,15,8,7,3,Medium
32140,11,3,5,9,4.627272727,Medium
32142,24,15,8,5,2.25,Medium
32143,20,11,7,6,2.8,Medium
32144,16,10,9,3,4.375,Medium
32145,10,19,6,8,2.2,Medium
32147,15,14,9,3,3.7,Medium
32155,12,11,9,7,4.8,Medium
32156,14,9,9,5,4.842857143,Medium
32161,13,15,8,4,3.307692308,Medium
32164,22,8,5,4,2.263636364,Medium
32165,10,15,8,1,4,Medium
32168,16,11,7,8,3.175,Medium
32172,6,18,2,6,2.4,Medium
32174,28,2,7,9,4.171428571,Medium
32175,25,5,7,5,3.7,Medium
32176,10,4,3,2,3.7,Medium
32177,20,6,9,4,4.8,Medium
32178,21,7,9,6,4.528571429,Medium
32181,16,7,4,9,2.475,Medium
32182,10,10,7,9,4.5,Medium
32185,12,11,5,6,2.8,Medium
32190,20,3,4,2,2.9,Medium
32192,16,14,7,8,2.575,Medium
32195,8,17,6,9,3.35,Medium
32196,24,3,5,8,3.15,Medium
32197,9,2,1,4,3.433333333,Medium
32199,6,19,5,3,3.7,Medium
32206,15,3,2,8,2.4,Medium
32208,16,4,5,9,3.575,Medium
32209,10,4,2,4,3.2,Medium
32210,26,4,5,4,2.853846154,Medium
32215,12,8,6,4,3.9,Medium
32217,19,16,8,7,2.378947368,Medium
32218,27,6,5,1,2.411111111,Medium
32219,16,12,9,2,3.975,Medium
32221,11,7,3,1,2.827272727,Medium
32222,9,11,7,5,4.633333333,Medium
32223,12,1,3,7,3.8,Medium
32224,19,5,4,4,2.578947368,Medium
32227,24,6,4,2,2.05,Medium
32228,14,10,8,3,4.142857143,Medium
32229,17,13,7,2,2.664705882,Medium
32232,9,12,3,4,2.433333333,Medium
32237,6,14,5,7,4.7,Medium
32238,21,5,6,3,3.428571429,Medium
32240,15,8,6,3,3.4,Medium
32241,24,11,9,8,3.55,Medium
32243,28,1,8,2,4.871428571,Medium
32244,22,8,9,1,4.263636364,Medium
32247,6,15,4,5,4,Medium
32248,16,3,3,4,2.775,Medium
32251,7,10,2,1,3.285714286,Medium
32252,8,5,2,9,3.75,Medium
32254,24,8,6,7,2.65,Medium
32255,8,12,5,8,3.85,Medium
32262,14,2,4,2,3.742857143,Medium
32264,26,6,5,6,2.453846154,Medium
32265,5,16,1,6,3.3,Medium
32268,27,8,8,2,3.511111111,Medium
32274,18,9,6,8,2.866666667,Medium
32276,25,11,9,9,3.5,Medium
32283,11,15,5,7,2.227272727,Medium
32284,24,2,7,3,4.35,Medium
32286,9,1,2,7,4.133333333,Medium
32287,29,1,7,2,4.334482759,Medium
32291,23,2,7,2,4.404347826,Medium
32292,19,3,3,1,2.478947368,Medium
32293,15,10,7,4,3.5,Medium
32297,29,1,7,6,4.334482759,Medium
32298,15,8,4,1,2.4,Medium
32299,6,19,5,1,3.7,Medium
32300,5,12,2,8,4.6,Medium
32301,13,1,3,2,3.607692308,Medium
32305,18,8,6,1,3.066666667,Medium
32307,12,16,7,9,2.8,Medium
32311,11,10,4,9,2.727272727,Medium
32312,25,5,9,7,4.7,Medium
32313,8,18,8,8,4.15,Medium
32314,12,3,3,3,3.4,Medium
32315,21,7,4,4,2.028571429,Medium
32316,26,6,7,2,3.453846154,Medium
32319,11,12,4,2,2.327272727,Medium
32320,21,1,3,5,2.728571429,Medium
32322,15,2,5,2,4.1,Medium
32324,15,7,7,3,4.1,Medium
32327,10,14,6,9,3.2,Medium
32331,29,4,4,1,2.234482759,Medium
32334,8,15,8,4,4.75,Medium
32338,21,13,8,2,2.828571429,Medium
32339,16,12,8,7,3.475,Medium
32341,27,17,9,1,2.211111111,Medium
32344,22,9,7,1,3.063636364,Medium
32347,7,13,6,7,4.685714286,Medium
32348,7,16,3,8,2.585714286,Medium
32349,7,14,5,3,3.985714286,Medium
32351,9,15,9,3,4.833333333,Medium
32353,7,8,1,7,3.185714286,Medium
32356,12,1,4,6,4.3,Medium
32359,27,3,7,9,4.011111111,Medium
32361,8,15,6,8,3.75,Medium
32363,8,11,6,1,4.55,Medium
32364,27,3,4,8,2.511111111,Medium
32366,21,8,6,1,2.828571429,Medium
32370,14,14,8,2,3.342857143,Medium
32371,25,1,5,7,3.5,Medium
32372,8,5,1,3,3.25,Medium
32373,14,16,8,4,2.942857143,Medium
32374,13,2,2,6,2.907692308,Medium
32376,18,1,5,3,3.966666667,Medium
32379,23,9,8,1,3.504347826,Medium
32386,24,5,8,7,4.25,Medium
32387,16,13,9,7,3.775,Medium
32389,19,1,4,9,3.378947368,Medium
32390,22,3,3,4,2.263636364,Medium
32391,28,11,9,1,3.371428571,Medium
32392,17,12,7,9,2.864705882,Medium
32401,13,13,5,7,2.207692308,Medium
32403,24,3,7,2,4.15,Medium
32407,12,9,6,1,3.7,Medium
32408,13,5,6,6,4.307692308,Medium
32410,15,14,8,9,3.2,Medium
32413,28,15,9,5,2.571428571,Medium
32418,22,16,8,4,2.163636364,Medium
32419,11,7,2,7,2.327272727,Medium
32421,16,14,8,2,3.075,Medium
32422,5,17,3,9,4.1,Medium
32424,15,5,7,5,4.5,Medium
32425,16,7,5,2,2.975,Medium
32431,10,17,7,4,3.1,Medium
32433,27,3,3,7,2.011111111,Medium
32435,17,2,6,6,4.364705882,Medium
32437,23,4,4,2,2.504347826,Medium
32438,13,6,3,6,2.607692308,Medium
32440,12,8,8,2,4.9,Medium
32452,8,1,1,9,4.05,Medium
32453,12,14,9,1,4.2,Medium
32456,8,18,4,4,2.15,Medium
32457,5,16,2,5,3.8,Medium
32461,19,2,2,6,2.178947368,Medium
32462,12,6,6,4,4.3,Medium
32463,21,11,6,8,2.228571429,Medium
32465,5,14,2,1,4.2,Medium
32471,13,12,5,3,2.407692308,Medium
32472,25,8,8,9,3.6,Medium
32478,26,6,6,3,2.953846154,Medium
32480,20,6,9,4,4.8,Medium
32486,21,3,4,4,2.828571429,Medium
32487,22,3,6,6,3.763636364,Medium
32489,12,19,7,7,2.2,Medium
32491,13,14,5,5,2.007692308,Medium
32492,28,2,5,6,3.171428571,Medium
32496,8,7,3,9,3.85,Medium
32498,6,3,1,7,4.9,Medium
32499,22,11,6,3,2.163636364,Medium
32501,16,2,6,5,4.475,Medium
32503,17,18,9,9,2.664705882,Medium
32510,27,3,4,1,2.511111111,Medium
32511,20,8,9,1,4.4,Medium
32521,22,4,8,5,4.563636364,Medium
32524,5,16,3,2,4.3,Medium
32526,6,16,6,1,4.8,Medium
32529,9,1,1,8,3.633333333,Medium
32530,14,3,2,9,2.542857143,Medium
32532,14,5,4,2,3.142857143,Medium
32534,24,5,7,9,3.75,Medium
32541,12,9,5,6,3.2,Medium
32551,22,5,7,1,3.863636364,Medium
32554,18,5,5,6,3.166666667,Medium
32558,13,1,1,3,2.607692308,Medium
32561,19,4,4,6,2.778947368,Medium
32563,18,10,7,4,3.166666667,Medium
32576,17,11,7,3,3.064705882,Medium
32581,22,6,5,6,2.663636364,Medium
32582,9,9,4,1,3.533333333,Medium
32584,17,6,8,5,4.564705882,Medium
32586,18,5,5,2,3.166666667,Medium
32587,11,4,2,3,2.927272727,Medium
32589,16,9,7,5,3.575,Medium
32590,11,8,3,4,2.627272727,Medium
32592,25,4,9,6,4.9,Medium
32593,8,9,4,2,3.95,Medium
32597,28,8,7,9,2.971428571,Medium
32598,11,17,9,8,3.827272727,Medium
32601,17,4,4,1,2.964705882,Medium
32602,18,6,9,4,4.966666667,Medium
32604,27,3,4,3,2.511111111,Medium
32606,7,8,3,4,4.185714286,Medium
32608,14,1,5,1,4.442857143,Medium
32610,9,12,6,4,3.933333333,Medium
32612,14,4,7,2,4.842857143,Medium
32613,4,16,1,7,4.8,Medium
32614,12,4,5,9,4.2,Medium
32621,15,12,7,4,3.1,Medium
32623,9,9,1,5,2.033333333,Medium
32625,5,19,2,8,3.2,Medium
32629,23,1,6,1,4.104347826,Medium
32633,17,13,7,7,2.664705882,Medium
32634,28,2,6,6,3.671428571,Medium
32636,16,8,7,3,3.775,Medium
32639,5,18,3,9,3.9,Medium
32640,9,18,9,8,4.233333333,Medium
32642,4,19,2,2,4.7,Medium
32646,10,13,7,6,3.9,Medium
32647,12,6,2,2,2.3,Medium
32648,12,3,6,2,4.9,Medium
32650,7,15,2,3,2.285714286,Medium
32652,12,10,7,4,4,Medium
32653,18,8,5,8,2.566666667,Medium
32654,17,4,4,3,2.964705882,Medium
32657,18,6,7,7,3.966666667,Medium
32659,14,6,7,1,4.442857143,Medium
32662,28,10,7,1,2.571428571,Medium
32664,22,18,9,6,2.263636364,Medium
32665,12,10,5,8,3,Medium
32667,24,9,6,7,2.45,Medium
32668,18,10,6,5,2.666666667,Medium
32670,19,19,9,3,2.278947368,Medium
32671,16,4,5,2,3.575,Medium
32679,20,9,5,3,2.2,Medium
32680,14,19,8,8,2.342857143,Medium
32685,19,1,4,7,3.378947368,Medium
32686,21,7,8,5,4.028571429,Medium
32688,18,17,8,8,2.266666667,Medium
32690,12,12,5,7,2.6,Medium
32692,27,15,9,3,2.611111111,Medium
32695,28,1,5,3,3.371428571,Medium
32697,12,14,5,6,2.2,Medium
32699,18,16,8,7,2.466666667,Medium
32700,11,6,6,3,4.527272727,Medium
32701,25,13,8,1,2.6,Medium
32703,13,10,4,9,2.307692308,Medium
32704,29,10,8,4,3.034482759,Medium
32705,16,9,4,5,2.075,Medium
32711,7,16,3,8,2.585714286,Medium
32712,24,3,4,7,2.65,Medium
32713,19,18,9,8,2.478947368,Medium
32716,7,19,9,3,4.985714286,Medium
32718,10,10,8,8,5,Medium
32720,12,17,9,2,3.6,Medium
32723,14,5,6,7,4.142857143,Medium
32724,11,18,9,5,3.627272727,Medium
32726,24,18,9,8,2.15,Medium
32727,25,1,5,6,3.5,Medium
32732,13,3,4,1,3.707692308,Medium
32739,29,3,8,6,4.434482759,Medium
32741,23,3,4,1,2.704347826,Medium
32744,17,8,7,5,3.664705882,Medium
32745,15,8,8,6,4.4,Medium
32746,20,16,8,7,2.3,Medium
32751,11,5,5,8,4.227272727,Medium
32753,11,7,5,1,3.827272727,Medium
32755,23,1,2,3,2.104347826,Medium
32758,11,9,4,3,2.927272727,Medium
32759,15,11,9,2,4.3,Medium
32760,21,17,8,3,2.028571429,Medium
32761,17,5,3,5,2.264705882,Medium
32763,9,10,4,3,3.333333333,Medium
32764,17,7,9,8,4.864705882,Medium
32765,24,7,5,5,2.35,Medium
32768,15,9,8,7,4.2,Medium
32769,12,8,4,7,2.9,Medium
32771,20,6,4,3,2.3,Medium
32772,13,1,4,8,4.107692308,Medium
32776,5,18,5,2,4.9,Medium
32777,10,4,2,8,3.2,Medium
32780,17,6,8,2,4.564705882,Medium
32781,19,3,5,8,3.478947368,Medium
32782,20,2,2,2,2.1,Medium
32783,12,11,7,3,3.8,Medium
32791,9,19,7,7,3.033333333,Medium
32793,16,2,2,1,2.475,Medium
32795,21,16,9,8,2.728571429,Medium
32797,25,3,6,9,3.6,Medium
32800,25,13,8,7,2.6,Medium
32804,8,9,3,1,3.45,Medium
32806,27,7,5,5,2.211111111,Medium
32813,22,19,9,5,2.063636364,Medium
32814,11,11,8,8,4.527272727,Medium
32818,9,2,2,7,3.933333333,Medium
32819,16,4,7,9,4.575,Medium
32820,15,3,2,5,2.4,Medium
32827,13,17,7,7,2.407692308,Medium
32831,12,16,9,8,3.8,Medium
32836,14,13,6,3,2.542857143,Medium
32837,27,16,9,4,2.411111111,Medium
32840,17,13,7,1,2.664705882,Medium
32842,24,7,5,6,2.35,Medium
32844,10,14,7,5,3.7,Medium
32845,22,6,4,3,2.163636364,Medium
32846,28,17,9,9,2.171428571,Medium
32848,29,16,9,2,2.334482759,Medium
32849,24,3,6,6,3.65,Medium
32851,15,4,2,7,2.2,Medium
32852,12,10,8,8,4.5,Medium
32853,9,9,3,9,3.033333333,Medium
32854,22,18,9,8,2.263636364,Medium
32856,27,9,6,5,2.311111111,Medium
32862,21,8,7,1,3.328571429,Medium
32867,24,5,4,9,2.25,Medium
32868,14,11,9,2,4.442857143,Medium
32871,24,9,6,6,2.45,Medium
32873,11,6,3,8,3.027272727,Medium
32874,27,11,8,4,2.911111111,Medium
32877,6,19,4,9,3.2,Medium
32883,21,7,7,9,3.528571429,Medium
32890,24,6,9,5,4.55,Medium
32900,29,2,4,6,2.634482759,Medium
32902,24,6,8,4,4.05,Medium
32905,9,14,8,6,4.533333333,Medium
32908,9,10,2,3,2.333333333,Medium
32909,19,1,3,9,2.878947368,Medium
32912,28,8,9,9,3.971428571,Medium
32914,27,10,9,1,3.611111111,Medium
32916,15,1,1,6,2.3,Medium
32920,19,1,7,3,4.878947368,Medium
32921,12,8,5,6,3.4,Medium
32925,23,6,8,5,4.104347826,Medium
32926,14,14,8,5,3.342857143,Medium
32927,29,2,6,5,3.634482759,Medium
32929,22,14,7,5,2.063636364,Medium
32934,12,12,6,7,3.1,Medium
32935,12,3,3,5,3.4,Medium
32937,23,4,3,7,2.004347826,Medium
32939,17,12,7,7,2.864705882,Medium
32945,11,15,7,6,3.227272727,Medium
32951,14,10,9,5,4.642857143,Medium
32957,28,1,4,2,2.871428571,Medium
32961,28,7,7,4,3.171428571,Medium
32965,26,3,3,6,2.053846154,Medium
32970,10,14,8,5,4.2,Medium
32972,12,15,8,2,3.5,Medium
32973,7,18,8,5,4.685714286,Medium
32974,5,15,4,1,5,Medium
32979,17,12,7,2,2.864705882,Medium
32982,26,3,4,1,2.553846154,Medium
32983,17,5,5,8,3.264705882,Medium
32988,27,10,7,1,2.611111111,Medium
32989,7,17,4,5,2.885714286,Medium
32990,12,13,6,6,2.9,Medium
32991,11,4,4,4,3.927272727,Medium
32993,17,7,5,7,2.864705882,Medium
32995,22,9,6,9,2.563636364,Medium
32997,7,5,2,8,4.285714286,Medium
32999,24,10,6,8,2.25,Medium
33006,23,3,3,5,2.204347826,Medium
33008,10,17,9,4,4.1,Medium
33009,14,4,4,3,3.342857143,Medium
33013,21,5,7,2,3.928571429,Medium
33015,18,5,5,5,3.166666667,Medium
33016,10,10,3,3,2.5,Medium
33020,11,10,8,4,4.727272727,Medium
33021,13,9,4,8,2.507692308,Medium
33023,27,2,6,3,3.711111111,Medium
33024,8,11,2,3,2.55,Medium
33028,8,18,9,7,4.65,Medium
33031,21,4,3,3,2.128571429,Medium
33032,9,1,2,9,4.133333333,Medium
33033,21,3,5,1,3.328571429,Medium
33036,24,3,4,4,2.65,Medium
33038,26,4,4,6,2.353846154,Medium
33039,8,15,8,2,4.75,Medium
33041,23,2,5,3,3.404347826,Medium
33042,8,16,5,9,3.05,Medium
33044,10,18,9,2,3.9,Medium
33045,25,14,9,1,2.9,Medium
33049,27,6,9,3,4.411111111,Medium
33051,11,11,5,7,3.027272727,Medium
33054,23,12,8,1,2.904347826,Medium
33057,18,3,6,5,4.066666667,Medium
33062,11,12,8,3,4.327272727,Medium
33064,22,2,3,4,2.463636364,Medium
33065,5,14,1,1,3.7,Medium
33066,6,19,4,9,3.2,Medium
33068,12,2,5,2,4.6,Medium
33069,14,4,6,6,4.342857143,Medium
33076,7,12,1,3,2.385714286,Medium
33077,21,14,8,8,2.628571429,Medium
33079,7,5,3,7,4.785714286,Medium
33082,25,3,5,2,3.1,Medium
33083,16,3,4,5,3.275,Medium
33084,12,6,5,9,3.8,Medium
33086,17,1,2,3,2.564705882,Medium
33088,20,19,9,2,2.2,Medium
33089,18,10,9,5,4.166666667,Medium
33091,20,7,6,5,3.1,Medium
33092,9,5,1,1,2.833333333,Medium
33097,28,4,6,9,3.271428571,Medium
33100,24,1,7,5,4.55,Medium
33102,25,6,6,7,3,Medium
33105,7,13,2,1,2.685714286,Medium
33109,19,6,9,4,4.878947368,Medium
33110,28,5,6,5,3.071428571,Medium
33111,7,16,2,4,2.085714286,Medium
33113,18,8,5,5,2.566666667,Medium
33119,20,11,6,4,2.3,Medium
33120,20,6,4,4,2.3,Medium
33122,6,19,3,5,2.7,Medium
33132,8,16,5,2,3.05,Medium
33139,17,8,4,8,2.164705882,Medium
33144,27,9,8,9,3.311111111,Medium
33145,13,7,6,5,3.907692308,Medium
33147,7,17,4,9,2.885714286,Medium
33148,6,15,5,4,4.5,Medium
33152,11,6,3,1,3.027272727,Medium
33154,23,7,9,5,4.404347826,Medium
33157,23,7,9,7,4.404347826,Medium
33159,17,2,6,9,4.364705882,Medium
33160,11,9,4,9,2.927272727,Medium
33161,12,3,1,4,2.4,Medium
33164,14,13,5,2,2.042857143,Medium
33165,10,10,3,8,2.5,Medium
33167,7,16,5,9,3.585714286,Medium
33168,9,5,2,8,3.333333333,Medium
33171,14,3,6,5,4.542857143,Medium
33172,17,7,8,4,4.364705882,Medium
33174,11,6,6,4,4.527272727,Medium
33175,13,7,7,9,4.407692308,Medium
33176,8,13,7,8,4.65,Medium
33177,6,17,3,9,3.1,Medium
33178,4,19,1,1,4.2,Medium
33183,25,4,9,4,4.9,Medium
33184,13,8,4,1,2.707692308,Medium
33188,14,11,7,8,3.442857143,Medium
33190,16,16,7,2,2.175,Medium
33193,15,8,7,7,3.9,Medium
33194,29,12,8,2,2.634482759,Medium
33196,13,13,8,9,3.707692308,Medium
33204,28,8,6,5,2.471428571,Medium
33208,19,13,7,8,2.478947368,Medium
33210,7,3,2,7,4.685714286,Medium
33212,7,13,5,2,4.185714286,Medium
33213,16,9,9,8,4.575,Medium
33214,26,2,4,9,2.753846154,Medium
33217,23,5,5,3,2.804347826,Medium
33218,27,9,6,1,2.311111111,Medium
33219,17,6,6,2,3.564705882,Medium
33220,28,4,5,5,2.771428571,Medium
33225,15,12,8,9,3.6,Medium
33229,21,1,7,4,4.728571429,Medium
33232,26,10,9,6,3.653846154,Medium
33233,18,6,9,4,4.966666667,Medium
33235,10,2,3,7,4.1,Medium
33236,21,8,8,7,3.828571429,Medium
33239,14,12,9,1,4.242857143,Medium
33241,24,10,7,6,2.75,Medium
33247,11,12,7,1,3.827272727,Medium
33248,6,19,5,5,3.7,Medium
33251,23,2,6,2,3.904347826,Medium
33254,23,5,7,7,3.804347826,Medium
33261,7,15,7,1,4.785714286,Medium
33262,11,18,6,2,2.127272727,Medium
33263,15,2,1,2,2.1,Medium
33264,9,14,3,4,2.033333333,Medium
33265,15,11,7,2,3.3,Medium
33268,8,18,9,6,4.65,Medium
33270,11,7,5,7,3.827272727,Medium
33276,8,14,8,5,4.95,Medium
33277,24,11,7,9,2.55,Medium
33278,27,9,8,2,3.311111111,Medium
33279,16,6,4,6,2.675,Medium
33280,7,12,5,1,4.385714286,Medium
33281,25,2,8,5,4.8,Medium
33283,4,16,1,4,4.8,Medium
33285,8,7,4,7,4.35,Medium
33286,6,12,1,4,3.1,Medium
33288,28,1,4,6,2.871428571,Medium
33291,7,13,3,6,3.185714286,Medium
33296,12,8,4,2,2.9,Medium
33297,14,3,5,7,4.042857143,Medium
33300,10,10,3,2,2.5,Medium
33308,22,3,8,8,4.763636364,Medium
33309,27,3,6,8,3.511111111,Medium
33311,25,4,5,6,2.9,Medium
33314,23,4,8,1,4.504347826,Medium
33316,28,2,7,8,4.171428571,Medium
33319,16,7,5,3,2.975,Medium
33329,15,17,8,7,2.6,Medium
33332,7,11,5,7,4.585714286,Medium
33337,27,1,5,6,3.411111111,Medium
33338,15,7,7,4,4.1,Medium
33339,27,10,6,1,2.111111111,Medium
33343,6,15,3,9,3.5,Medium
33345,22,1,3,3,2.663636364,Medium
33346,14,4,7,4,4.842857143,Medium
33347,17,15,9,7,3.264705882,Medium
33348,29,1,5,9,3.334482759,Medium
33349,22,6,4,2,2.163636364,Medium
33350,21,6,4,5,2.228571429,Medium
33355,9,5,1,1,2.833333333,Medium
33357,13,16,6,3,2.107692308,Medium
33360,25,5,4,4,2.2,Medium
33363,24,7,8,8,3.85,Medium
33367,26,3,6,2,3.553846154,Medium
33368,9,9,6,9,4.533333333,Medium
33371,14,12,7,4,3.242857143,Medium
33373,10,18,8,9,3.4,Medium
33374,29,8,7,2,2.934482759,Medium
33379,29,10,9,7,3.534482759,Medium
33380,8,18,9,1,4.65,Medium
33383,16,10,7,2,3.375,Medium
33384,15,17,8,2,2.6,Medium
33385,19,10,8,2,3.578947368,Medium
33390,20,3,4,6,2.9,Medium
33391,17,10,6,8,2.764705882,Medium
33395,16,14,7,8,2.575,Medium
33396,23,12,8,1,2.904347826,Medium
33397,26,4,8,3,4.353846154,Medium
33398,20,5,5,1,3,Medium
33402,9,17,9,4,4.433333333,Medium
33404,20,3,4,9,2.9,Medium
33405,20,5,6,9,3.5,Medium
33406,14,11,6,2,2.942857143,Medium
33408,14,6,6,4,3.942857143,Medium
33415,15,14,7,9,2.7,Medium
33416,22,11,9,8,3.663636364,Medium
33421,7,14,6,2,4.485714286,Medium
33423,5,11,2,4,4.8,Medium
33425,17,15,7,5,2.264705882,Medium
33426,29,2,3,3,2.134482759,Medium
33432,16,5,8,1,4.875,Medium
33433,9,19,9,5,4.033333333,Medium
33434,21,17,8,5,2.028571429,Medium
33436,9,6,4,9,4.133333333,Medium
33438,17,13,9,5,3.664705882,Medium
33444,13,7,6,6,3.907692308,Medium
33448,15,2,6,6,4.6,Medium
33450,27,4,8,3,4.311111111,Medium
33452,11,4,1,4,2.427272727,Medium
33455,16,12,8,5,3.475,Medium
33456,24,9,9,6,3.95,Medium
33462,20,5,6,5,3.5,Medium
33467,24,1,6,4,4.05,Medium
33468,9,6,2,8,3.133333333,Medium
33471,16,3,4,9,3.275,Medium
33474,13,3,6,7,4.707692308,Medium
33476,13,5,6,1,4.307692308,Medium
33479,26,5,9,5,4.653846154,Medium
33482,12,12,4,8,2.1,Medium
33484,15,12,9,2,4.1,Medium
33486,25,7,8,3,3.8,Medium
33488,24,9,7,8,2.95,Medium
33498,20,19,9,2,2.2,Medium
33500,18,1,2,3,2.466666667,Medium
33502,20,9,5,5,2.2,Medium
33508,22,7,7,6,3.463636364,Medium
33511,10,4,5,4,4.7,Medium
33516,10,10,8,5,5,Medium
33518,19,8,8,7,3.978947368,Medium
33519,8,11,5,4,4.05,Medium
33520,6,13,2,8,3.4,Medium
33522,22,7,8,3,3.963636364,Medium
33526,25,1,6,8,4,Medium
33527,25,1,3,4,2.5,Medium
33528,27,11,8,5,2.911111111,Medium
33531,4,15,1,7,5,Medium
33532,18,5,5,5,3.166666667,Medium
33535,24,9,7,7,2.95,Medium
33536,6,10,3,1,4.5,Medium
33537,8,7,5,6,4.85,Medium
33543,27,4,5,2,2.811111111,Medium
33546,13,8,4,5,2.707692308,Medium
33548,22,10,7,5,2.863636364,Medium
33553,28,5,8,9,4.071428571,Medium
33555,20,7,8,5,4.1,Medium
33556,6,11,1,8,3.3,Medium
33558,28,7,8,3,3.671428571,Medium
33562,12,10,8,1,4.5,Medium
33568,10,10,6,6,4,Medium
33571,17,9,6,9,2.964705882,Medium
33572,6,5,2,6,5,Medium
33574,11,11,8,9,4.527272727,Medium
33576,19,13,7,2,2.478947368,Medium
33579,27,2,6,2,3.711111111,Medium
33581,26,14,9,2,2.853846154,Medium
33584,7,10,5,5,4.785714286,Medium
33585,7,10,1,6,2.785714286,Medium
33586,28,2,7,3,4.171428571,Medium
33588,13,3,4,4,3.707692308,Medium
33591,11,13,6,8,3.127272727,Medium
33594,27,8,8,9,3.511111111,Medium
33596,7,15,5,3,3.785714286,Medium
33597,12,19,9,1,3.2,Medium
33598,27,5,7,6,3.611111111,Medium
33600,26,5,7,3,3.653846154,Medium
33610,11,6,6,1,4.527272727,Medium
33612,23,15,9,2,2.804347826,Medium
33619,12,12,7,8,3.6,Medium
33620,11,9,5,5,3.427272727,Medium
33621,28,8,7,1,2.971428571,Medium
33622,12,10,6,2,3.5,Medium
33624,7,9,1,6,2.985714286,Medium
33626,9,7,1,3,2.433333333,Medium
33627,6,10,4,4,5,Medium
33629,13,10,9,4,4.807692308,Medium
33630,17,2,6,6,4.364705882,Medium
33631,26,2,5,2,3.253846154,Medium
33637,29,3,9,2,4.934482759,Medium
33639,13,6,6,8,4.107692308,Medium
33649,21,2,6,6,4.028571429,Medium
33652,28,10,8,9,3.071428571,Medium
33656,7,11,3,1,3.585714286,Medium
33663,18,8,4,1,2.066666667,Medium
33664,10,4,5,2,4.7,Medium
33665,5,10,2,8,5,Medium
33666,14,2,1,4,2.242857143,Medium
33667,7,4,1,3,3.985714286,Medium
33669,13,9,4,7,2.507692308,Medium
33670,22,7,5,3,2.463636364,Medium
33672,22,8,8,8,3.763636364,Medium
33676,23,14,7,8,2.004347826,Medium
33677,12,5,3,8,3,Medium
33683,26,5,6,3,3.153846154,Medium
33684,23,5,9,8,4.804347826,Medium
33687,13,11,7,7,3.607692308,Medium
33688,20,17,9,8,2.6,Medium
33690,23,9,9,3,4.004347826,Medium
33691,15,7,3,6,2.1,Medium
33692,7,7,3,7,4.385714286,Medium
33695,6,8,1,6,3.9,Medium
33698,27,8,9,1,4.011111111,Medium
33699,24,14,8,6,2.45,Medium
33700,20,16,8,3,2.3,Medium
33701,7,19,6,5,3.485714286,Medium
33702,27,4,4,3,2.311111111,Medium
33706,25,15,9,4,2.7,Medium
33709,6,6,1,8,4.3,Medium
33710,23,14,8,8,2.504347826,Medium
33711,13,4,4,3,3.507692308,Medium
33718,29,2,3,7,2.134482759,Medium
33719,27,2,4,3,2.711111111,Medium
33720,11,16,8,6,3.527272727,Medium
33721,19,11,6,4,2.378947368,Medium
33723,11,13,8,3,4.127272727,Medium
33724,18,16,9,6,2.966666667,Medium
33726,26,8,8,1,3.553846154,Medium
33727,19,6,6,6,3.378947368,Medium
33728,14,2,2,2,2.742857143,Medium
33729,18,4,6,8,3.866666667,Medium
33731,29,9,6,1,2.234482759,Medium
33735,6,19,3,7,2.7,Medium
33737,28,7,9,2,4.171428571,Medium
33738,14,11,9,5,4.442857143,Medium
33742,12,7,3,2,2.6,Medium
33744,7,15,7,8,4.785714286,Medium
33745,11,12,8,9,4.327272727,Medium
33748,9,9,3,7,3.033333333,Medium
33750,8,12,2,9,2.35,Medium
33753,25,12,9,5,3.3,Medium
33756,12,4,3,1,3.2,Medium
33757,12,5,3,5,3,Medium
33760,9,12,3,7,2.433333333,Medium
33763,24,16,9,6,2.55,Medium
33764,7,11,1,2,2.585714286,Medium
33766,11,12,5,4,2.827272727,Medium
33767,6,9,3,6,4.7,Medium
33768,7,9,5,5,4.985714286,Medium
33770,28,2,5,3,3.171428571,Medium
33772,5,15,1,7,3.5,Medium
33773,9,18,8,9,3.733333333,Medium
33774,8,8,4,1,4.15,Medium
33775,28,9,6,5,2.271428571,Medium
33777,17,4,4,4,2.964705882,Medium
33781,20,2,3,5,2.6,Medium
33782,14,4,4,3,3.342857143,Medium
33784,16,2,3,2,2.975,Medium
33786,18,15,8,7,2.666666667,Medium
33790,15,12,6,1,2.6,Medium
33792,14,2,5,8,4.242857143,Medium
33794,27,16,9,1,2.411111111,Medium
33799,19,7,6,8,3.178947368,Medium
33801,15,4,7,5,4.7,Medium
33802,20,17,8,3,2.1,Medium
33804,25,2,4,3,2.8,Medium
33806,15,9,8,2,4.2,Medium
33809,20,3,5,2,3.4,Medium
33810,13,17,8,7,2.907692308,Medium
33812,22,10,8,5,3.363636364,Medium
33814,14,1,4,1,3.942857143,Medium
33817,20,10,9,9,4,Medium
33822,29,1,7,1,4.334482759,Medium
33823,12,11,8,7,4.3,Medium
33826,23,6,7,8,3.604347826,Medium
33831,9,3,2,6,3.733333333,Medium
33832,7,11,1,9,2.585714286,Medium
33833,14,4,7,3,4.842857143,Medium
33834,16,6,3,1,2.175,Medium
33836,15,12,8,1,3.6,Medium
33838,13,5,4,6,3.307692308,Medium
33841,11,5,5,6,4.227272727,Medium
33842,9,16,8,1,4.133333333,Medium
33845,11,9,3,3,2.427272727,Medium
33846,8,10,5,6,4.25,Medium
33848,19,7,6,9,3.178947368,Medium
33849,6,6,1,5,4.3,Medium
33853,18,1,7,1,4.966666667,Medium
33854,28,10,9,6,3.571428571,Medium
33856,23,18,9,6,2.204347826,Medium
33858,13,17,9,1,3.407692308,Medium
33859,18,2,3,3,2.766666667,Medium
33860,12,6,3,7,2.8,Medium
33862,19,10,8,3,3.578947368,Medium
33863,11,10,8,9,4.727272727,Medium
33870,12,15,7,3,3,Medium
33871,23,12,8,1,2.904347826,Medium
33872,21,6,4,4,2.228571429,Medium
33873,27,3,8,6,4.511111111,Medium
33875,29,9,6,4,2.234482759,Medium
33876,9,3,2,6,3.733333333,Medium
33880,10,10,4,2,3,Medium
33881,26,7,8,3,3.753846154,Medium
33884,6,5,2,2,5,Medium
33885,12,9,4,3,2.7,Medium
33887,13,5,6,3,4.307692308,Medium
33890,18,17,8,4,2.266666667,Medium
33891,27,4,6,1,3.311111111,Medium
33901,7,19,7,2,3.985714286,Medium
33904,13,17,8,9,2.907692308,Medium
33905,29,2,5,2,3.134482759,Medium
33907,9,19,6,2,2.533333333,Medium
33908,7,19,9,8,4.985714286,Medium
33910,22,10,7,6,2.863636364,Medium
33911,29,6,8,8,3.834482759,Medium
33912,9,2,1,7,3.433333333,Medium
33913,29,14,8,5,2.234482759,Medium
33916,14,7,3,4,2.242857143,Medium
33921,29,3,7,5,3.934482759,Medium
33922,10,11,8,7,4.8,Medium
33924,16,9,4,4,2.075,Medium
33926,23,14,7,1,2.004347826,Medium
33927,11,18,7,9,2.627272727,Medium
33933,6,15,4,5,4,Medium
33934,18,17,8,7,2.266666667,Medium
33935,16,7,7,5,3.975,Medium
33937,26,15,8,7,2.153846154,Medium
33938,10,14,9,4,4.7,Medium
33939,12,4,3,4,3.2,Medium
33942,5,16,1,7,3.3,Medium
33944,16,2,5,4,3.975,Medium
33946,8,14,5,7,3.45,Medium
33948,13,2,4,8,3.907692308,Medium
33949,19,8,6,4,2.978947368,Medium
33951,21,6,9,3,4.728571429,Medium
33953,24,8,5,3,2.15,Medium
33954,16,6,6,5,3.675,Medium
33955,12,11,5,7,2.8,Medium
33962,7,14,7,6,4.985714286,Medium
33963,25,13,9,9,3.1,Medium
33964,19,17,9,6,2.678947368,Medium
33966,14,5,6,7,4.142857143,Medium
33967,16,2,7,5,4.975,Medium
33969,16,8,6,3,3.275,Medium
33973,12,18,7,3,2.4,Medium
33974,11,11,5,1,3.027272727,Medium
33976,16,13,6,8,2.275,Medium
33981,13,6,3,7,2.607692308,Medium
33982,12,18,7,2,2.4,Medium
33984,19,6,7,8,3.878947368,Medium
33988,7,18,5,6,3.185714286,Medium
33990,18,13,9,1,3.566666667,Medium
33991,28,13,9,5,2.971428571,Medium
33992,10,9,2,8,2.2,Medium
33995,12,14,7,5,3.2,Medium
33996,8,9,5,3,4.45,Medium
33998,8,15,5,8,3.25,Medium
34000,22,8,7,5,3.263636364,Medium
34002,22,2,8,1,4.963636364,Medium
34003,22,2,6,1,3.963636364,Medium
34005,17,1,6,8,4.564705882,Medium
34006,13,12,5,8,2.407692308,Medium
34007,20,6,4,9,2.3,Medium
34011,12,7,3,8,2.6,Medium
34013,12,5,2,9,2.5,Medium
34015,21,1,3,7,2.728571429,Medium
34016,5,9,1,6,4.7,Medium
34021,6,10,2,3,4,Medium
34022,28,11,7,5,2.371428571,Medium
34024,22,5,9,4,4.863636364,Medium
34025,7,18,8,7,4.685714286,Medium
34029,18,3,5,2,3.566666667,Medium
34031,18,6,4,2,2.466666667,Medium
34034,12,5,3,8,3,Medium
34035,28,8,8,8,3.471428571,Medium
34036,12,5,6,4,4.5,Medium
34040,28,8,6,9,2.471428571,Medium
34041,19,4,8,8,4.778947368,Medium
34043,27,4,6,7,3.311111111,Medium
34046,8,11,5,7,4.05,Medium
34048,8,17,8,5,4.35,Medium
34049,23,8,5,9,2.204347826,Medium
34050,26,3,5,6,3.053846154,Medium
34051,18,18,8,3,2.066666667,Medium
34053,28,2,3,8,2.171428571,Medium
34060,14,14,7,9,2.842857143,Medium
34063,21,1,7,4,4.728571429,Medium
34066,24,6,8,6,4.05,Medium
34067,27,6,9,7,4.411111111,Medium
34072,19,2,7,4,4.678947368,Medium
34074,21,4,6,3,3.628571429,Medium
34080,16,10,9,3,4.375,Medium
34081,28,3,5,4,2.971428571,Medium
34083,10,8,4,4,3.4,Medium
34084,15,11,9,4,4.3,Medium
34086,14,7,6,1,3.742857143,Medium
34087,21,9,9,1,4.128571429,Medium
34090,14,1,1,8,2.442857143,Medium
34091,24,8,7,8,3.15,Medium
34092,5,15,4,6,5,Medium
34094,26,7,8,3,3.753846154,Medium
34095,6,19,6,4,4.2,Medium
34097,29,4,8,6,4.234482759,Medium
34098,19,17,8,5,2.178947368,Medium
34099,28,16,9,5,2.371428571,Medium
34101,22,12,7,7,2.463636364,Medium
34103,15,4,2,9,2.2,Medium
34104,9,18,7,6,3.233333333,Medium
34105,23,5,5,8,2.804347826,Medium
34112,24,6,5,2,2.55,Medium
34113,19,7,6,5,3.178947368,Medium
34122,21,6,5,5,2.728571429,Medium
34123,5,19,5,1,4.7,Medium
34126,10,17,7,4,3.1,Medium
34128,8,10,6,8,4.75,Medium
34130,21,4,6,9,3.628571429,Medium
34132,13,4,5,1,4.007692308,Medium
34133,5,8,1,8,4.9,Medium
34146,10,13,8,7,4.4,Medium
34151,23,12,8,8,2.904347826,Medium
34152,22,13,9,9,3.263636364,Medium
34153,14,8,3,5,2.042857143,Medium
34155,28,3,9,2,4.971428571,Medium
34157,25,5,8,4,4.2,Medium
34161,8,19,7,6,3.45,Medium
34162,27,8,7,3,3.011111111,Medium
34163,19,16,8,2,2.378947368,Medium
34164,8,10,5,2,4.25,Medium
34167,28,10,8,7,3.071428571,Medium
34168,14,9,6,4,3.342857143,Medium
34170,25,18,9,9,2.1,Medium
34179,9,16,4,7,2.133333333,Medium
34180,21,2,7,9,4.528571429,Medium
34181,21,3,8,2,4.828571429,Medium
34187,9,12,8,6,4.933333333,Medium
34188,9,8,5,8,4.233333333,Medium
34192,10,7,4,6,3.6,Medium
34195,28,6,8,5,3.871428571,Medium
34196,11,6,6,4,4.527272727,Medium
34197,15,12,5,6,2.1,Medium
34202,15,8,5,6,2.9,Medium
34203,27,3,7,3,4.011111111,Medium
34209,25,4,7,4,3.9,Medium
34210,11,5,4,4,3.727272727,Medium
34211,21,5,7,8,3.928571429,Medium
34214,25,4,8,5,4.4,Medium
34217,11,12,5,3,2.827272727,Medium
34218,17,10,8,8,3.764705882,Medium
34220,10,8,4,6,3.4,Medium
34222,23,9,9,6,4.004347826,Medium
34223,29,13,9,9,2.934482759,Medium
34225,13,15,6,8,2.307692308,Medium
34227,22,13,7,4,2.263636364,Medium
34228,10,19,8,7,3.2,Medium
34229,6,15,4,8,4,Medium
34230,12,1,2,6,3.3,Medium
34231,24,8,9,2,4.15,Medium
34238,12,11,5,4,2.8,Medium
34239,17,11,9,5,4.064705882,Medium
34240,8,19,6,2,2.95,Medium
34241,15,10,6,4,3,Medium
34242,13,19,7,6,2.007692308,Medium
34243,29,4,9,7,4.734482759,Medium
34250,21,1,3,9,2.728571429,Medium
34251,9,2,4,4,4.933333333,Medium
34252,21,16,8,7,2.228571429,Medium
34253,12,9,7,9,4.2,Medium
34255,21,10,6,5,2.428571429,Medium
34258,6,6,2,2,4.8,Medium
34259,27,2,7,2,4.211111111,Medium
34261,16,6,3,8,2.175,Medium
34265,7,5,3,7,4.785714286,Medium
34266,21,6,8,5,4.228571429,Medium
34267,16,6,3,6,2.175,Medium
34269,21,14,8,6,2.628571429,Medium
34270,16,15,8,8,2.875,Medium
34273,27,6,8,2,3.911111111,Medium
34274,10,13,4,8,2.4,Medium
34278,23,5,5,6,2.804347826,Medium
34283,20,11,6,4,2.3,Medium
34284,22,12,8,1,2.963636364,Medium
34286,9,11,4,3,3.133333333,Medium
34288,19,11,9,5,3.878947368,Medium
34289,24,5,6,8,3.25,Medium
34292,26,12,9,7,3.253846154,Medium
34295,10,15,5,5,2.5,Medium
34298,20,12,9,2,3.6,Medium
34299,15,18,9,3,2.9,Medium
34300,16,2,4,8,3.475,Medium
34305,12,10,4,7,2.5,Medium
34306,27,11,8,1,2.911111111,Medium
34307,6,15,4,3,4,Medium
34309,18,2,6,5,4.266666667,Medium
34310,23,7,8,9,3.904347826,Medium
34312,25,11,8,1,3,Medium
34313,12,12,5,3,2.6,Medium
34318,27,6,6,1,2.911111111,Medium
34320,10,17,6,5,2.6,Medium
34321,5,19,4,6,4.2,Medium
34323,10,9,5,7,3.7,Medium
34324,17,14,8,4,2.964705882,Medium
34325,27,14,9,3,2.811111111,Medium
34326,6,17,3,6,3.1,Medium
34327,17,15,9,1,3.264705882,Medium
34328,20,14,7,4,2.2,Medium
34330,17,1,3,5,3.064705882,Medium
34332,27,6,7,7,3.411111111,Medium
34334,8,1,2,4,4.55,Medium
34340,9,13,8,8,4.733333333,Medium
34344,13,9,6,1,3.507692308,Medium
34345,16,1,6,2,4.675,Medium
34346,7,15,6,9,4.285714286,Medium
34350,8,9,4,2,3.95,Medium
34351,9,9,6,9,4.533333333,Medium
34353,20,11,6,8,2.3,Medium
34356,28,9,8,9,3.271428571,Medium
34360,6,15,2,7,3,Medium
34361,24,7,9,5,4.35,Medium
34363,27,8,8,2,3.511111111,Medium
34365,11,13,8,3,4.127272727,Medium
34366,26,9,9,1,3.853846154,Medium
34367,25,2,5,7,3.3,Medium
34369,15,7,8,6,4.6,Medium
34371,20,10,6,3,2.5,Medium
34372,12,10,9,1,5,Medium
34374,22,4,7,8,4.063636364,Medium
34375,11,5,2,3,2.727272727,Medium
34381,9,13,7,1,4.233333333,Medium
34384,18,2,4,6,3.266666667,Medium
34385,23,8,8,4,3.704347826,Medium
34387,12,13,6,9,2.9,Medium
34391,11,16,9,5,4.027272727,Medium
34392,8,19,8,5,3.95,Medium
34393,19,7,8,1,4.178947368,Medium
34394,26,5,8,4,4.153846154,Medium
34396,12,14,7,8,3.2,Medium
34397,25,2,7,5,4.3,Medium
34400,14,4,2,1,2.342857143,Medium
34405,23,9,7,7,3.004347826,Medium
34406,15,12,9,6,4.1,Medium
34407,22,3,5,7,3.263636364,Medium
34408,11,5,4,8,3.727272727,Medium
34410,16,12,6,8,2.475,Medium
34412,23,12,9,7,3.404347826,Medium
34414,16,3,4,6,3.275,Medium
34416,14,13,9,5,4.042857143,Medium
34417,29,7,5,5,2.134482759,Medium
34418,18,8,5,6,2.566666667,Medium
34419,23,1,5,3,3.604347826,Medium
34422,8,7,3,5,3.85,Medium
34424,17,1,3,1,3.064705882,Medium
34425,17,6,6,8,3.564705882,Medium
34426,27,10,9,5,3.611111111,Medium
34429,8,1,2,7,4.55,Medium
34435,7,17,6,3,3.885714286,Medium
34438,29,10,6,1,2.034482759,Medium
34443,8,16,8,8,4.55,Medium
34450,19,9,7,3,3.278947368,Medium
34454,27,5,9,9,4.611111111,Medium
34455,13,14,7,7,3.007692308,Medium
34458,15,6,8,3,4.8,Medium
34463,7,5,1,3,3.785714286,Medium
34468,19,7,6,7,3.178947368,Medium
34471,13,11,6,3,3.107692308,Medium
34472,25,9,9,3,3.9,Medium
34473,21,6,4,6,2.228571429,Medium
34474,25,5,5,9,2.7,Medium
34475,18,7,5,7,2.766666667,Medium
34476,16,3,5,5,3.775,Medium
34478,14,12,9,3,4.242857143,Medium
34479,28,6,5,1,2.371428571,Medium
34480,20,8,5,6,2.4,Medium
34481,13,8,6,3,3.707692308,Medium
34486,11,1,2,2,3.527272727,Medium
34488,28,13,9,8,2.971428571,Medium
34489,25,4,8,7,4.4,Medium
34490,14,10,4,6,2.142857143,Medium
34493,11,16,8,5,3.527272727,Medium
34497,13,9,5,2,3.007692308,Medium
34503,6,17,5,3,4.1,Medium
34504,13,7,8,8,4.907692308,Medium
34507,22,5,7,4,3.863636364,Medium
34508,11,3,3,1,3.627272727,Medium
34512,25,2,8,7,4.8,Medium
34517,21,13,9,5,3.328571429,Medium
34519,6,11,3,3,4.3,Medium
34521,10,9,7,4,4.7,Medium
34525,6,16,6,7,4.8,Medium
34530,18,3,5,8,3.566666667,Medium
34531,17,6,7,8,4.064705882,Medium
34534,20,6,7,4,3.8,Medium
34536,20,4,5,3,3.2,Medium
34541,15,7,8,8,4.6,Medium
34542,18,3,6,3,4.066666667,Medium
34543,8,9,5,6,4.45,Medium
34544,29,3,5,4,2.934482759,Medium
34548,22,13,8,5,2.763636364,Medium
34551,25,5,9,7,4.7,Medium
34553,8,16,4,8,2.55,Medium
34554,9,14,3,6,2.033333333,Medium
34560,15,11,8,8,3.8,Medium
34562,11,9,5,9,3.427272727,Medium
34563,13,14,7,9,3.007692308,Medium
34564,25,13,9,6,3.1,Medium
34565,19,10,6,7,2.578947368,Medium
34568,7,6,3,9,4.585714286,Medium
34571,17,8,8,7,4.164705882,Medium
34573,10,15,7,7,3.5,Medium
34575,15,2,6,7,4.6,Medium
34576,26,9,8,2,3.353846154,Medium
34578,23,10,9,7,3.804347826,Medium
34581,10,14,4,3,2.2,Medium
34583,5,14,2,5,4.2,Medium
34588,13,12,7,6,3.407692308,Medium
34592,12,7,7,9,4.6,Medium
34593,28,5,7,8,3.571428571,Medium
34594,8,14,6,5,3.95,Medium
34601,7,12,2,2,2.885714286,Medium
34607,12,18,7,5,2.4,Medium
34612,13,16,6,4,2.107692308,Medium
34613,7,15,3,7,2.785714286,Medium
34617,23,2,5,4,3.404347826,Medium
34620,7,11,1,4,2.585714286,Medium
34622,15,7,8,3,4.6,Medium
34625,9,3,3,6,4.233333333,Medium
34630,21,7,7,3,3.528571429,Medium
34633,27,3,3,2,2.011111111,Medium
34636,24,6,4,1,2.05,Medium
34637,9,14,3,5,2.033333333,Medium
34639,7,2,2,9,4.885714286,Medium
34640,12,17,9,7,3.6,Medium
34641,5,14,2,3,4.2,Medium
34643,28,15,8,8,2.071428571,Medium
34645,25,8,9,8,4.1,Medium
34648,12,7,5,4,3.6,Medium
34649,22,2,3,4,2.463636364,Medium
34650,25,12,8,8,2.8,Medium
34652,13,16,8,6,3.107692308,Medium
34658,6,15,3,5,3.5,Medium
34659,16,7,9,1,4.975,Medium
34660,27,13,9,4,3.011111111,Medium
34664,11,2,5,2,4.827272727,Medium
34666,18,1,7,8,4.966666667,Medium
34667,26,3,4,8,2.553846154,Medium
34668,6,16,1,8,2.3,Medium
34671,11,14,7,9,3.427272727,Medium
34672,20,1,6,5,4.3,Medium
34673,7,15,3,5,2.785714286,Medium
34674,8,12,2,9,2.35,Medium
34678,8,14,8,7,4.95,Medium
34679,17,5,7,5,4.264705882,Medium
34682,13,12,6,1,2.907692308,Medium
34683,21,7,4,9,2.028571429,Medium
34687,7,10,5,2,4.785714286,Medium
34688,19,2,4,8,3.178947368,Medium
34692,27,14,8,4,2.311111111,Medium
34694,13,9,6,3,3.507692308,Medium
34696,26,10,8,9,3.153846154,Medium
34699,11,6,6,2,4.527272727,Medium
34701,8,6,2,9,3.55,Medium
34704,8,13,2,2,2.15,Medium
34705,16,17,8,4,2.475,Medium
34706,13,3,6,8,4.707692308,Medium
34707,6,10,4,6,5,Medium
34711,27,12,7,2,2.211111111,Medium
34712,12,5,2,3,2.5,Medium
34716,21,7,8,6,4.028571429,Medium
34720,8,18,4,8,2.15,Medium
34723,25,1,7,4,4.5,Medium
34726,29,8,7,8,2.934482759,Medium
34727,27,4,7,9,3.811111111,Medium
34729,13,6,3,9,2.607692308,Medium
34730,14,16,9,7,3.442857143,Medium
34734,16,11,6,3,2.675,Medium
34738,7,7,2,5,3.885714286,Medium
34739,6,17,5,4,4.1,Medium
34740,8,11,3,3,3.05,Medium
34744,15,10,8,4,4,Medium
34745,8,16,4,8,2.55,Medium
34747,15,6,5,6,3.3,Medium
34752,16,12,9,5,3.975,Medium
34753,11,3,4,4,4.127272727,Medium
34754,20,1,2,3,2.3,Medium
34755,16,6,8,5,4.675,Medium
34757,28,12,8,7,2.671428571,Medium
34758,16,1,5,8,4.175,Medium
34761,8,3,1,1,3.65,Medium
34763,9,15,7,4,3.833333333,Medium
34765,17,13,7,3,2.664705882,Medium
34774,25,4,6,2,3.4,Medium
34778,20,2,6,1,4.1,Medium
34779,7,15,7,8,4.785714286,Medium
34782,17,4,3,6,2.464705882,Medium
34785,25,14,9,2,2.9,Medium
34786,6,19,4,7,3.2,Medium
34787,19,6,4,5,2.378947368,Medium
34788,27,8,5,6,2.011111111,Medium
34793,12,12,4,9,2.1,Medium
34794,28,8,6,5,2.471428571,Medium
34797,5,16,2,7,3.8,Medium
34802,6,8,1,9,3.9,Medium
34803,20,12,7,3,2.6,Medium
34805,26,5,7,6,3.653846154,Medium
34809,20,6,6,6,3.3,Medium
34810,8,6,2,6,3.55,Medium
34817,9,13,8,9,4.733333333,Medium
34818,8,6,3,5,4.05,Medium
34819,8,16,7,8,4.05,Medium
34820,19,5,8,1,4.578947368,Medium
34822,10,11,7,2,4.3,Medium
34824,19,6,5,4,2.878947368,Medium
34825,18,12,9,3,3.766666667,Medium
34829,14,15,7,1,2.642857143,Medium
34832,13,7,7,6,4.407692308,Medium
34833,7,9,2,9,3.485714286,Medium
34834,12,6,6,4,4.3,Medium
34835,8,10,6,9,4.75,Medium
34837,29,15,9,1,2.534482759,Medium
34838,12,4,4,7,3.7,Medium
34839,10,16,5,4,2.3,Medium
34840,22,9,8,9,3.563636364,Medium
34845,9,16,9,3,4.633333333,Medium
34850,5,13,1,3,3.9,Medium
34854,17,4,8,9,4.964705882,Medium
34859,13,9,8,2,4.507692308,Medium
34861,8,16,3,3,2.05,Medium
34862,22,16,9,3,2.663636364,Medium
34863,9,7,6,5,4.933333333,Medium
34864,13,18,7,4,2.207692308,Medium
34865,26,12,8,7,2.753846154,Medium
34869,7,8,1,9,3.185714286,Medium
34871,9,17,9,2,4.433333333,Medium
34876,8,4,3,6,4.45,Medium
34877,24,11,9,7,3.55,Medium
34886,28,8,9,5,3.971428571,Medium
34888,22,13,8,8,2.763636364,Medium
34891,6,16,2,7,2.8,Medium
34900,9,10,6,7,4.333333333,Medium
34905,22,6,5,3,2.663636364,Medium
34907,16,14,7,8,2.575,Medium
34909,20,11,8,2,3.3,Medium
34910,28,2,3,5,2.171428571,Medium
34913,7,5,3,2,4.785714286,Medium
34914,19,11,8,7,3.378947368,Medium
34915,12,10,8,1,4.5,Medium
34918,23,7,6,8,2.904347826,Medium
34919,20,14,7,2,2.2,Medium
34922,5,18,4,6,4.4,Medium
34924,10,12,3,3,2.1,Medium
34926,11,8,3,9,2.627272727,Medium
34928,16,6,4,6,2.675,Medium
34934,14,3,1,8,2.042857143,Medium
34938,7,15,7,6,4.785714286,Medium
34940,27,8,6,7,2.511111111,Medium
34943,8,9,4,3,3.95,Medium
34950,9,5,1,9,2.833333333,Medium
34951,10,15,7,3,3.5,Medium
34958,21,1,6,4,4.228571429,Medium
34964,12,9,4,2,2.7,Medium
34971,22,11,9,1,3.663636364,Medium
34972,10,5,5,5,4.5,Medium
34974,5,19,1,5,2.7,Medium
34976,8,5,1,1,3.25,Medium
34979,24,5,9,8,4.75,Medium
34986,13,15,9,4,3.807692308,Medium
34988,14,7,4,1,2.742857143,Medium
34992,8,18,5,2,2.65,Medium
34994,5,12,2,5,4.6,Medium
34995,10,15,9,9,4.5,Medium
34996,17,17,9,9,2.864705882,Medium
35001,12,12,4,1,2.1,Medium
35002,15,13,9,2,3.9,Medium
35003,6,10,2,3,4,Medium
35004,9,9,3,1,3.033333333,Medium
35005,27,10,8,2,3.111111111,Medium
35009,10,9,2,2,2.2,Medium
35010,24,6,4,4,2.05,Medium
35011,14,15,6,8,2.142857143,Medium
35013,6,11,4,4,4.8,Medium
35016,20,5,7,5,4,Medium
35017,26,2,7,3,4.253846154,Medium
35020,8,7,1,4,2.85,Medium
35021,22,2,4,1,2.963636364,Medium
35024,11,6,1,4,2.027272727,Medium
35025,6,18,5,6,3.9,Medium
35026,9,15,6,8,3.333333333,Medium
35030,10,6,2,3,2.8,Medium
35031,19,11,7,6,2.878947368,Medium
35034,10,12,8,4,4.6,Medium
35035,9,11,4,2,3.133333333,Medium
35041,9,2,1,1,3.433333333,Medium
35042,9,15,8,4,4.333333333,Medium
35048,25,6,6,1,3,Medium
35049,16,19,8,8,2.075,Medium
35050,19,8,9,6,4.478947368,Medium
35052,8,14,5,3,3.45,Medium
35053,15,11,5,5,2.3,Medium
35055,26,3,5,3,3.053846154,Medium
35056,23,12,7,7,2.404347826,Medium
35058,12,11,9,6,4.8,Medium
35060,20,9,5,7,2.2,Medium
35062,25,7,7,6,3.3,Medium
35063,8,1,1,3,4.05,Medium
35067,8,11,2,1,2.55,Medium
35068,19,15,8,1,2.578947368,Medium
35069,8,16,6,3,3.55,Medium
35070,14,8,7,1,4.042857143,Medium
35071,25,5,5,6,2.7,Medium
35073,15,18,9,6,2.9,Medium
35077,27,10,9,9,3.611111111,Medium
35079,17,11,9,8,4.064705882,Medium
35081,7,11,3,5,3.585714286,Medium
35083,8,3,2,8,4.15,Medium
35084,22,2,7,9,4.463636364,Medium
35087,21,7,7,9,3.528571429,Medium
35090,23,2,8,4,4.904347826,Medium
35091,23,11,8,9,3.104347826,Medium
35092,20,14,8,7,2.7,Medium
35093,27,2,7,3,4.211111111,Medium
35101,24,1,3,3,2.55,Medium
35103,14,3,3,6,3.042857143,Medium
35104,13,11,6,5,3.107692308,Medium
35105,13,2,1,3,2.407692308,Medium
35106,15,1,6,3,4.8,Medium
35107,15,6,3,6,2.3,Medium
35111,18,11,9,5,3.966666667,Medium
35115,19,7,4,8,2.178947368,Medium
35117,13,8,4,2,2.707692308,Medium
35119,8,17,5,8,2.85,Medium
35120,23,3,6,9,3.704347826,Medium
35122,19,2,3,4,2.678947368,Medium
35128,28,3,9,3,4.971428571,Medium
35130,14,6,4,6,2.942857143,Medium
35132,11,7,5,4,3.827272727,Medium
35136,27,4,5,7,2.811111111,Medium
35137,29,14,9,3,2.734482759,Medium
35138,9,14,3,5,2.033333333,Medium
35139,8,9,6,8,4.95,Medium
35140,16,10,7,7,3.375,Medium
35141,16,4,6,2,4.075,Medium
35145,7,14,5,9,3.985714286,Medium
35146,25,11,7,6,2.5,Medium
35150,14,7,8,9,4.742857143,Medium
35154,29,7,5,1,2.134482759,Medium
35155,29,2,6,8,3.634482759,Medium
35159,14,4,7,5,4.842857143,Medium
35160,24,15,8,2,2.25,Medium
35161,10,10,5,5,3.5,Medium
35162,18,3,7,9,4.566666667,Medium
35163,6,6,1,4,4.3,Medium
35164,13,7,3,1,2.407692308,Medium
35165,25,7,7,4,3.3,Medium
35166,23,8,8,1,3.704347826,Medium
35167,7,9,1,9,2.985714286,Medium
35170,17,8,4,9,2.164705882,Medium
35171,11,7,7,9,4.827272727,Medium
35174,12,4,1,8,2.2,Medium
35184,7,11,3,3,3.585714286,Medium
35185,15,16,8,2,2.8,Medium
35188,13,18,8,9,2.707692308,Medium
35193,11,13,9,5,4.627272727,Medium
35197,6,19,4,2,3.2,Medium
35201,17,13,9,8,3.664705882,Medium
35204,27,15,9,5,2.611111111,Medium
35206,21,1,6,4,4.228571429,Medium
35207,7,11,1,7,2.585714286,Medium
35208,28,1,7,9,4.371428571,Medium
35209,13,4,6,3,4.507692308,Medium
35212,11,14,8,1,3.927272727,Medium
35215,17,2,6,6,4.364705882,Medium
35216,5,16,3,1,4.3,Medium
35222,11,11,4,3,2.527272727,Medium
35223,13,3,4,5,3.707692308,Medium
35224,9,12,5,7,3.433333333,Medium
35225,21,6,8,4,4.228571429,Medium
35227,9,7,5,5,4.433333333,Medium
35229,27,2,7,7,4.211111111,Medium
35230,24,4,7,5,3.95,Medium
35234,19,5,8,1,4.578947368,Medium
35236,13,18,8,9,2.707692308,Medium
35240,9,13,7,1,4.233333333,Medium
35243,15,1,6,3,4.8,Medium
35245,18,17,9,5,2.766666667,Medium
35248,22,2,3,4,2.463636364,Medium
35249,9,17,7,1,3.433333333,Medium
35251,7,12,4,7,3.885714286,Medium
35252,10,17,9,6,4.1,Medium
35254,20,3,4,7,2.9,Medium
35257,17,1,1,5,2.064705882,Medium
35260,17,15,7,1,2.264705882,Medium
35263,8,1,1,1,4.05,Medium
35266,25,3,8,5,4.6,Medium
35267,8,13,2,9,2.15,Medium
35274,25,12,7,6,2.3,Medium
35275,26,12,8,3,2.753846154,Medium
35277,29,7,6,4,2.634482759,Medium
35282,12,7,6,9,4.1,Medium
35285,29,5,6,1,3.034482759,Medium
35286,11,4,5,4,4.427272727,Medium
35287,12,11,8,6,4.3,Medium
35292,15,19,9,8,2.7,Medium
35294,19,5,7,3,4.078947368,Medium
35303,28,3,7,6,3.971428571,Medium
35308,26,9,6,2,2.353846154,Medium
35309,19,2,5,6,3.678947368,Medium
35314,17,1,2,9,2.564705882,Medium
35316,13,8,6,9,3.707692308,Medium
35317,19,6,6,7,3.378947368,Medium
35324,18,6,8,6,4.466666667,Medium
35325,25,12,8,8,2.8,Medium
35326,12,12,7,5,3.6,Medium
35327,9,4,1,8,3.033333333,Medium
35328,14,13,7,3,3.042857143,Medium
35330,29,5,6,2,3.034482759,Medium
35336,29,12,7,5,2.134482759,Medium
35340,17,3,4,4,3.164705882,Medium
35342,12,5,2,1,2.5,Medium
35343,15,7,4,3,2.6,Medium
35344,8,18,7,9,3.65,Medium
35345,9,11,4,4,3.133333333,Medium
35350,13,17,8,4,2.907692308,Medium
35352,16,10,9,4,4.375,Medium
35355,17,1,3,4,3.064705882,Medium
35361,22,2,7,5,4.463636364,Medium
35363,8,6,4,8,4.55,Medium
35366,16,10,6,9,2.875,Medium
35371,14,1,1,6,2.442857143,Medium
35373,21,7,6,1,3.028571429,Medium
35376,13,1,2,3,3.107692308,Medium
35382,26,12,7,9,2.253846154,Medium
35385,7,12,2,1,2.885714286,Medium
35388,12,6,4,5,3.3,Medium
35393,16,3,7,1,4.775,Medium
35395,9,13,3,7,2.233333333,Medium
35396,10,3,5,1,4.9,Medium
35399,25,9,8,8,3.4,Medium
35401,9,14,4,1,2.533333333,Medium
35402,11,13,9,3,4.627272727,Medium
35404,29,7,7,8,3.134482759,Medium
35405,17,3,3,3,2.664705882,Medium
35406,10,9,4,4,3.2,Medium
35414,7,8,3,5,4.185714286,Medium
35421,16,18,9,2,2.775,Medium
35424,26,2,4,5,2.753846154,Medium
35425,14,11,5,6,2.442857143,Medium
35426,11,3,1,4,2.627272727,Medium
35430,16,8,9,4,4.775,Medium
35433,22,2,5,7,3.463636364,Medium
35435,19,10,9,2,4.078947368,Medium
35436,11,14,5,2,2.427272727,Medium
35437,10,19,9,3,3.7,Medium
35438,8,17,4,3,2.35,Medium
35441,15,10,9,2,4.5,Medium
35443,14,1,6,8,4.942857143,Medium
35448,19,6,8,6,4.378947368,Medium
35452,7,2,1,3,4.385714286,Medium
35453,23,8,5,8,2.204347826,Medium
35454,20,2,5,5,3.6,Medium
35455,24,5,8,8,4.25,Medium
35459,14,13,7,6,3.042857143,Medium
35462,13,8,6,9,3.707692308,Medium
35464,7,10,4,8,4.285714286,Medium
35468,15,1,4,6,3.8,Medium
35469,11,10,3,4,2.227272727,Medium
35472,13,9,6,8,3.507692308,Medium
35474,21,8,7,8,3.328571429,Medium
35478,19,7,6,3,3.178947368,Medium
35482,13,5,7,7,4.807692308,Medium
35483,10,17,8,4,3.6,Medium
35485,20,10,9,2,4,Medium
35488,10,14,5,6,2.7,Medium
35495,14,1,3,5,3.442857143,Medium
35498,7,11,4,5,4.085714286,Medium
35499,9,9,2,4,2.533333333,Medium
35504,5,13,1,3,3.9,Medium
35506,18,8,4,3,2.066666667,Medium
35509,21,1,7,1,4.728571429,Medium
35510,17,15,7,7,2.264705882,Medium
35517,17,1,5,1,4.064705882,Medium
35518,27,4,8,9,4.311111111,Medium
35520,18,1,4,9,3.466666667,Medium
35521,6,9,3,4,4.7,Medium
35522,15,17,9,5,3.1,Medium
35523,20,4,5,9,3.2,Medium
35524,24,2,7,6,4.35,Medium
35525,21,13,9,2,3.328571429,Medium
35527,16,7,9,5,4.975,Medium
35532,17,2,3,4,2.864705882,Medium
35533,27,1,6,6,3.911111111,Medium
35536,22,12,7,9,2.463636364,Medium
35537,13,12,7,6,3.407692308,Medium
35547,13,10,6,6,3.307692308,Medium
35550,17,7,9,3,4.864705882,Medium
35551,14,6,4,6,2.942857143,Medium
35552,19,12,8,5,3.178947368,Medium
35554,9,3,1,8,3.233333333,Medium
35559,17,5,4,8,2.764705882,Medium
35561,15,14,9,5,3.7,Medium
35562,21,10,9,1,3.928571429,Medium
35566,27,8,9,4,4.011111111,Medium
35569,20,7,8,1,4.1,Medium
35570,14,6,4,3,2.942857143,Medium
35573,25,5,7,2,3.7,Medium
35575,9,18,9,3,4.233333333,Medium
35576,6,12,1,2,3.1,Medium
35577,18,3,3,8,2.566666667,Medium
35579,24,11,6,8,2.05,Medium
35580,24,2,8,6,4.85,Medium
35581,14,1,5,3,4.442857143,Medium
35584,6,17,5,9,4.1,Medium
35586,17,6,8,5,4.564705882,Medium
35590,10,9,6,7,4.2,Medium
35594,17,2,4,7,3.364705882,Medium
35599,26,12,7,3,2.253846154,Medium
35602,16,19,8,8,2.075,Medium
35603,19,2,7,8,4.678947368,Medium
35604,11,14,9,4,4.427272727,Medium
35606,27,2,7,3,4.211111111,Medium
35607,11,1,2,9,3.527272727,Medium
35608,12,9,5,7,3.2,Medium
35610,9,13,5,1,3.233333333,Medium
35611,8,7,2,7,3.35,Medium
35612,7,17,5,8,3.385714286,Medium
35613,16,9,6,9,3.075,Medium
35614,7,17,4,2,2.885714286,Medium
35615,17,7,4,1,2.364705882,Medium
35617,19,9,7,4,3.278947368,Medium
35618,14,16,8,9,2.942857143,Medium
35619,17,9,5,6,2.464705882,Medium
35624,19,3,5,1,3.478947368,Medium
35628,23,5,5,6,2.804347826,Medium
35629,23,1,4,8,3.104347826,Medium
35630,15,14,7,3,2.7,Medium
35633,20,9,6,4,2.7,Medium
35634,15,4,4,2,3.2,Medium
35635,29,11,8,2,2.834482759,Medium
35636,24,18,9,8,2.15,Medium
35638,29,6,7,6,3.334482759,Medium
35639,25,12,8,3,2.8,Medium
35645,26,10,6,6,2.153846154,Medium
35646,8,13,5,3,3.65,Medium
35656,23,6,9,7,4.604347826,Medium
35665,18,11,9,2,3.966666667,Medium
35671,29,13,8,2,2.434482759,Medium
35672,11,16,9,1,4.027272727,Medium
35673,16,3,5,8,3.775,Medium
35674,29,9,6,7,2.234482759,Medium
35678,20,15,9,9,3,Medium
35681,15,4,2,2,2.2,Medium
35682,16,1,4,8,3.675,Medium
35685,15,3,6,8,4.4,Medium
35687,21,7,8,1,4.028571429,Medium
35690,29,9,8,9,3.234482759,Medium
35692,9,17,8,5,3.933333333,Medium
35695,8,6,2,5,3.55,Medium
35699,23,14,7,9,2.004347826,Medium
35700,24,3,6,9,3.65,Medium
35701,21,10,9,3,3.928571429,Medium
35706,18,10,5,8,2.166666667,Medium
35707,13,12,9,1,4.407692308,Medium
35710,28,14,9,9,2.771428571,Medium
35711,5,19,4,8,4.2,Medium
35714,17,3,3,5,2.664705882,Medium
35717,6,16,2,5,2.8,Medium
35718,16,9,6,7,3.075,Medium
35720,6,13,2,3,3.4,Medium
35724,20,9,7,7,3.2,Medium
35725,9,5,2,4,3.333333333,Medium
35727,26,9,7,6,2.853846154,Medium
35733,16,12,9,1,3.975,Medium
35735,11,4,1,8,2.427272727,Medium
35740,23,13,7,7,2.204347826,Medium
35742,8,12,3,4,2.85,Medium
35745,6,19,7,4,4.7,Medium
35747,23,4,6,6,3.504347826,Medium
35750,10,17,6,1,2.6,Medium
35753,26,8,5,3,2.053846154,Medium
35756,23,1,4,8,3.104347826,Medium
35757,13,4,5,6,4.007692308,Medium
35758,27,11,8,4,2.911111111,Medium
35763,29,2,8,5,4.634482759,Medium
35765,15,7,7,2,4.1,Medium
35770,27,7,9,6,4.211111111,Medium
35773,16,19,9,1,2.575,Medium
35774,24,2,3,3,2.35,Medium
35779,25,14,8,1,2.4,Medium
35781,25,2,4,2,2.8,Medium
35783,9,8,4,8,3.733333333,Medium
35786,22,7,6,7,2.963636364,Medium
35787,13,8,6,6,3.707692308,Medium
35788,15,10,6,8,3,Medium
35792,18,4,5,6,3.366666667,Medium
35793,18,2,3,6,2.766666667,Medium
35796,17,9,8,2,3.964705882,Medium
35803,20,5,8,9,4.5,Medium
35807,21,5,8,1,4.428571429,Medium
35808,27,6,5,4,2.411111111,Medium
35809,9,8,2,1,2.733333333,Medium
35810,25,9,9,6,3.9,Medium
35817,10,4,1,5,2.7,Medium
35822,26,14,9,8,2.853846154,Medium
35824,10,19,6,9,2.2,Medium
35827,12,7,7,9,4.6,Medium
35828,18,11,7,6,2.966666667,Medium
35831,16,1,3,4,3.175,Medium
35837,9,9,3,6,3.033333333,Medium
35838,21,1,6,5,4.228571429,Medium
35840,22,9,6,6,2.563636364,Medium
35844,15,7,5,7,3.1,Medium
35845,23,11,9,1,3.604347826,Medium
35846,10,19,9,6,3.7,Medium
35848,25,17,9,6,2.3,Medium
35849,16,7,6,5,3.475,Medium
35854,29,3,9,7,4.934482759,Medium
35857,21,15,8,6,2.428571429,Medium
35861,24,3,6,5,3.65,Medium
35862,8,12,3,9,2.85,Medium
35865,26,1,7,1,4.453846154,Medium
35867,27,1,4,5,2.911111111,Medium
35868,4,17,1,6,4.6,Medium
35869,18,6,7,8,3.966666667,Medium
35871,17,10,9,3,4.264705882,Medium
35875,11,14,9,7,4.427272727,Medium
35876,13,12,5,9,2.407692308,Medium
35878,26,4,9,3,4.853846154,Medium
35883,29,10,7,3,2.534482759,Medium
35889,17,1,1,2,2.064705882,Medium
35890,14,15,6,5,2.142857143,Medium
35891,8,9,5,6,4.45,Medium
35892,22,5,7,8,3.863636364,Medium
35893,21,15,9,4,2.928571429,Medium
35894,5,17,2,4,3.6,Medium
35896,18,12,9,1,3.766666667,Medium
35899,19,8,6,6,2.978947368,Medium
35902,15,6,6,8,3.8,Medium
35903,8,14,4,1,2.95,Medium
35905,25,4,9,2,4.9,Medium
35909,25,3,4,8,2.6,Medium
35910,17,16,9,3,3.064705882,Medium
35912,28,7,8,6,3.671428571,Medium
35916,10,18,9,4,3.9,Medium
35917,10,3,5,1,4.9,Medium
35921,17,15,7,3,2.264705882,Medium
35923,11,18,6,4,2.127272727,Medium
35930,9,13,3,6,2.233333333,Medium
35932,20,11,8,6,3.3,Medium
35934,24,4,4,2,2.45,Medium
35936,16,13,8,8,3.275,Medium
35938,13,6,7,6,4.607692308,Medium
35939,8,1,2,6,4.55,Medium
35941,25,4,7,3,3.9,Medium
35954,18,15,7,5,2.166666667,Medium
35957,11,18,6,6,2.127272727,Medium
35964,15,17,9,5,3.1,Medium
35965,25,7,8,6,3.8,Medium
35966,25,7,6,3,2.8,Medium
35968,18,6,7,4,3.966666667,Medium
35969,16,15,8,5,2.875,Medium
35970,29,9,8,7,3.234482759,Medium
35971,11,16,7,4,3.027272727,Medium
35975,6,19,3,5,2.7,Medium
35976,14,6,3,2,2.442857143,Medium
35979,16,17,8,6,2.475,Medium
35986,28,4,6,8,3.271428571,Medium
35987,7,16,4,7,3.085714286,Medium
35988,28,9,6,5,2.271428571,Medium
35990,22,7,8,3,3.963636364,Medium
35995,5,11,1,3,4.3,Medium
35997,21,6,5,8,2.728571429,Medium
36001,16,12,7,4,2.975,Medium
36002,11,12,9,5,4.827272727,Medium
36004,7,16,2,7,2.085714286,Medium
36005,19,2,4,9,3.178947368,Medium
36006,22,12,9,1,3.463636364,Medium
36007,21,3,7,8,4.328571429,Medium
36008,17,2,3,7,2.864705882,Medium
36016,28,5,9,9,4.571428571,Medium
36024,15,2,1,2,2.1,Medium
36028,13,11,8,6,4.107692308,Medium
36030,9,8,5,2,4.233333333,Medium
36035,14,4,4,1,3.342857143,Medium
36036,29,13,9,2,2.934482759,Medium
36037,24,10,8,7,3.25,Medium
36038,18,2,3,1,2.766666667,Medium
36039,12,5,5,2,4,Medium
36040,10,9,7,5,4.7,Medium
36043,23,1,4,8,3.104347826,Medium
36044,14,8,3,2,2.042857143,Medium
36045,6,8,1,3,3.9,Medium
36046,15,6,3,1,2.3,Medium
36048,25,2,6,6,3.8,Medium
36050,18,18,8,6,2.066666667,Medium
36052,23,6,7,4,3.604347826,Medium
36058,10,15,9,8,4.5,Medium
36061,15,9,6,5,3.2,Medium
36062,12,1,1,5,2.8,Medium
36067,8,12,6,4,4.35,Medium
36071,22,6,6,1,3.163636364,Medium
36073,18,6,8,3,4.466666667,Medium
36075,8,6,3,8,4.05,Medium
36082,28,6,7,4,3.371428571,Medium
36084,17,2,7,3,4.864705882,Medium
36086,22,4,7,2,4.063636364,Medium
36087,24,6,4,3,2.05,Medium
36089,11,2,3,1,3.827272727,Medium
36091,6,16,1,6,2.3,Medium
36094,16,9,4,2,2.075,Medium
36096,22,18,9,4,2.263636364,Medium
36097,7,11,4,7,4.085714286,Medium
36098,7,19,8,3,4.485714286,Medium
36099,29,1,5,3,3.334482759,Medium
36101,11,2,4,1,4.327272727,Medium
36103,26,4,5,5,2.853846154,Medium
36105,9,13,7,5,4.233333333,Medium
36107,10,12,4,7,2.6,Medium
36108,15,5,7,8,4.5,Medium
36113,19,14,9,8,3.278947368,Medium
36116,19,9,8,8,3.778947368,Medium
36117,15,2,4,9,3.6,Medium
36118,16,8,7,3,3.775,Medium
36119,9,2,2,3,3.933333333,Medium
36122,15,10,8,5,4,Medium
36123,10,14,9,7,4.7,Medium
36124,5,9,1,1,4.7,Medium
36128,12,11,7,2,3.8,Medium
36131,12,11,6,2,3.3,Medium
36135,24,10,8,4,3.25,Medium
36139,13,14,9,7,4.007692308,Medium
36144,24,8,5,1,2.15,Medium
36147,12,7,6,8,4.1,Medium
36150,23,6,4,2,2.104347826,Medium
36152,14,1,2,5,2.942857143,Medium
36154,19,4,8,2,4.778947368,Medium
36156,17,4,8,2,4.964705882,Medium
36161,15,2,6,4,4.6,Medium
36162,16,1,5,3,4.175,Medium
36163,13,6,3,4,2.607692308,Medium
36164,9,6,3,1,3.633333333,Medium
36169,17,4,7,7,4.464705882,Medium
36171,9,15,4,3,2.333333333,Medium
36172,22,6,6,7,3.163636364,Medium
36174,16,6,4,4,2.675,Medium
36177,23,7,6,7,2.904347826,Medium
36178,29,3,4,5,2.434482759,Medium
36179,12,11,5,2,2.8,Medium
36180,26,6,8,5,3.953846154,Medium
36181,24,4,5,5,2.95,Medium
36182,22,1,6,2,4.163636364,Medium
36185,9,10,2,5,2.333333333,Medium
36186,11,15,6,6,2.727272727,Medium
36187,21,8,5,6,2.328571429,Medium
36194,21,3,8,1,4.828571429,Medium
36198,25,8,9,6,4.1,Medium
36202,14,2,6,6,4.742857143,Medium
36207,24,10,9,6,3.75,Medium
36210,26,10,9,2,3.653846154,Medium
36211,17,2,4,1,3.364705882,Medium
36216,14,13,7,9,3.042857143,Medium
36217,10,16,8,9,3.8,Medium
36219,22,15,9,7,2.863636364,Medium
36221,12,4,5,6,4.2,Medium
36226,8,5,1,1,3.25,Medium
36228,23,6,7,4,3.604347826,Medium
36230,11,19,8,8,2.927272727,Medium
36232,22,4,7,8,4.063636364,Medium
36233,14,3,5,1,4.042857143,Medium
36235,22,3,8,9,4.763636364,Medium
36242,23,8,8,1,3.704347826,Medium
36246,23,3,3,5,2.204347826,Medium
36249,9,6,1,1,2.633333333,Medium
36254,9,10,6,5,4.333333333,Medium
36255,6,13,2,7,3.4,Medium
36256,21,9,9,1,4.128571429,Medium
36259,11,9,8,6,4.927272727,Medium
36262,27,12,7,3,2.211111111,Medium
36263,8,7,3,8,3.85,Medium
36264,24,7,5,6,2.35,Medium
36265,8,9,2,8,2.95,Medium
36269,12,5,5,6,4,Medium
36270,8,16,4,5,2.55,Medium
36273,25,9,6,7,2.4,Medium
36285,14,4,7,4,4.842857143,Medium
36289,16,4,4,1,3.075,Medium
36291,16,1,6,4,4.675,Medium
36296,9,15,8,4,4.333333333,Medium
36298,16,9,4,9,2.075,Medium
36299,16,10,7,3,3.375,Medium
36302,11,4,6,7,4.927272727,Medium
36305,10,1,4,3,4.8,Medium
36307,20,6,6,2,3.3,Medium
36311,8,12,3,5,2.85,Medium
36322,10,12,3,1,2.1,Medium
36324,14,7,7,4,4.242857143,Medium
36325,12,9,7,2,4.2,Medium
36327,28,1,5,8,3.371428571,Medium
36328,13,2,6,8,4.907692308,Medium
36329,9,6,4,8,4.133333333,Medium
36330,12,7,6,6,4.1,Medium
36333,8,10,1,2,2.25,Medium
36334,5,11,1,3,4.3,Medium
36336,15,2,4,8,3.6,Medium
36337,10,14,8,4,4.2,Medium
36338,20,6,6,1,3.3,Medium
36342,11,14,5,2,2.427272727,Medium
36343,5,10,1,5,4.5,Medium
36344,21,14,8,2,2.628571429,Medium
36346,22,4,4,8,2.563636364,Medium
36350,6,13,3,2,3.9,Medium
36352,22,6,9,3,4.663636364,Medium
36353,9,15,8,5,4.333333333,Medium
36354,9,3,2,7,3.733333333,Medium
36355,19,10,8,9,3.578947368,Medium
36357,11,12,4,3,2.327272727,Medium
36358,8,6,3,4,4.05,Medium
36359,16,11,7,2,3.175,Medium
36360,22,2,8,3,4.963636364,Medium
36361,9,16,6,9,3.133333333,Medium
36362,14,1,5,4,4.442857143,Medium
36363,14,3,3,6,3.042857143,Medium
36365,23,6,4,5,2.104347826,Medium
36366,5,9,1,1,4.7,Medium
36368,16,15,9,2,3.375,Medium
36369,13,10,5,7,2.807692308,Medium
36373,17,8,6,6,3.164705882,Medium
36377,12,12,6,8,3.1,Medium
36380,16,13,9,8,3.775,Medium
36383,15,15,7,9,2.5,Medium
36386,15,9,9,2,4.7,Medium
36387,15,17,7,7,2.1,Medium
36390,8,13,3,3,2.65,Medium
36391,27,2,3,9,2.211111111,Medium
36394,11,14,7,1,3.427272727,Medium
36397,19,10,5,2,2.078947368,Medium
36398,19,9,9,2,4.278947368,Medium
36402,21,13,9,5,3.328571429,Medium
36403,8,13,6,3,4.15,Medium
36407,22,5,8,1,4.363636364,Medium
36409,15,7,3,5,2.1,Medium
36417,11,1,4,1,4.527272727,Medium
36418,24,11,8,5,3.05,Medium
36425,7,17,6,8,3.885714286,Medium
36429,19,7,6,2,3.178947368,Medium
36436,5,13,1,3,3.9,Medium
36440,16,16,9,6,3.175,Medium
36442,11,15,7,3,3.227272727,Medium
36443,11,13,5,5,2.627272727,Medium
36444,25,13,7,5,2.1,Medium
36446,20,14,9,4,3.2,Medium
36449,15,13,6,8,2.4,Medium
36452,10,14,7,6,3.7,Medium
36459,26,8,8,8,3.553846154,Medium
36463,26,10,9,8,3.653846154,Medium
36465,27,5,6,1,3.111111111,Medium
36466,9,14,4,8,2.533333333,Medium
36468,20,7,6,1,3.1,Medium
36471,9,1,2,6,4.133333333,Medium
36473,26,14,9,2,2.853846154,Medium
36475,15,8,9,9,4.9,Medium
36477,10,9,2,2,2.2,Medium
36479,15,9,9,9,4.7,Medium
36482,20,13,9,4,3.4,Medium
36484,22,4,5,9,3.063636364,Medium
36485,12,14,8,5,3.7,Medium
36487,19,6,7,5,3.878947368,Medium
36492,16,6,5,5,3.175,Medium
36495,22,14,9,3,3.063636364,Medium
36496,29,4,5,3,2.734482759,Medium
36500,28,9,7,2,2.771428571,Medium
36505,15,10,5,8,2.5,Medium
36507,18,7,5,8,2.766666667,Medium
36508,22,12,9,3,3.463636364,Medium
36511,17,6,6,2,3.564705882,Medium
36512,23,11,6,2,2.104347826,Medium
36514,15,16,7,9,2.3,Medium
36516,9,18,5,4,2.233333333,Medium
36517,7,3,2,1,4.685714286,Medium
36518,24,9,7,5,2.95,Medium
36519,24,1,6,2,4.05,Medium
36524,14,8,8,4,4.542857143,Medium
36527,22,6,6,3,3.163636364,Medium
36534,5,18,5,1,4.9,Medium
36535,19,1,3,6,2.878947368,Medium
36536,13,11,5,7,2.607692308,Medium
36538,17,7,8,7,4.364705882,Medium
36540,29,3,6,5,3.434482759,Medium
36544,10,14,6,5,3.2,Medium
36545,22,15,8,7,2.363636364,Medium
36549,22,16,8,1,2.163636364,Medium
36550,15,17,7,7,2.1,Medium
36551,11,16,6,5,2.527272727,Medium
36555,9,3,1,2,3.233333333,Medium
36556,21,9,9,7,4.128571429,Medium
36558,12,15,7,9,3,Medium
36560,18,11,8,7,3.466666667,Medium
36562,29,7,5,7,2.134482759,Medium
36565,11,7,7,9,4.827272727,Medium
36567,15,7,3,4,2.1,Medium
36572,28,8,8,9,3.471428571,Medium
36573,18,7,8,7,4.266666667,Medium
36578,25,6,9,1,4.5,Medium
36581,26,6,8,1,3.953846154,Medium
36583,7,6,2,8,4.085714286,Medium
36584,18,2,4,9,3.266666667,Medium
36585,5,10,1,1,4.5,Medium
36587,25,13,8,5,2.6,Medium
36588,26,11,8,1,2.953846154,Medium
36590,7,15,7,1,4.785714286,Medium
36591,21,7,8,4,4.028571429,Medium
36592,23,3,5,8,3.204347826,Medium
36593,11,17,7,7,2.827272727,Medium
36596,14,9,4,4,2.342857143,Medium
36599,29,9,8,6,3.234482759,Medium
36601,28,5,6,4,3.071428571,Medium
36604,18,13,6,1,2.066666667,Medium
36606,21,1,6,5,4.228571429,Medium
36608,15,4,7,2,4.7,Medium
36615,26,1,7,9,4.453846154,Medium
36616,6,16,3,1,3.3,Medium
36619,13,2,6,4,4.907692308,Medium
36621,12,6,3,9,2.8,Medium
36628,6,11,2,4,3.8,Medium
36630,13,3,3,1,3.207692308,Medium
36632,16,14,6,3,2.075,Medium
36633,4,15,1,8,5,Medium
36635,7,19,7,8,3.985714286,Medium
36641,11,1,3,9,4.027272727,Medium
36645,21,1,6,5,4.228571429,Medium
36649,25,4,9,3,4.9,Medium
36652,23,8,6,4,2.704347826,Medium
36656,14,4,6,1,4.342857143,Medium
36661,7,10,4,2,4.285714286,Medium
36662,7,9,5,5,4.985714286,Medium
36664,23,15,8,2,2.304347826,Medium
36665,6,16,5,1,4.3,Medium
36670,26,2,7,6,4.253846154,Medium
36673,17,4,5,9,3.464705882,Medium
36674,8,6,1,1,3.05,Medium
36675,20,13,8,3,2.9,Medium
36676,23,5,6,2,3.304347826,Medium
36677,24,14,9,4,2.95,Medium
36678,13,14,8,5,3.507692308,Medium
36680,11,15,9,5,4.227272727,Medium
36684,17,8,4,2,2.164705882,Medium
36687,29,6,9,9,4.334482759,Medium
36694,17,11,8,2,3.564705882,Medium
36697,29,1,7,8,4.334482759,Medium
36701,15,10,7,5,3.5,Medium
36708,8,1,2,1,4.55,Medium
36709,18,11,8,2,3.466666667,Medium
36711,7,3,2,5,4.685714286,Medium
36712,15,3,5,1,3.9,Medium
36713,26,13,8,6,2.553846154,Medium
36714,28,10,9,1,3.571428571,Medium
36715,9,11,3,9,2.633333333,Medium
36721,21,14,8,8,2.628571429,Medium
36724,16,10,5,7,2.375,Medium
36725,12,14,8,1,3.7,Medium
36726,27,15,9,9,2.611111111,Medium
36730,16,15,8,2,2.875,Medium
36731,12,7,6,6,4.1,Medium
36734,25,2,4,4,2.8,Medium
36735,28,1,6,7,3.871428571,Medium
36736,24,12,8,3,2.85,Medium
36738,15,3,4,4,3.4,Medium
36739,16,11,9,2,4.175,Medium
36740,21,2,4,7,3.028571429,Medium
36741,11,10,6,3,3.727272727,Medium
36742,17,14,7,5,2.464705882,Medium
36743,14,7,4,8,2.742857143,Medium
36744,9,16,7,1,3.633333333,Medium
36745,7,10,4,4,4.285714286,Medium
36749,13,9,8,5,4.507692308,Medium
36755,6,15,3,1,3.5,Medium
36758,17,9,7,2,3.464705882,Medium
36768,28,3,5,5,2.971428571,Medium
36771,8,16,6,5,3.55,Medium
36772,9,14,7,7,4.033333333,Medium
36777,18,3,3,1,2.566666667,Medium
36778,16,14,8,9,3.075,Medium
36787,18,16,8,1,2.466666667,Medium
36789,28,8,9,6,3.971428571,Medium
36795,12,1,3,1,3.8,Medium
36798,20,7,8,7,4.1,Medium
36800,9,9,5,3,4.033333333,Medium
36801,6,5,2,2,5,Medium
36802,24,7,6,6,2.85,Medium
36803,10,8,5,2,3.9,Medium
36804,9,7,1,4,2.433333333,Medium
36807,16,13,6,4,2.275,Medium
36812,22,1,2,6,2.163636364,Medium
36813,23,9,6,6,2.504347826,Medium
36816,17,12,6,2,2.364705882,Medium
36817,9,17,5,9,2.433333333,Medium
36829,18,10,5,3,2.166666667,Medium
36830,25,15,9,4,2.7,Medium
36831,14,3,1,9,2.042857143,Medium
36832,25,4,8,8,4.4,Medium
36836,17,10,7,8,3.264705882,Medium
36838,17,16,7,8,2.064705882,Medium
36840,25,14,9,8,2.9,Medium
36841,18,10,6,9,2.666666667,Medium
36842,19,15,7,1,2.078947368,Medium
36844,11,9,6,2,3.927272727,Medium
36845,26,17,9,8,2.253846154,Medium
36846,10,15,7,7,3.5,Medium
36852,15,1,4,8,3.8,Medium
36854,29,15,8,1,2.034482759,Medium
36857,15,10,6,3,3,Medium
36862,14,5,6,5,4.142857143,Medium
36869,20,14,9,2,3.2,Medium
36872,13,5,2,2,2.307692308,Medium
36873,26,5,8,7,4.153846154,Medium
36876,15,9,6,7,3.2,Medium
36884,12,16,7,1,2.8,Medium
36887,9,14,4,9,2.533333333,Medium
36893,13,7,7,7,4.407692308,Medium
36895,10,17,9,8,4.1,Medium
36896,27,5,9,9,4.611111111,Medium
36899,29,5,8,4,4.034482759,Medium
36900,28,3,7,7,3.971428571,Medium
36901,14,6,8,8,4.942857143,Medium
36905,9,19,5,9,2.033333333,Medium
36910,6,17,5,5,4.1,Medium
36913,24,10,9,8,3.75,Medium
36914,9,14,7,6,4.033333333,Medium
36916,17,1,6,8,4.564705882,Medium
36917,24,5,4,6,2.25,Medium
36918,12,4,4,4,3.7,Medium
36919,8,17,7,3,3.85,Medium
36922,18,9,6,4,2.866666667,Medium
36926,27,5,8,1,4.111111111,Medium
36930,9,1,2,1,4.133333333,Medium
36933,6,13,5,6,4.9,Medium
36936,28,11,7,4,2.371428571,Medium
36940,22,9,7,6,3.063636364,Medium
36942,11,3,3,2,3.627272727,Medium
36943,16,2,6,2,4.475,Medium
36944,17,8,5,3,2.664705882,Medium
36945,20,3,6,7,3.9,Medium
36949,20,6,5,6,2.8,Medium
36950,8,16,5,4,3.05,Medium
36951,11,16,7,2,3.027272727,Medium
36952,9,11,5,5,3.633333333,Medium
36955,21,10,9,8,3.928571429,Medium
36956,14,12,7,2,3.242857143,Medium
36957,8,13,2,6,2.15,Medium
36958,9,13,4,3,2.733333333,Medium
36959,17,6,6,6,3.564705882,Medium
36962,22,14,9,5,3.063636364,Medium
36963,11,7,2,5,2.327272727,Medium
36967,27,1,4,6,2.911111111,Medium
36968,25,7,5,4,2.3,Medium
36972,25,13,7,5,2.1,Medium
36974,6,11,3,2,4.3,Medium
36976,16,5,4,2,2.875,Medium
36977,12,9,4,2,2.7,Medium
36978,20,3,4,4,2.9,Medium
36979,11,15,8,1,3.727272727,Medium
36981,17,5,8,6,4.764705882,Medium
36982,16,14,9,1,3.575,Medium
36983,13,11,4,8,2.107692308,Medium
36988,28,12,8,6,2.671428571,Medium
36989,21,5,6,2,3.428571429,Medium
36992,27,6,9,7,4.411111111,Medium
36993,27,9,8,9,3.311111111,Medium
36996,27,11,7,1,2.411111111,Medium
36997,18,13,9,8,3.566666667,Medium
37000,12,16,7,1,2.8,Medium
37009,20,11,6,9,2.3,Medium
37011,23,11,9,9,3.604347826,Medium
37012,20,3,4,1,2.9,Medium
37013,17,10,5,7,2.264705882,Medium
37014,29,1,3,8,2.334482759,Medium
37016,5,19,2,7,3.2,Medium
37019,10,6,2,6,2.8,Medium
37021,13,12,6,6,2.907692308,Medium
37036,23,11,9,2,3.604347826,Medium
37038,7,6,1,7,3.585714286,Medium
37039,21,13,8,3,2.828571429,Medium
37040,20,17,8,4,2.1,Medium
37043,25,6,5,9,2.5,Medium
37047,22,6,4,9,2.163636364,Medium
37048,15,5,4,7,3,Medium
37049,27,6,8,5,3.911111111,Medium
37051,28,6,9,7,4.371428571,Medium
37052,28,1,7,5,4.371428571,Medium
37053,21,1,4,1,3.228571429,Medium
37054,13,14,7,9,3.007692308,Medium
37055,14,6,8,2,4.942857143,Medium
37056,9,1,2,3,4.133333333,Medium
37059,23,10,9,4,3.804347826,Medium
37060,24,11,6,5,2.05,Medium
37062,16,8,8,8,4.275,Medium
37064,11,5,2,6,2.727272727,Medium
37066,8,14,3,1,2.45,Medium
37068,12,3,2,7,2.9,Medium
37069,18,2,7,9,4.766666667,Medium
37071,14,13,7,3,3.042857143,Medium
37075,19,9,6,7,2.778947368,Medium
37076,21,5,5,6,2.928571429,Medium
37077,7,16,3,5,2.585714286,Medium
37079,19,9,7,6,3.278947368,Medium
37083,9,6,1,2,2.633333333,Medium
37085,8,17,6,2,3.35,Medium
37087,10,17,7,7,3.1,Medium
37088,15,11,8,3,3.8,Medium
37092,20,1,5,2,3.8,Medium
37095,18,17,8,4,2.266666667,Medium
37096,29,10,8,4,3.034482759,Medium
37097,6,11,3,9,4.3,Medium
37104,21,12,9,1,3.528571429,Medium
37105,10,19,7,1,2.7,Medium
37106,11,10,3,4,2.227272727,Medium
37107,13,12,5,2,2.407692308,Medium
37108,10,10,4,4,3,Medium
37110,29,7,9,6,4.134482759,Medium
37111,20,7,9,6,4.6,Medium
37113,19,14,9,8,3.278947368,Medium
37114,28,3,5,4,2.971428571,Medium
37118,20,4,4,8,2.7,Medium
37121,9,13,7,7,4.233333333,Medium
37128,28,10,9,9,3.571428571,Medium
37131,15,10,9,2,4.5,Medium
37133,8,14,4,4,2.95,Medium
37139,14,10,9,7,4.642857143,Medium
37144,26,3,3,9,2.053846154,Medium
37145,21,2,7,6,4.528571429,Medium
37148,9,13,6,1,3.733333333,Medium
37157,9,6,1,7,2.633333333,Medium
37158,9,15,9,5,4.833333333,Medium
37159,18,12,7,1,2.766666667,Medium
37160,17,14,7,6,2.464705882,Medium
37162,29,4,6,6,3.234482759,Medium
37167,15,2,4,9,3.6,Medium
37168,21,12,6,7,2.028571429,Medium
37169,6,9,2,4,4.2,Medium
37171,14,3,2,2,2.542857143,Medium
37172,27,8,6,9,2.511111111,Medium
37174,12,14,5,4,2.2,Medium
37179,6,8,2,2,4.4,Medium
37180,18,4,7,2,4.366666667,Medium
37181,18,9,6,3,2.866666667,Medium
37186,17,15,8,2,2.764705882,Medium
37187,9,16,9,7,4.633333333,Medium
37188,10,7,4,2,3.6,Medium
37189,6,17,6,2,4.6,Medium
37192,26,14,9,9,2.853846154,Medium
37193,12,2,2,7,3.1,Medium
37198,8,15,8,7,4.75,Medium
37200,20,12,6,2,2.1,Medium
37201,20,8,7,9,3.4,Medium
37204,19,3,5,2,3.478947368,Medium
37208,23,9,7,5,3.004347826,Medium
37209,9,15,6,5,3.333333333,Medium
37211,27,4,8,8,4.311111111,Medium
37212,9,11,6,5,4.133333333,Medium
37216,15,8,8,1,4.4,Medium
37221,26,4,9,9,4.853846154,Medium
37222,17,5,4,5,2.764705882,Medium
37225,21,3,7,1,4.328571429,Medium
37228,12,10,9,7,5,Medium
37230,9,10,6,4,4.333333333,Medium
37234,17,13,8,3,3.164705882,Medium
37239,21,7,4,2,2.028571429,Medium
37240,27,12,9,3,3.211111111,Medium
37241,15,14,9,5,3.7,Medium
37248,17,1,1,5,2.064705882,Medium
37249,9,16,9,3,4.633333333,Medium
37251,23,4,7,8,4.004347826,Medium
37254,15,4,4,8,3.2,Medium
37256,27,11,9,9,3.411111111,Medium
37258,10,1,4,6,4.8,Medium
37261,20,11,8,8,3.3,Medium
37268,9,13,7,9,4.233333333,Medium
37270,9,1,1,2,3.633333333,Medium
37274,23,19,9,3,2.004347826,Medium
37276,19,11,6,6,2.378947368,Medium
37279,6,9,3,3,4.7,Medium
37284,12,11,4,1,2.3,Medium
37287,5,19,2,9,3.2,Medium
37288,8,14,6,6,3.95,Medium
37291,28,2,8,5,4.671428571,Medium
37292,15,4,2,9,2.2,Medium
37293,9,10,5,5,3.833333333,Medium
37295,17,10,7,4,3.264705882,Medium
37296,29,1,4,3,2.834482759,Medium
37298,10,8,6,2,4.4,Medium
37300,10,10,7,7,4.5,Medium
37301,18,9,5,6,2.366666667,Medium
37303,8,3,1,6,3.65,Medium
37307,23,1,2,7,2.104347826,Medium
37309,5,18,4,6,4.4,Medium
37311,19,16,8,6,2.378947368,Medium
37313,10,16,9,3,4.3,Medium
37317,24,1,4,6,3.05,Medium
37319,8,12,7,9,4.85,Medium
37324,25,10,9,5,3.7,Medium
37325,6,16,5,2,4.3,Medium
37327,27,6,5,8,2.411111111,Medium
37328,9,18,5,8,2.233333333,Medium
37334,25,5,5,7,2.7,Medium
37337,12,12,6,6,3.1,Medium
37338,16,1,5,6,4.175,Medium
37339,12,8,7,3,4.4,Medium
37341,6,15,5,4,4.5,Medium
37342,21,12,9,5,3.528571429,Medium
37343,10,7,5,7,4.1,Medium
37347,29,7,7,2,3.134482759,Medium
37350,13,5,5,7,3.807692308,Medium
37352,28,2,5,8,3.171428571,Medium
37356,12,10,9,3,5,Medium
37359,13,6,3,2,2.607692308,Medium
37361,12,11,5,6,2.8,Medium
37362,7,4,1,2,3.985714286,Medium
37366,19,15,7,6,2.078947368,Medium
37368,6,13,3,8,3.9,Medium
37370,25,4,4,9,2.4,Medium
37373,22,1,7,1,4.663636364,Medium
37377,10,4,4,9,4.2,Medium
37378,10,7,3,3,3.1,Medium
37379,16,7,8,1,4.475,Medium
37380,18,18,9,8,2.566666667,Medium
37383,23,8,6,5,2.704347826,Medium
37384,16,6,8,7,4.675,Medium
37386,19,2,6,9,4.178947368,Medium
37389,12,7,3,9,2.6,Medium
37391,10,8,6,7,4.4,Medium
37392,18,9,7,5,3.366666667,Medium
37393,26,1,5,5,3.453846154,Medium
37397,14,7,3,9,2.242857143,Medium
37404,14,1,3,2,3.442857143,Medium
37406,14,7,8,1,4.742857143,Medium
37408,24,2,5,2,3.35,Medium
37416,11,7,3,3,2.827272727,Medium
37417,22,7,9,9,4.463636364,Medium
37419,23,4,7,9,4.004347826,Medium
37425,24,8,5,8,2.15,Medium
37426,8,17,4,1,2.35,Medium
37430,23,14,8,9,2.504347826,Medium
37431,13,1,2,5,3.107692308,Medium
37433,15,10,5,9,2.5,Medium
37434,18,8,6,4,3.066666667,Medium
37435,6,16,1,2,2.3,Medium
37436,16,6,6,9,3.675,Medium
37437,9,13,5,5,3.233333333,Medium
37442,22,9,9,1,4.063636364,Medium
37443,7,13,5,7,4.185714286,Medium
37446,28,3,7,8,3.971428571,Medium
37448,19,9,8,7,3.778947368,Medium
37449,24,7,7,4,3.35,Medium
37453,25,2,4,1,2.8,Medium
37455,11,14,6,7,2.927272727,Medium
37456,18,4,8,7,4.866666667,Medium
37457,10,6,2,2,2.8,Medium
37459,8,9,6,9,4.95,Medium
37462,15,3,5,8,3.9,Medium
37463,15,19,8,1,2.2,Medium
37464,16,12,7,2,2.975,Medium
37466,14,1,4,3,3.942857143,Medium
37467,21,5,6,1,3.428571429,Medium
37468,13,14,9,7,4.007692308,Medium
37469,9,18,8,7,3.733333333,Medium
37470,18,2,6,5,4.266666667,Medium
37472,10,18,7,9,2.9,Medium
37473,19,8,9,7,4.478947368,Medium
37474,5,10,1,9,4.5,Medium
37475,10,2,1,5,3.1,Medium
37479,21,17,8,9,2.028571429,Medium
37480,29,1,3,1,2.334482759,Medium
37481,12,2,2,1,3.1,Medium
37482,7,17,8,7,4.885714286,Medium
37483,5,15,1,7,3.5,Medium
37484,15,5,7,7,4.5,Medium
37486,15,10,8,7,4,Medium
37487,12,12,4,6,2.1,Medium
37488,19,8,6,9,2.978947368,Medium
37491,20,4,4,9,2.7,Medium
37494,20,4,5,6,3.2,Medium
37496,28,4,7,9,3.771428571,Medium
37506,19,12,8,8,3.178947368,Medium
37507,7,13,1,4,2.185714286,Medium
37510,9,14,8,2,4.533333333,Medium
37511,16,7,6,6,3.475,Medium
37516,9,17,8,8,3.933333333,Medium
37518,21,5,7,2,3.928571429,Medium
37519,27,7,9,7,4.211111111,Medium
37521,9,3,2,9,3.733333333,Medium
37524,25,10,9,2,3.7,Medium
37527,19,4,3,1,2.278947368,Medium
37529,14,11,8,5,3.942857143,Medium
37530,10,13,7,1,3.9,Medium
37531,19,2,2,9,2.178947368,Medium
37533,10,14,4,1,2.2,Medium
37538,6,8,2,1,4.4,Medium
37541,29,10,7,2,2.534482759,Medium
37542,25,13,7,5,2.1,Medium
37544,29,10,7,9,2.534482759,Medium
37545,13,5,4,2,3.307692308,Medium
37547,10,9,5,6,3.7,Medium
37548,8,7,3,3,3.85,Medium
37550,10,15,8,2,4,Medium
37552,10,12,8,4,4.6,Medium
37553,24,7,5,9,2.35,Medium
37556,25,9,8,3,3.4,Medium
37558,18,10,5,9,2.166666667,Medium
37559,18,15,9,8,3.166666667,Medium
37562,11,18,8,2,3.127272727,Medium
37564,16,3,2,4,2.275,Medium
37569,28,6,5,9,2.371428571,Medium
37570,25,2,5,6,3.3,Medium
37571,16,5,5,3,3.375,Medium
37572,13,14,6,5,2.507692308,Medium
37573,12,19,7,9,2.2,Medium
37576,4,19,1,2,4.2,Medium
37581,13,14,7,4,3.007692308,Medium
37583,22,1,7,6,4.663636364,Medium
37584,19,9,5,1,2.278947368,Medium
37588,15,14,7,4,2.7,Medium
37590,27,7,5,5,2.211111111,Medium
37601,16,15,7,3,2.375,Medium
37602,7,15,7,7,4.785714286,Medium
37605,10,18,8,5,3.4,Medium
37609,9,13,4,7,2.733333333,Medium
37614,6,15,3,8,3.5,Medium
37617,15,13,6,9,2.4,Medium
37624,19,2,5,3,3.678947368,Medium
37627,26,11,8,6,2.953846154,Medium
37629,15,2,3,6,3.1,Medium
37631,7,18,5,3,3.185714286,Medium
37634,11,6,2,9,2.527272727,Medium
37637,15,11,8,2,3.8,Medium
37639,7,10,1,5,2.785714286,Medium
37641,14,12,8,8,3.742857143,Medium
37642,22,10,7,8,2.863636364,Medium
37644,8,12,2,5,2.35,Medium
37646,8,11,4,4,3.55,Medium
37647,9,14,8,3,4.533333333,Medium
37648,29,7,7,6,3.134482759,Medium
37649,29,6,9,2,4.334482759,Medium
37650,22,1,2,2,2.163636364,Medium
37652,19,10,6,3,2.578947368,Medium
37655,14,2,3,2,3.242857143,Medium
37656,19,5,8,3,4.578947368,Medium
37659,15,5,4,4,3,Medium
37660,26,5,7,9,3.653846154,Medium
37666,29,14,8,5,2.234482759,Medium
37667,12,17,6,1,2.1,Medium
37669,8,14,3,6,2.45,Medium
37670,14,1,2,6,2.942857143,Medium
37673,12,11,6,2,3.3,Medium
37674,17,2,6,9,4.364705882,Medium
37677,13,3,5,8,4.207692308,Medium
37678,7,5,1,3,3.785714286,Medium
37679,27,8,8,3,3.511111111,Medium
37688,13,1,4,3,4.107692308,Medium
37689,17,3,2,6,2.164705882,Medium
37690,14,3,6,2,4.542857143,Medium
37693,20,9,7,8,3.2,Medium
37695,16,10,5,1,2.375,Medium
37696,7,2,2,4,4.885714286,Medium
37700,13,17,7,2,2.407692308,Medium
37702,7,16,5,1,3.585714286,Medium
37703,26,9,6,2,2.353846154,Medium
37705,17,3,3,5,2.664705882,Medium
37707,25,1,3,3,2.5,Medium
37708,10,12,7,1,4.1,Medium
37710,13,8,4,4,2.707692308,Medium
37711,14,3,6,1,4.542857143,Medium
37714,8,18,5,4,2.65,Medium
37718,23,2,3,1,2.404347826,Medium
37720,9,15,5,2,2.833333333,Medium
37721,24,2,5,7,3.35,Medium
37723,24,5,6,9,3.25,Medium
37724,25,2,5,4,3.3,Medium
37725,10,12,6,4,3.6,Medium
37726,13,5,2,1,2.307692308,Medium
37729,7,16,7,4,4.585714286,Medium
37730,19,13,8,5,2.978947368,Medium
37732,27,8,7,7,3.011111111,Medium
37734,25,18,9,7,2.1,Medium
37736,12,19,8,3,2.7,Medium
37737,13,7,8,4,4.907692308,Medium
37738,20,8,7,5,3.4,Medium
37743,16,7,7,7,3.975,Medium
37744,11,18,6,8,2.127272727,Medium
37746,8,17,4,4,2.35,Medium
37748,22,5,6,7,3.363636364,Medium
37752,24,4,9,3,4.95,Medium
37756,16,14,9,3,3.575,Medium
37759,19,11,6,1,2.378947368,Medium
37760,27,10,9,8,3.611111111,Medium
37765,19,2,3,2,2.678947368,Medium
37769,25,11,9,5,3.5,Medium
37770,7,15,5,3,3.785714286,Medium
37773,18,9,8,4,3.866666667,Medium
37774,23,6,4,4,2.104347826,Medium
37778,10,12,5,6,3.1,Medium
37783,11,2,4,7,4.327272727,Medium
37784,16,3,4,5,3.275,Medium
37791,7,15,2,4,2.285714286,Medium
37795,10,11,7,3,4.3,Medium
37796,9,12,6,6,3.933333333,Medium
37797,18,3,7,3,4.566666667,Medium
37798,28,9,7,2,2.771428571,Medium
37801,12,6,4,9,3.3,Medium
37804,28,12,9,9,3.171428571,Medium
37805,22,1,6,6,4.163636364,Medium
37807,8,8,3,1,3.65,Medium
37810,21,9,7,2,3.128571429,Medium
37811,10,8,5,5,3.9,Medium
37813,21,2,2,6,2.028571429,Medium
37815,25,6,5,4,2.5,Medium
37823,16,3,6,8,4.275,Medium
37825,8,19,5,8,2.45,Medium
37827,26,9,7,8,2.853846154,Medium
37832,10,10,8,6,5,Medium
37834,25,8,8,6,3.6,Medium
37837,11,4,1,9,2.427272727,Medium
37838,20,7,8,8,4.1,Medium
37841,10,12,7,7,4.1,Medium
37843,14,8,6,5,3.542857143,Medium
37844,14,9,6,6,3.342857143,Medium
37846,21,7,4,5,2.028571429,Medium
37847,9,12,5,8,3.433333333,Medium
37850,16,9,4,7,2.075,Medium
37852,8,18,9,9,4.65,Medium
37854,22,6,8,3,4.163636364,Medium
37859,10,7,2,7,2.6,Medium
37860,25,1,3,1,2.5,Medium
37862,13,3,5,4,4.207692308,Medium
37863,14,7,3,4,2.242857143,Medium
37869,13,5,6,5,4.307692308,Medium
37871,6,14,2,8,3.2,Medium
37873,10,8,4,6,3.4,Medium
37876,27,5,9,8,4.611111111,Medium
37879,25,5,7,7,3.7,Medium
37880,15,7,7,6,4.1,Medium
37883,29,2,3,6,2.134482759,Medium
37886,22,5,7,3,3.863636364,Medium
37889,27,5,9,5,4.611111111,Medium
37890,27,4,5,7,2.811111111,Medium
37892,23,5,4,1,2.304347826,Medium
37894,15,4,4,6,3.2,Medium
37895,26,3,3,3,2.053846154,Medium
37901,11,5,1,2,2.227272727,Medium
37902,25,2,6,4,3.8,Medium
37908,8,9,2,5,2.95,Medium
37910,24,5,9,9,4.75,Medium
37912,25,3,8,6,4.6,Medium
37913,8,15,8,6,4.75,Medium
37914,17,11,5,9,2.064705882,Medium
37915,21,15,8,3,2.428571429,Medium
37916,19,7,6,9,3.178947368,Medium
37920,19,15,8,5,2.578947368,Medium
37924,27,4,8,4,4.311111111,Medium
37937,27,5,8,5,4.111111111,Medium
37938,25,8,8,8,3.6,Medium
37939,26,3,6,3,3.553846154,Medium
37945,14,17,9,1,3.242857143,Medium
37948,8,16,3,6,2.05,Medium
37950,9,11,6,4,4.133333333,Medium
37952,10,6,3,8,3.3,Medium
37954,12,12,6,6,3.1,Medium
37959,21,11,6,3,2.228571429,Medium
37965,19,8,6,7,2.978947368,Medium
37967,26,1,7,5,4.453846154,Medium
37969,8,16,7,9,4.05,Medium
37971,20,14,9,8,3.2,Medium
37972,18,9,6,4,2.866666667,Medium
37973,25,6,8,5,4,Medium
37975,10,8,2,8,2.4,Medium
37976,8,4,2,8,3.95,Medium
37977,15,18,9,9,2.9,Medium
37979,16,8,5,3,2.775,Medium
37982,21,14,7,5,2.128571429,Medium
37983,6,11,2,9,3.8,Medium
37985,10,13,9,5,4.9,Medium
37986,25,2,8,5,4.8,Medium
37987,18,10,6,4,2.666666667,Medium
37988,11,11,4,1,2.527272727,Medium
37989,16,11,8,5,3.675,Medium
37992,26,6,9,2,4.453846154,Medium
37997,12,3,5,4,4.4,Medium
37998,16,17,9,3,2.975,Medium
37999,17,12,7,8,2.864705882,Medium
38003,29,3,6,5,3.434482759,Medium
38008,14,2,4,3,3.742857143,Medium
38009,17,11,8,5,3.564705882,Medium
38010,6,18,2,2,2.4,Medium
38011,12,4,3,9,3.2,Medium
38017,17,2,3,8,2.864705882,Medium
38020,14,2,2,4,2.742857143,Medium
38021,10,4,5,8,4.7,Medium
38030,9,13,8,7,4.733333333,Medium
38033,13,18,8,1,2.707692308,Medium
38034,12,19,8,2,2.7,Medium
38035,9,12,4,5,2.933333333,Medium
38038,21,15,9,5,2.928571429,Medium
38039,20,8,6,6,2.9,Medium
38040,13,7,7,2,4.407692308,Medium
38043,22,14,7,9,2.063636364,Medium
38046,13,2,6,4,4.907692308,Medium
38047,16,15,9,9,3.375,Medium
38048,12,14,7,1,3.2,Medium
38049,29,1,8,8,4.834482759,Medium
38054,26,10,9,5,3.653846154,Medium
38057,9,6,1,4,2.633333333,Medium
38059,14,9,7,4,3.842857143,Medium
38062,13,14,5,9,2.007692308,Medium
38065,22,5,7,6,3.863636364,Medium
38067,17,6,6,8,3.564705882,Medium
38071,20,6,9,9,4.8,Medium
38074,9,13,5,3,3.233333333,Medium
38076,26,5,6,8,3.153846154,Medium
38082,8,5,4,9,4.75,Medium
38083,20,13,8,8,2.9,Medium
38086,12,8,5,6,3.4,Medium
38088,14,6,5,6,3.442857143,Medium
38092,19,16,8,6,2.378947368,Medium
38097,11,9,6,5,3.927272727,Medium
38101,10,15,9,4,4.5,Medium
38103,7,15,2,4,2.285714286,Medium
38105,19,9,5,9,2.278947368,Medium
38106,17,9,9,8,4.464705882,Medium
38109,8,8,5,2,4.65,Medium
38114,16,7,6,4,3.475,Medium
38115,21,3,6,3,3.828571429,Medium
38116,25,3,8,5,4.6,Medium
38119,13,6,4,4,3.107692308,Medium
38120,22,16,9,7,2.663636364,Medium
38124,22,2,5,8,3.463636364,Medium
38125,9,2,3,9,4.433333333,Medium
38127,23,11,9,6,3.604347826,Medium
38131,7,17,7,7,4.385714286,Medium
38135,29,9,6,7,2.234482759,Medium
38137,28,6,9,6,4.371428571,Medium
38138,26,5,9,9,4.653846154,Medium
38142,16,7,9,3,4.975,Medium
38144,8,9,3,3,3.45,Medium
38147,24,4,4,1,2.45,Medium
38149,6,18,5,6,3.9,Medium
38150,8,4,1,5,3.45,Medium
38151,26,10,8,6,3.153846154,Medium
38152,11,7,5,7,3.827272727,Medium
38154,14,16,7,4,2.442857143,Medium
38156,10,12,7,2,4.1,Medium
38159,6,17,2,4,2.6,Medium
38160,10,4,1,5,2.7,Medium
38162,17,7,7,6,3.864705882,Medium
38163,10,4,2,9,3.2,Medium
38164,22,5,7,2,3.863636364,Medium
38166,15,3,6,4,4.4,Medium
38168,6,19,3,9,2.7,Medium
38172,22,1,3,4,2.663636364,Medium
38174,8,13,7,1,4.65,Medium
38177,6,5,2,4,5,Medium
38179,17,3,4,1,3.164705882,Medium
38180,11,9,3,5,2.427272727,Medium
38181,22,8,7,5,3.263636364,Medium
38184,17,3,6,6,4.164705882,Medium
38186,16,12,9,9,3.975,Medium
38187,4,19,1,3,4.2,Medium
38190,20,10,8,3,3.5,Medium
38196,18,19,9,5,2.366666667,Medium
38197,17,2,4,1,3.364705882,Medium
38200,9,10,5,9,3.833333333,Medium
38202,6,8,3,7,4.9,Medium
38204,21,14,7,9,2.128571429,Medium
38206,25,10,7,1,2.7,Medium
38209,22,10,6,1,2.363636364,Medium
38212,22,3,8,5,4.763636364,Medium
38214,18,16,8,5,2.466666667,Medium
38216,7,13,6,4,4.685714286,Medium
38222,9,16,7,1,3.633333333,Medium
38226,20,5,6,5,3.5,Medium
38227,11,11,8,3,4.527272727,Medium
38229,6,11,1,6,3.3,Medium
38231,11,10,6,4,3.727272727,Medium
38233,27,4,6,5,3.311111111,Medium
38235,27,2,6,5,3.711111111,Medium
38238,8,17,5,8,2.85,Medium
38239,10,8,2,4,2.4,Medium
38242,13,1,2,5,3.107692308,Medium
38245,9,18,5,3,2.233333333,Medium
38246,18,1,6,4,4.466666667,Medium
38248,17,3,6,4,4.164705882,Medium
38251,23,6,6,4,3.104347826,Medium
38253,21,11,7,7,2.728571429,Medium
38254,16,13,8,6,3.275,Medium
38257,18,2,6,3,4.266666667,Medium
38264,9,1,1,1,3.633333333,Medium
38266,23,5,4,1,2.304347826,Medium
38269,17,7,8,4,4.364705882,Medium
38272,17,10,9,6,4.264705882,Medium
38276,15,18,9,3,2.9,Medium
38277,17,17,9,1,2.864705882,Medium
38278,22,7,5,2,2.463636364,Medium
38287,12,6,5,7,3.8,Medium
38288,20,19,9,5,2.2,Medium
38289,22,9,9,5,4.063636364,Medium
38290,28,10,9,1,3.571428571,Medium
38296,20,5,8,4,4.5,Medium
38298,25,18,9,4,2.1,Medium
38299,17,7,8,2,4.364705882,Medium
38305,12,6,3,7,2.8,Medium
38308,25,13,8,6,2.6,Medium
38309,18,8,5,8,2.566666667,Medium
38311,5,17,4,5,4.6,Medium
38312,23,1,6,4,4.104347826,Medium
38313,15,12,8,9,3.6,Medium
38315,15,17,7,6,2.1,Medium
38318,25,1,4,2,3,Medium
38319,24,16,8,8,2.05,Medium
38320,12,19,8,9,2.7,Medium
38321,9,11,7,2,4.633333333,Medium
38324,23,14,9,4,3.004347826,Medium
38326,8,10,3,8,3.25,Medium
38328,18,3,6,6,4.066666667,Medium
38329,18,4,8,2,4.866666667,Medium
38330,10,12,4,9,2.6,Medium
38333,13,17,7,8,2.407692308,Medium
38334,18,3,5,4,3.566666667,Medium
38336,29,2,7,8,4.134482759,Medium
38337,6,13,4,9,4.4,Medium
38339,22,9,7,9,3.063636364,Medium
38340,6,12,1,5,3.1,Medium
38341,29,14,8,6,2.234482759,Medium
38348,8,11,4,7,3.55,Medium
38349,13,9,8,6,4.507692308,Medium
38350,25,7,5,8,2.3,Medium
38352,24,2,5,2,3.35,Medium
38354,20,10,8,6,3.5,Medium
38355,25,5,6,1,3.2,Medium
38357,23,9,6,6,2.504347826,Medium
38358,5,19,4,5,4.2,Medium
38359,12,19,8,4,2.7,Medium
38364,20,13,9,8,3.4,Medium
38365,23,5,7,5,3.804347826,Medium
38366,27,13,9,8,3.011111111,Medium
38367,24,7,9,2,4.35,Medium
38370,12,8,6,6,3.9,Medium
38373,13,1,5,6,4.607692308,Medium
38374,24,11,7,6,2.55,Medium
38376,13,14,5,7,2.007692308,Medium
38380,24,8,5,1,2.15,Medium
38382,17,1,5,5,4.064705882,Medium
38383,9,5,3,6,3.833333333,Medium
38388,9,2,1,9,3.433333333,Medium
38389,10,12,8,2,4.6,Medium
38393,17,9,9,7,4.464705882,Medium
38395,28,10,7,3,2.571428571,Medium
38396,11,16,5,9,2.027272727,Medium
38398,23,2,6,3,3.904347826,Medium
38401,12,5,3,1,3,Medium
38403,26,2,8,3,4.753846154,Medium
38407,28,1,8,1,4.871428571,Medium
38408,20,3,7,1,4.4,Medium
38409,7,19,9,3,4.985714286,Medium
38411,26,6,7,6,3.453846154,Medium
38412,10,19,6,2,2.2,Medium
38413,15,10,7,3,3.5,Medium
38414,22,7,6,5,2.963636364,Medium
38418,24,13,8,7,2.65,Medium
38420,10,3,5,3,4.9,Medium
38422,17,4,8,5,4.964705882,Medium
38423,6,10,4,8,5,Medium
38424,8,16,7,5,4.05,Medium
38427,16,14,7,2,2.575,Medium
38430,5,19,3,1,3.7,Medium
38433,15,4,5,4,3.7,Medium
38435,21,19,9,7,2.128571429,Medium
38437,22,11,7,4,2.663636364,Medium
38440,26,4,8,6,4.353846154,Medium
38442,18,8,5,3,2.566666667,Medium
38443,14,2,2,1,2.742857143,Medium
38444,13,3,3,6,3.207692308,Medium
38445,7,5,2,5,4.285714286,Medium
38446,11,6,6,2,4.527272727,Medium
38448,28,5,9,1,4.571428571,Medium
38451,17,2,4,9,3.364705882,Medium
38456,13,2,2,8,2.907692308,Medium
38459,15,1,3,3,3.3,Medium
38464,27,2,6,7,3.711111111,Medium
38466,10,15,9,5,4.5,Medium
38472,25,9,6,4,2.4,Medium
38473,12,18,7,8,2.4,Medium
38477,24,6,5,7,2.55,Medium
38479,8,18,6,3,3.15,Medium
38482,5,18,5,3,4.9,Medium
38483,13,1,5,9,4.607692308,Medium
38485,25,2,8,3,4.8,Medium
38486,26,2,3,2,2.253846154,Medium
38489,6,13,2,5,3.4,Medium
38490,17,8,8,7,4.164705882,Medium
38495,19,4,7,1,4.278947368,Medium
38496,14,5,7,2,4.642857143,Medium
38499,27,1,4,6,2.911111111,Medium
38501,12,4,2,5,2.7,Medium
38504,29,4,4,2,2.234482759,Medium
38505,23,6,4,9,2.104347826,Medium
38508,10,13,5,3,2.9,Medium
38510,21,6,4,2,2.228571429,Medium
38512,17,18,8,2,2.164705882,Medium
38513,5,10,2,9,5,Medium
38515,15,18,8,5,2.4,Medium
38516,10,8,2,2,2.4,Medium
38520,16,16,9,1,3.175,Medium
38524,7,6,3,4,4.585714286,Medium
38530,15,6,5,1,3.3,Medium
38533,25,2,4,4,2.8,Medium
38538,16,14,8,4,3.075,Medium
38541,13,9,5,3,3.007692308,Medium
38542,8,11,5,5,4.05,Medium
38549,6,19,6,6,4.2,Medium
38553,11,3,5,2,4.627272727,Medium
38558,10,15,5,4,2.5,Medium
38560,15,14,6,8,2.2,Medium
38564,12,11,9,8,4.8,Medium
38566,17,7,4,5,2.364705882,Medium
38568,9,2,1,7,3.433333333,Medium
38569,27,17,9,5,2.211111111,Medium
38571,27,12,8,7,2.711111111,Medium
38575,13,14,6,3,2.507692308,Medium
38579,25,4,9,1,4.9,Medium
38581,28,7,8,2,3.671428571,Medium
38583,24,10,9,6,3.75,Medium
38585,14,15,7,7,2.642857143,Medium
38586,9,12,3,8,2.433333333,Medium
38587,8,9,4,7,3.95,Medium
38589,10,9,5,3,3.7,Medium
38593,6,15,6,3,5,Medium
38594,24,6,4,5,2.05,Medium
38597,9,9,2,2,2.533333333,Medium
38600,27,12,7,4,2.211111111,Medium
38602,19,5,5,2,3.078947368,Medium
38603,20,9,6,7,2.7,Medium
38604,16,8,7,7,3.775,Medium
38605,25,8,7,6,3.1,Medium
38606,12,3,2,5,2.9,Medium
38608,21,10,8,4,3.428571429,Medium
38611,25,4,8,9,4.4,Medium
38615,7,4,1,5,3.985714286,Medium
38620,5,18,3,1,3.9,Medium
38621,6,10,2,9,4,Medium
38622,23,18,9,2,2.204347826,Medium
38623,13,18,7,5,2.207692308,Medium
38624,12,17,9,3,3.6,Medium
38626,11,19,8,8,2.927272727,Medium
38627,9,14,6,2,3.533333333,Medium
38629,27,4,6,1,3.311111111,Medium
38632,6,9,2,2,4.2,Medium
38635,24,15,8,6,2.25,Medium
38636,9,10,4,3,3.333333333,Medium
38638,29,8,8,1,3.434482759,Medium
38639,18,16,8,9,2.466666667,Medium
38648,28,4,5,8,2.771428571,Medium
38649,10,12,8,5,4.6,Medium
38651,14,3,5,4,4.042857143,Medium
38653,28,17,9,1,2.171428571,Medium
38654,12,10,9,4,5,Medium
38657,13,1,4,4,4.107692308,Medium
38658,17,14,8,1,2.964705882,Medium
38660,28,2,7,7,4.171428571,Medium
38662,20,11,6,4,2.3,Medium
38667,23,8,5,1,2.204347826,Medium
38669,20,12,9,9,3.6,Medium
38670,17,14,8,3,2.964705882,Medium
38675,13,4,3,9,3.007692308,Medium
38676,10,4,5,7,4.7,Medium
38680,27,5,5,1,2.611111111,Medium
38684,8,9,1,8,2.45,Medium
38686,10,7,1,8,2.1,Medium
38688,13,5,7,2,4.807692308,Medium
38689,25,6,7,1,3.5,Medium
38694,11,10,6,1,3.727272727,Medium
38695,12,13,7,2,3.4,Medium
38696,28,11,8,8,2.871428571,Medium
38697,29,1,7,6,4.334482759,Medium
38700,12,14,5,8,2.2,Medium
38701,29,9,9,2,3.734482759,Medium
38703,11,17,6,3,2.327272727,Medium
38705,24,10,9,2,3.75,Medium
38706,14,7,7,2,4.242857143,Medium
38708,20,12,9,5,3.6,Medium
38709,6,4,1,3,4.7,Medium
38712,5,19,1,4,2.7,Medium
38716,8,19,9,1,4.45,Medium
38719,7,17,7,5,4.385714286,Medium
38727,6,14,4,3,4.2,Medium
38730,16,8,6,9,3.275,Medium
38732,6,14,3,9,3.7,Medium
38739,20,4,3,3,2.2,Medium
38741,5,18,5,8,4.9,Medium
38744,17,10,8,2,3.764705882,Medium
38751,25,2,7,5,4.3,Medium
38753,11,4,2,5,2.927272727,Medium
38754,14,8,6,4,3.542857143,Medium
38758,11,4,1,1,2.427272727,Medium
38762,15,2,2,7,2.6,Medium
38766,12,12,7,8,3.6,Medium
38767,11,10,5,2,3.227272727,Medium
38775,7,13,2,4,2.685714286,Medium
38776,18,1,4,4,3.466666667,Medium
38779,12,15,6,3,2.5,Medium
38781,20,10,7,1,3,Medium
38782,19,2,3,1,2.678947368,Medium
38783,8,15,4,6,2.75,Medium
38787,19,10,6,9,2.578947368,Medium
38791,7,10,1,2,2.785714286,Medium
38793,8,19,7,8,3.45,Medium
38794,28,3,5,4,2.971428571,Medium
38795,9,12,8,5,4.933333333,Medium
38796,10,5,3,8,3.5,Medium
38803,25,13,9,7,3.1,Medium
38805,10,11,5,2,3.3,Medium
38806,27,4,6,8,3.311111111,Medium
38807,28,12,8,6,2.671428571,Medium
38809,8,19,9,1,4.45,Medium
38812,12,5,5,1,4,Medium
38814,27,1,8,9,4.911111111,Medium
38816,21,7,7,1,3.528571429,Medium
38817,6,6,2,2,4.8,Medium
38819,8,14,8,3,4.95,Medium
38820,15,1,6,2,4.8,Medium
38821,12,13,5,1,2.4,Medium
38823,12,1,3,4,3.8,Medium
38824,7,14,6,5,4.485714286,Medium
38827,19,1,5,4,3.878947368,Medium
38828,27,4,7,7,3.811111111,Medium
38832,26,5,7,5,3.653846154,Medium
38834,12,7,2,7,2.1,Medium
38837,18,14,8,6,2.866666667,Medium
38842,12,7,7,5,4.6,Medium
38843,18,7,9,2,4.766666667,Medium
38845,18,6,4,7,2.466666667,Medium
38852,14,6,5,5,3.442857143,Medium
38855,23,3,6,7,3.704347826,Medium
38859,29,3,4,5,2.434482759,Medium
38861,27,3,8,7,4.511111111,Medium
38863,18,5,5,8,3.166666667,Medium
38864,28,4,9,1,4.771428571,Medium
38868,29,7,7,1,3.134482759,Medium
38870,20,15,8,2,2.5,Medium
38871,20,3,7,1,4.4,Medium
38874,21,9,7,4,3.128571429,Medium
38875,8,12,2,3,2.35,Medium
38876,29,3,9,9,4.934482759,Medium
38878,21,12,7,2,2.528571429,Medium
38879,19,9,8,1,3.778947368,Medium
38882,17,1,1,9,2.064705882,Medium
38884,16,16,9,7,3.175,Medium
38885,14,6,7,8,4.442857143,Medium
38888,11,13,5,6,2.627272727,Medium
38894,29,7,7,6,3.134482759,Medium
38896,21,9,6,4,2.628571429,Medium
38897,27,8,6,6,2.511111111,Medium
38900,13,9,8,2,4.507692308,Medium
38907,19,1,4,3,3.378947368,Medium
38910,14,15,6,4,2.142857143,Medium
38911,29,7,7,3,3.134482759,Medium
38913,22,1,4,4,3.163636364,Medium
38914,25,2,6,9,3.8,Medium
38916,9,2,3,5,4.433333333,Medium
38918,9,15,9,6,4.833333333,Medium
38920,13,1,1,5,2.607692308,Medium
38924,20,3,3,3,2.4,Medium
38925,10,7,5,6,4.1,Medium
38926,17,14,7,5,2.464705882,Medium
38927,28,2,5,7,3.171428571,Medium
38928,15,14,8,3,3.2,Medium
38929,21,12,7,3,2.528571429,Medium
38930,13,10,9,4,4.807692308,Medium
38931,21,9,9,3,4.128571429,Medium
38932,8,6,1,8,3.05,Medium
38935,18,9,5,9,2.366666667,Medium
38939,13,9,8,1,4.507692308,Medium
38941,11,13,7,1,3.627272727,Medium
38942,9,17,8,5,3.933333333,Medium
38948,9,15,9,1,4.833333333,Medium
38950,16,19,8,2,2.075,Medium
38951,11,3,4,9,4.127272727,Medium
38953,14,18,7,7,2.042857143,Medium
38955,20,6,8,9,4.3,Medium
38961,12,10,9,7,5,Medium
38962,21,10,8,3,3.428571429,Medium
38963,8,7,2,4,3.35,Medium
38965,6,3,1,2,4.9,Medium
38966,20,10,6,8,2.5,Medium
38975,14,10,4,8,2.142857143,Medium
38978,6,15,4,1,4,Medium
38982,8,13,7,8,4.65,Medium
38987,24,6,5,6,2.55,Medium
38994,19,6,5,4,2.878947368,Medium
38996,14,7,3,2,2.242857143,Medium
38997,20,1,2,4,2.3,Medium
38998,13,9,3,5,2.007692308,Medium
39001,15,6,7,2,4.3,Medium
39003,21,3,3,2,2.328571429,Medium
39007,8,5,1,1,3.25,Medium
39014,10,6,3,9,3.3,Medium
39018,9,18,7,3,3.233333333,Medium
39020,7,15,5,3,3.785714286,Medium
39022,24,4,9,6,4.95,Medium
39024,26,3,5,2,3.053846154,Medium
39026,22,9,9,9,4.063636364,Medium
39028,15,1,1,3,2.3,Medium
39031,24,1,7,2,4.55,Medium
39032,28,2,3,7,2.171428571,Medium
39037,23,4,8,7,4.504347826,Medium
39039,13,12,7,6,3.407692308,Medium
39046,11,1,4,2,4.527272727,Medium
39048,9,8,2,3,2.733333333,Medium
39049,15,10,7,8,3.5,Medium
39055,11,12,5,5,2.827272727,Medium
39056,28,5,5,5,2.571428571,Medium
39058,12,18,9,5,3.4,Medium
39061,9,7,3,5,3.433333333,Medium
39062,19,9,7,1,3.278947368,Medium
39063,29,3,5,5,2.934482759,Medium
39067,12,17,9,7,3.6,Medium
39072,21,12,9,9,3.528571429,Medium
39073,13,11,4,6,2.107692308,Medium
39075,20,9,7,9,3.2,Medium
39077,6,8,2,6,4.4,Medium
39079,16,17,9,3,2.975,Medium
39089,18,7,9,3,4.766666667,Medium
39091,26,16,9,1,2.453846154,Medium
39092,21,15,8,9,2.428571429,Medium
39095,26,8,9,4,4.053846154,Medium
39097,26,1,4,7,2.953846154,Medium
39098,14,3,2,7,2.542857143,Medium
39099,13,12,7,6,3.407692308,Medium
39101,24,6,7,5,3.55,Medium
39102,21,6,6,4,3.228571429,Medium
39105,5,13,3,9,4.9,Medium
39109,25,14,8,7,2.4,Medium
39112,7,8,4,2,4.685714286,Medium
39113,24,2,3,7,2.35,Medium
39120,27,8,9,2,4.011111111,Medium
39121,27,11,9,4,3.411111111,Medium
39122,6,16,2,9,2.8,Medium
39123,5,13,3,4,4.9,Medium
39124,12,7,5,1,3.6,Medium
39130,28,2,5,1,3.171428571,Medium
39132,15,6,3,4,2.3,Medium
39134,16,15,7,7,2.375,Medium
39135,5,15,1,8,3.5,Medium
39137,14,4,7,7,4.842857143,Medium
39138,27,1,4,3,2.911111111,Medium
39141,29,4,6,5,3.234482759,Medium
39143,20,2,6,7,4.1,Medium
39145,15,1,2,9,2.8,Medium
39146,16,5,6,8,3.875,Medium
39147,26,18,9,6,2.053846154,Medium
39148,26,7,5,3,2.253846154,Medium
39150,9,10,3,6,2.833333333,Medium
39153,29,2,3,6,2.134482759,Medium
39154,5,14,3,8,4.7,Medium
39155,14,4,2,8,2.342857143,Medium
39159,29,4,4,3,2.234482759,Medium
39160,8,2,3,5,4.85,Medium
39163,24,3,5,6,3.15,Medium
39164,9,1,1,6,3.633333333,Medium
39165,11,6,6,9,4.527272727,Medium
39169,12,4,4,8,3.7,Medium
39170,26,15,9,4,2.653846154,Medium
39173,15,8,5,6,2.9,Medium
39177,9,19,8,6,3.533333333,Medium
39181,20,4,4,3,2.7,Medium
39183,13,3,1,8,2.207692308,Medium
39184,10,15,7,9,3.5,Medium
39186,20,17,9,8,2.6,Medium
39187,9,1,3,9,4.633333333,Medium
39189,16,6,7,4,4.175,Medium
39192,20,8,9,5,4.4,Medium
39193,14,17,7,6,2.242857143,Medium
39198,28,7,8,1,3.671428571,Medium
39201,6,14,2,3,3.2,Medium
39202,27,2,6,3,3.711111111,Medium
39204,19,15,7,8,2.078947368,Medium
39206,12,11,8,2,4.3,Medium
39208,23,1,2,9,2.104347826,Medium
39211,29,11,7,7,2.334482759,Medium
39212,28,7,5,2,2.171428571,Medium
39215,8,3,3,4,4.65,Medium
39216,19,6,7,3,3.878947368,Medium
39218,13,9,7,6,4.007692308,Medium
39221,12,2,5,7,4.6,Medium
39222,28,4,8,2,4.271428571,Medium
39226,11,15,8,6,3.727272727,Medium
39229,6,9,2,8,4.2,Medium
39230,6,15,3,7,3.5,Medium
39231,14,1,4,1,3.942857143,Medium
39232,17,7,7,4,3.864705882,Medium
39236,19,8,6,2,2.978947368,Medium
39237,8,6,4,9,4.55,Medium
39238,6,19,3,1,2.7,Medium
39239,7,10,1,7,2.785714286,Medium
39244,19,11,6,4,2.378947368,Medium
39245,6,18,3,9,2.9,Medium
39249,10,10,4,7,3,Medium
39250,25,17,9,6,2.3,Medium
39251,11,12,4,5,2.327272727,Medium
39254,29,2,4,6,2.634482759,Medium
39255,12,11,4,7,2.3,Medium
39256,13,13,5,5,2.207692308,Medium
39257,29,4,9,6,4.734482759,Medium
39259,6,11,3,4,4.3,Medium
39261,9,18,5,1,2.233333333,Medium
39265,15,4,6,2,4.2,Medium
39268,28,2,8,5,4.671428571,Medium
39271,7,10,2,7,3.285714286,Medium
39274,19,12,6,3,2.178947368,Medium
39275,8,9,3,5,3.45,Medium
39278,24,16,9,4,2.55,Medium
39279,29,6,9,1,4.334482759,Medium
39280,12,8,5,3,3.4,Medium
39285,15,5,6,2,4,Medium
39286,16,2,3,2,2.975,Medium
39289,7,9,1,2,2.985714286,Medium
39290,7,8,1,7,3.185714286,Medium
39291,13,4,2,7,2.507692308,Medium
39292,7,9,5,6,4.985714286,Medium
39293,9,7,3,5,3.433333333,Medium
39294,5,18,3,7,3.9,Medium
39298,14,18,9,9,3.042857143,Medium
39302,25,7,9,6,4.3,Medium
39306,13,14,5,7,2.007692308,Medium
39313,28,4,7,9,3.771428571,Medium
39320,28,7,5,5,2.171428571,Medium
39321,14,15,8,6,3.142857143,Medium
39325,5,14,3,3,4.7,Medium
39326,10,1,4,9,4.8,Medium
39327,21,11,8,1,3.228571429,Medium
39331,13,5,7,5,4.807692308,Medium
39334,18,11,7,7,2.966666667,Medium
39336,11,7,4,6,3.327272727,Medium
39338,8,1,2,9,4.55,Medium
39340,14,3,3,2,3.042857143,Medium
39348,9,4,3,4,4.033333333,Medium
39349,14,15,7,9,2.642857143,Medium
39352,20,8,8,1,3.9,Medium
39354,11,10,3,5,2.227272727,Medium
39355,17,16,7,8,2.064705882,Medium
39356,8,6,2,5,3.55,Medium
39357,8,14,4,1,2.95,Medium
39358,14,11,5,1,2.442857143,Medium
39362,26,14,9,4,2.853846154,Medium
39366,11,8,2,8,2.127272727,Medium
39368,18,11,6,3,2.466666667,Medium
39369,21,4,7,1,4.128571429,Medium
39371,16,14,6,4,2.075,Medium
39372,19,6,7,9,3.878947368,Medium
39374,17,3,6,3,4.164705882,Medium
39379,16,12,6,8,2.475,Medium
39385,10,16,5,9,2.3,Medium
39386,16,5,8,2,4.875,Medium
39387,28,13,8,6,2.471428571,Medium
39393,7,18,3,9,2.185714286,Medium
39397,19,5,6,4,3.578947368,Medium
39407,23,8,5,8,2.204347826,Medium
39409,27,3,3,9,2.011111111,Medium
39410,16,5,7,3,4.375,Medium
39412,28,9,8,8,3.271428571,Medium
39413,10,18,6,2,2.4,Medium
39420,26,6,7,1,3.453846154,Medium
39425,10,8,6,3,4.4,Medium
39429,7,11,4,2,4.085714286,Medium
39431,16,15,7,5,2.375,Medium
39432,18,4,8,7,4.866666667,Medium
39437,12,7,2,4,2.1,Medium
39438,17,10,9,4,4.264705882,Medium
39441,11,2,3,7,3.827272727,Medium
39445,10,11,7,9,4.3,Medium
39448,19,9,6,3,2.778947368,Medium
39449,9,15,9,2,4.833333333,Medium
39450,26,7,6,2,2.753846154,Medium
39452,11,6,5,8,4.027272727,Medium
39453,5,18,3,9,3.9,Medium
39458,11,11,5,8,3.027272727,Medium
39459,11,6,6,6,4.527272727,Medium
39461,10,15,5,7,2.5,Medium
39463,14,8,8,7,4.542857143,Medium
39465,7,4,1,4,3.985714286,Medium
39466,15,6,7,2,4.3,Medium
39468,29,5,5,7,2.534482759,Medium
39469,10,19,6,1,2.2,Medium
39470,15,5,5,1,3.5,Medium
39471,25,14,9,8,2.9,Medium
39472,22,14,8,3,2.563636364,Medium
39473,11,8,6,2,4.127272727,Medium
39474,16,10,5,2,2.375,Medium
39477,12,9,3,5,2.2,Medium
39478,12,9,6,2,3.7,Medium
39480,18,8,4,7,2.066666667,Medium
39484,26,6,8,3,3.953846154,Medium
39486,12,19,8,8,2.7,Medium
39488,20,8,7,3,3.4,Medium
39489,11,18,7,6,2.627272727,Medium
39493,19,1,6,8,4.378947368,Medium
39494,9,3,3,9,4.233333333,Medium
39501,8,17,7,3,3.85,Medium
39502,7,10,4,8,4.285714286,Medium
39504,17,13,8,7,3.164705882,Medium
39505,13,15,7,9,2.807692308,Medium
39507,12,13,9,5,4.4,Medium
39508,25,9,7,3,2.9,Medium
39510,16,15,7,9,2.375,Medium
39511,6,13,1,4,2.9,Medium
39512,19,1,3,6,2.878947368,Medium
39516,6,18,2,4,2.4,Medium
39519,11,7,3,5,2.827272727,Medium
39525,12,10,5,3,3,Medium
39527,27,15,9,6,2.611111111,Medium
39529,21,14,9,7,3.128571429,Medium
39534,14,16,9,7,3.442857143,Medium
39535,22,6,9,9,4.663636364,Medium
39536,26,8,6,2,2.553846154,Medium
39538,23,6,4,5,2.104347826,Medium
39542,22,2,5,8,3.463636364,Medium
39543,14,4,2,8,2.342857143,Medium
39544,11,10,4,2,2.727272727,Medium
39545,7,8,4,4,4.685714286,Medium
39546,26,11,9,2,3.453846154,Medium
39547,13,6,5,2,3.607692308,Medium
39557,18,17,8,6,2.266666667,Medium
39562,20,11,6,1,2.3,Medium
39563,20,12,7,2,2.6,Medium
39564,18,13,7,1,2.566666667,Medium
39565,16,6,5,8,3.175,Medium
39571,11,13,6,7,3.127272727,Medium
39572,6,13,5,8,4.9,Medium
39573,22,11,6,1,2.163636364,Medium
39576,26,17,9,4,2.253846154,Medium
39578,27,9,7,4,2.811111111,Medium
39585,7,11,4,9,4.085714286,Medium
39589,19,4,8,9,4.778947368,Medium
39591,7,15,6,9,4.285714286,Medium
39595,29,8,6,4,2.434482759,Medium
39596,10,12,7,3,4.1,Medium
39598,8,14,3,9,2.45,Medium
39599,16,19,9,7,2.575,Medium
39600,10,3,1,8,2.9,Medium
39601,22,5,7,1,3.863636364,Medium
39609,26,2,4,8,2.753846154,Medium
39610,29,9,7,2,2.734482759,Medium
39614,22,2,8,1,4.963636364,Medium
39616,22,5,8,3,4.363636364,Medium
39617,26,5,4,6,2.153846154,Medium
39618,29,9,6,2,2.234482759,Medium
39619,17,7,5,8,2.864705882,Medium
39623,29,5,5,2,2.534482759,Medium
39625,16,2,5,9,3.975,Medium
39629,22,14,7,4,2.063636364,Medium
39630,10,17,6,9,2.6,Medium
39632,17,6,5,6,3.064705882,Medium
39634,10,16,7,3,3.3,Medium
39635,17,7,7,7,3.864705882,Medium
39636,12,4,2,7,2.7,Medium
39639,12,10,8,4,4.5,Medium
39643,23,1,7,1,4.604347826,Medium
39644,29,5,7,1,3.534482759,Medium
39649,21,13,8,7,2.828571429,Medium
39650,7,11,2,8,3.085714286,Medium
39651,18,14,8,3,2.866666667,Medium
39652,9,11,2,1,2.133333333,Medium
39654,7,14,5,1,3.985714286,Medium
39656,14,15,9,9,3.642857143,Medium
39660,8,17,4,5,2.35,Medium
39662,25,6,5,9,2.5,Medium
39663,15,6,4,9,2.8,Medium
39667,12,12,4,8,2.1,Medium
39670,17,2,4,2,3.364705882,Medium
39671,24,11,7,9,2.55,Medium
39673,23,9,6,1,2.504347826,Medium
39674,27,15,9,9,2.611111111,Medium
39678,18,3,7,5,4.566666667,Medium
39680,16,7,9,3,4.975,Medium
39682,16,9,4,6,2.075,Medium
39683,20,1,2,5,2.3,Medium
39685,18,2,5,3,3.766666667,Medium
39686,8,18,5,2,2.65,Medium
39687,24,9,7,6,2.95,Medium
39688,16,2,4,5,3.475,Medium
39691,9,1,1,7,3.633333333,Medium
39692,12,9,7,9,4.2,Medium
39693,23,6,8,2,4.104347826,Medium
39694,9,14,8,3,4.533333333,Medium
39697,21,5,6,1,3.428571429,Medium
39699,29,12,8,1,2.634482759,Medium
39700,14,17,9,7,3.242857143,Medium
39703,11,3,4,9,4.127272727,Medium
39708,10,14,8,8,4.2,Medium
39709,17,4,8,7,4.964705882,Medium
39710,28,2,6,3,3.671428571,Medium
39720,22,8,9,9,4.263636364,Medium
39723,26,3,5,3,3.053846154,Medium
39724,21,10,8,9,3.428571429,Medium
39727,12,17,8,3,3.1,Medium
39728,11,5,4,6,3.727272727,Medium
39729,23,4,4,2,2.504347826,Medium
39730,16,14,8,9,3.075,Medium
39733,13,5,6,4,4.307692308,Medium
39736,18,3,3,9,2.566666667,Medium
39741,14,9,4,9,2.342857143,Medium
39742,27,12,8,9,2.711111111,Medium
39751,23,9,7,8,3.004347826,Medium
39755,12,18,8,7,2.9,Medium
39758,15,6,4,4,2.8,Medium
39759,11,13,5,9,2.627272727,Medium
39760,24,13,7,6,2.15,Medium
39761,20,7,8,1,4.1,Medium
39768,24,9,6,2,2.45,Medium
39770,26,1,7,8,4.453846154,Medium
39772,26,4,5,6,2.853846154,Medium
39775,25,16,9,4,2.5,Medium
39776,16,15,7,3,2.375,Medium
39778,5,16,1,2,3.3,Medium
39779,19,7,6,7,3.178947368,Medium
39784,22,9,8,6,3.563636364,Medium
39786,25,3,5,5,3.1,Medium
39787,27,6,8,6,3.911111111,Medium
39789,11,12,5,2,2.827272727,Medium
39792,8,8,3,1,3.65,Medium
39799,21,9,5,8,2.128571429,Medium
39801,6,4,1,3,4.7,Medium
39803,15,17,7,2,2.1,Medium
39808,12,13,9,1,4.4,Medium
39812,29,12,8,4,2.634482759,Medium
39817,13,13,5,4,2.207692308,Medium
39818,7,5,2,4,4.285714286,Medium
39820,24,8,5,7,2.15,Medium
39821,26,13,8,6,2.553846154,Medium
39822,13,10,7,9,3.807692308,Medium
39825,16,4,5,4,3.575,Medium
39829,8,12,2,9,2.35,Medium
39831,14,4,6,2,4.342857143,Medium
39833,11,4,5,1,4.427272727,Medium
39834,5,16,4,3,4.8,Medium
39838,15,3,2,4,2.4,Medium
39839,26,10,8,5,3.153846154,Medium
39840,26,2,8,3,4.753846154,Medium
39842,20,15,8,2,2.5,Medium
39844,14,2,1,5,2.242857143,Medium
39845,20,8,7,9,3.4,Medium
39846,19,7,7,8,3.678947368,Medium
39849,9,2,3,1,4.433333333,Medium
39851,16,14,7,4,2.575,Medium
39856,17,2,5,7,3.864705882,Medium
39857,11,6,2,3,2.527272727,Medium
39859,10,5,6,9,5,Medium
39860,15,9,6,9,3.2,Medium
39862,14,7,4,1,2.742857143,Medium
39863,18,11,6,4,2.466666667,Medium
39864,11,11,6,1,3.527272727,Medium
39865,26,1,4,9,2.953846154,Medium
39866,19,12,9,9,3.678947368,Medium
39871,20,14,9,6,3.2,Medium
39874,26,9,8,9,3.353846154,Medium
39875,26,13,7,1,2.053846154,Medium
39880,8,12,6,3,4.35,Medium
39882,13,18,8,1,2.707692308,Medium
39883,7,17,3,2,2.385714286,Medium
39887,27,2,8,4,4.711111111,Medium
39891,21,5,5,5,2.928571429,Medium
39895,27,12,8,6,2.711111111,Medium
39896,17,7,5,3,2.864705882,Medium
39898,26,5,9,2,4.653846154,Medium
39903,21,15,8,7,2.428571429,Medium
39907,24,6,4,4,2.05,Medium
39914,19,10,8,1,3.578947368,Medium
39916,9,11,6,1,4.133333333,Medium
39917,13,1,4,6,4.107692308,Medium
39919,8,14,3,2,2.45,Medium
39920,14,14,6,9,2.342857143,Medium
39926,23,13,7,6,2.204347826,Medium
39928,23,10,8,9,3.304347826,Medium
39931,14,15,8,9,3.142857143,Medium
39934,21,16,8,1,2.228571429,Medium
39937,12,14,9,3,4.2,Medium
39941,28,1,6,1,3.871428571,Medium
39942,13,8,4,9,2.707692308,Medium
39943,22,1,2,9,2.163636364,Medium
39944,16,18,8,7,2.275,Medium
39947,7,16,7,9,4.585714286,Medium
39951,22,15,9,8,2.863636364,Medium
39957,16,9,5,3,2.575,Medium
39958,27,3,6,4,3.511111111,Medium
39960,29,10,8,1,3.034482759,Medium
39961,22,8,5,9,2.263636364,Medium
39966,13,16,7,4,2.607692308,Medium
39968,13,16,9,5,3.607692308,Medium
39971,12,10,4,6,2.5,Medium
39973,9,4,3,9,4.033333333,Medium
39978,21,1,6,5,4.228571429,Medium
39980,10,16,8,5,3.8,Medium
39982,14,14,7,5,2.842857143,Medium
39985,6,14,5,5,4.7,Medium
39986,13,14,5,8,2.007692308,Medium
39988,17,15,9,3,3.264705882,Medium
39990,24,5,4,1,2.25,Medium
39991,9,8,2,3,2.733333333,Medium
39992,21,10,6,4,2.428571429,Medium
39993,22,9,6,7,2.563636364,Medium
39995,21,12,6,9,2.028571429,Medium
39999,12,14,9,6,4.2,Medium
40001,12,8,4,7,2.9,Medium
40003,20,7,8,8,4.1,Medium
40006,9,6,4,4,4.133333333,Medium
40007,29,10,8,5,3.034482759,Medium
40010,13,13,6,9,2.707692308,Medium
40012,20,3,5,2,3.4,Medium
40019,20,3,8,2,4.9,Medium
40020,22,6,7,2,3.663636364,Medium
40022,14,13,5,6,2.042857143,Medium
40024,19,15,8,5,2.578947368,Medium
40027,22,5,7,3,3.863636364,Medium
40029,27,4,7,1,3.811111111,Medium
40030,14,2,2,6,2.742857143,Medium
40032,27,2,6,2,3.711111111,Medium
40034,11,7,2,2,2.327272727,Medium
40036,7,14,2,8,2.485714286,Medium
40038,20,9,5,2,2.2,Medium
40045,26,12,9,4,3.253846154,Medium
40047,24,5,7,9,3.75,Medium
40049,10,2,3,3,4.1,Medium
40050,20,12,6,9,2.1,Medium
40051,17,4,8,3,4.964705882,Medium
40055,26,5,7,3,3.653846154,Medium
40057,20,6,9,5,4.8,Medium
40060,15,11,7,8,3.3,Medium
40062,15,8,9,6,4.9,Medium
40063,28,2,4,4,2.671428571,Medium
40067,17,5,3,4,2.264705882,Medium
40070,24,1,5,7,3.55,Medium
40072,13,3,1,8,2.207692308,Medium
40074,14,18,7,4,2.042857143,Medium
40076,26,3,7,9,4.053846154,Medium
40077,12,19,7,7,2.2,Medium
40078,19,1,5,3,3.878947368,Medium
40081,22,4,5,5,3.063636364,Medium
40082,23,3,6,9,3.704347826,Medium
40083,7,8,2,8,3.685714286,Medium
40084,9,16,5,8,2.633333333,Medium
40086,17,13,6,5,2.164705882,Medium
40087,8,11,5,6,4.05,Medium
40088,26,3,7,9,4.053846154,Medium
40092,13,18,7,4,2.207692308,Medium
40098,9,15,5,1,2.833333333,Medium
40099,12,17,6,6,2.1,Medium
40104,9,10,2,2,2.333333333,Medium
40107,18,8,7,9,3.566666667,Medium
40108,28,12,8,4,2.671428571,Medium
40109,7,18,5,5,3.185714286,Medium
40111,9,5,3,9,3.833333333,Medium
40113,10,2,1,2,3.1,Medium
40118,25,8,9,2,4.1,Medium
40119,13,3,5,1,4.207692308,Medium
40124,15,6,7,9,4.3,Medium
40126,28,5,6,6,3.071428571,Medium
40128,6,19,4,4,3.2,Medium
40130,23,16,9,8,2.604347826,Medium
40132,18,5,3,3,2.166666667,Medium
40133,25,4,9,4,4.9,Medium
40134,29,3,9,8,4.934482759,Medium
40135,16,14,6,3,2.075,Medium
40137,14,15,6,7,2.142857143,Medium
40140,19,5,6,8,3.578947368,Medium
40145,19,14,8,4,2.778947368,Medium
40146,6,10,4,5,5,Medium
40147,22,1,7,4,4.663636364,Medium
40149,18,13,6,6,2.066666667,Medium
40150,12,7,7,4,4.6,Medium
40151,15,11,6,2,2.8,Medium
40152,13,14,9,8,4.007692308,Medium
40155,20,1,4,7,3.3,Medium
40160,18,2,5,3,3.766666667,Medium
40164,13,12,6,6,2.907692308,Medium
40166,26,1,8,4,4.953846154,Medium
40168,10,4,5,9,4.7,Medium
40173,23,10,8,1,3.304347826,Medium
40174,13,6,6,1,4.107692308,Medium
40175,7,4,3,5,4.985714286,Medium
40178,12,16,7,2,2.8,Medium
40179,14,12,5,2,2.242857143,Medium
40182,20,3,4,2,2.9,Medium
40183,10,17,6,4,2.6,Medium
40184,12,7,4,8,3.1,Medium
40192,7,8,4,4,4.685714286,Medium
40197,11,10,4,8,2.727272727,Medium
40199,21,2,3,4,2.528571429,Medium
40206,12,2,4,7,4.1,Medium
40207,28,6,7,9,3.371428571,Medium
40208,22,8,5,6,2.263636364,Medium
40209,28,14,8,7,2.271428571,Medium
40217,22,13,7,3,2.263636364,Medium
40218,5,19,1,8,2.7,Medium
40220,27,3,6,7,3.511111111,Medium
40221,22,6,8,3,4.163636364,Medium
40222,22,10,9,8,3.863636364,Medium
40223,22,15,9,9,2.863636364,Medium
40224,17,10,9,3,4.264705882,Medium
40229,15,10,8,9,4,Medium
40231,14,4,7,8,4.842857143,Medium
40235,18,10,9,7,4.166666667,Medium
40237,15,18,8,8,2.4,Medium
40239,19,6,4,3,2.378947368,Medium
40244,8,7,4,6,4.35,Medium
40246,13,10,7,2,3.807692308,Medium
40250,29,6,8,2,3.834482759,Medium
40254,14,1,3,4,3.442857143,Medium
40255,8,18,8,1,4.15,Medium
40259,14,1,5,1,4.442857143,Medium
40262,15,15,9,3,3.5,Medium
40263,19,9,5,9,2.278947368,Medium
40264,14,17,7,8,2.242857143,Medium
40267,19,17,9,1,2.678947368,Medium
40269,26,14,9,4,2.853846154,Medium
40272,13,11,8,3,4.107692308,Medium
40273,27,8,8,7,3.511111111,Medium
40274,22,8,5,7,2.263636364,Medium
40275,21,8,5,4,2.328571429,Medium
40279,11,16,7,2,3.027272727,Medium
40280,28,13,9,4,2.971428571,Medium
40283,27,5,9,7,4.611111111,Medium
40285,11,6,2,3,2.527272727,Medium
40286,16,7,8,2,4.475,Medium
40291,12,4,5,9,4.2,Medium
40292,6,17,2,8,2.6,Medium
40293,13,2,5,6,4.407692308,Medium
40295,22,16,9,4,2.663636364,Medium
40298,7,7,1,6,3.385714286,Medium
40302,14,2,5,9,4.242857143,Medium
40308,9,4,4,9,4.533333333,Medium
40310,29,11,9,6,3.334482759,Medium
40318,29,8,6,5,2.434482759,Medium
40320,9,2,3,2,4.433333333,Medium
40322,12,4,6,8,4.7,Medium
40323,20,4,4,4,2.7,Medium
40330,10,3,1,4,2.9,Medium
40332,26,5,6,5,3.153846154,Medium
40338,9,3,1,4,3.233333333,Medium
40340,22,4,6,1,3.563636364,Medium
40342,12,17,6,4,2.1,Medium
40344,6,5,1,8,4.5,Medium
40346,24,9,9,4,3.95,Medium
40347,22,13,7,6,2.263636364,Medium
40352,17,9,7,8,3.464705882,Medium
40354,27,2,7,7,4.211111111,Medium
40356,14,7,8,8,4.742857143,Medium
40360,23,10,7,4,2.804347826,Medium
40371,20,3,7,2,4.4,Medium
40374,12,18,7,6,2.4,Medium
40375,29,1,5,9,3.334482759,Medium
40377,12,6,2,3,2.3,Medium
40379,7,16,3,5,2.585714286,Medium
40381,8,13,6,8,4.15,Medium
40385,18,5,7,9,4.166666667,Medium
40386,13,15,8,3,3.307692308,Medium
40387,16,11,6,8,2.675,Medium
40393,19,12,6,1,2.178947368,Medium
40394,19,19,9,9,2.278947368,Medium
40395,12,18,8,5,2.9,Medium
40396,22,16,9,1,2.663636364,Medium
40401,15,3,4,8,3.4,Medium
40404,5,16,3,1,4.3,Medium
40405,13,9,6,4,3.507692308,Medium
40406,12,11,7,7,3.8,Medium
40407,26,13,9,2,3.053846154,Medium
40409,8,7,4,7,4.35,Medium
40410,22,5,6,4,3.363636364,Medium
40415,13,6,4,1,3.107692308,Medium
40417,22,1,5,2,3.663636364,Medium
40420,23,11,7,8,2.604347826,Medium
40421,21,6,5,2,2.728571429,Medium
40429,11,16,5,1,2.027272727,Medium
40432,8,18,5,5,2.65,Medium
40434,5,9,1,6,4.7,Medium
40435,7,10,5,3,4.785714286,Medium
40437,11,12,6,4,3.327272727,Medium
40438,9,9,3,7,3.033333333,Medium
40443,19,1,3,5,2.878947368,Medium
40445,23,11,8,2,3.104347826,Medium
40449,9,13,3,6,2.233333333,Medium
40450,9,13,5,3,3.233333333,Medium
40452,19,10,6,5,2.578947368,Medium
40454,15,6,4,4,2.8,Medium
40455,26,4,9,7,4.853846154,Medium
40456,29,5,9,8,4.534482759,Medium
40458,15,5,7,4,4.5,Medium
40459,15,3,6,1,4.4,Medium
40460,29,17,9,8,2.134482759,Medium
40461,24,5,7,9,3.75,Medium
40471,17,4,6,9,3.964705882,Medium
40472,15,7,6,8,3.6,Medium
40475,15,16,9,7,3.3,Medium
40477,14,7,6,8,3.742857143,Medium
40478,9,18,8,1,3.733333333,Medium
40481,19,8,7,8,3.478947368,Medium
40482,19,4,8,9,4.778947368,Medium
40484,16,6,8,1,4.675,Medium
40497,14,8,6,8,3.542857143,Medium
40498,13,1,3,8,3.607692308,Medium
40499,20,9,7,9,3.2,Medium
40501,8,17,6,6,3.35,Medium
40502,24,6,6,5,3.05,Medium
40503,18,7,6,9,3.266666667,Medium
40505,15,4,7,8,4.7,Medium
40509,26,4,9,2,4.853846154,Medium
40518,25,7,5,2,2.3,Medium
40520,9,11,5,8,3.633333333,Medium
40523,11,3,5,7,4.627272727,Medium
40529,28,9,8,1,3.271428571,Medium
40532,27,3,7,9,4.011111111,Medium
40534,11,11,8,6,4.527272727,Medium
40540,17,11,5,9,2.064705882,Medium
40541,17,11,7,4,3.064705882,Medium
40544,22,2,8,1,4.963636364,Medium
40551,8,11,2,1,2.55,Medium
40552,22,18,9,6,2.263636364,Medium
40555,7,12,5,7,4.385714286,Medium
40557,15,10,6,1,3,Medium
40558,12,5,5,1,4,Medium
40561,13,4,3,8,3.007692308,Medium
40564,14,4,2,5,2.342857143,Medium
40566,7,5,2,2,4.285714286,Medium
40573,29,14,8,1,2.234482759,Medium
40574,24,13,9,3,3.15,Medium
40575,28,5,4,6,2.071428571,Medium
40576,10,13,7,3,3.9,Medium
40577,8,7,4,2,4.35,Medium
40578,12,14,5,6,2.2,Medium
40579,24,9,8,6,3.45,Medium
40580,28,13,8,7,2.471428571,Medium
40582,12,12,9,8,4.6,Medium
40583,25,5,4,4,2.2,Medium
40585,20,5,7,6,4,Medium
40587,14,10,8,1,4.142857143,Medium
40588,29,5,4,4,2.034482759,Medium
40595,17,5,6,4,3.764705882,Medium
40596,21,9,9,3,4.128571429,Medium
40600,13,10,4,4,2.307692308,Medium
40601,16,7,9,9,4.975,Medium
40602,25,3,4,9,2.6,Medium
40603,6,19,7,3,4.7,Medium
40606,15,10,7,3,3.5,Medium
40607,28,10,8,8,3.071428571,Medium
40608,29,2,3,3,2.134482759,Medium
40609,24,11,8,2,3.05,Medium
40612,25,15,9,3,2.7,Medium
40613,7,14,2,5,2.485714286,Medium
40614,6,9,2,8,4.2,Medium
40619,12,10,5,7,3,Medium
40621,28,6,5,4,2.371428571,Medium
40623,9,6,1,5,2.633333333,Medium
40627,21,1,5,7,3.728571429,Medium
40629,26,10,6,9,2.153846154,Medium
40630,13,1,5,1,4.607692308,Medium
40632,23,4,5,6,3.004347826,Medium
40636,21,14,7,8,2.128571429,Medium
40640,19,13,8,5,2.978947368,Medium
40641,9,15,7,2,3.833333333,Medium
40643,9,18,5,1,2.233333333,Medium
40644,11,14,5,3,2.427272727,Medium
40645,10,5,5,6,4.5,Medium
40646,12,18,9,8,3.4,Medium
40648,7,11,2,8,3.085714286,Medium
40649,9,8,2,3,2.733333333,Medium
40651,7,6,1,9,3.585714286,Medium
40654,10,18,8,4,3.4,Medium
40659,11,11,6,8,3.527272727,Medium
40662,19,5,8,7,4.578947368,Medium
40663,6,8,2,7,4.4,Medium
40664,19,7,6,3,3.178947368,Medium
40667,9,10,7,2,4.833333333,Medium
40668,8,10,2,5,2.75,Medium
40669,27,4,4,5,2.311111111,Medium
40670,26,8,6,3,2.553846154,Medium
40671,14,5,3,3,2.642857143,Medium
40673,9,12,6,2,3.933333333,Medium
40677,22,1,4,3,3.163636364,Medium
40679,15,12,9,6,4.1,Medium
40682,18,1,7,6,4.966666667,Medium
40683,13,14,9,7,4.007692308,Medium
40686,12,16,9,1,3.8,Medium
40688,19,11,6,9,2.378947368,Medium
40689,12,13,6,3,2.9,Medium
40690,16,4,3,6,2.575,Medium
40692,15,15,9,8,3.5,Medium
40696,21,10,7,7,2.928571429,Medium
40700,15,12,9,5,4.1,Medium
40701,9,12,5,2,3.433333333,Medium
40714,24,4,6,2,3.45,Medium
40715,14,12,8,2,3.742857143,Medium
40716,14,5,4,5,3.142857143,Medium
40717,6,19,6,3,4.2,Medium
40718,19,1,3,9,2.878947368,Medium
40721,19,6,6,4,3.378947368,Medium
40724,16,1,2,5,2.675,Medium
40725,8,11,1,8,2.05,Medium
40728,8,9,5,1,4.45,Medium
40730,25,2,4,6,2.8,Medium
40732,11,6,4,7,3.527272727,Medium
40733,12,12,5,9,2.6,Medium
40735,16,2,3,2,2.975,Medium
40738,11,8,5,3,3.627272727,Medium
40744,13,11,7,8,3.607692308,Medium
40749,19,9,6,6,2.778947368,Medium
40751,14,7,4,8,2.742857143,Medium
40752,25,5,7,2,3.7,Medium
40757,10,8,2,3,2.4,Medium
40759,10,10,4,6,3,Medium
40763,23,14,7,9,2.004347826,Medium
40765,17,17,9,8,2.864705882,Medium
40771,20,4,8,5,4.7,Medium
40772,11,17,7,5,2.827272727,Medium
40776,27,10,8,5,3.111111111,Medium
40781,7,13,5,1,4.185714286,Medium
40782,8,18,8,4,4.15,Medium
40784,12,16,8,7,3.3,Medium
40785,6,19,2,7,2.2,Medium
40787,12,15,9,1,4,Medium
40792,15,8,8,9,4.4,Medium
40793,25,4,6,5,3.4,Medium
40794,18,1,3,9,2.966666667,Medium
40798,24,5,7,9,3.75,Medium
40802,19,8,9,7,4.478947368,Medium
40804,12,5,5,4,4,Medium
40805,11,9,7,8,4.427272727,Medium
40811,22,13,9,9,3.263636364,Medium
40820,8,19,7,1,3.45,Medium
40822,28,10,7,4,2.571428571,Medium
40824,15,6,5,8,3.3,Medium
40825,20,6,9,5,4.8,Medium
40828,9,16,6,7,3.133333333,Medium
40830,20,14,9,1,3.2,Medium
40831,24,15,8,6,2.25,Medium
40833,16,16,9,7,3.175,Medium
40834,12,3,4,1,3.9,Medium
40837,22,5,6,6,3.363636364,Medium
40838,10,19,7,2,2.7,Medium
40840,22,1,5,6,3.663636364,Medium
40844,15,5,6,2,4,Medium
40847,14,4,3,8,2.842857143,Medium
40848,20,7,8,1,4.1,Medium
40849,10,14,5,2,2.7,Medium
40850,25,7,6,9,2.8,Medium
40853,13,10,6,3,3.307692308,Medium
40855,29,8,7,7,2.934482759,Medium
40856,13,5,3,7,2.807692308,Medium
40857,13,4,5,8,4.007692308,Medium
40860,11,6,2,9,2.527272727,Medium
40861,15,10,9,3,4.5,Medium
40863,22,12,9,3,3.463636364,Medium
40865,25,14,9,8,2.9,Medium
40868,6,16,1,4,2.3,Medium
40869,6,11,4,9,4.8,Medium
40870,24,5,8,6,4.25,Medium
40871,14,17,7,7,2.242857143,Medium
40875,10,19,8,6,3.2,Medium
40878,9,9,1,8,2.033333333,Medium
40882,29,3,5,3,2.934482759,Medium
40883,25,8,5,1,2.1,Medium
40885,25,9,7,6,2.9,Medium
40886,17,11,6,3,2.564705882,Medium
40889,8,14,8,6,4.95,Medium
40891,20,6,5,4,2.8,Medium
40893,5,19,1,5,2.7,Medium
40896,18,6,4,8,2.466666667,Medium
40900,27,5,8,2,4.111111111,Medium
40901,12,8,6,8,3.9,Medium
40904,12,6,7,8,4.8,Medium
40905,23,10,7,5,2.804347826,Medium
40907,24,5,6,7,3.25,Medium
40909,24,8,8,1,3.65,Medium
40912,27,7,8,1,3.711111111,Medium
40913,11,7,4,2,3.327272727,Medium
40916,18,19,9,7,2.366666667,Medium
40917,15,9,6,8,3.2,Medium
40918,22,10,7,7,2.863636364,Medium
40919,28,1,7,8,4.371428571,Medium
40922,23,12,9,5,3.404347826,Medium
40923,8,11,4,5,3.55,Medium
40925,8,18,5,3,2.65,Medium
40928,28,3,9,8,4.971428571,Medium
40930,15,5,6,6,4,Medium
40931,11,19,9,8,3.427272727,Medium
40933,26,8,7,1,3.053846154,Medium
40938,9,11,6,5,4.133333333,Medium
40939,27,15,9,2,2.611111111,Medium
40940,12,4,5,8,4.2,Medium
40941,7,13,1,1,2.185714286,Medium
40943,18,9,6,7,2.866666667,Medium
40949,25,11,9,4,3.5,Medium
40961,29,4,5,3,2.734482759,Medium
40965,6,17,3,8,3.1,Medium
40968,28,2,3,4,2.171428571,Medium
40969,24,5,4,3,2.25,Medium
40976,25,18,9,2,2.1,Medium
40981,14,11,9,1,4.442857143,Medium
40982,23,4,8,1,4.504347826,Medium
40983,11,11,5,3,3.027272727,Medium
40984,28,8,7,7,2.971428571,Medium
40986,24,14,9,4,2.95,Medium
40987,18,2,5,9,3.766666667,Medium
40989,10,6,1,7,2.3,Medium
40993,18,6,9,5,4.966666667,Medium
40994,6,16,5,4,4.3,Medium
41001,10,2,3,7,4.1,Medium
41002,18,19,9,3,2.366666667,Medium
41004,29,2,3,8,2.134482759,Medium
41007,16,9,6,2,3.075,Medium
41008,4,19,1,1,4.2,Medium
41009,21,5,7,4,3.928571429,Medium
41012,23,6,7,7,3.604347826,Medium
41014,7,19,8,3,4.485714286,Medium
41016,19,2,5,2,3.678947368,Medium
41018,22,1,3,6,2.663636364,Medium
41019,13,6,4,2,3.107692308,Medium
41023,11,17,9,2,3.827272727,Medium
41024,8,10,4,7,3.75,Medium
41027,24,10,8,5,3.25,Medium
41030,9,3,2,8,3.733333333,Medium
41035,23,8,6,9,2.704347826,Medium
41036,6,18,3,9,2.9,Medium
41037,29,4,8,7,4.234482759,Medium
41039,13,8,7,1,4.207692308,Medium
41040,6,18,4,4,3.4,Medium
41043,7,14,2,1,2.485714286,Medium
41044,25,6,5,1,2.5,Medium
41051,18,17,8,5,2.266666667,Medium
41052,5,13,1,2,3.9,Medium
41053,18,7,9,9,4.766666667,Medium
41054,22,6,6,5,3.163636364,Medium
41057,29,6,8,4,3.834482759,Medium
41062,13,4,1,6,2.007692308,Medium
41065,23,19,9,5,2.004347826,Medium
41066,17,11,6,1,2.564705882,Medium
41067,16,13,9,4,3.775,Medium
41069,29,10,6,3,2.034482759,Medium
41070,11,13,7,3,3.627272727,Medium
41071,18,16,9,1,2.966666667,Medium
41076,9,4,1,9,3.033333333,Medium
41077,16,7,4,2,2.475,Medium
41078,21,13,9,4,3.328571429,Medium
41079,27,8,9,4,4.011111111,Medium
41084,9,18,6,6,2.733333333,Medium
41086,18,8,5,3,2.566666667,Medium
41087,26,8,9,2,4.053846154,Medium
41088,15,6,8,5,4.8,Medium
41089,26,7,8,1,3.753846154,Medium
41091,16,4,6,3,4.075,Medium
41096,20,3,6,7,3.9,Medium
41097,19,4,6,9,3.778947368,Medium
41100,28,9,6,6,2.271428571,Medium
41101,28,2,7,2,4.171428571,Medium
41103,22,12,8,7,2.963636364,Medium
41108,28,8,6,3,2.471428571,Medium
41111,7,7,4,5,4.885714286,Medium
41112,26,3,5,8,3.053846154,Medium
41113,17,8,5,2,2.664705882,Medium
41115,11,6,3,5,3.027272727,Medium
41118,20,11,8,1,3.3,Medium
41119,16,2,7,8,4.975,Medium
41121,15,9,7,9,3.7,Medium
41122,7,15,6,6,4.285714286,Medium
41125,11,9,6,9,3.927272727,Medium
41126,15,16,7,3,2.3,Medium
41127,18,2,5,3,3.766666667,Medium
41128,15,3,7,9,4.9,Medium
41131,18,14,8,5,2.866666667,Medium
41133,18,2,5,6,3.766666667,Medium
41134,19,7,5,7,2.678947368,Medium
41135,8,18,9,6,4.65,Medium
41137,5,19,2,3,3.2,Medium
41138,10,6,2,4,2.8,Medium
41142,19,12,6,2,2.178947368,Medium
41143,19,1,3,1,2.878947368,Medium
41147,6,16,3,1,3.3,Medium
41150,10,4,4,2,4.2,Medium
41153,25,5,9,2,4.7,Medium
41156,8,4,1,8,3.45,Medium
41159,24,5,5,2,2.75,Medium
41160,13,14,6,1,2.507692308,Medium
41166,10,16,5,2,2.3,Medium
41168,14,1,6,2,4.942857143,Medium
41177,6,17,1,7,2.1,Medium
41179,18,18,9,5,2.566666667,Medium
41182,7,18,6,5,3.685714286,Medium
41185,11,2,5,7,4.827272727,Medium
41191,16,1,5,2,4.175,Medium
41196,15,4,7,7,4.7,Medium
41199,10,6,6,5,4.8,Medium
41200,28,5,7,2,3.571428571,Medium
41203,24,9,6,7,2.45,Medium
41204,24,11,7,7,2.55,Medium
41206,28,8,8,8,3.471428571,Medium
41207,24,11,9,2,3.55,Medium
41208,11,13,5,2,2.627272727,Medium
41209,16,1,4,6,3.675,Medium
41210,28,8,6,2,2.471428571,Medium
41212,6,16,6,8,4.8,Medium
41222,11,6,5,7,4.027272727,Medium
41224,9,6,3,9,3.633333333,Medium
41228,18,8,9,6,4.566666667,Medium
41230,24,12,7,5,2.35,Medium
41233,17,13,9,1,3.664705882,Medium
41238,13,5,7,8,4.807692308,Medium
41240,12,9,6,8,3.7,Medium
41241,22,15,9,5,2.863636364,Medium
41245,28,10,8,3,3.071428571,Medium
41249,19,6,5,6,2.878947368,Medium
41253,23,2,4,6,2.904347826,Medium
41257,23,6,9,6,4.604347826,Medium
41261,28,7,6,6,2.671428571,Medium
41262,26,9,7,9,2.853846154,Medium
41263,5,18,2,2,3.4,Medium
41264,15,13,7,6,2.9,Medium
41265,17,3,5,7,3.664705882,Medium
41270,29,17,9,7,2.134482759,Medium
41271,21,7,4,5,2.028571429,Medium
41272,17,4,3,6,2.464705882,Medium
41274,15,10,9,8,4.5,Medium
41276,29,2,4,1,2.634482759,Medium
41279,10,18,6,9,2.4,Medium
41283,20,12,9,7,3.6,Medium
41290,21,1,6,1,4.228571429,Medium
41298,7,9,3,5,3.985714286,Medium
41299,7,7,1,6,3.385714286,Medium
41307,19,2,4,3,3.178947368,Medium
41308,14,6,5,1,3.442857143,Medium
41311,21,8,8,1,3.828571429,Medium
41317,8,13,6,6,4.15,Medium
41320,13,13,9,5,4.207692308,Medium
41323,22,6,7,4,3.663636364,Medium
41325,24,4,4,7,2.45,Medium
41328,27,8,6,6,2.511111111,Medium
41330,23,2,5,4,3.404347826,Medium
41331,11,6,4,6,3.527272727,Medium
41332,15,4,7,1,4.7,Medium
41338,9,8,1,7,2.233333333,Medium
41339,16,4,6,5,4.075,Medium
41345,24,4,8,6,4.45,Medium
41347,25,8,8,8,3.6,Medium
41354,12,3,2,9,2.9,Medium
41355,14,2,3,2,3.242857143,Medium
41359,10,13,8,6,4.4,Medium
41363,20,15,9,6,3,Medium
41364,16,9,7,5,3.575,Medium
41369,19,12,9,9,3.678947368,Medium
41371,14,14,8,7,3.342857143,Medium
41372,11,14,6,6,2.927272727,Medium
41374,24,16,9,4,2.55,Medium
41375,14,12,7,2,3.242857143,Medium
41377,21,3,4,9,2.828571429,Medium
41380,17,9,9,2,4.464705882,Medium
41382,8,10,6,6,4.75,Medium
41383,18,11,8,5,3.466666667,Medium
41385,19,5,3,4,2.078947368,Medium
41386,26,5,8,3,4.153846154,Medium
41387,16,6,3,2,2.175,Medium
41394,6,18,5,6,3.9,Medium
41395,27,14,9,2,2.811111111,Medium
41403,19,1,2,7,2.378947368,Medium
41404,7,10,5,7,4.785714286,Medium
41407,20,5,8,3,4.5,Medium
41409,16,19,8,7,2.075,Medium
41410,28,17,9,2,2.171428571,Medium
41411,23,3,3,2,2.204347826,Medium
41412,9,9,6,6,4.533333333,Medium
41413,22,3,5,9,3.263636364,Medium
41415,22,1,2,2,2.163636364,Medium
41423,8,10,6,9,4.75,Medium
41424,16,10,9,7,4.375,Medium
41425,8,8,2,7,3.15,Medium
41432,22,9,9,4,4.063636364,Medium
41433,27,13,7,2,2.011111111,Medium
41434,23,15,9,5,2.804347826,Medium
41436,10,9,4,3,3.2,Medium
41438,26,16,9,5,2.453846154,Medium
41442,27,11,9,1,3.411111111,Medium
41449,8,9,4,6,3.95,Medium
41451,7,15,3,3,2.785714286,Medium
41452,9,5,2,5,3.333333333,Medium
41463,12,9,5,9,3.2,Medium
41464,9,15,8,2,4.333333333,Medium
41466,15,5,4,8,3,Medium
41472,9,15,5,7,2.833333333,Medium
41473,9,13,8,1,4.733333333,Medium
41474,17,4,8,3,4.964705882,Medium
41479,20,7,9,9,4.6,Medium
41480,29,11,9,4,3.334482759,Medium
41482,12,19,7,2,2.2,Medium
41488,29,9,8,1,3.234482759,Medium
41491,19,15,8,6,2.578947368,Medium
41498,25,2,4,6,2.8,Medium
41501,20,6,9,5,4.8,Medium
41504,20,2,3,5,2.6,Medium
41506,11,4,6,5,4.927272727,Medium
41508,10,16,7,8,3.3,Medium
41512,11,8,6,4,4.127272727,Medium
41513,25,9,8,1,3.4,Medium
41514,22,13,7,4,2.263636364,Medium
41521,19,11,8,6,3.378947368,Medium
41523,16,15,8,4,2.875,Medium
41525,14,4,7,6,4.842857143,Medium
41528,6,16,5,5,4.3,Medium
41529,19,11,8,8,3.378947368,Medium
41530,26,2,6,8,3.753846154,Medium
41535,22,2,7,5,4.463636364,Medium
41536,6,19,4,4,3.2,Medium
41538,26,10,9,9,3.653846154,Medium
41541,9,11,6,5,4.133333333,Medium
41542,10,10,5,7,3.5,Medium
41543,11,4,1,5,2.427272727,Medium
41545,20,7,8,6,4.1,Medium
41547,22,1,3,2,2.663636364,Medium
41548,11,16,5,1,2.027272727,Medium
41553,22,11,6,4,2.163636364,Medium
41555,8,4,1,5,3.45,Medium
41556,14,18,7,2,2.042857143,Medium
41557,20,15,9,4,3,Medium
41559,15,4,5,5,3.7,Medium
41565,6,18,4,8,3.4,Medium
41566,19,8,6,1,2.978947368,Medium
41569,9,16,7,2,3.633333333,Medium
41570,29,15,9,1,2.534482759,Medium
41572,28,4,8,3,4.271428571,Medium
41576,23,13,8,3,2.704347826,Medium
41579,8,5,4,4,4.75,Medium
41580,16,9,5,6,2.575,Medium
41581,17,6,8,9,4.564705882,Medium
41583,16,3,7,5,4.775,Medium
41590,12,13,7,9,3.4,Medium
41592,22,2,7,2,4.463636364,Medium
41597,8,12,7,5,4.85,Medium
41608,21,10,6,2,2.428571429,Medium
41609,11,10,4,9,2.727272727,Medium
41610,24,16,8,1,2.05,Medium
41611,24,8,5,5,2.15,Medium
41614,10,8,6,5,4.4,Medium
41615,23,1,7,9,4.604347826,Medium
41619,8,8,5,4,4.65,Medium
41621,23,12,8,7,2.904347826,Medium
41622,22,3,4,1,2.763636364,Medium
41624,23,2,8,4,4.904347826,Medium
41625,26,8,7,2,3.053846154,Medium
41628,8,11,6,4,4.55,Medium
41633,17,14,9,3,3.464705882,Medium
41634,16,8,7,8,3.775,Medium
41636,18,4,5,7,3.366666667,Medium
41639,18,4,7,5,4.366666667,Medium
41642,12,2,1,1,2.6,Medium
41647,8,12,5,5,3.85,Medium
41654,9,6,3,4,3.633333333,Medium
41656,7,15,5,8,3.785714286,Medium
41659,23,1,7,9,4.604347826,Medium
41661,29,5,5,3,2.534482759,Medium
41663,9,18,9,5,4.233333333,Medium
41664,26,9,6,7,2.353846154,Medium
41670,24,3,8,6,4.65,Medium
41671,22,2,8,5,4.963636364,Medium
41672,28,1,4,4,2.871428571,Medium
41673,6,12,4,4,4.6,Medium
41674,19,14,7,6,2.278947368,Medium
41676,9,11,7,2,4.633333333,Medium
41678,21,2,2,5,2.028571429,Medium
41683,9,1,2,4,4.133333333,Medium
41684,7,14,5,7,3.985714286,Medium
41686,15,1,2,9,2.8,Medium
41690,18,7,6,6,3.266666667,Medium
41692,9,9,5,3,4.033333333,Medium
41694,24,7,7,8,3.35,Medium
41697,22,6,5,9,2.663636364,Medium
41698,22,13,8,1,2.763636364,Medium
41700,23,7,9,5,4.404347826,Medium
41702,26,6,9,3,4.453846154,Medium
41704,14,17,8,4,2.742857143,Medium
41705,10,1,3,1,4.3,Medium
41707,24,11,8,8,3.05,Medium
41708,6,16,6,3,4.8,Medium
41712,14,10,8,6,4.142857143,Medium
41718,9,7,3,6,3.433333333,Medium
41719,22,3,6,1,3.763636364,Medium
41722,17,10,5,2,2.264705882,Medium
41726,17,9,9,6,4.464705882,Medium
41727,10,17,8,2,3.6,Medium
41728,17,1,2,4,2.564705882,Medium
41730,16,19,8,3,2.075,Medium
41731,24,6,8,7,4.05,Medium
41734,15,16,8,6,2.8,Medium
41736,24,12,7,7,2.35,Medium
41737,15,5,7,3,4.5,Medium
41738,12,3,2,6,2.9,Medium
41740,16,10,7,6,3.375,Medium
41741,19,5,3,7,2.078947368,Medium
41742,11,7,5,2,3.827272727,Medium
41744,7,6,1,4,3.585714286,Medium
41746,10,11,6,6,3.8,Medium
41747,23,6,5,8,2.604347826,Medium
41748,13,15,9,8,3.807692308,Medium
41751,15,1,4,8,3.8,Medium
41752,18,11,8,9,3.466666667,Medium
41753,26,1,7,7,4.453846154,Medium
41754,8,16,6,1,3.55,Medium
41755,9,19,5,2,2.033333333,Medium
41757,8,17,9,2,4.85,Medium
41760,11,4,2,1,2.927272727,Medium
41765,23,1,2,1,2.104347826,Medium
41766,14,13,9,3,4.042857143,Medium
41767,6,12,4,9,4.6,Medium
41768,25,9,7,4,2.9,Medium
41769,17,9,6,3,2.964705882,Medium
41770,24,11,9,1,3.55,Medium
41771,13,1,4,4,4.107692308,Medium
41772,24,8,6,7,2.65,Medium
41774,8,18,7,8,3.65,Medium
41777,6,13,2,8,3.4,Medium
41778,7,16,4,4,3.085714286,Medium
41781,12,7,2,6,2.1,Medium
41782,9,3,2,1,3.733333333,Medium
41785,8,12,5,7,3.85,Medium
41788,6,13,5,6,4.9,Medium
41791,5,11,1,2,4.3,Medium
41793,10,16,8,1,3.8,Medium
41795,5,13,3,9,4.9,Medium
41800,18,12,8,1,3.266666667,Medium
41801,27,4,4,4,2.311111111,Medium
41802,15,5,5,5,3.5,Medium
41805,13,11,6,8,3.107692308,Medium
41810,11,13,7,4,3.627272727,Medium
41813,5,17,4,1,4.6,Medium
41814,23,6,4,5,2.104347826,Medium
41818,29,7,6,4,2.634482759,Medium
41824,10,15,8,4,4,Medium
41825,13,15,7,7,2.807692308,Medium
41826,29,10,9,9,3.534482759,Medium
41829,5,14,3,4,4.7,Medium
41832,11,13,8,1,4.127272727,Medium
41834,7,13,6,1,4.685714286,Medium
41837,13,1,5,1,4.607692308,Medium
41839,7,2,2,6,4.885714286,Medium
41845,18,8,4,6,2.066666667,Medium
41846,21,10,9,1,3.928571429,Medium
41848,14,15,8,7,3.142857143,Medium
41849,27,15,9,5,2.611111111,Medium
41855,17,9,9,6,4.464705882,Medium
41860,15,14,7,6,2.7,Medium
41863,7,19,7,5,3.985714286,Medium
41870,26,11,9,3,3.453846154,Medium
41873,14,17,9,3,3.242857143,Medium
41885,8,18,7,9,3.65,Medium
41886,20,5,5,7,3,Medium
41890,18,16,9,9,2.966666667,Medium
41891,27,6,6,5,2.911111111,Medium
41893,27,3,6,8,3.511111111,Medium
41894,29,6,9,2,4.334482759,Medium
41895,17,13,6,9,2.164705882,Medium
41900,21,6,8,7,4.228571429,Medium
41901,13,9,3,8,2.007692308,Medium
41904,12,9,5,8,3.2,Medium
41905,23,9,5,3,2.004347826,Medium
41906,7,14,6,4,4.485714286,Medium
41907,21,7,9,2,4.528571429,Medium
41909,9,5,2,3,3.333333333,Medium
41913,22,3,4,5,2.763636364,Medium
41914,25,5,9,1,4.7,Medium
41915,10,7,3,6,3.1,Medium
41916,7,4,2,9,4.485714286,Medium
41918,11,13,7,2,3.627272727,Medium
41926,15,10,5,1,2.5,Medium
41928,13,16,7,3,2.607692308,Medium
41930,27,12,9,2,3.211111111,Medium
41931,28,5,8,3,4.071428571,Medium
41932,8,3,3,9,4.65,Medium
41933,11,1,4,8,4.527272727,Medium
41935,21,6,5,9,2.728571429,Medium
41937,7,2,1,5,4.385714286,Medium
41938,17,8,5,3,2.664705882,Medium
41941,16,11,9,3,4.175,Medium
41943,15,10,9,7,4.5,Medium
41945,10,14,7,4,3.7,Medium
41948,28,10,6,8,2.071428571,Medium
41951,22,9,6,8,2.563636364,Medium
41953,28,16,9,1,2.371428571,Medium
41962,9,11,5,4,3.633333333,Medium
41963,9,19,9,5,4.033333333,Medium
41965,20,1,4,3,3.3,Medium
41966,24,7,6,7,2.85,Medium
41967,15,9,4,9,2.2,Medium
41971,24,7,7,7,3.35,Medium
41974,18,11,6,2,2.466666667,Medium
41978,10,5,5,5,4.5,Medium
41980,13,3,3,1,3.207692308,Medium
41981,23,8,8,4,3.704347826,Medium
41987,10,14,5,8,2.7,Medium
41988,9,7,2,3,2.933333333,Medium
41990,4,19,2,9,4.7,Medium
41991,21,4,5,5,3.128571429,Medium
41992,16,7,7,7,3.975,Medium
41994,18,5,7,6,4.166666667,Medium
41995,14,7,5,5,3.242857143,Medium
42000,7,2,2,6,4.885714286,Medium
42002,12,14,6,1,2.7,Medium
42003,22,11,7,1,2.663636364,Medium
42007,14,12,8,1,3.742857143,Medium
42008,12,2,3,5,3.6,Medium
42010,7,8,1,5,3.185714286,Medium
42016,28,4,9,1,4.771428571,Medium
42017,22,5,9,2,4.863636364,Medium
42018,17,2,2,2,2.364705882,Medium
42021,7,9,4,6,4.485714286,Medium
42024,24,5,9,8,4.75,Medium
42025,25,7,7,2,3.3,Medium
42026,12,18,9,6,3.4,Medium
42028,20,17,9,1,2.6,Medium
42034,7,18,5,3,3.185714286,Medium
42038,19,4,4,1,2.778947368,Medium
42040,9,13,8,1,4.733333333,Medium
42042,29,3,4,1,2.434482759,Medium
42043,8,11,6,1,4.55,Medium
42047,18,11,8,4,3.466666667,Medium
42049,25,9,6,2,2.4,Medium
42052,12,6,4,4,3.3,Medium
42055,16,10,6,5,2.875,Medium
42056,15,6,7,3,4.3,Medium
42063,25,12,7,4,2.3,Medium
42064,10,13,6,3,3.4,Medium
42065,29,3,6,4,3.434482759,Medium
42068,5,12,2,4,4.6,Medium
42069,10,14,7,8,3.7,Medium
42072,22,4,8,8,4.563636364,Medium
42075,11,11,8,8,4.527272727,Medium
42076,23,9,5,1,2.004347826,Medium
42079,23,8,9,7,4.204347826,Medium
42085,7,18,7,1,4.185714286,Medium
42086,19,15,8,4,2.578947368,Medium
42089,29,6,8,8,3.834482759,Medium
42094,13,19,8,3,2.507692308,Medium
42099,19,3,6,2,3.978947368,Medium
42109,28,1,3,2,2.371428571,Medium
42113,8,1,2,2,4.55,Medium
42118,13,2,5,3,4.407692308,Medium
42124,24,9,9,5,3.95,Medium
42126,27,9,8,5,3.311111111,Medium
42127,17,5,6,5,3.764705882,Medium
42128,20,16,8,2,2.3,Medium
42133,21,3,8,9,4.828571429,Medium
42135,6,14,1,1,2.7,Medium
42136,24,7,9,6,4.35,Medium
42137,27,3,6,4,3.511111111,Medium
42139,13,19,8,1,2.507692308,Medium
42143,21,3,6,3,3.828571429,Medium
42144,10,2,1,8,3.1,Medium
42146,9,11,5,5,3.633333333,Medium
42152,17,13,9,6,3.664705882,Medium
42156,27,9,8,1,3.311111111,Medium
42157,8,16,8,1,4.55,Medium
42158,11,10,5,3,3.227272727,Medium
42159,10,19,7,2,2.7,Medium
42160,16,2,4,5,3.475,Medium
42162,14,18,8,4,2.542857143,Medium
42166,12,17,9,8,3.6,Medium
42167,26,10,8,2,3.153846154,Medium
42171,8,2,3,3,4.85,Medium
42173,26,13,9,3,3.053846154,Medium
42177,7,16,5,2,3.585714286,Medium
42180,7,17,5,5,3.385714286,Medium
42181,16,7,9,9,4.975,Medium
42182,8,19,6,9,2.95,Medium
42193,16,14,8,3,3.075,Medium
42194,14,7,4,5,2.742857143,Medium
42195,17,8,4,3,2.164705882,Medium
42199,13,2,6,2,4.907692308,Medium
42200,7,13,6,1,4.685714286,Medium
42201,27,1,4,9,2.911111111,Medium
42203,7,13,6,8,4.685714286,Medium
42204,17,16,8,7,2.564705882,Medium
42206,8,5,2,9,3.75,Medium
42209,20,18,9,8,2.4,Medium
42212,26,6,7,6,3.453846154,Medium
42214,9,3,4,1,4.733333333,Medium
42215,26,10,9,7,3.653846154,Medium
42221,7,14,3,4,2.985714286,Medium
42224,13,5,4,9,3.307692308,Medium
42225,9,9,1,5,2.033333333,Medium
42227,6,19,7,9,4.7,Medium
42228,23,12,8,6,2.904347826,Medium
42231,19,8,8,9,3.978947368,Medium
42232,9,3,3,7,4.233333333,Medium
42233,15,2,1,7,2.1,Medium
42234,6,10,2,4,4,Medium
42235,11,5,1,9,2.227272727,Medium
42236,14,9,7,2,3.842857143,Medium
42237,12,9,8,2,4.7,Medium
42241,24,10,6,6,2.25,Medium
42242,25,4,6,8,3.4,Medium
42243,5,10,1,7,4.5,Medium
42245,10,4,3,4,3.7,Medium
42247,7,16,3,3,2.585714286,Medium
42248,12,2,2,3,3.1,Medium
42249,11,2,4,1,4.327272727,Medium
42252,19,1,6,1,4.378947368,Medium
42253,19,14,9,1,3.278947368,Medium
42256,29,5,4,4,2.034482759,Medium
42257,9,10,7,7,4.833333333,Medium
42260,20,4,8,3,4.7,Medium
42261,8,10,2,6,2.75,Medium
42269,8,19,5,4,2.45,Medium
42273,24,5,6,7,3.25,Medium
42280,15,9,9,3,4.7,Medium
42281,6,19,3,9,2.7,Medium
42282,9,11,4,2,3.133333333,Medium
42287,25,3,3,3,2.1,Medium
42292,17,6,3,5,2.064705882,Medium
42295,8,3,1,1,3.65,Medium
42296,24,15,9,8,2.75,Medium
42301,21,18,9,6,2.328571429,Medium
42303,29,9,7,7,2.734482759,Medium
42305,26,7,5,1,2.253846154,Medium
42308,11,3,2,4,3.127272727,Medium
42311,11,5,3,9,3.227272727,Medium
42315,20,4,4,1,2.7,Medium
42317,17,8,4,6,2.164705882,Medium
42323,24,2,5,4,3.35,Medium
42324,6,15,1,9,2.5,Medium
42326,7,17,7,3,4.385714286,Medium
42327,27,2,4,5,2.711111111,Medium
42333,17,10,8,6,3.764705882,Medium
42335,13,4,1,5,2.007692308,Medium
42337,18,3,4,5,3.066666667,Medium
42339,13,1,5,4,4.607692308,Medium
42340,9,2,4,5,4.933333333,Medium
42341,18,6,9,4,4.966666667,Medium
42343,23,10,7,6,2.804347826,Medium
42346,13,15,8,6,3.307692308,Medium
42347,20,2,4,9,3.1,Medium
42348,15,4,2,3,2.2,Medium
42350,12,8,8,9,4.9,Medium
42352,26,7,6,5,2.753846154,Medium
42355,16,9,7,7,3.575,Medium
42361,19,19,9,8,2.278947368,Medium
42369,10,8,6,6,4.4,Medium
42371,6,6,1,3,4.3,Medium
42375,25,7,5,9,2.3,Medium
42376,25,8,7,8,3.1,Medium
42379,9,7,2,1,2.933333333,Medium
42381,6,15,5,5,4.5,Medium
42383,11,3,1,4,2.627272727,Medium
42384,14,10,9,2,4.642857143,Medium
42385,8,18,7,6,3.65,Medium
42388,27,10,7,9,2.611111111,Medium
42396,24,15,9,7,2.75,Medium
42399,19,7,9,1,4.678947368,Medium
42401,20,5,4,6,2.5,Medium
42403,8,18,4,9,2.15,Medium
42404,28,7,7,1,3.171428571,Medium
42405,22,3,3,8,2.263636364,Medium
42407,18,10,5,1,2.166666667,Medium
42408,14,12,6,5,2.742857143,Medium
42411,8,5,4,3,4.75,Medium
42414,18,11,9,9,3.966666667,Medium
42415,20,11,6,7,2.3,Medium
42416,9,15,8,1,4.333333333,Medium
42418,10,9,6,4,4.2,Medium
42419,6,13,1,6,2.9,Medium
42420,19,13,8,6,2.978947368,Medium
42425,11,9,7,6,4.427272727,Medium
42430,9,17,9,8,4.433333333,Medium
42431,11,14,7,3,3.427272727,Medium
42434,24,6,7,4,3.55,Medium
42435,25,3,5,6,3.1,Medium
42439,10,11,3,7,2.3,Medium
42444,12,18,8,3,2.9,Medium
42445,19,17,9,8,2.678947368,Medium
42448,13,4,4,2,3.507692308,Medium
42451,7,9,5,8,4.985714286,Medium
42452,21,9,8,5,3.628571429,Medium
42454,9,5,4,4,4.333333333,Medium
42457,28,4,9,7,4.771428571,Medium
42458,10,14,6,2,3.2,Medium
42462,29,5,6,2,3.034482759,Medium
42464,24,1,7,1,4.55,Medium
42469,11,19,8,6,2.927272727,Medium
42470,21,5,9,8,4.928571429,Medium
42471,18,1,2,9,2.466666667,Medium
42477,16,17,9,6,2.975,Medium
42480,24,7,9,1,4.35,Medium
42483,8,8,4,5,4.15,Medium
42484,14,3,1,2,2.042857143,Medium
42485,20,12,8,1,3.1,Medium
42489,17,3,7,1,4.664705882,Medium
42491,13,6,3,8,2.607692308,Medium
42492,23,4,4,3,2.504347826,Medium
42493,23,9,6,7,2.504347826,Medium
42495,14,8,3,7,2.042857143,Medium
42499,11,10,4,5,2.727272727,Medium
42501,7,10,1,6,2.785714286,Medium
42502,29,5,6,6,3.034482759,Medium
42504,25,3,6,1,3.6,Medium
42507,21,14,9,2,3.128571429,Medium
42508,9,18,6,6,2.733333333,Medium
42510,18,10,8,1,3.666666667,Medium
42512,29,13,9,7,2.934482759,Medium
42513,16,12,6,7,2.475,Medium
42514,24,10,6,6,2.25,Medium
42516,10,8,7,5,4.9,Medium
42518,12,11,5,1,2.8,Medium
42519,10,16,6,4,2.8,Medium
42520,20,4,4,7,2.7,Medium
42521,8,6,3,6,4.05,Medium
42525,26,10,8,8,3.153846154,Medium
42528,18,19,9,7,2.366666667,Medium
42529,25,9,8,9,3.4,Medium
42532,11,10,8,5,4.727272727,Medium
42533,26,9,7,3,2.853846154,Medium
42536,24,4,6,3,3.45,Medium
42538,27,5,8,8,4.111111111,Medium
42540,17,5,3,3,2.264705882,Medium
42553,9,12,8,7,4.933333333,Medium
42554,25,9,6,1,2.4,Medium
42560,21,11,8,6,3.228571429,Medium
42563,20,3,8,9,4.9,Medium
42564,17,18,8,2,2.164705882,Medium
42565,7,16,3,3,2.585714286,Medium
42571,25,2,4,3,2.8,Medium
42578,15,8,6,8,3.4,Medium
42579,10,19,7,1,2.7,Medium
42580,13,19,9,5,3.007692308,Medium
42581,27,1,5,8,3.411111111,Medium
42583,23,6,4,2,2.104347826,Medium
42585,23,12,8,3,2.904347826,Medium
42586,23,1,7,4,4.604347826,Medium
42592,6,12,2,3,3.6,Medium
42593,11,16,5,4,2.027272727,Medium
42595,16,8,8,3,4.275,Medium
42596,21,3,6,5,3.828571429,Medium
42597,11,7,3,3,2.827272727,Medium
42601,25,9,7,3,2.9,Medium
42602,7,15,4,4,3.285714286,Medium
42603,24,10,7,2,2.75,Medium
42605,12,10,4,8,2.5,Medium
42606,13,5,3,1,2.807692308,Medium
42607,15,11,7,3,3.3,Medium
42608,26,13,9,2,3.053846154,Medium
42610,14,6,3,2,2.442857143,Medium
42611,11,18,8,3,3.127272727,Medium
42614,28,5,8,6,4.071428571,Medium
42620,14,8,6,1,3.542857143,Medium
42622,17,1,3,8,3.064705882,Medium
42626,16,4,3,3,2.575,Medium
42627,7,10,4,4,4.285714286,Medium
42629,9,1,1,8,3.633333333,Medium
42630,14,12,9,2,4.242857143,Medium
42631,8,8,4,4,4.15,Medium
42633,16,12,9,3,3.975,Medium
42634,9,9,5,4,4.033333333,Medium
42635,24,8,7,9,3.15,Medium
42637,19,1,2,3,2.378947368,Medium
42640,14,15,8,8,3.142857143,Medium
42641,17,8,8,8,4.164705882,Medium
42647,12,5,4,6,3.5,Medium
42648,8,12,6,3,4.35,Medium
42649,16,6,3,8,2.175,Medium
42650,25,6,6,8,3,Medium
42652,26,10,6,9,2.153846154,Medium
42654,11,3,4,6,4.127272727,Medium
42655,27,5,8,3,4.111111111,Medium
42656,19,6,5,2,2.878947368,Medium
42658,22,9,6,8,2.563636364,Medium
42661,14,10,5,3,2.642857143,Medium
42662,23,2,5,4,3.404347826,Medium
42663,7,10,4,1,4.285714286,Medium
42665,16,1,4,1,3.675,Medium
42666,17,1,5,4,4.064705882,Medium
42671,4,19,1,2,4.2,Medium
42674,27,8,6,8,2.511111111,Medium
42680,23,8,7,7,3.204347826,Medium
42681,11,12,7,3,3.827272727,Medium
42682,23,9,6,7,2.504347826,Medium
42686,29,17,9,7,2.134482759,Medium
42690,18,9,7,5,3.366666667,Medium
42695,14,11,8,5,3.942857143,Medium
42698,12,15,7,6,3,Medium
42699,19,8,6,9,2.978947368,Medium
42710,13,18,8,8,2.707692308,Medium
42711,11,11,7,5,4.027272727,Medium
42713,12,3,6,7,4.9,Medium
42714,6,10,2,3,4,Medium
42717,12,1,1,3,2.8,Medium
42718,15,19,8,8,2.2,Medium
42720,9,5,3,5,3.833333333,Medium
42722,19,3,6,8,3.978947368,Medium
42723,7,8,3,3,4.185714286,Medium
42725,24,5,7,4,3.75,Medium
42726,21,1,3,8,2.728571429,Medium
42727,10,8,7,7,4.9,Medium
42730,18,1,4,8,3.466666667,Medium
42731,17,3,5,3,3.664705882,Medium
42732,13,7,7,3,4.407692308,Medium
42735,20,7,5,7,2.6,Medium
42736,25,5,7,1,3.7,Medium
42737,6,15,2,2,3,Medium
42742,20,1,5,7,3.8,Medium
42745,17,7,5,4,2.864705882,Medium
42746,6,14,2,8,3.2,Medium
42750,14,2,2,8,2.742857143,Medium
42752,27,13,8,8,2.511111111,Medium
42755,22,1,5,6,3.663636364,Medium
42758,28,9,9,8,3.771428571,Medium
42761,11,17,7,3,2.827272727,Medium
42765,20,9,8,9,3.7,Medium
42768,8,12,2,1,2.35,Medium
42769,14,16,8,4,2.942857143,Medium
42771,11,15,6,7,2.727272727,Medium
42773,13,10,7,1,3.807692308,Medium
42778,18,3,5,3,3.566666667,Medium
42780,23,16,8,5,2.104347826,Medium
42782,7,8,1,5,3.185714286,Medium
42783,7,10,2,5,3.285714286,Medium
42787,8,2,1,9,3.85,Medium
42789,12,9,5,7,3.2,Medium
42790,11,16,8,7,3.527272727,Medium
42795,29,16,9,2,2.334482759,Medium
42797,7,3,2,2,4.685714286,Medium
42799,12,12,8,7,4.1,Medium
42800,10,11,6,8,3.8,Medium
42802,20,18,9,9,2.4,Medium
42804,17,10,7,5,3.264705882,Medium
42805,11,17,9,4,3.827272727,Medium
42807,26,14,8,4,2.353846154,Medium
42811,8,14,5,5,3.45,Medium
42812,28,9,6,6,2.271428571,Medium
42821,28,1,6,9,3.871428571,Medium
42822,13,12,9,9,4.407692308,Medium
42824,18,8,9,2,4.566666667,Medium
42825,8,10,5,7,4.25,Medium
42828,15,7,7,5,4.1,Medium
42831,7,9,4,7,4.485714286,Medium
42832,7,17,3,4,2.385714286,Medium
42834,9,13,5,7,3.233333333,Medium
42835,18,15,9,3,3.166666667,Medium
42838,17,13,9,3,3.664705882,Medium
42839,7,16,7,1,4.585714286,Medium
42840,10,19,8,2,3.2,Medium
42841,20,5,4,5,2.5,Medium
42844,5,11,1,6,4.3,Medium
42845,20,6,8,5,4.3,Medium
42847,16,11,7,1,3.175,Medium
42848,18,4,5,8,3.366666667,Medium
42849,19,8,5,8,2.478947368,Medium
42850,27,6,7,3,3.411111111,Medium
42854,20,10,7,6,3,Medium
42856,14,6,8,6,4.942857143,Medium
42857,10,11,3,8,2.3,Medium
42858,15,6,3,3,2.3,Medium
42859,17,18,9,5,2.664705882,Medium
42862,29,4,5,3,2.734482759,Medium
42865,11,8,2,4,2.127272727,Medium
42866,11,15,9,5,4.227272727,Medium
42869,21,14,9,2,3.128571429,Medium
42871,17,8,5,3,2.664705882,Medium
42873,5,12,2,9,4.6,Medium
42874,12,9,6,6,3.7,Medium
42875,29,16,9,7,2.334482759,Medium
42876,20,10,9,3,4,Medium
42881,21,10,9,2,3.928571429,Medium
42885,29,3,5,9,2.934482759,Medium
42887,28,16,9,8,2.371428571,Medium
42889,18,3,5,8,3.566666667,Medium
42891,16,8,7,7,3.775,Medium
42894,19,4,6,5,3.778947368,Medium
42895,21,1,3,5,2.728571429,Medium
42900,7,19,8,7,4.485714286,Medium
42906,22,8,6,1,2.763636364,Medium
42907,16,8,4,7,2.275,Medium
42908,15,11,6,3,2.8,Medium
42909,23,5,6,3,3.304347826,Medium
42913,20,6,6,3,3.3,Medium
42915,7,12,5,5,4.385714286,Medium
42916,9,6,5,1,4.633333333,Medium
42917,9,14,6,8,3.533333333,Medium
42918,17,8,9,6,4.664705882,Medium
42919,18,8,7,7,3.566666667,Medium
42921,18,15,9,9,3.166666667,Medium
42923,14,12,7,9,3.242857143,Medium
42926,12,16,6,3,2.3,Medium
42927,14,6,3,2,2.442857143,Medium
42928,6,11,2,6,3.8,Medium
42929,24,13,8,5,2.65,Medium
42931,28,5,6,8,3.071428571,Medium
42933,4,17,1,2,4.6,Medium
42934,10,3,4,5,4.4,Medium
42936,26,1,7,9,4.453846154,Medium
42938,10,16,7,5,3.3,Medium
42939,13,19,9,9,3.007692308,Medium
42942,20,5,7,3,4,Medium
42946,24,13,8,5,2.65,Medium
42947,17,5,3,9,2.264705882,Medium
42948,7,12,2,8,2.885714286,Medium
42949,16,8,8,6,4.275,Medium
42953,24,8,6,2,2.65,Medium
42954,20,10,8,6,3.5,Medium
42956,28,4,6,7,3.271428571,Medium
42957,16,10,7,1,3.375,Medium
42959,24,1,7,9,4.55,Medium
42962,17,2,7,5,4.864705882,Medium
42964,7,11,5,3,4.585714286,Medium
42965,7,17,8,6,4.885714286,Medium
42967,29,3,9,6,4.934482759,Medium
42968,10,6,3,2,3.3,Medium
42969,15,10,9,3,4.5,Medium
42974,27,6,7,1,3.411111111,Medium
42976,7,18,3,6,2.185714286,Medium
42982,10,2,4,1,4.6,Medium
42986,13,3,5,9,4.207692308,Medium
42989,6,13,1,5,2.9,Medium
42992,9,5,5,4,4.833333333,Medium
42995,13,2,2,8,2.907692308,Medium
42997,20,5,4,1,2.5,Medium
42998,18,5,7,2,4.166666667,Medium
42999,13,5,2,6,2.307692308,Medium
43001,26,5,7,5,3.653846154,Medium
43002,14,11,6,8,2.942857143,Medium
43005,11,13,9,7,4.627272727,Medium
43006,24,14,9,4,2.95,Medium
43008,13,7,5,5,3.407692308,Medium
43011,10,5,2,2,3,Medium
43013,27,14,9,5,2.811111111,Medium
43015,21,3,8,4,4.828571429,Medium
43018,14,2,3,8,3.242857143,Medium
43019,22,2,8,3,4.963636364,Medium
43020,10,17,9,1,4.1,Medium
43023,9,14,4,4,2.533333333,Medium
43024,24,4,7,4,3.95,Medium
43025,14,7,4,1,2.742857143,Medium
43027,27,5,9,7,4.611111111,Medium
43032,16,5,3,4,2.375,Medium
43033,8,10,3,7,3.25,Medium
43036,15,11,7,9,3.3,Medium
43037,16,4,2,6,2.075,Medium
43040,24,16,9,6,2.55,Medium
43042,28,5,5,4,2.571428571,Medium
43043,16,4,4,2,3.075,Medium
43045,12,13,5,1,2.4,Medium
43046,18,7,7,2,3.766666667,Medium
43047,26,14,9,5,2.853846154,Medium
43054,23,10,9,5,3.804347826,Medium
43055,15,1,5,9,4.3,Medium
43058,11,3,3,4,3.627272727,Medium
43064,15,11,7,8,3.3,Medium
43065,7,18,7,1,4.185714286,Medium
43066,14,6,8,6,4.942857143,Medium
43076,8,15,6,5,3.75,Medium
43081,24,5,6,8,3.25,Medium
43082,10,6,5,6,4.3,Medium
43083,12,14,7,9,3.2,Medium
43084,29,10,6,3,2.034482759,Medium
43085,8,15,7,5,4.25,Medium
43087,21,6,7,8,3.728571429,Medium
43088,13,13,7,4,3.207692308,Medium
43091,9,5,5,1,4.833333333,Medium
43092,28,9,6,6,2.271428571,Medium
43094,18,17,8,3,2.266666667,Medium
43099,21,11,8,5,3.228571429,Medium
43100,16,15,7,4,2.375,Medium
43101,23,9,7,2,3.004347826,Medium
43102,19,5,4,1,2.578947368,Medium
43104,19,1,5,1,3.878947368,Medium
43106,24,18,9,6,2.15,Medium
43108,10,6,3,6,3.3,Medium
43112,24,1,6,4,4.05,Medium
43116,7,2,2,3,4.885714286,Medium
43118,27,4,8,9,4.311111111,Medium
43120,22,5,9,5,4.863636364,Medium
43121,5,18,4,7,4.4,Medium
43125,9,8,1,8,2.233333333,Medium
43126,10,3,4,5,4.4,Medium
43128,12,5,6,2,4.5,Medium
43129,9,3,3,3,4.233333333,Medium
43130,13,16,6,1,2.107692308,Medium
43131,27,9,7,7,2.811111111,Medium
43134,28,10,9,8,3.571428571,Medium
43135,24,3,6,5,3.65,Medium
43138,7,10,5,3,4.785714286,Medium
43148,6,15,1,6,2.5,Medium
43150,9,3,4,5,4.733333333,Medium
43153,15,9,7,1,3.7,Medium
43154,20,4,8,1,4.7,Medium
43156,17,3,2,1,2.164705882,Medium
43157,9,13,3,3,2.233333333,Medium
43158,29,7,7,2,3.134482759,Medium
43159,23,17,9,6,2.404347826,Medium
43162,15,14,9,7,3.7,Medium
43170,9,16,4,3,2.133333333,Medium
43172,29,1,3,2,2.334482759,Medium
43175,12,14,7,7,3.2,Medium
43177,27,8,6,7,2.511111111,Medium
43179,6,11,1,1,3.3,Medium
43187,7,12,4,9,3.885714286,Medium
43188,16,10,8,9,3.875,Medium
43189,19,11,7,5,2.878947368,Medium
43192,19,17,8,2,2.178947368,Medium
43193,6,16,4,7,3.8,Medium
43195,16,1,4,6,3.675,Medium
43200,5,16,4,3,4.8,Medium
43206,13,7,5,6,3.407692308,Medium
43209,12,13,7,7,3.4,Medium
43217,12,12,6,9,3.1,Medium
43219,14,2,6,5,4.742857143,Medium
43220,11,11,7,2,4.027272727,Medium
43222,27,15,9,2,2.611111111,Medium
43224,26,6,7,8,3.453846154,Medium
43225,6,13,2,9,3.4,Medium
43227,12,4,4,7,3.7,Medium
43228,9,14,5,9,3.033333333,Medium
43230,18,7,4,2,2.266666667,Medium
43231,23,3,7,8,4.204347826,Medium
43232,22,1,5,7,3.663636364,Medium
43239,18,2,6,3,4.266666667,Medium
43244,10,17,7,7,3.1,Medium
43250,28,2,3,1,2.171428571,Medium
43251,14,11,7,8,3.442857143,Medium
43253,29,1,4,1,2.834482759,Medium
43254,7,3,1,2,4.185714286,Medium
43255,25,6,9,6,4.5,Medium
43256,22,5,8,1,4.363636364,Medium
43262,20,14,7,1,2.2,Medium
43264,11,10,5,9,3.227272727,Medium
43265,6,18,4,5,3.4,Medium
43267,15,16,8,4,2.8,Medium
43268,9,15,6,3,3.333333333,Medium
43272,9,12,5,4,3.433333333,Medium
43273,9,17,7,5,3.433333333,Medium
43274,12,4,2,8,2.7,Medium
43275,15,17,9,1,3.1,Medium
43282,29,7,6,2,2.634482759,Medium
43285,6,14,1,8,2.7,Medium
43286,27,1,5,5,3.411111111,Medium
43291,29,1,7,5,4.334482759,Medium
43292,11,17,7,2,2.827272727,Medium
43293,17,5,6,2,3.764705882,Medium
43296,8,15,4,9,2.75,Medium
43299,18,8,6,8,3.066666667,Medium
43302,22,11,6,8,2.163636364,Medium
43310,10,15,8,1,4,Medium
43312,19,10,7,5,3.078947368,Medium
43313,26,10,9,7,3.653846154,Medium
43314,25,1,7,8,4.5,Medium
43315,28,13,9,1,2.971428571,Medium
43317,6,16,6,9,4.8,Medium
43318,24,4,5,1,2.95,Medium
43320,22,3,4,3,2.763636364,Medium
43323,27,5,4,3,2.111111111,Medium
43324,18,4,3,2,2.366666667,Medium
43325,14,12,9,2,4.242857143,Medium
43329,7,5,3,1,4.785714286,Medium
43339,14,10,5,1,2.642857143,Medium
43340,14,3,2,1,2.542857143,Medium
43348,7,15,7,9,4.785714286,Medium
43349,16,4,5,1,3.575,Medium
43350,24,3,6,6,3.65,Medium
43353,10,7,1,5,2.1,Medium
43354,12,7,4,6,3.1,Medium
43356,7,8,2,1,3.685714286,Medium
43359,8,12,7,4,4.85,Medium
43360,28,1,4,5,2.871428571,Medium
43365,8,19,9,6,4.45,Medium
43366,5,12,2,6,4.6,Medium
43368,8,2,1,8,3.85,Medium
43376,21,3,7,1,4.328571429,Medium
43378,29,9,8,2,3.234482759,Medium
43382,7,17,7,2,4.385714286,Medium
43383,7,10,4,9,4.285714286,Medium
43385,25,12,9,8,3.3,Medium
43387,14,15,8,9,3.142857143,Medium
43390,7,19,6,2,3.485714286,Medium
43392,20,8,6,2,2.9,Medium
43393,4,19,1,7,4.2,Medium
43396,23,8,8,1,3.704347826,Medium
43401,16,9,7,3,3.575,Medium
43404,21,11,7,1,2.728571429,Medium
43412,20,2,2,4,2.1,Medium
43414,11,16,7,9,3.027272727,Medium
43416,25,3,6,9,3.6,Medium
43419,18,2,5,4,3.766666667,Medium
43420,16,8,5,1,2.775,Medium
43422,8,2,1,1,3.85,Medium
43424,15,14,7,1,2.7,Medium
43425,12,13,5,4,2.4,Medium
43426,13,2,2,9,2.907692308,Medium
43429,21,6,4,5,2.228571429,Medium
43431,14,14,7,3,2.842857143,Medium
43433,19,7,5,2,2.678947368,Medium
43434,24,7,8,6,3.85,Medium
43436,12,4,3,4,3.2,Medium
43437,19,2,6,2,4.178947368,Medium
43445,12,13,7,9,3.4,Medium
43451,24,3,8,3,4.65,Medium
43452,28,14,8,7,2.271428571,Medium
43454,7,15,4,4,3.285714286,Medium
43455,8,17,8,7,4.35,Medium
43460,27,7,6,6,2.711111111,Medium
43463,18,3,4,4,3.066666667,Medium
43467,15,11,5,1,2.3,Medium
43469,13,6,4,5,3.107692308,Medium
43470,25,9,7,1,2.9,Medium
43471,20,10,8,1,3.5,Medium
43472,10,19,6,6,2.2,Medium
43475,24,2,5,6,3.35,Medium
43482,17,13,7,7,2.664705882,Medium
43485,24,4,5,7,2.95,Medium
43487,13,3,5,7,4.207692308,Medium
43490,7,8,4,1,4.685714286,Medium
43494,15,14,9,7,3.7,Medium
43495,9,10,2,1,2.333333333,Medium
43499,12,1,3,8,3.8,Medium
43501,17,12,6,1,2.364705882,Medium
43502,12,3,5,9,4.4,Medium
43504,26,1,4,3,2.953846154,Medium
43507,10,11,5,8,3.3,Medium
43508,18,6,8,7,4.466666667,Medium
43509,9,3,1,2,3.233333333,Medium
43511,9,7,4,6,3.933333333,Medium
43512,7,15,2,7,2.285714286,Medium
43516,14,7,8,9,4.742857143,Medium
43517,22,5,5,1,2.863636364,Medium
43519,28,11,8,1,2.871428571,Medium
43525,28,7,9,1,4.171428571,Medium
43529,26,2,6,3,3.753846154,Medium
43534,15,5,3,1,2.5,Medium
43535,23,16,8,1,2.104347826,Medium
43536,7,17,5,1,3.385714286,Medium
43538,9,18,5,8,2.233333333,Medium
43541,13,13,9,1,4.207692308,Medium
43544,27,12,7,4,2.211111111,Medium
43545,21,2,5,7,3.528571429,Medium
43550,17,12,6,7,2.364705882,Medium
43551,20,7,8,4,4.1,Medium
43554,10,13,7,8,3.9,Medium
43558,11,6,6,4,4.527272727,Medium
43561,12,4,1,9,2.2,Medium
43563,14,1,2,2,2.942857143,Medium
43565,7,17,7,7,4.385714286,Medium
43568,18,12,6,4,2.266666667,Medium
43570,13,4,6,6,4.507692308,Medium
43574,29,5,5,9,2.534482759,Medium
43576,8,16,3,5,2.05,Medium
43583,15,17,9,9,3.1,Medium
43584,14,4,7,5,4.842857143,Medium
43587,7,9,2,2,3.485714286,Medium
43589,18,14,9,4,3.366666667,Medium
43590,24,4,8,1,4.45,Medium
43600,20,11,7,4,2.8,Medium
43603,26,6,8,9,3.953846154,Medium
43604,24,11,6,4,2.05,Medium
43605,16,2,6,4,4.475,Medium
43609,17,11,9,8,4.064705882,Medium
43611,22,14,8,5,2.563636364,Medium
43615,27,2,3,8,2.211111111,Medium
43616,11,7,3,7,2.827272727,Medium
43617,19,16,9,1,2.878947368,Medium
43620,17,4,8,8,4.964705882,Medium
43621,26,3,4,3,2.553846154,Medium
43622,27,16,9,2,2.411111111,Medium
43624,12,11,7,4,3.8,Medium
43626,19,9,5,8,2.278947368,Medium
43627,11,16,5,8,2.027272727,Medium
43628,8,5,1,9,3.25,Medium
43631,11,6,4,4,3.527272727,Medium
43632,6,15,2,2,3,Medium
43635,24,15,9,9,2.75,Medium
43636,29,2,4,7,2.634482759,Medium
43642,10,9,5,1,3.7,Medium
43644,6,9,2,3,4.2,Medium
43647,12,12,8,9,4.1,Medium
43648,14,8,6,6,3.542857143,Medium
43651,12,3,1,7,2.4,Medium
43653,22,10,7,4,2.863636364,Medium
43659,15,2,3,2,3.1,Medium
43662,6,16,5,6,4.3,Medium
43667,21,13,8,9,2.828571429,Medium
43668,26,7,5,9,2.253846154,Medium
43674,7,13,1,6,2.185714286,Medium
43675,15,3,5,6,3.9,Medium
43676,24,4,4,5,2.45,Medium
43680,4,18,1,5,4.4,Medium
43683,26,14,8,2,2.353846154,Medium
43687,9,7,5,4,4.433333333,Medium
43691,17,13,9,6,3.664705882,Medium
43694,20,3,7,3,4.4,Medium
43699,18,7,6,2,3.266666667,Medium
43700,11,2,1,4,2.827272727,Medium
43701,14,4,5,2,3.842857143,Medium
43704,17,12,8,2,3.364705882,Medium
43705,21,7,5,8,2.528571429,Medium
43706,8,16,8,5,4.55,Medium
43708,11,11,8,6,4.527272727,Medium
43710,10,3,2,6,3.4,Medium
43713,19,13,7,4,2.478947368,Medium
43714,9,12,8,2,4.933333333,Medium
43715,5,10,2,5,5,Medium
43716,12,16,7,4,2.8,Medium
43717,13,12,7,5,3.407692308,Medium
43718,25,10,7,7,2.7,Medium
43719,19,2,3,2,2.678947368,Medium
43722,8,8,1,1,2.65,Medium
43727,6,4,1,2,4.7,Medium
43728,19,11,8,7,3.378947368,Medium
43734,7,7,2,3,3.885714286,Medium
43742,27,15,8,7,2.111111111,Medium
43744,27,2,4,8,2.711111111,Medium
43746,15,11,6,3,2.8,Medium
43747,16,18,8,9,2.275,Medium
43748,15,5,3,1,2.5,Medium
43749,20,9,8,3,3.7,Medium
43752,16,5,6,7,3.875,Medium
43755,12,13,9,6,4.4,Medium
43757,25,6,8,9,4,Medium
43762,10,17,5,2,2.1,Medium
43763,22,5,9,2,4.863636364,Medium
43770,15,16,9,8,3.3,Medium
43771,17,10,5,3,2.264705882,Medium
43772,27,5,5,4,2.611111111,Medium
43774,22,14,7,5,2.063636364,Medium
43775,21,3,7,6,4.328571429,Medium
43777,11,2,4,4,4.327272727,Medium
43779,13,2,3,7,3.407692308,Medium
43784,6,11,1,4,3.3,Medium
43788,27,13,7,1,2.011111111,Medium
43790,22,3,7,9,4.263636364,Medium
43792,29,2,8,4,4.634482759,Medium
43807,9,17,9,9,4.433333333,Medium
43813,10,6,6,3,4.8,Medium
43814,24,5,7,5,3.75,Medium
43817,26,2,4,8,2.753846154,Medium
43819,9,2,4,8,4.933333333,Medium
43821,17,4,5,7,3.464705882,Medium
43822,9,18,5,9,2.233333333,Medium
43824,13,12,6,8,2.907692308,Medium
43825,18,5,5,8,3.166666667,Medium
43827,24,1,7,7,4.55,Medium
43828,29,5,8,8,4.034482759,Medium
43830,15,16,8,5,2.8,Medium
43833,18,10,5,6,2.166666667,Medium
43837,8,6,1,6,3.05,Medium
43838,14,6,5,4,3.442857143,Medium
43839,23,3,5,8,3.204347826,Medium
43841,25,2,7,9,4.3,Medium
43843,9,11,4,8,3.133333333,Medium
43844,22,10,7,2,2.863636364,Medium
43845,9,8,4,1,3.733333333,Medium
43846,12,4,3,7,3.2,Medium
43850,7,7,3,8,4.385714286,Medium
43851,7,18,3,7,2.185714286,Medium
43854,21,7,9,7,4.528571429,Medium
43856,23,4,7,5,4.004347826,Medium
43862,23,5,5,5,2.804347826,Medium
43868,23,12,7,4,2.404347826,Medium
43870,25,11,9,1,3.5,Medium
43871,19,10,6,3,2.578947368,Medium
43872,23,11,9,3,3.604347826,Medium
43873,10,7,5,9,4.1,Medium
43874,24,17,9,4,2.35,Medium
43877,24,13,7,5,2.15,Medium
43878,11,6,4,3,3.527272727,Medium
43883,13,4,6,8,4.507692308,Medium
43885,14,18,9,6,3.042857143,Medium
43887,11,2,4,6,4.327272727,Medium
43888,14,10,7,6,3.642857143,Medium
43892,20,2,4,4,3.1,Medium
43894,9,9,1,1,2.033333333,Medium
43895,7,7,3,6,4.385714286,Medium
43896,15,15,8,8,3,Medium
43897,9,6,2,3,3.133333333,Medium
43899,18,6,9,2,4.966666667,Medium
43903,12,14,8,5,3.7,Medium
43906,20,6,5,3,2.8,Medium
43907,13,19,8,1,2.507692308,Medium
43909,23,9,5,8,2.004347826,Medium
43910,6,14,1,2,2.7,Medium
43916,14,6,8,6,4.942857143,Medium
43917,24,2,6,5,3.85,Medium
43921,11,7,6,3,4.327272727,Medium
43923,23,11,8,5,3.104347826,Medium
43925,13,7,6,5,3.907692308,Medium
43927,10,2,3,8,4.1,Medium
43928,27,13,7,7,2.011111111,Medium
43932,13,15,8,1,3.307692308,Medium
43935,26,5,4,6,2.153846154,Medium
43936,7,14,4,3,3.485714286,Medium
43938,18,9,7,4,3.366666667,Medium
43939,22,14,9,7,3.063636364,Medium
43940,25,12,8,5,2.8,Medium
43941,28,1,5,7,3.371428571,Medium
43942,19,16,9,4,2.878947368,Medium
43944,9,16,4,8,2.133333333,Medium
43945,22,3,3,2,2.263636364,Medium
43946,13,7,7,3,4.407692308,Medium
43950,8,3,2,4,4.15,Medium
43951,14,12,8,3,3.742857143,Medium
43952,28,16,9,1,2.371428571,Medium
43954,18,10,9,1,4.166666667,Medium
43955,11,11,3,6,2.027272727,Medium
43957,9,19,6,4,2.533333333,Medium
43959,29,11,8,9,2.834482759,Medium
43961,29,1,5,1,3.334482759,Medium
43968,24,2,4,4,2.85,Medium
43969,19,6,6,5,3.378947368,Medium
43970,11,12,5,8,2.827272727,Medium
43973,23,5,7,1,3.804347826,Medium
43975,10,5,4,4,4,Medium
43978,14,5,3,5,2.642857143,Medium
43981,11,17,6,6,2.327272727,Medium
43982,28,6,5,2,2.371428571,Medium
43984,10,18,8,4,3.4,Medium
43985,24,3,4,7,2.65,Medium
43987,21,7,5,8,2.528571429,Medium
43991,9,1,2,4,4.133333333,Medium
43992,10,5,3,5,3.5,Medium
43993,16,5,5,5,3.375,Medium
43997,20,3,3,2,2.4,Medium
44002,12,7,3,7,2.6,Medium
44007,9,13,7,4,4.233333333,Medium
44008,29,5,4,1,2.034482759,Medium
44010,7,14,3,5,2.985714286,Medium
44011,25,6,6,6,3,Medium
44016,21,12,6,3,2.028571429,Medium
44018,8,5,4,7,4.75,Medium
44021,9,12,4,7,2.933333333,Medium
44024,12,4,1,7,2.2,Medium
44026,18,3,7,7,4.566666667,Medium
44031,29,3,5,5,2.934482759,Medium
44033,18,6,9,6,4.966666667,Medium
44034,26,4,9,5,4.853846154,Medium
44035,27,7,7,8,3.211111111,Medium
44036,12,14,5,6,2.2,Medium
44041,9,12,8,7,4.933333333,Medium
44042,7,12,6,6,4.885714286,Medium
44045,10,13,5,9,2.9,Medium
44046,20,12,6,4,2.1,Medium
44050,21,5,8,6,4.428571429,Medium
44051,16,4,6,7,4.075,Medium
44052,26,15,8,2,2.153846154,Medium
44055,17,13,9,6,3.664705882,Medium
44057,8,8,3,6,3.65,Medium
44058,28,13,8,1,2.471428571,Medium
44061,13,14,5,5,2.007692308,Medium
44064,9,8,6,3,4.733333333,Medium
44069,16,7,9,3,4.975,Medium
44070,13,15,8,7,3.307692308,Medium
44071,20,5,7,8,4,Medium
44072,23,1,2,3,2.104347826,Medium
44073,8,15,4,7,2.75,Medium
44076,26,4,4,4,2.353846154,Medium
44077,13,16,9,5,3.607692308,Medium
44078,17,9,6,7,2.964705882,Medium
44085,17,13,7,5,2.664705882,Medium
44086,18,2,5,9,3.766666667,Medium
44088,7,11,2,9,3.085714286,Medium
44090,29,6,8,6,3.834482759,Medium
44094,9,8,5,3,4.233333333,Medium
44097,8,15,6,3,3.75,Medium
44100,10,9,7,5,4.7,Medium
44103,18,14,8,1,2.866666667,Medium
44108,9,7,3,1,3.433333333,Medium
44109,26,10,8,5,3.153846154,Medium
44110,19,5,7,9,4.078947368,Medium
44112,23,16,8,8,2.104347826,Medium
44113,26,6,7,8,3.453846154,Medium
44117,28,8,6,2,2.471428571,Medium
44118,12,2,2,5,3.1,Medium
44120,29,5,7,8,3.534482759,Medium
44125,25,8,8,4,3.6,Medium
44126,8,11,3,5,3.05,Medium
44128,12,3,4,9,3.9,Medium
44129,6,12,2,2,3.6,Medium
44135,8,6,2,2,3.55,Medium
44141,17,16,7,7,2.064705882,Medium
44143,6,14,4,2,4.2,Medium
44145,25,15,9,6,2.7,Medium
44148,11,3,3,8,3.627272727,Medium
44150,17,5,5,6,3.264705882,Medium
44151,14,8,8,6,4.542857143,Medium
44153,23,8,6,4,2.704347826,Medium
44154,19,7,7,2,3.678947368,Medium
44157,25,3,7,3,4.1,Medium
44158,25,7,8,6,3.8,Medium
44159,20,12,9,5,3.6,Medium
44162,22,1,4,7,3.163636364,Medium
44163,10,10,7,8,4.5,Medium
44166,25,3,6,9,3.6,Medium
44169,28,16,9,5,2.371428571,Medium
44170,22,1,6,2,4.163636364,Medium
44171,12,9,7,5,4.2,Medium
44178,12,9,8,9,4.7,Medium
44181,8,10,5,5,4.25,Medium
44183,11,13,5,4,2.627272727,Medium
44184,18,14,8,9,2.866666667,Medium
44186,17,3,4,8,3.164705882,Medium
44187,25,6,9,1,4.5,Medium
44188,27,1,4,9,2.911111111,Medium
44192,17,8,4,1,2.164705882,Medium
44193,8,13,5,7,3.65,Medium
44196,11,7,3,8,2.827272727,Medium
44197,27,10,6,6,2.111111111,Medium
44199,13,4,3,2,3.007692308,Medium
44200,27,12,9,6,3.211111111,Medium
44204,22,11,9,7,3.663636364,Medium
44208,9,15,5,6,2.833333333,Medium
44209,7,19,8,1,4.485714286,Medium
44210,29,8,8,2,3.434482759,Medium
44213,9,17,7,6,3.433333333,Medium
44214,27,4,5,3,2.811111111,Medium
44216,27,1,7,3,4.411111111,Medium
44218,19,6,5,3,2.878947368,Medium
44220,11,9,3,1,2.427272727,Medium
44221,5,13,3,3,4.9,Medium
44223,24,1,4,8,3.05,Medium
44225,6,12,1,6,3.1,Medium
44226,27,1,3,8,2.411111111,Medium
44229,13,10,9,1,4.807692308,Medium
44231,28,4,5,3,2.771428571,Medium
44233,8,6,3,4,4.05,Medium
44235,7,13,1,5,2.185714286,Medium
44245,18,2,5,7,3.766666667,Medium
44248,9,7,1,8,2.433333333,Medium
44250,17,5,5,5,3.264705882,Medium
44253,19,4,5,8,3.278947368,Medium
44254,14,3,2,5,2.542857143,Medium
44255,22,19,9,1,2.063636364,Medium
44257,18,9,6,3,2.866666667,Medium
44261,5,16,4,9,4.8,Medium
44264,15,2,4,9,3.6,Medium
44265,14,5,2,4,2.142857143,Medium
44266,23,1,3,3,2.604347826,Medium
44267,17,10,5,5,2.264705882,Medium
44270,8,17,4,8,2.35,Medium
44271,21,16,9,2,2.728571429,Medium
44282,10,14,9,6,4.7,Medium
44288,18,14,9,4,3.366666667,Medium
44289,19,4,8,1,4.778947368,Medium
44291,6,9,1,7,3.7,Medium
44296,9,2,4,5,4.933333333,Medium
44297,14,8,3,2,2.042857143,Medium
44303,24,2,7,3,4.35,Medium
44307,12,9,8,1,4.7,Medium
44308,13,11,4,9,2.107692308,Medium
44312,29,7,9,4,4.134482759,Medium
44316,21,10,9,3,3.928571429,Medium
44317,15,12,8,7,3.6,Medium
44320,25,5,6,9,3.2,Medium
44322,19,3,4,7,2.978947368,Medium
44323,26,7,5,4,2.253846154,Medium
44324,7,6,3,3,4.585714286,Medium
44325,24,7,8,5,3.85,Medium
44326,9,7,2,4,2.933333333,Medium
44328,15,8,5,8,2.9,Medium
44332,10,6,4,3,3.8,Medium
44338,9,7,6,5,4.933333333,Medium
44342,22,7,7,3,3.463636364,Medium
44343,16,9,5,6,2.575,Medium
44354,22,5,9,6,4.863636364,Medium
44358,20,10,6,2,2.5,Medium
44359,16,18,9,1,2.775,Medium
44360,24,5,4,5,2.25,Medium
44361,19,14,7,2,2.278947368,Medium
44365,23,15,8,3,2.304347826,Medium
44369,19,2,7,8,4.678947368,Medium
44370,20,12,6,1,2.1,Medium
44383,29,1,6,8,3.834482759,Medium
44384,27,2,6,7,3.711111111,Medium
44386,13,12,5,1,2.407692308,Medium
44387,17,9,9,7,4.464705882,Medium
44393,11,11,8,3,4.527272727,Medium
44396,18,10,8,2,3.666666667,Medium
44401,10,2,1,1,3.1,Medium
44407,15,11,7,5,3.3,Medium
44409,21,9,5,7,2.128571429,Medium
44410,19,1,4,2,3.378947368,Medium
44411,11,8,5,2,3.627272727,Medium
44421,28,2,8,7,4.671428571,Medium
44424,19,15,8,9,2.578947368,Medium
44427,10,7,5,9,4.1,Medium
44428,7,18,7,2,4.185714286,Medium
44429,25,4,8,1,4.4,Medium
44435,13,14,6,8,2.507692308,Medium
44436,12,1,5,1,4.8,Medium
44438,18,9,7,8,3.366666667,Medium
44439,16,11,6,9,2.675,Medium
44442,18,3,6,6,4.066666667,Medium
44443,21,1,4,5,3.228571429,Medium
44445,28,3,6,2,3.471428571,Medium
44446,20,3,3,2,2.4,Medium
44447,28,7,7,5,3.171428571,Medium
44450,14,12,8,3,3.742857143,Medium
44454,26,2,6,7,3.753846154,Medium
44455,9,6,1,7,2.633333333,Medium
44456,27,12,7,1,2.211111111,Medium
44465,18,2,5,9,3.766666667,Medium
44469,9,4,3,5,4.033333333,Medium
44470,14,13,6,9,2.542857143,Medium
44471,20,16,9,7,2.8,Medium
44472,19,11,8,2,3.378947368,Medium
44476,9,2,2,9,3.933333333,Medium
44477,10,16,8,9,3.8,Medium
44480,27,10,7,8,2.611111111,Medium
44483,9,6,3,3,3.633333333,Medium
44489,13,8,6,5,3.707692308,Medium
44491,20,2,7,1,4.6,Medium
44492,9,10,4,4,3.333333333,Medium
44496,21,5,7,8,3.928571429,Medium
44498,6,17,4,2,3.6,Medium
44500,12,14,9,2,4.2,Medium
44507,16,11,9,7,4.175,Medium
44510,15,17,8,2,2.6,Medium
44513,27,1,6,6,3.911111111,Medium
44514,20,3,6,3,3.9,Medium
44516,28,2,7,1,4.171428571,Medium
44520,15,8,5,2,2.9,Medium
44521,13,6,3,2,2.607692308,Medium
44529,27,2,5,9,3.211111111,Medium
44530,14,2,4,2,3.742857143,Medium
44533,19,8,6,2,2.978947368,Medium
44534,9,19,5,7,2.033333333,Medium
44535,26,1,4,8,2.953846154,Medium
44542,6,11,4,2,4.8,Medium
44543,18,1,6,5,4.466666667,Medium
44544,16,14,7,5,2.575,Medium
44547,17,5,3,9,2.264705882,Medium
44549,9,13,8,7,4.733333333,Medium
44552,25,6,8,8,4,Medium
44557,21,3,8,1,4.828571429,Medium
44558,12,13,7,7,3.4,Medium
44563,25,8,7,1,3.1,Medium
44564,20,7,5,3,2.6,Medium
44566,6,19,5,8,3.7,Medium
44567,25,2,5,4,3.3,Medium
44570,25,12,8,5,2.8,Medium
44571,11,11,5,7,3.027272727,Medium
44572,5,13,2,3,4.4,Medium
44573,6,19,3,9,2.7,Medium
44574,16,2,3,5,2.975,Medium
44575,21,1,5,6,3.728571429,Medium
44581,28,1,7,5,4.371428571,Medium
44582,10,14,7,5,3.7,Medium
44583,10,4,5,1,4.7,Medium
44592,7,19,4,8,2.485714286,Medium
44594,29,3,8,9,4.434482759,Medium
44596,12,15,8,9,3.5,Medium
44597,13,6,2,9,2.107692308,Medium
44598,8,9,6,7,4.95,Medium
44601,10,5,5,7,4.5,Medium
44602,28,7,7,3,3.171428571,Medium
44603,27,1,3,5,2.411111111,Medium
44605,20,12,7,2,2.6,Medium
44616,20,14,9,8,3.2,Medium
44618,28,8,6,5,2.471428571,Medium
44619,13,15,6,5,2.307692308,Medium
44621,7,12,3,7,3.385714286,Medium
44623,20,3,7,1,4.4,Medium
44624,6,8,2,5,4.4,Medium
44625,14,8,5,5,3.042857143,Medium
44626,12,9,4,4,2.7,Medium
44632,18,17,8,5,2.266666667,Medium
44638,28,5,7,2,3.571428571,Medium
44640,7,8,1,8,3.185714286,Medium
44643,27,1,3,6,2.411111111,Medium
44648,16,2,3,6,2.975,Medium
44651,20,9,6,8,2.7,Medium
44652,17,8,9,9,4.664705882,Medium
44658,27,9,6,6,2.311111111,Medium
44659,14,19,8,3,2.342857143,Medium
44661,24,2,3,1,2.35,Medium
44669,14,15,8,6,3.142857143,Medium
44672,29,8,9,5,3.934482759,Medium
44673,6,17,6,7,4.6,Medium
44674,26,5,8,8,4.153846154,Medium
44677,10,10,7,6,4.5,Medium
44681,14,9,7,9,3.842857143,Medium
44682,13,9,4,3,2.507692308,Medium
44689,26,9,6,1,2.353846154,Medium
44691,9,1,2,2,4.133333333,Medium
44695,24,13,8,1,2.65,Medium
44701,13,11,8,1,4.107692308,Medium
44703,14,16,9,5,3.442857143,Medium
44707,14,5,4,7,3.142857143,Medium
44709,19,5,5,5,3.078947368,Medium
44711,22,6,6,6,3.163636364,Medium
44718,16,9,6,9,3.075,Medium
44721,23,8,7,6,3.204347826,Medium
44722,13,8,3,9,2.207692308,Medium
44729,23,10,6,4,2.304347826,Medium
44733,18,7,4,3,2.266666667,Medium
44736,16,3,4,2,3.275,Medium
44737,10,12,7,2,4.1,Medium
44741,25,1,5,2,3.5,Medium
44742,23,1,5,6,3.604347826,Medium
44743,29,4,6,7,3.234482759,Medium
44745,10,9,5,3,3.7,Medium
44746,13,7,4,4,2.907692308,Medium
44748,8,14,8,2,4.95,Medium
44751,8,10,4,8,3.75,Medium
44754,18,17,8,8,2.266666667,Medium
44757,13,9,5,8,3.007692308,Medium
44758,9,11,6,2,4.133333333,Medium
44763,24,2,3,9,2.35,Medium
44767,20,10,6,6,2.5,Medium
44771,21,14,7,6,2.128571429,Medium
44773,13,18,8,9,2.707692308,Medium
44777,7,19,5,2,2.985714286,Medium
44783,8,4,2,8,3.95,Medium
44784,19,13,8,3,2.978947368,Medium
44785,7,4,3,3,4.985714286,Medium
44786,19,10,7,6,3.078947368,Medium
44787,12,4,2,5,2.7,Medium
44788,14,8,3,4,2.042857143,Medium
44790,24,7,6,7,2.85,Medium
44791,8,13,7,9,4.65,Medium
44795,10,7,6,5,4.6,Medium
44797,9,14,8,4,4.533333333,Medium
44798,5,8,1,6,4.9,Medium
44799,5,14,2,1,4.2,Medium
44800,7,5,3,6,4.785714286,Medium
44801,11,16,9,5,4.027272727,Medium
44803,6,14,4,8,4.2,Medium
44806,26,7,9,5,4.253846154,Medium
44811,6,19,7,8,4.7,Medium
44812,22,8,5,1,2.263636364,Medium
44814,29,2,8,8,4.634482759,Medium
44818,27,11,8,1,2.911111111,Medium
44819,20,3,3,3,2.4,Medium
44823,21,2,2,8,2.028571429,Medium
44826,13,6,5,8,3.607692308,Medium
44834,9,14,5,2,3.033333333,Medium
44835,26,9,7,4,2.853846154,Medium
44836,28,14,9,6,2.771428571,Medium
44841,14,11,5,4,2.442857143,Medium
44851,23,6,6,2,3.104347826,Medium
44853,22,16,8,2,2.163636364,Medium
44855,25,7,5,6,2.3,Medium
44861,21,5,7,6,3.928571429,Medium
44862,14,8,3,1,2.042857143,Medium
44864,9,3,3,2,4.233333333,Medium
44865,11,15,9,7,4.227272727,Medium
44868,13,6,3,5,2.607692308,Medium
44869,9,19,8,7,3.533333333,Medium
44872,26,8,5,3,2.053846154,Medium
44880,9,12,6,2,3.933333333,Medium
44886,18,10,7,3,3.166666667,Medium
44887,17,8,7,2,3.664705882,Medium
44891,15,12,7,5,3.1,Medium
44892,26,5,5,6,2.653846154,Medium
44893,27,5,5,7,2.611111111,Medium
44894,19,9,8,1,3.778947368,Medium
44895,13,9,4,6,2.507692308,Medium
44897,19,1,7,5,4.878947368,Medium
44899,26,2,6,4,3.753846154,Medium
44900,11,8,2,1,2.127272727,Medium
44904,21,2,5,5,3.528571429,Medium
44905,18,12,9,1,3.766666667,Medium
44907,13,12,5,2,2.407692308,Medium
44910,14,10,8,5,4.142857143,Medium
44912,22,3,8,3,4.763636364,Medium
44913,27,2,6,4,3.711111111,Medium
44914,10,10,7,4,4.5,Medium
44916,15,11,5,7,2.3,Medium
44922,23,17,9,7,2.404347826,Medium
44924,24,6,8,8,4.05,Medium
44925,12,1,3,3,3.8,Medium
44927,18,8,7,6,3.566666667,Medium
44928,12,11,6,6,3.3,Medium
44929,7,9,3,4,3.985714286,Medium
44930,5,17,3,3,4.1,Medium
44931,24,11,6,1,2.05,Medium
44933,7,5,1,8,3.785714286,Medium
44934,7,7,3,6,4.385714286,Medium
44936,23,2,7,3,4.404347826,Medium
44940,24,5,6,1,3.25,Medium
44949,10,11,4,8,2.8,Medium
44950,28,10,8,1,3.071428571,Medium
44953,26,7,6,3,2.753846154,Medium
44955,7,6,1,6,3.585714286,Medium
44956,14,1,3,1,3.442857143,Medium
44958,28,13,9,8,2.971428571,Medium
44959,12,11,9,3,4.8,Medium
44961,22,12,7,6,2.463636364,Medium
44963,14,10,8,2,4.142857143,Medium
44970,15,9,9,1,4.7,Medium
44973,23,7,5,1,2.404347826,Medium
44976,23,13,9,2,3.204347826,Medium
44977,12,6,6,2,4.3,Medium
44980,16,13,8,6,3.275,Medium
44982,23,7,7,5,3.404347826,Medium
44986,8,11,2,9,2.55,Medium
44989,16,11,6,1,2.675,Medium
44991,19,16,8,8,2.378947368,Medium
44992,22,2,7,6,4.463636364,Medium
44995,5,18,1,7,2.9,Medium
44996,19,17,9,4,2.678947368,Medium
45001,27,3,7,6,4.011111111,Medium
45005,15,8,9,8,4.9,Medium
45009,21,1,5,4,3.728571429,Medium
45010,11,4,4,5,3.927272727,Medium
45014,8,6,2,1,3.55,Medium
45017,19,3,6,7,3.978947368,Medium
45018,16,19,8,9,2.075,Medium
45019,15,5,5,7,3.5,Medium
45021,24,3,3,6,2.15,Medium
45025,11,3,5,3,4.627272727,Medium
45026,15,6,5,2,3.3,Medium
45029,24,5,8,6,4.25,Medium
45030,10,16,7,9,3.3,Medium
45031,21,14,7,1,2.128571429,Medium
45037,20,16,8,5,2.3,Medium
45042,28,7,8,6,3.671428571,Medium
45043,29,2,5,7,3.134482759,Medium
45044,6,8,3,6,4.9,Medium
45045,8,18,5,7,2.65,Medium
45053,19,1,7,6,4.878947368,Medium
45054,15,16,8,6,2.8,Medium
45057,9,13,3,4,2.233333333,Medium
45059,23,13,7,1,2.204347826,Medium
45060,14,9,9,5,4.842857143,Medium
45063,7,14,3,3,2.985714286,Medium
45065,11,9,4,5,2.927272727,Medium
45067,25,2,5,4,3.3,Medium
45069,9,4,3,7,4.033333333,Medium
45072,19,3,4,1,2.978947368,Medium
45073,12,14,5,8,2.2,Medium
45075,25,7,8,8,3.8,Medium
45076,9,16,4,6,2.133333333,Medium
45081,11,12,5,3,2.827272727,Medium
45083,18,2,7,8,4.766666667,Medium
45086,16,11,6,7,2.675,Medium
45087,8,6,4,1,4.55,Medium
45088,19,13,9,9,3.478947368,Medium
45090,20,17,9,8,2.6,Medium
45091,16,10,9,4,4.375,Medium
45094,9,16,5,7,2.633333333,Medium
45095,28,3,4,4,2.471428571,Medium
45098,13,7,3,9,2.407692308,Medium
45099,25,8,8,5,3.6,Medium
45112,23,11,8,2,3.104347826,Medium
45114,16,18,8,2,2.275,Medium
45116,6,8,3,1,4.9,Medium
45118,20,6,5,4,2.8,Medium
45119,24,5,9,1,4.75,Medium
45122,17,10,6,4,2.764705882,Medium
45123,12,3,2,4,2.9,Medium
45124,27,8,5,3,2.011111111,Medium
45125,20,10,6,8,2.5,Medium
45127,17,10,6,9,2.764705882,Medium
45129,16,6,5,5,3.175,Medium
45131,20,9,7,1,3.2,Medium
45134,19,16,9,3,2.878947368,Medium
45137,15,12,8,1,3.6,Medium
45138,8,2,2,8,4.35,Medium
45139,15,11,9,1,4.3,Medium
45140,8,9,1,6,2.45,Medium
45142,9,1,3,7,4.633333333,Medium
45147,16,10,9,3,4.375,Medium
45148,18,18,8,9,2.066666667,Medium
45149,9,10,6,2,4.333333333,Medium
45150,27,9,7,5,2.811111111,Medium
45151,9,16,4,3,2.133333333,Medium
45152,19,14,9,6,3.278947368,Medium
45153,21,6,6,3,3.228571429,Medium
45155,27,3,8,3,4.511111111,Medium
45156,12,13,8,5,3.9,Medium
45157,15,3,5,9,3.9,Medium
45160,9,14,5,4,3.033333333,Medium
45168,20,12,6,4,2.1,Medium
45171,9,4,1,4,3.033333333,Medium
45172,20,19,9,6,2.2,Medium
45173,20,4,3,6,2.2,Medium
45174,27,10,9,9,3.611111111,Medium
45178,14,17,7,3,2.242857143,Medium
45181,23,11,6,4,2.104347826,Medium
45183,6,3,1,2,4.9,Medium
45185,4,19,1,1,4.2,Medium
45192,19,8,9,6,4.478947368,Medium
45193,9,17,9,8,4.433333333,Medium
45195,11,14,7,6,3.427272727,Medium
45196,12,17,8,8,3.1,Medium
45197,8,13,4,9,3.15,Medium
45204,17,8,4,9,2.164705882,Medium
45207,15,11,8,3,3.8,Medium
45212,25,3,6,4,3.6,Medium
45213,17,4,3,1,2.464705882,Medium
45216,29,2,5,2,3.134482759,Medium
45219,11,19,9,9,3.427272727,Medium
45220,14,11,8,9,3.942857143,Medium
45222,13,10,9,4,4.807692308,Medium
45226,15,3,7,2,4.9,Medium
45227,13,15,9,3,3.807692308,Medium
45230,28,8,6,8,2.471428571,Medium
45232,6,12,4,9,4.6,Medium
45237,11,16,7,1,3.027272727,Medium
45239,7,8,1,2,3.185714286,Medium
45241,11,3,1,6,2.627272727,Medium
45243,7,17,6,6,3.885714286,Medium
45246,15,15,7,3,2.5,Medium
45249,19,1,4,1,3.378947368,Medium
45250,20,15,9,3,3,Medium
45251,12,6,3,6,2.8,Medium
45255,23,1,6,7,4.104347826,Medium
45256,17,1,2,1,2.564705882,Medium
45258,11,4,6,5,4.927272727,Medium
45261,9,9,2,8,2.533333333,Medium
45262,12,14,9,8,4.2,Medium
45268,8,15,8,8,4.75,Medium
45274,28,14,9,6,2.771428571,Medium
45276,15,19,8,9,2.2,Medium
45278,5,11,1,6,4.3,Medium
45279,17,16,8,7,2.564705882,Medium
45284,23,12,9,3,3.404347826,Medium
45288,10,6,2,9,2.8,Medium
45289,20,4,3,3,2.2,Medium
45291,9,5,2,5,3.333333333,Medium
45298,24,4,8,7,4.45,Medium
45300,27,2,7,9,4.211111111,Medium
45301,9,12,6,8,3.933333333,Medium
45304,18,1,5,2,3.966666667,Medium
45309,19,4,7,2,4.278947368,Medium
45311,25,2,5,2,3.3,Medium
45313,16,3,2,8,2.275,Medium
45317,20,6,5,3,2.8,Medium
45318,11,4,3,3,3.427272727,Medium
45319,12,7,5,1,3.6,Medium
45321,10,14,9,7,4.7,Medium
45323,11,17,7,5,2.827272727,Medium
45324,21,11,9,5,3.728571429,Medium
45325,11,3,4,8,4.127272727,Medium
45327,16,16,8,6,2.675,Medium
45328,18,11,8,5,3.466666667,Medium
45329,20,8,8,4,3.9,Medium
45331,21,6,4,4,2.228571429,Medium
45332,11,14,7,9,3.427272727,Medium
45334,22,15,8,1,2.363636364,Medium
45335,23,14,9,5,3.004347826,Medium
45343,26,2,3,6,2.253846154,Medium
45347,19,11,8,6,3.378947368,Medium
45350,18,1,5,1,3.966666667,Medium
45351,12,4,5,7,4.2,Medium
45353,11,10,3,8,2.227272727,Medium
45359,27,1,5,5,3.411111111,Medium
45361,14,1,1,2,2.442857143,Medium
45365,12,12,5,5,2.6,Medium
45368,17,2,6,2,4.364705882,Medium
45369,18,12,9,6,3.766666667,Medium
45370,10,13,7,6,3.9,Medium
45372,14,3,1,4,2.042857143,Medium
45374,13,7,4,2,2.907692308,Medium
45381,6,16,3,4,3.3,Medium
45386,9,19,6,3,2.533333333,Medium
45387,11,7,5,2,3.827272727,Medium
45391,29,6,8,2,3.834482759,Medium
45393,23,8,7,6,3.204347826,Medium
45398,22,5,6,3,3.363636364,Medium
45404,26,13,9,1,3.053846154,Medium
45417,28,1,5,5,3.371428571,Medium
45419,15,1,2,6,2.8,Medium
45421,6,17,4,4,3.6,Medium
45423,16,13,6,7,2.275,Medium
45424,27,2,4,7,2.711111111,Medium
45425,23,4,4,6,2.504347826,Medium
45431,13,13,5,9,2.207692308,Medium
45432,8,14,8,8,4.95,Medium
45433,17,4,6,9,3.964705882,Medium
45435,24,5,8,3,4.25,Medium
45436,27,14,8,1,2.311111111,Medium
45439,26,13,8,2,2.553846154,Medium
45445,13,8,8,3,4.707692308,Medium
45447,6,11,3,8,4.3,Medium
45450,15,2,6,4,4.6,Medium
45451,11,5,4,7,3.727272727,Medium
45456,14,19,8,1,2.342857143,Medium
45457,24,1,6,3,4.05,Medium
45458,25,1,7,4,4.5,Medium
45459,9,7,5,5,4.433333333,Medium
45461,29,14,8,9,2.234482759,Medium
45464,25,3,8,1,4.6,Medium
45465,26,7,6,8,2.753846154,Medium
45467,18,1,3,3,2.966666667,Medium
45468,19,8,5,1,2.478947368,Medium
45469,7,4,2,4,4.485714286,Medium
45472,28,16,9,9,2.371428571,Medium
45473,18,15,8,9,2.666666667,Medium
45475,18,13,7,9,2.566666667,Medium
45479,11,15,5,3,2.227272727,Medium
45480,28,1,5,8,3.371428571,Medium
45483,15,6,3,7,2.3,Medium
45488,18,2,6,2,4.266666667,Medium
45492,12,16,7,8,2.8,Medium
45493,24,15,8,8,2.25,Medium
45494,9,6,3,1,3.633333333,Medium
45495,23,9,6,1,2.504347826,Medium
45500,13,11,8,9,4.107692308,Medium
45501,27,5,4,5,2.111111111,Medium
45505,14,5,7,3,4.642857143,Medium
45507,23,2,4,8,2.904347826,Medium
45508,12,8,4,1,2.9,Medium
45510,20,4,3,2,2.2,Medium
45511,29,10,7,5,2.534482759,Medium
45513,18,18,8,4,2.066666667,Medium
45519,24,13,8,3,2.65,Medium
45521,9,12,7,6,4.433333333,Medium
45524,15,14,6,7,2.2,Medium
45525,29,4,8,8,4.234482759,Medium
45530,11,5,4,7,3.727272727,Medium
45534,29,5,4,8,2.034482759,Medium
45536,17,1,4,2,3.564705882,Medium
45537,11,12,4,3,2.327272727,Medium
45539,21,2,7,7,4.528571429,Medium
45540,8,2,2,6,4.35,Medium
45541,19,2,4,7,3.178947368,Medium
45546,19,15,7,9,2.078947368,Medium
45547,16,12,7,9,2.975,Medium
45549,17,11,5,3,2.064705882,Medium
45550,15,14,7,1,2.7,Medium
45552,13,16,7,9,2.607692308,Medium
45554,15,9,9,2,4.7,Medium
45556,23,2,7,7,4.404347826,Medium
45558,23,12,9,1,3.404347826,Medium
45560,11,1,1,7,3.027272727,Medium
45561,18,16,9,2,2.966666667,Medium
45562,9,12,7,2,4.433333333,Medium
45563,9,5,3,6,3.833333333,Medium
45564,13,1,2,6,3.107692308,Medium
45565,21,8,6,1,2.828571429,Medium
45568,19,7,5,2,2.678947368,Medium
45572,21,14,7,2,2.128571429,Medium
45576,13,8,4,5,2.707692308,Medium
45577,8,10,4,9,3.75,Medium
45579,22,5,8,4,4.363636364,Medium
45582,21,14,9,9,3.128571429,Medium
45584,15,16,8,9,2.8,Medium
45589,8,2,1,7,3.85,Medium
45592,17,3,4,5,3.164705882,Medium
45593,12,11,9,9,4.8,Medium
45595,9,17,8,6,3.933333333,Medium
45596,13,17,7,1,2.407692308,Medium
45601,14,3,5,3,4.042857143,Medium
45603,25,4,4,9,2.4,Medium
45606,16,14,7,4,2.575,Medium
45608,11,3,1,8,2.627272727,Medium
45611,17,15,8,3,2.764705882,Medium
45614,25,4,7,3,3.9,Medium
45617,8,15,7,6,4.25,Medium
45619,24,8,5,4,2.15,Medium
45621,18,2,5,7,3.766666667,Medium
45623,15,12,5,9,2.1,Medium
45628,17,11,9,2,4.064705882,Medium
45632,15,11,9,2,4.3,Medium
45638,7,2,2,7,4.885714286,Medium
45640,8,7,3,1,3.85,Medium
45643,6,18,3,2,2.9,Medium
45646,25,9,8,6,3.4,Medium
45647,14,5,7,4,4.642857143,Medium
45649,9,13,4,8,2.733333333,Medium
45650,16,6,8,5,4.675,Medium
45661,12,3,6,3,4.9,Medium
45664,8,10,5,6,4.25,Medium
45665,21,12,8,3,3.028571429,Medium
45668,13,5,3,3,2.807692308,Medium
45669,21,12,9,4,3.528571429,Medium
45670,11,10,7,3,4.227272727,Medium
45674,11,10,6,3,3.727272727,Medium
45676,18,3,3,4,2.566666667,Medium
45678,11,13,5,3,2.627272727,Medium
45680,20,6,5,5,2.8,Medium
45682,10,19,7,8,2.7,Medium
45684,12,17,8,6,3.1,Medium
45687,22,4,7,7,4.063636364,Medium
45690,22,8,5,8,2.263636364,Medium
45691,13,10,5,3,2.807692308,Medium
45695,13,6,4,5,3.107692308,Medium
45699,23,12,9,5,3.404347826,Medium
45701,25,3,5,9,3.1,Medium
45702,18,16,9,4,2.966666667,Medium
45703,9,16,6,4,3.133333333,Medium
45705,18,14,9,7,3.366666667,Medium
45707,29,6,6,9,2.834482759,Medium
45710,19,3,8,8,4.978947368,Medium
45717,21,17,9,9,2.528571429,Medium
45718,6,6,1,2,4.3,Medium
45719,16,2,6,2,4.475,Medium
45720,19,8,6,9,2.978947368,Medium
45721,5,10,1,7,4.5,Medium
45722,5,16,2,1,3.8,Medium
45725,15,2,5,9,4.1,Medium
45726,23,2,7,4,4.404347826,Medium
45727,18,15,7,4,2.166666667,Medium
45730,9,12,6,4,3.933333333,Medium
45735,15,12,6,8,2.6,Medium
45737,6,6,1,3,4.3,Medium
45738,26,5,8,1,4.153846154,Medium
45742,12,16,6,2,2.3,Medium
45743,14,8,5,5,3.042857143,Medium
45750,29,3,6,9,3.434482759,Medium
45751,10,12,6,1,3.6,Medium
45753,18,3,5,6,3.566666667,Medium
45754,14,11,5,2,2.442857143,Medium
45757,12,3,5,6,4.4,Medium
45758,27,14,9,4,2.811111111,Medium
45759,27,6,8,2,3.911111111,Medium
45760,18,8,9,2,4.566666667,Medium
45761,13,2,4,4,3.907692308,Medium
45764,23,7,5,9,2.404347826,Medium
45766,12,3,3,1,3.4,Medium
45768,9,7,5,3,4.433333333,Medium
45774,21,12,9,5,3.528571429,Medium
45777,11,6,4,4,3.527272727,Medium
45779,11,4,5,1,4.427272727,Medium
45781,14,5,5,2,3.642857143,Medium
45782,29,5,5,1,2.534482759,Medium
45788,7,16,7,5,4.585714286,Medium
45789,16,17,8,6,2.475,Medium
45790,25,7,9,6,4.3,Medium
45798,14,1,4,1,3.942857143,Medium
45802,17,13,6,2,2.164705882,Medium
45803,13,10,9,6,4.807692308,Medium
45804,7,12,1,6,2.385714286,Medium
45806,12,6,2,1,2.3,Medium
45808,12,19,7,9,2.2,Medium
45809,24,8,6,5,2.65,Medium
45817,12,4,4,9,3.7,Medium
45818,8,11,6,8,4.55,Medium
45825,14,3,3,4,3.042857143,Medium
45826,24,4,7,2,3.95,Medium
45827,11,7,3,5,2.827272727,Medium
45829,13,5,2,9,2.307692308,Medium
45831,29,5,6,1,3.034482759,Medium
45832,5,16,4,8,4.8,Medium
45834,10,12,3,1,2.1,Medium
45835,16,10,5,2,2.375,Medium
45838,10,17,6,8,2.6,Medium
45840,23,12,8,7,2.904347826,Medium
45842,13,7,7,7,4.407692308,Medium
45843,15,3,7,8,4.9,Medium
45844,13,11,6,5,3.107692308,Medium
45845,29,4,9,9,4.734482759,Medium
45846,16,9,8,5,4.075,Medium
45850,16,6,8,7,4.675,Medium
45853,29,3,9,6,4.934482759,Medium
45854,8,13,7,9,4.65,Medium
45855,8,15,8,4,4.75,Medium
45856,19,2,5,4,3.678947368,Medium
45857,17,8,6,1,3.164705882,Medium
45862,20,7,4,1,2.1,Medium
45867,15,9,7,8,3.7,Medium
45872,6,3,1,8,4.9,Medium
45878,27,8,7,2,3.011111111,Medium
45880,16,4,4,9,3.075,Medium
45882,25,11,8,8,3,Medium
45883,12,12,7,3,3.6,Medium
45884,24,6,7,2,3.55,Medium
45885,21,4,7,8,4.128571429,Medium
45889,8,13,5,2,3.65,Medium
45892,29,3,7,7,3.934482759,Medium
45896,14,2,2,9,2.742857143,Medium
45898,23,4,3,1,2.004347826,Medium
45900,10,18,9,5,3.9,Medium
45902,15,10,7,4,3.5,Medium
45906,9,17,7,5,3.433333333,Medium
45907,17,15,8,9,2.764705882,Medium
45909,14,9,4,3,2.342857143,Medium
45913,10,13,7,2,3.9,Medium
45915,15,9,9,7,4.7,Medium
45916,25,2,7,7,4.3,Medium
45919,21,6,8,4,4.228571429,Medium
45923,25,9,6,8,2.4,Medium
45925,14,17,7,2,2.242857143,Medium
45927,11,12,7,4,3.827272727,Medium
45929,7,14,6,1,4.485714286,Medium
45936,20,15,9,4,3,Medium
45942,8,16,6,4,3.55,Medium
45943,25,1,7,9,4.5,Medium
45945,28,2,8,3,4.671428571,Medium
45946,15,9,4,1,2.2,Medium
45948,14,3,5,2,4.042857143,Medium
45955,15,7,8,7,4.6,Medium
45960,7,13,1,6,2.185714286,Medium
45961,10,14,8,4,4.2,Medium
45963,9,19,6,8,2.533333333,Medium
45964,25,4,6,6,3.4,Medium
45967,11,1,1,7,3.027272727,Medium
45970,6,13,1,9,2.9,Medium
45971,17,11,6,5,2.564705882,Medium
45975,6,10,3,9,4.5,Medium
45976,8,17,4,1,2.35,Medium
45979,7,8,1,6,3.185714286,Medium
45982,23,11,9,4,3.604347826,Medium
45993,10,17,6,8,2.6,Medium
45996,15,3,4,9,3.4,Medium
45997,24,18,9,6,2.15,Medium
46002,21,3,6,1,3.828571429,Medium
46004,26,3,4,6,2.553846154,Medium
46005,5,14,2,7,4.2,Medium
46007,26,6,9,2,4.453846154,Medium
46009,12,10,9,2,5,Medium
46019,18,17,8,1,2.266666667,Medium
46021,9,2,1,1,3.433333333,Medium
46028,23,1,6,2,4.104347826,Medium
46032,8,13,7,2,4.65,Medium
46034,9,3,2,6,3.733333333,Medium
46035,18,7,8,4,4.266666667,Medium
46037,11,14,5,7,2.427272727,Medium
46044,20,12,6,2,2.1,Medium
46047,29,5,4,5,2.034482759,Medium
46049,24,18,9,7,2.15,Medium
46055,10,5,1,2,2.5,Medium
46057,21,15,8,7,2.428571429,Medium
46061,23,3,7,5,4.204347826,Medium
46065,6,4,1,7,4.7,Medium
46067,8,3,3,8,4.65,Medium
46070,29,11,7,7,2.334482759,Medium
46071,7,19,8,5,4.485714286,Medium
46077,10,19,6,3,2.2,Medium
46078,10,1,1,2,3.3,Medium
46080,26,7,9,7,4.253846154,Medium
46083,24,4,9,6,4.95,Medium
46086,20,12,9,8,3.6,Medium
46087,22,8,7,8,3.263636364,Medium
46088,27,10,7,5,2.611111111,Medium
46089,17,19,9,1,2.464705882,Medium
46091,25,6,9,3,4.5,Medium
46097,23,16,9,7,2.604347826,Medium
46099,17,2,5,4,3.864705882,Medium
46100,20,13,8,6,2.9,Medium
46110,8,17,4,5,2.35,Medium
46113,10,11,7,4,4.3,Medium
46117,14,9,7,5,3.842857143,Medium
46118,14,13,9,2,4.042857143,Medium
46119,18,19,9,6,2.366666667,Medium
46121,17,8,5,3,2.664705882,Medium
46124,20,2,4,3,3.1,Medium
46125,16,8,4,9,2.275,Medium
46126,11,2,5,4,4.827272727,Medium
46129,20,9,8,2,3.7,Medium
46132,16,5,5,6,3.375,Medium
46134,19,2,4,1,3.178947368,Medium
46135,17,3,6,6,4.164705882,Medium
46136,14,5,2,1,2.142857143,Medium
46137,10,17,5,5,2.1,Medium
46143,24,13,9,4,3.15,Medium
46144,10,13,5,7,2.9,Medium
46145,25,9,6,6,2.4,Medium
46147,28,8,9,5,3.971428571,Medium
46148,12,16,9,7,3.8,Medium
46150,15,3,2,7,2.4,Medium
46151,16,3,4,3,3.275,Medium
46152,14,2,1,4,2.242857143,Medium
46153,15,17,8,9,2.6,Medium
46158,14,14,9,1,3.842857143,Medium
46159,8,13,2,9,2.15,Medium
46162,9,6,2,2,3.133333333,Medium
46163,16,9,7,7,3.575,Medium
46165,18,2,6,4,4.266666667,Medium
46166,21,12,6,8,2.028571429,Medium
46169,8,18,7,4,3.65,Medium
46171,29,11,9,2,3.334482759,Medium
46172,10,16,7,6,3.3,Medium
46174,27,12,8,9,2.711111111,Medium
46182,13,13,6,4,2.707692308,Medium
46183,10,5,3,2,3.5,Medium
46184,11,4,4,2,3.927272727,Medium
46185,8,15,4,2,2.75,Medium
46187,28,7,6,7,2.671428571,Medium
46189,8,1,1,3,4.05,Medium
46191,25,17,9,6,2.3,Medium
46192,11,4,6,3,4.927272727,Medium
46195,21,5,7,4,3.928571429,Medium
46197,8,18,7,4,3.65,Medium
46198,19,1,5,9,3.878947368,Medium
46199,19,8,7,3,3.478947368,Medium
46200,28,9,8,3,3.271428571,Medium
46202,27,4,6,5,3.311111111,Medium
46205,7,12,5,1,4.385714286,Medium
46207,18,15,8,7,2.666666667,Medium
46209,18,16,9,2,2.966666667,Medium
46210,17,16,9,5,3.064705882,Medium
46211,11,5,1,2,2.227272727,Medium
46212,7,14,4,2,3.485714286,Medium
46213,14,14,6,4,2.342857143,Medium
46217,21,10,8,8,3.428571429,Medium
46222,22,8,7,3,3.263636364,Medium
46225,11,3,3,7,3.627272727,Medium
46228,21,15,9,1,2.928571429,Medium
46229,29,6,9,5,4.334482759,Medium
46230,24,8,7,4,3.15,Medium
46233,11,18,8,6,3.127272727,Medium
46234,12,5,5,9,4,Medium
46236,4,19,1,7,4.2,Medium
46238,6,16,5,1,4.3,Medium
46239,11,2,3,5,3.827272727,Medium
46247,11,14,7,3,3.427272727,Medium
46249,13,7,8,3,4.907692308,Medium
46253,15,10,6,3,3,Medium
46254,12,14,5,2,2.2,Medium
46257,15,8,6,7,3.4,Medium
46258,14,6,8,9,4.942857143,Medium
46259,23,15,8,6,2.304347826,Medium
46261,22,13,9,5,3.263636364,Medium
46262,24,6,5,3,2.55,Medium
46265,11,3,1,6,2.627272727,Medium
46268,19,8,6,7,2.978947368,Medium
46271,8,10,6,8,4.75,Medium
46273,24,8,9,1,4.15,Medium
46274,29,15,8,6,2.034482759,Medium
46275,6,8,1,5,3.9,Medium
46277,26,3,3,5,2.053846154,Medium
46282,16,14,7,1,2.575,Medium
46288,27,1,3,9,2.411111111,Medium
46290,18,18,9,1,2.566666667,Medium
46291,6,13,5,3,4.9,Medium
46296,21,14,8,7,2.628571429,Medium
46297,13,11,8,6,4.107692308,Medium
46302,12,1,4,6,4.3,Medium
46303,28,4,8,3,4.271428571,Medium
46307,9,6,4,3,4.133333333,Medium
46309,17,9,5,2,2.464705882,Medium
46310,20,3,5,5,3.4,Medium
46312,9,6,4,3,4.133333333,Medium
46313,13,11,4,3,2.107692308,Medium
46314,15,3,4,9,3.4,Medium
46315,12,14,8,2,3.7,Medium
46318,15,12,6,8,2.6,Medium
46319,25,5,8,6,4.2,Medium
46320,12,14,9,2,4.2,Medium
46322,17,6,7,7,4.064705882,Medium
46323,10,16,8,3,3.8,Medium
46325,20,8,8,7,3.9,Medium
46326,26,11,8,7,2.953846154,Medium
46329,11,4,3,8,3.427272727,Medium
46330,22,13,8,2,2.763636364,Medium
46331,18,13,8,5,3.066666667,Medium
46333,12,9,4,9,2.7,Medium
46339,11,12,6,5,3.327272727,Medium
46341,15,10,6,6,3,Medium
46343,28,5,7,7,3.571428571,Medium
46347,13,14,7,8,3.007692308,Medium
46348,17,9,9,5,4.464705882,Medium
46349,10,13,5,7,2.9,Medium
46350,29,1,4,8,2.834482759,Medium
46351,17,8,4,7,2.164705882,Medium
46355,22,11,9,1,3.663636364,Medium
46358,26,3,7,1,4.053846154,Medium
46361,24,3,7,7,4.15,Medium
46366,7,18,7,6,4.185714286,Medium
46370,11,10,5,4,3.227272727,Medium
46371,10,3,4,1,4.4,Medium
46376,13,5,6,1,4.307692308,Medium
46379,7,18,6,1,3.685714286,Medium
46381,24,4,8,5,4.45,Medium
46382,17,1,4,8,3.564705882,Medium
46384,7,8,3,2,4.185714286,Medium
46386,24,16,8,3,2.05,Medium
46389,21,2,5,9,3.528571429,Medium
46390,8,18,6,7,3.15,Medium
46393,19,18,9,3,2.478947368,Medium
46394,9,6,5,4,4.633333333,Medium
46399,27,5,7,1,3.611111111,Medium
46400,16,5,7,3,4.375,Medium
46406,9,10,4,4,3.333333333,Medium
46407,12,7,7,5,4.6,Medium
46410,12,11,5,2,2.8,Medium
46411,22,9,7,4,3.063636364,Medium
46412,26,1,3,1,2.453846154,Medium
46414,26,11,9,2,3.453846154,Medium
46415,28,4,5,7,2.771428571,Medium
46418,11,12,4,8,2.327272727,Medium
46421,25,3,4,9,2.6,Medium
46422,9,16,8,7,4.133333333,Medium
46428,18,13,7,4,2.566666667,Medium
46430,10,16,5,8,2.3,Medium
46433,11,9,8,1,4.927272727,Medium
46434,7,13,4,1,3.685714286,Medium
46435,5,13,3,4,4.9,Medium
46437,16,1,5,5,4.175,Medium
46444,15,10,5,6,2.5,Medium
46452,5,19,5,9,4.7,Medium
46454,21,10,8,2,3.428571429,Medium
46457,18,8,5,5,2.566666667,Medium
46458,5,18,5,9,4.9,Medium
46461,19,10,8,5,3.578947368,Medium
46462,23,7,7,7,3.404347826,Medium
46470,24,10,9,9,3.75,Medium
46472,9,14,7,9,4.033333333,Medium
46473,16,11,9,6,4.175,Medium
46476,13,19,8,4,2.507692308,Medium
46477,16,2,5,7,3.975,Medium
46481,29,1,5,5,3.334482759,Medium
46488,21,15,9,6,2.928571429,Medium
46489,26,11,9,6,3.453846154,Medium
46490,20,17,9,8,2.6,Medium
46491,10,9,4,9,3.2,Medium
46494,16,15,9,9,3.375,Medium
46497,19,4,6,3,3.778947368,Medium
46498,11,3,1,8,2.627272727,Medium
46499,21,7,5,5,2.528571429,Medium
46505,28,4,4,9,2.271428571,Medium
46507,25,2,7,2,4.3,Medium
46513,9,8,5,5,4.233333333,Medium
46518,6,12,2,6,3.6,Medium
46520,14,14,8,5,3.342857143,Medium
46522,16,12,7,6,2.975,Medium
46529,10,11,3,4,2.3,Medium
46531,16,9,7,9,3.575,Medium
46532,29,1,6,1,3.834482759,Medium
46538,8,7,2,6,3.35,Medium
46539,26,6,5,5,2.453846154,Medium
46540,9,10,2,6,2.333333333,Medium
46543,12,7,4,5,3.1,Medium
46544,13,14,7,8,3.007692308,Medium
46545,18,8,6,2,3.066666667,Medium
46546,18,11,7,9,2.966666667,Medium
46549,26,10,7,6,2.653846154,Medium
46551,29,6,7,5,3.334482759,Medium
46556,21,17,8,3,2.028571429,Medium
46557,7,15,2,8,2.285714286,Medium
46558,15,4,5,6,3.7,Medium
46560,18,1,2,3,2.466666667,Medium
46562,14,10,4,1,2.142857143,Medium
46564,5,17,3,2,4.1,Medium
46566,16,17,8,7,2.475,Medium
46567,12,5,3,5,3,Medium
46568,26,7,6,4,2.753846154,Medium
46569,13,15,9,7,3.807692308,Medium
46570,4,17,1,7,4.6,Medium
46572,9,14,4,1,2.533333333,Medium
46574,4,15,1,3,5,Medium
46576,4,18,1,7,4.4,Medium
46577,27,10,8,8,3.111111111,Medium
46582,14,7,8,3,4.742857143,Medium
46584,11,17,9,6,3.827272727,Medium
46591,29,7,7,9,3.134482759,Medium
46592,5,17,1,7,3.1,Medium
46594,22,11,6,6,2.163636364,Medium
46596,8,15,4,5,2.75,Medium
46597,28,10,9,2,3.571428571,Medium
46600,18,13,9,8,3.566666667,Medium
46601,15,13,8,3,3.4,Medium
46603,7,11,3,2,3.585714286,Medium
46605,28,11,8,9,2.871428571,Medium
46607,18,7,7,9,3.766666667,Medium
46613,23,5,8,8,4.304347826,Medium
46619,26,1,5,3,3.453846154,Medium
46620,29,5,6,5,3.034482759,Medium
46621,13,4,6,8,4.507692308,Medium
46622,28,8,8,4,3.471428571,Medium
46623,10,16,9,2,4.3,Medium
46625,22,1,2,9,2.163636364,Medium
46626,21,10,7,3,2.928571429,Medium
46627,19,1,5,7,3.878947368,Medium
46630,7,5,3,8,4.785714286,Medium
46633,17,2,6,2,4.364705882,Medium
46634,13,9,6,6,3.507692308,Medium
46635,5,17,4,4,4.6,Medium
46637,25,11,8,2,3,Medium
46641,6,12,2,5,3.6,Medium
46644,26,5,6,5,3.153846154,Medium
46646,15,1,3,3,3.3,Medium
46647,10,12,6,1,3.6,Medium
46650,17,5,6,9,3.764705882,Medium
46651,16,13,8,4,3.275,Medium
46653,7,14,2,4,2.485714286,Medium
46656,18,11,7,3,2.966666667,Medium
46658,12,14,7,1,3.2,Medium
46659,20,2,4,9,3.1,Medium
46661,12,14,8,7,3.7,Medium
46664,26,1,5,1,3.453846154,Medium
46666,13,8,8,2,4.707692308,Medium
46667,12,4,5,3,4.2,Medium
46669,19,6,9,3,4.878947368,Medium
46672,10,9,3,3,2.7,Medium
46673,7,10,3,3,3.785714286,Medium
46675,24,1,4,2,3.05,Medium
46676,10,18,6,9,2.4,Medium
46678,15,15,8,1,3,Medium
46679,20,2,4,4,3.1,Medium
46686,15,13,8,8,3.4,Medium
46687,17,10,5,6,2.264705882,Medium
46688,14,9,8,3,4.342857143,Medium
46692,16,9,4,3,2.075,Medium
46693,18,5,6,4,3.666666667,Medium
46696,19,6,4,1,2.378947368,Medium
46700,27,9,9,7,3.811111111,Medium
46701,24,5,4,7,2.25,Medium
46702,26,4,4,1,2.353846154,Medium
46706,25,10,8,3,3.2,Medium
46707,15,19,8,6,2.2,Medium
46725,21,13,9,9,3.328571429,Medium
46728,9,5,5,1,4.833333333,Medium
46730,24,5,4,6,2.25,Medium
46731,19,6,4,8,2.378947368,Medium
46732,22,2,4,5,2.963636364,Medium
46734,12,12,6,4,3.1,Medium
46738,29,8,7,6,2.934482759,Medium
46741,14,6,5,6,3.442857143,Medium
46745,9,5,1,9,2.833333333,Medium
46746,10,19,9,4,3.7,Medium
46750,23,5,7,6,3.804347826,Medium
46752,7,17,4,2,2.885714286,Medium
46753,10,17,5,2,2.1,Medium
46755,21,6,8,4,4.228571429,Medium
46759,14,5,6,2,4.142857143,Medium
46760,29,11,8,1,2.834482759,Medium
46761,10,11,4,5,2.8,Medium
46762,20,8,8,5,3.9,Medium
46767,13,17,9,5,3.407692308,Medium
46773,15,18,9,9,2.9,Medium
46776,14,17,9,8,3.242857143,Medium
46777,7,15,4,9,3.285714286,Medium
46778,16,2,2,2,2.475,Medium
46780,13,12,5,8,2.407692308,Medium
46781,27,17,9,4,2.211111111,Medium
46782,19,8,5,5,2.478947368,Medium
46783,19,2,5,9,3.678947368,Medium
46788,14,7,3,6,2.242857143,Medium
46790,12,2,4,2,4.1,Medium
46794,10,10,6,6,4,Medium
46798,7,5,1,1,3.785714286,Medium
46803,12,14,9,7,4.2,Medium
46805,17,8,4,2,2.164705882,Medium
46806,21,13,9,4,3.328571429,Medium
46808,15,3,3,2,2.9,Medium
46813,19,14,9,1,3.278947368,Medium
46816,15,10,7,6,3.5,Medium
46821,26,2,4,5,2.753846154,Medium
46826,10,3,1,1,2.9,Medium
46827,16,13,9,8,3.775,Medium
46829,15,1,4,8,3.8,Medium
46830,23,9,5,5,2.004347826,Medium
46834,20,12,6,7,2.1,Medium
46836,17,5,8,2,4.764705882,Medium
46837,17,15,7,4,2.264705882,Medium
46838,13,12,9,3,4.407692308,Medium
46840,9,3,3,3,4.233333333,Medium
46846,17,4,7,6,4.464705882,Medium
46848,23,17,9,1,2.404347826,Medium
46850,9,19,8,9,3.533333333,Medium
46855,12,5,5,1,4,Medium
46860,20,3,4,8,2.9,Medium
46863,18,3,4,2,3.066666667,Medium
46866,19,14,9,4,3.278947368,Medium
46873,25,13,9,9,3.1,Medium
46874,23,6,4,3,2.104347826,Medium
46876,14,10,4,8,2.142857143,Medium
46880,10,5,5,7,4.5,Medium
46881,19,7,5,9,2.678947368,Medium
46882,14,11,5,3,2.442857143,Medium
46884,12,15,6,8,2.5,Medium
46888,17,8,8,2,4.164705882,Medium
46891,27,13,8,9,2.511111111,Medium
46893,12,5,5,5,4,Medium
46897,26,9,8,3,3.353846154,Medium
46901,10,2,2,8,3.6,Medium
46902,23,4,8,3,4.504347826,Medium
46903,11,4,5,7,4.427272727,Medium
46906,6,8,2,9,4.4,Medium
46907,15,13,7,5,2.9,Medium
46911,18,4,7,4,4.366666667,Medium
46913,8,6,3,1,4.05,Medium
46915,5,19,3,8,3.7,Medium
46916,16,1,2,9,2.675,Medium
46917,22,9,8,7,3.563636364,Medium
46918,22,16,8,2,2.163636364,Medium
46920,16,18,8,3,2.275,Medium
46922,26,5,8,8,4.153846154,Medium
46924,29,3,4,4,2.434482759,Medium
46925,27,3,3,8,2.011111111,Medium
46926,20,8,5,8,2.4,Medium
46928,28,2,3,3,2.171428571,Medium
46930,8,5,1,6,3.25,Medium
46932,8,8,1,2,2.65,Medium
46933,16,19,9,4,2.575,Medium
46934,11,11,4,5,2.527272727,Medium
46936,9,14,3,6,2.033333333,Medium
46937,22,2,6,3,3.963636364,Medium
46938,12,8,8,5,4.9,Medium
46939,10,2,2,8,3.6,Medium
46940,26,3,7,8,4.053846154,Medium
46942,13,10,4,9,2.307692308,Medium
46945,21,12,7,8,2.528571429,Medium
46948,8,12,3,8,2.85,Medium
46950,13,12,5,1,2.407692308,Medium
46951,25,1,7,9,4.5,Medium
46952,14,7,8,8,4.742857143,Medium
46958,27,2,7,9,4.211111111,Medium
46961,21,3,3,2,2.328571429,Medium
46963,12,7,5,9,3.6,Medium
46972,16,2,5,6,3.975,Medium
46973,24,9,6,4,2.45,Medium
46979,9,7,6,3,4.933333333,Medium
46981,10,15,8,9,4,Medium
46982,23,19,9,9,2.004347826,Medium
46983,28,1,5,6,3.371428571,Medium
46985,9,12,3,6,2.433333333,Medium
46990,9,15,6,7,3.333333333,Medium
46991,20,3,7,4,4.4,Medium
46992,23,10,6,1,2.304347826,Medium
46995,8,15,5,9,3.25,Medium
46997,28,2,7,2,4.171428571,Medium
46999,15,10,5,6,2.5,Medium
47004,18,19,9,9,2.366666667,Medium
47006,23,2,3,1,2.404347826,Medium
47007,9,5,3,5,3.833333333,Medium
47008,27,8,8,1,3.511111111,Medium
47010,17,2,4,7,3.364705882,Medium
47014,18,13,6,8,2.066666667,Medium
47015,19,8,8,3,3.978947368,Medium
47016,16,9,7,8,3.575,Medium
47017,13,13,6,3,2.707692308,Medium
47018,6,11,4,8,4.8,Medium
47022,25,4,8,9,4.4,Medium
47024,14,9,8,8,4.342857143,Medium
47025,8,18,5,1,2.65,Medium
47028,19,3,4,6,2.978947368,Medium
47029,19,5,3,2,2.078947368,Medium
47032,19,4,3,6,2.278947368,Medium
47034,20,6,8,1,4.3,Medium
47035,15,6,5,8,3.3,Medium
47041,11,12,7,6,3.827272727,Medium
47043,24,10,7,8,2.75,Medium
47044,19,4,6,6,3.778947368,Medium
47048,7,13,2,8,2.685714286,Medium
47049,13,2,3,3,3.407692308,Medium
47050,28,2,6,9,3.671428571,Medium
47051,11,15,5,3,2.227272727,Medium
47052,12,9,7,9,4.2,Medium
47054,9,5,5,5,4.833333333,Medium
47055,26,2,7,6,4.253846154,Medium
47057,7,18,4,3,2.685714286,Medium
47058,10,12,8,2,4.6,Medium
47062,17,13,6,2,2.164705882,Medium
47064,11,7,7,6,4.827272727,Medium
47066,17,10,8,1,3.764705882,Medium
47068,6,7,1,9,4.1,Medium
47069,19,11,8,8,3.378947368,Medium
47070,12,16,6,5,2.3,Medium
47075,17,3,6,9,4.164705882,Medium
47076,6,15,4,3,4,Medium
47080,22,11,6,7,2.163636364,Medium
47081,11,4,5,4,4.427272727,Medium
47082,9,18,5,6,2.233333333,Medium
47083,28,8,7,6,2.971428571,Medium
47084,16,19,8,8,2.075,Medium
47085,25,11,9,2,3.5,Medium
47089,11,1,4,5,4.527272727,Medium
47090,6,15,3,9,3.5,Medium
47094,13,8,6,3,3.707692308,Medium
47099,27,4,4,2,2.311111111,Medium
47104,29,14,9,9,2.734482759,Medium
47105,28,4,5,4,2.771428571,Medium
47106,6,19,5,9,3.7,Medium
47108,5,19,2,8,3.2,Medium
47112,10,5,6,3,5,Medium
47114,5,13,3,2,4.9,Medium
47115,26,4,5,1,2.853846154,Medium
47118,29,3,4,8,2.434482759,Medium
47121,26,8,7,4,3.053846154,Medium
47122,28,9,9,9,3.771428571,Medium
47127,27,2,4,5,2.711111111,Medium
47128,7,11,4,4,4.085714286,Medium
47129,15,7,6,2,3.6,Medium
47130,20,5,5,2,3,Medium
47131,27,3,6,2,3.511111111,Medium
47132,11,15,6,7,2.727272727,Medium
47137,12,4,1,1,2.2,Medium
47138,18,3,2,8,2.066666667,Medium
47139,26,5,7,2,3.653846154,Medium
47141,15,8,8,7,4.4,Medium
47145,25,12,9,9,3.3,Medium
47149,20,8,6,6,2.9,Medium
47150,9,16,4,3,2.133333333,Medium
47154,14,7,8,7,4.742857143,Medium
47157,12,19,8,1,2.7,Medium
47158,19,3,7,5,4.478947368,Medium
47159,23,14,9,2,3.004347826,Medium
47160,7,6,1,6,3.585714286,Medium
47168,20,4,6,7,3.7,Medium
47169,12,3,4,1,3.9,Medium
47172,8,16,4,1,2.55,Medium
47173,16,8,9,6,4.775,Medium
47176,17,7,6,4,3.364705882,Medium
47177,16,14,9,1,3.575,Medium
47181,9,4,3,6,4.033333333,Medium
47184,14,2,2,8,2.742857143,Medium
47193,6,5,2,6,5,Medium
47195,6,13,2,3,3.4,Medium
47196,8,8,4,8,4.15,Medium
47197,20,12,8,8,3.1,Medium
47199,11,11,4,1,2.527272727,Medium
47200,28,12,9,9,3.171428571,Medium
47201,13,7,8,9,4.907692308,Medium
47206,24,6,6,2,3.05,Medium
47207,21,15,8,3,2.428571429,Medium
47208,18,8,9,2,4.566666667,Medium
47217,5,17,3,7,4.1,Medium
47219,14,4,6,2,4.342857143,Medium
47220,14,4,3,2,2.842857143,Medium
47225,7,8,4,1,4.685714286,Medium
47228,24,2,5,3,3.35,Medium
47234,27,8,8,1,3.511111111,Medium
47238,29,14,8,4,2.234482759,Medium
47239,12,12,7,9,3.6,Medium
47240,21,13,9,7,3.328571429,Medium
47242,23,5,4,9,2.304347826,Medium
47243,21,15,9,9,2.928571429,Medium
47244,22,4,4,4,2.563636364,Medium
47245,8,14,5,4,3.45,Medium
47246,6,12,3,3,4.1,Medium
47248,22,7,5,6,2.463636364,Medium
47249,22,8,9,1,4.263636364,Medium
47250,18,10,7,8,3.166666667,Medium
47253,11,11,7,4,4.027272727,Medium
47261,17,16,9,4,3.064705882,Medium
47265,20,8,6,9,2.9,Medium
47266,18,15,7,9,2.166666667,Medium
47267,13,10,9,6,4.807692308,Medium
47268,11,10,4,4,2.727272727,Medium
47270,27,15,9,4,2.611111111,Medium
47275,20,1,2,2,2.3,Medium
47276,9,12,5,3,3.433333333,Medium
47280,26,8,5,8,2.053846154,Medium
47283,29,3,7,1,3.934482759,Medium
47291,21,14,9,5,3.128571429,Medium
47294,16,3,3,7,2.775,Medium
47295,18,11,7,2,2.966666667,Medium
47296,13,16,6,3,2.107692308,Medium
47301,17,1,4,3,3.564705882,Medium
47306,15,2,5,3,4.1,Medium
47308,16,9,5,5,2.575,Medium
47310,7,15,2,4,2.285714286,Medium
47318,16,4,7,5,4.575,Medium
47320,10,7,2,1,2.6,Medium
47321,21,5,5,3,2.928571429,Medium
47323,17,13,8,5,3.164705882,Medium
47324,11,19,8,4,2.927272727,Medium
47333,29,9,6,9,2.234482759,Medium
47339,22,13,8,3,2.763636364,Medium
47344,23,9,9,9,4.004347826,Medium
47345,12,1,2,5,3.3,Medium
47348,7,16,6,3,4.085714286,Medium
47352,18,15,8,7,2.666666667,Medium
47354,20,2,5,8,3.6,Medium
47355,10,3,2,2,3.4,Medium
47359,25,16,9,7,2.5,Medium
47361,18,6,4,6,2.466666667,Medium
47364,9,8,6,9,4.733333333,Medium
47365,8,10,1,9,2.25,Medium
47373,21,11,8,8,3.228571429,Medium
47379,11,4,3,8,3.427272727,Medium
47381,26,11,8,2,2.953846154,Medium
47383,25,6,6,1,3,Medium
47384,28,3,6,8,3.471428571,Medium
47388,21,5,5,1,2.928571429,Medium
47390,5,14,1,4,3.7,Medium
47391,9,6,3,7,3.633333333,Medium
47395,15,8,9,5,4.9,Medium
47404,17,8,8,2,4.164705882,Medium
47405,17,4,8,3,4.964705882,Medium
47407,5,18,5,2,4.9,Medium
47416,8,10,5,8,4.25,Medium
47418,23,9,5,5,2.004347826,Medium
47419,29,11,8,9,2.834482759,Medium
47422,9,7,5,1,4.433333333,Medium
47423,12,5,4,1,3.5,Medium
47425,16,17,9,8,2.975,Medium
47426,23,15,8,2,2.304347826,Medium
47427,25,2,4,8,2.8,Medium
47428,17,3,3,5,2.664705882,Medium
47433,27,8,5,6,2.011111111,Medium
47436,16,8,7,1,3.775,Medium
47437,22,1,3,5,2.663636364,Medium
47438,15,7,8,4,4.6,Medium
47440,27,7,7,8,3.211111111,Medium
47447,9,7,3,9,3.433333333,Medium
47450,17,14,9,9,3.464705882,Medium
47457,7,13,1,9,2.185714286,Medium
47460,18,5,5,9,3.166666667,Medium
47461,12,17,9,1,3.6,Medium
47464,12,1,2,8,3.3,Medium
47467,14,2,1,1,2.242857143,Medium
47469,22,2,8,8,4.963636364,Medium
47470,29,1,4,7,2.834482759,Medium
47471,11,18,6,7,2.127272727,Medium
47474,9,11,6,4,4.133333333,Medium
47477,29,11,9,9,3.334482759,Medium
47479,12,8,6,4,3.9,Medium
47483,19,12,7,5,2.678947368,Medium
47485,9,10,7,1,4.833333333,Medium
47488,18,6,6,2,3.466666667,Medium
47490,17,8,7,3,3.664705882,Medium
47492,9,8,1,4,2.233333333,Medium
47494,25,10,6,9,2.2,Medium
47496,8,18,7,6,3.65,Medium
47497,12,8,7,9,4.4,Medium
47503,16,9,7,7,3.575,Medium
47508,16,2,5,9,3.975,Medium
47512,21,10,8,3,3.428571429,Medium
47514,11,6,2,3,2.527272727,Medium
47515,7,8,4,1,4.685714286,Medium
47516,14,6,8,5,4.942857143,Medium
47517,16,11,7,7,3.175,Medium
47519,23,11,8,2,3.104347826,Medium
47522,8,2,1,3,3.85,Medium
47526,23,3,8,5,4.704347826,Medium
47528,19,3,4,6,2.978947368,Medium
47530,18,12,7,3,2.766666667,Medium
47532,10,16,7,7,3.3,Medium
47535,23,5,5,5,2.804347826,Medium
47537,18,7,5,3,2.766666667,Medium
47539,29,1,6,9,3.834482759,Medium
47545,22,2,7,8,4.463636364,Medium
47546,13,11,6,8,3.107692308,Medium
47547,7,8,1,5,3.185714286,Medium
47551,23,12,9,5,3.404347826,Medium
47552,14,5,2,3,2.142857143,Medium
47554,28,1,3,9,2.371428571,Medium
47556,16,3,7,3,4.775,Medium
47559,16,4,4,4,3.075,Medium
47562,12,6,6,6,4.3,Medium
47563,24,8,6,3,2.65,Medium
47564,20,1,2,3,2.3,Medium
47568,12,3,2,1,2.9,Medium
47571,20,4,7,2,4.2,Medium
47572,22,1,2,3,2.163636364,Medium
47574,25,10,6,2,2.2,Medium
47576,16,18,8,2,2.275,Medium
47577,23,6,5,7,2.604347826,Medium
47578,17,11,8,3,3.564705882,Medium
47581,14,12,5,3,2.242857143,Medium
47583,9,12,8,1,4.933333333,Medium
47584,9,12,4,3,2.933333333,Medium
47585,10,12,4,7,2.6,Medium
47586,22,17,9,6,2.463636364,Medium
47587,29,11,7,5,2.334482759,Medium
47588,23,15,8,6,2.304347826,Medium
47594,11,8,5,6,3.627272727,Medium
47595,25,4,5,5,2.9,Medium
47598,23,4,8,2,4.504347826,Medium
47600,6,18,3,6,2.9,Medium
47601,10,8,7,5,4.9,Medium
47602,27,9,6,3,2.311111111,Medium
47603,13,13,8,6,3.707692308,Medium
47604,29,3,4,2,2.434482759,Medium
47605,18,9,9,2,4.366666667,Medium
47607,20,12,6,8,2.1,Medium
47608,9,19,5,6,2.033333333,Medium
47610,25,4,6,2,3.4,Medium
47611,19,2,5,6,3.678947368,Medium
47612,6,14,2,6,3.2,Medium
47614,13,9,8,2,4.507692308,Medium
47615,11,14,7,5,3.427272727,Medium
47618,4,18,1,9,4.4,Medium
47620,14,2,6,6,4.742857143,Medium
47621,19,6,6,3,3.378947368,Medium
47622,8,9,4,5,3.95,Medium
47623,11,17,6,4,2.327272727,Medium
47625,9,14,3,8,2.033333333,Medium
47626,16,19,9,6,2.575,Medium
47628,20,14,7,6,2.2,Medium
47630,29,17,9,5,2.134482759,Medium
47631,20,1,3,6,2.8,Medium
47632,20,3,5,6,3.4,Medium
47633,10,9,3,2,2.7,Medium
47639,9,15,7,7,3.833333333,Medium
47641,26,4,8,8,4.353846154,Medium
47642,17,2,7,1,4.864705882,Medium
47643,24,12,7,8,2.35,Medium
47646,17,5,4,7,2.764705882,Medium
47650,19,4,6,3,3.778947368,Medium
47652,14,3,6,5,4.542857143,Medium
47653,9,19,6,9,2.533333333,Medium
47654,19,15,9,6,3.078947368,Medium
47659,9,11,4,8,3.133333333,Medium
47662,9,14,7,4,4.033333333,Medium
47665,13,13,8,4,3.707692308,Medium
47669,12,3,2,9,2.9,Medium
47672,18,10,8,8,3.666666667,Medium
47675,7,14,5,9,3.985714286,Medium
47678,27,3,3,2,2.011111111,Medium
47679,14,4,3,6,2.842857143,Medium
47687,23,13,7,9,2.204347826,Medium
47688,29,3,5,4,2.934482759,Medium
47691,21,17,8,4,2.028571429,Medium
47692,21,3,6,1,3.828571429,Medium
47694,22,10,8,1,3.363636364,Medium
47697,12,14,9,1,4.2,Medium
47704,26,2,7,9,4.253846154,Medium
47712,29,1,8,1,4.834482759,Medium
47715,25,2,5,5,3.3,Medium
47716,17,13,6,3,2.164705882,Medium
47720,13,4,6,1,4.507692308,Medium
47721,18,6,4,9,2.466666667,Medium
47728,17,13,7,5,2.664705882,Medium
47730,17,10,6,4,2.764705882,Medium
47731,10,8,2,5,2.4,Medium
47732,8,2,3,4,4.85,Medium
47733,20,4,3,2,2.2,Medium
47737,19,8,7,6,3.478947368,Medium
47738,23,1,7,6,4.604347826,Medium
47739,12,1,4,6,4.3,Medium
47742,18,3,3,6,2.566666667,Medium
47744,15,2,6,9,4.6,Medium
47749,23,9,5,6,2.004347826,Medium
47750,14,5,2,9,2.142857143,Medium
47753,28,6,6,1,2.871428571,Medium
47754,20,5,5,1,3,Medium
47758,16,12,7,6,2.975,Medium
47761,16,3,3,3,2.775,Medium
47766,23,16,9,5,2.604347826,Medium
47767,7,2,1,2,4.385714286,Medium
47771,13,17,8,9,2.907692308,Medium
47775,7,12,4,1,3.885714286,Medium
47776,8,8,3,7,3.65,Medium
47777,26,14,8,9,2.353846154,Medium
47778,21,4,6,5,3.628571429,Medium
47784,28,1,8,1,4.871428571,Medium
47785,21,5,7,2,3.928571429,Medium
47786,18,13,8,3,3.066666667,Medium
47790,21,8,9,7,4.328571429,Medium
47792,17,15,9,1,3.264705882,Medium
47796,29,4,4,8,2.234482759,Medium
47797,18,12,7,6,2.766666667,Medium
47799,27,4,7,8,3.811111111,Medium
47802,18,8,7,1,3.566666667,Medium
47804,6,19,4,2,3.2,Medium
47805,25,5,4,8,2.2,Medium
47813,9,10,7,2,4.833333333,Medium
47819,9,10,7,2,4.833333333,Medium
47822,13,19,9,3,3.007692308,Medium
47825,13,14,9,8,4.007692308,Medium
47829,9,17,7,4,3.433333333,Medium
47831,19,12,6,4,2.178947368,Medium
47832,26,8,9,7,4.053846154,Medium
47835,6,9,2,6,4.2,Medium
47838,18,2,3,5,2.766666667,Medium
47839,9,7,3,4,3.433333333,Medium
47844,8,13,4,4,3.15,Medium
47845,18,1,6,5,4.466666667,Medium
47848,6,19,2,3,2.2,Medium
47851,7,1,1,4,4.585714286,Medium
47856,7,10,5,7,4.785714286,Medium
47857,25,11,9,5,3.5,Medium
47860,25,6,6,9,3,Medium
47864,9,14,5,3,3.033333333,Medium
47865,15,9,8,5,4.2,Medium
47867,18,3,6,7,4.066666667,Medium
47868,22,9,9,6,4.063636364,Medium
47869,13,13,9,3,4.207692308,Medium
47870,6,13,3,1,3.9,Medium
47871,19,10,5,4,2.078947368,Medium
47873,13,17,7,2,2.407692308,Medium
47874,14,12,9,2,4.242857143,Medium
47876,12,8,4,1,2.9,Medium
47878,16,4,3,1,2.575,Medium
47879,9,2,3,5,4.433333333,Medium
47889,25,5,5,1,2.7,Medium
47896,20,16,9,1,2.8,Medium
47897,20,6,6,7,3.3,Medium
47904,8,17,8,6,4.35,Medium
47905,28,3,6,3,3.471428571,Medium
47906,28,5,9,7,4.571428571,Medium
47912,14,10,6,8,3.142857143,Medium
47914,25,2,5,8,3.3,Medium
47915,10,10,8,4,5,Medium
47916,29,3,5,6,2.934482759,Medium
47917,20,8,7,7,3.4,Medium
47924,16,9,8,3,4.075,Medium
47926,25,2,7,6,4.3,Medium
47927,20,7,5,4,2.6,Medium
47928,24,6,4,8,2.05,Medium
47932,27,5,8,9,4.111111111,Medium
47934,23,3,8,6,4.704347826,Medium
47936,7,18,7,5,4.185714286,Medium
47939,15,7,6,2,3.6,Medium
47940,25,9,7,2,2.9,Medium
47941,11,5,6,1,4.727272727,Medium
47944,14,9,7,1,3.842857143,Medium
47948,17,14,7,4,2.464705882,Medium
47952,5,12,1,3,4.1,Medium
47956,17,10,8,9,3.764705882,Medium
47957,28,12,8,2,2.671428571,Medium
47958,18,18,8,4,2.066666667,Medium
47959,28,12,9,9,3.171428571,Medium
47960,10,19,6,3,2.2,Medium
47973,9,2,2,4,3.933333333,Medium
47974,9,12,6,8,3.933333333,Medium
47984,11,16,9,7,4.027272727,Medium
47985,29,2,6,5,3.634482759,Medium
47986,11,7,6,5,4.327272727,Medium
47987,29,7,9,9,4.134482759,Medium
47990,28,6,5,6,2.371428571,Medium
47996,16,13,8,5,3.275,Medium
48007,10,14,7,5,3.7,Medium
48008,12,8,5,1,3.4,Medium
48010,9,9,5,6,4.033333333,Medium
48014,19,6,7,3,3.878947368,Medium
48015,6,10,2,2,4,Medium
48016,7,15,6,1,4.285714286,Medium
48020,15,8,9,8,4.9,Medium
48021,21,9,6,5,2.628571429,Medium
48025,17,5,6,5,3.764705882,Medium
48031,12,5,6,9,4.5,Medium
48032,11,4,6,6,4.927272727,Medium
48033,16,6,3,5,2.175,Medium
48034,14,5,2,2,2.142857143,Medium
48038,19,1,4,3,3.378947368,Medium
48041,9,9,4,9,3.533333333,Medium
48043,17,4,5,9,3.464705882,Medium
48046,10,3,2,4,3.4,Medium
48051,17,8,6,5,3.164705882,Medium
48052,12,11,4,7,2.3,Medium
48056,14,14,7,6,2.842857143,Medium
48061,21,2,2,4,2.028571429,Medium
48063,29,13,9,6,2.934482759,Medium
48067,25,11,9,7,3.5,Medium
48070,9,15,8,5,4.333333333,Medium
48074,18,7,9,3,4.766666667,Medium
48075,23,6,6,9,3.104347826,Medium
48083,14,14,7,7,2.842857143,Medium
48084,28,12,7,6,2.171428571,Medium
48088,6,12,3,4,4.1,Medium
48089,9,13,6,8,3.733333333,Medium
48092,11,17,7,4,2.827272727,Medium
48093,9,15,6,9,3.333333333,Medium
48094,18,9,9,3,4.366666667,Medium
48096,16,2,7,9,4.975,Medium
48097,18,12,7,8,2.766666667,Medium
48103,7,11,2,4,3.085714286,Medium
48108,6,18,7,5,4.9,Medium
48111,17,7,4,1,2.364705882,Medium
48114,20,10,6,9,2.5,Medium
48115,26,13,7,5,2.053846154,Medium
48120,12,13,8,7,3.9,Medium
48123,19,10,6,4,2.578947368,Medium
48124,11,4,2,8,2.927272727,Medium
48125,28,6,5,7,2.371428571,Medium
48127,17,2,6,7,4.364705882,Medium
48132,12,19,9,9,3.2,Medium
48133,9,2,2,2,3.933333333,Medium
48134,14,5,7,2,4.642857143,Medium
48136,23,17,9,8,2.404347826,Medium
48138,12,2,5,4,4.6,Medium
48146,7,18,3,5,2.185714286,Medium
48147,24,15,8,5,2.25,Medium
48149,5,16,4,4,4.8,Medium
48153,6,5,1,6,4.5,Medium
48154,26,3,4,6,2.553846154,Medium
48155,22,9,6,9,2.563636364,Medium
48156,25,2,3,6,2.3,Medium
48161,29,2,5,5,3.134482759,Medium
48163,16,6,8,3,4.675,Medium
48164,6,14,1,7,2.7,Medium
48166,9,10,6,2,4.333333333,Medium
48168,19,15,8,4,2.578947368,Medium
48171,15,12,7,3,3.1,Medium
48173,19,6,7,3,3.878947368,Medium
48176,10,14,6,6,3.2,Medium
48177,15,4,4,5,3.2,Medium
48180,18,4,4,6,2.866666667,Medium
48181,19,16,9,1,2.878947368,Medium
48185,17,5,8,8,4.764705882,Medium
48186,7,12,4,9,3.885714286,Medium
48192,7,6,2,2,4.085714286,Medium
48193,15,10,8,2,4,Medium
48197,13,19,7,2,2.007692308,Medium
48198,21,7,9,8,4.528571429,Medium
48205,15,9,4,1,2.2,Medium
48207,26,4,7,1,3.853846154,Medium
48212,16,9,9,3,4.575,Medium
48215,18,11,7,7,2.966666667,Medium
48221,9,16,7,6,3.633333333,Medium
48223,28,8,8,3,3.471428571,Medium
48224,27,2,4,3,2.711111111,Medium
48226,23,8,5,9,2.204347826,Medium
48228,23,3,4,4,2.704347826,Medium
48229,9,18,6,3,2.733333333,Medium
48233,8,17,8,4,4.35,Medium
48237,15,16,8,2,2.8,Medium
48239,15,17,8,1,2.6,Medium
48240,9,15,8,2,4.333333333,Medium
48241,15,10,8,6,4,Medium
48245,14,3,5,7,4.042857143,Medium
48247,11,17,7,6,2.827272727,Medium
48249,27,4,6,1,3.311111111,Medium
48252,10,7,5,7,4.1,Medium
48256,22,11,8,8,3.163636364,Medium
48258,22,4,5,5,3.063636364,Medium
48259,12,7,5,7,3.6,Medium
48260,22,7,6,6,2.963636364,Medium
48262,19,11,7,8,2.878947368,Medium
48265,29,6,9,2,4.334482759,Medium
48266,11,5,2,1,2.727272727,Medium
48269,8,10,4,2,3.75,Medium
48270,24,1,2,6,2.05,Medium
48271,26,2,3,4,2.253846154,Medium
48277,25,4,8,6,4.4,Medium
48278,28,7,6,7,2.671428571,Medium
48279,10,7,2,9,2.6,Medium
48283,15,14,7,1,2.7,Medium
48284,25,2,4,6,2.8,Medium
48285,7,16,7,1,4.585714286,Medium
48287,8,15,5,4,3.25,Medium
48288,17,9,9,5,4.464705882,Medium
48289,28,16,9,9,2.371428571,Medium
48292,9,5,1,2,2.833333333,Medium
48293,21,2,2,3,2.028571429,Medium
48295,7,19,9,4,4.985714286,Medium
48298,17,1,5,5,4.064705882,Medium
48300,23,4,3,6,2.004347826,Medium
48302,19,6,7,4,3.878947368,Medium
48304,5,15,1,2,3.5,Medium
48306,9,9,6,1,4.533333333,Medium
48310,14,15,9,3,3.642857143,Medium
48311,15,15,7,7,2.5,Medium
48313,15,2,6,6,4.6,Medium
48321,17,16,7,8,2.064705882,Medium
48323,21,5,5,5,2.928571429,Medium
48330,10,18,9,2,3.9,Medium
48332,21,6,4,3,2.228571429,Medium
48336,21,7,8,5,4.028571429,Medium
48337,28,7,8,2,3.671428571,Medium
48341,29,2,6,8,3.634482759,Medium
48343,4,15,1,5,5,Medium
48347,29,1,8,8,4.834482759,Medium
48348,7,13,2,3,2.685714286,Medium
48350,29,1,6,7,3.834482759,Medium
48354,23,5,5,8,2.804347826,Medium
48356,9,5,5,8,4.833333333,Medium
48358,22,15,9,6,2.863636364,Medium
48359,17,18,8,1,2.164705882,Medium
48362,16,15,8,5,2.875,Medium
48363,9,5,5,3,4.833333333,Medium
48364,16,5,6,8,3.875,Medium
48365,16,12,7,2,2.975,Medium
48366,14,4,3,9,2.842857143,Medium
48367,17,3,5,9,3.664705882,Medium
48369,14,1,1,9,2.442857143,Medium
48371,19,2,5,3,3.678947368,Medium
48372,10,16,8,7,3.8,Medium
48373,14,4,2,8,2.342857143,Medium
48375,26,10,8,2,3.153846154,Medium
48376,10,3,5,1,4.9,Medium
48384,6,11,4,4,4.8,Medium
48385,11,8,3,3,2.627272727,Medium
48387,25,3,8,1,4.6,Medium
48389,23,4,6,5,3.504347826,Medium
48392,12,17,8,2,3.1,Medium
48393,10,6,4,4,3.8,Medium
48400,17,4,3,2,2.464705882,Medium
48401,17,11,7,1,3.064705882,Medium
48403,6,6,2,4,4.8,Medium
48405,15,8,4,3,2.4,Medium
48409,22,17,9,2,2.463636364,Medium
48410,23,6,6,4,3.104347826,Medium
48411,13,2,4,5,3.907692308,Medium
48415,18,16,9,6,2.966666667,Medium
48420,10,17,5,2,2.1,Medium
48423,29,4,7,5,3.734482759,Medium
48424,6,15,4,7,4,Medium
48428,22,9,7,9,3.063636364,Medium
48429,22,2,4,4,2.963636364,Medium
48433,25,12,9,3,3.3,Medium
48435,22,3,8,3,4.763636364,Medium
48437,6,3,1,1,4.9,Medium
48438,29,8,6,9,2.434482759,Medium
48439,6,15,4,5,4,Medium
48441,28,15,9,5,2.571428571,Medium
48443,29,1,4,8,2.834482759,Medium
48448,18,8,6,4,3.066666667,Medium
48453,24,16,9,8,2.55,Medium
48454,23,3,5,3,3.204347826,Medium
48455,23,4,8,9,4.504347826,Medium
48456,16,11,6,1,2.675,Medium
48459,9,8,1,9,2.233333333,Medium
48467,18,16,9,9,2.966666667,Medium
48471,16,6,6,6,3.675,Medium
48473,17,8,4,8,2.164705882,Medium
48474,13,3,6,7,4.707692308,Medium
48478,19,15,8,3,2.578947368,Medium
48479,22,14,8,1,2.563636364,Medium
48480,13,5,2,6,2.307692308,Medium
48486,9,5,1,4,2.833333333,Medium
48488,14,17,9,1,3.242857143,Medium
48491,12,18,9,3,3.4,Medium
48492,11,12,9,3,4.827272727,Medium
48495,10,8,2,5,2.4,Medium
48496,21,16,9,6,2.728571429,Medium
48497,17,16,8,6,2.564705882,Medium
48499,10,11,3,2,2.3,Medium
48501,14,4,3,9,2.842857143,Medium
48503,5,14,1,9,3.7,Medium
48504,29,5,8,4,4.034482759,Medium
48505,5,19,2,1,3.2,Medium
48507,10,8,7,6,4.9,Medium
48510,8,14,8,7,4.95,Medium
48515,10,14,5,6,2.7,Medium
48519,10,14,5,9,2.7,Medium
48525,8,17,9,3,4.85,Medium
48527,23,2,7,3,4.404347826,Medium
48531,19,13,9,7,3.478947368,Medium
48533,13,9,5,2,3.007692308,Medium
48534,19,3,6,7,3.978947368,Medium
48537,11,19,7,7,2.427272727,Medium
48538,9,7,4,7,3.933333333,Medium
48542,27,3,7,4,4.011111111,Medium
48544,24,1,5,9,3.55,Medium
48546,21,7,6,7,3.028571429,Medium
48548,7,18,7,1,4.185714286,Medium
48549,5,18,3,5,3.9,Medium
48550,7,11,4,3,4.085714286,Medium
48551,25,7,7,6,3.3,Medium
48552,15,3,5,3,3.9,Medium
48555,14,2,2,2,2.742857143,Medium
48557,12,8,7,4,4.4,Medium
48558,26,4,6,7,3.353846154,Medium
48561,11,4,4,3,3.927272727,Medium
48562,28,6,7,3,3.371428571,Medium
48567,29,3,7,2,3.934482759,Medium
48568,21,11,7,6,2.728571429,Medium
48569,16,13,7,9,2.775,Medium
48570,28,5,8,1,4.071428571,Medium
48572,23,2,7,6,4.404347826,Medium
48576,11,8,3,3,2.627272727,Medium
48581,8,1,2,4,4.55,Medium
48583,14,4,3,9,2.842857143,Medium
48591,18,9,9,7,4.366666667,Medium
48594,18,15,7,1,2.166666667,Medium
48595,9,17,9,8,4.433333333,Medium
48598,24,7,8,7,3.85,Medium
48599,26,12,8,1,2.753846154,Medium
48602,8,10,6,7,4.75,Medium
48608,13,11,9,8,4.607692308,Medium
48610,11,17,6,3,2.327272727,Medium
48611,20,8,6,6,2.9,Medium
48612,13,9,6,9,3.507692308,Medium
48614,9,14,5,6,3.033333333,Medium
48616,9,6,3,4,3.633333333,Medium
48619,22,2,6,3,3.963636364,Medium
48621,9,7,5,4,4.433333333,Medium
48622,6,8,1,6,3.9,Medium
48626,29,6,7,5,3.334482759,Medium
48629,10,19,7,3,2.7,Medium
48630,10,6,6,5,4.8,Medium
48632,22,8,8,4,3.763636364,Medium
48634,15,9,5,4,2.7,Medium
48637,25,5,4,5,2.2,Medium
48638,17,8,5,3,2.664705882,Medium
48639,25,7,6,1,2.8,Medium
48641,13,6,2,5,2.107692308,Medium
48644,23,1,2,6,2.104347826,Medium
48645,7,15,4,3,3.285714286,Medium
48647,8,16,4,1,2.55,Medium
48648,27,16,9,9,2.411111111,Medium
48652,18,3,3,6,2.566666667,Medium
48653,21,8,7,3,3.328571429,Medium
48654,9,19,6,8,2.533333333,Medium
48655,17,15,7,9,2.264705882,Medium
48662,12,12,6,4,3.1,Medium
48663,17,9,7,2,3.464705882,Medium
48668,9,19,9,6,4.033333333,Medium
48669,15,5,4,2,3,Medium
48670,7,15,2,9,2.285714286,Medium
48674,15,1,4,7,3.8,Medium
48676,25,8,5,6,2.1,Medium
48678,24,1,6,1,4.05,Medium
48679,18,8,8,5,4.066666667,Medium
48680,13,18,7,9,2.207692308,Medium
48683,22,2,5,7,3.463636364,Medium
48689,21,12,9,8,3.528571429,Medium
48691,20,8,5,1,2.4,Medium
48693,17,9,9,3,4.464705882,Medium
48695,25,13,7,7,2.1,Medium
48697,8,4,2,8,3.95,Medium
48699,8,13,4,1,3.15,Medium
48700,7,12,4,5,3.885714286,Medium
48701,13,10,5,5,2.807692308,Medium
48704,19,7,8,3,4.178947368,Medium
48705,8,8,3,2,3.65,Medium
48706,15,7,3,2,2.1,Medium
48707,26,12,8,5,2.753846154,Medium
48711,8,19,7,4,3.45,Medium
48714,29,3,4,3,2.434482759,Medium
48716,14,14,9,1,3.842857143,Medium
48718,9,6,5,7,4.633333333,Medium
48724,10,7,4,2,3.6,Medium
48725,13,16,9,6,3.607692308,Medium
48727,29,16,9,1,2.334482759,Medium
48728,27,7,9,2,4.211111111,Medium
48731,15,2,6,6,4.6,Medium
48733,9,10,4,1,3.333333333,Medium
48736,23,13,9,9,3.204347826,Medium
48737,26,7,5,6,2.253846154,Medium
48739,18,10,5,6,2.166666667,Medium
48740,6,12,2,6,3.6,Medium
48741,20,2,3,6,2.6,Medium
48742,12,13,9,1,4.4,Medium
48743,14,5,6,4,4.142857143,Medium
48744,21,6,9,7,4.728571429,Medium
48746,28,14,9,1,2.771428571,Medium
48747,23,5,8,5,4.304347826,Medium
48748,26,1,6,3,3.953846154,Medium
48749,29,4,8,3,4.234482759,Medium
48750,13,4,4,8,3.507692308,Medium
48752,10,9,4,6,3.2,Medium
48753,20,2,4,2,3.1,Medium
48755,18,8,8,3,4.066666667,Medium
48758,19,12,6,1,2.178947368,Medium
48759,24,13,9,9,3.15,Medium
48764,13,13,9,5,4.207692308,Medium
48768,22,7,5,5,2.463636364,Medium
48769,19,12,7,3,2.678947368,Medium
48770,21,6,9,9,4.728571429,Medium
48773,11,7,6,7,4.327272727,Medium
48776,24,1,3,6,2.55,Medium
48778,17,13,6,5,2.164705882,Medium
48782,8,9,2,5,2.95,Medium
48784,18,3,3,7,2.566666667,Medium
48785,14,10,8,1,4.142857143,Medium
48786,11,12,7,5,3.827272727,Medium
48791,13,4,2,8,2.507692308,Medium
48792,11,1,1,9,3.027272727,Medium
48795,15,14,9,4,3.7,Medium
48797,18,11,7,7,2.966666667,Medium
48798,16,1,3,9,3.175,Medium
48801,12,15,6,2,2.5,Medium
48802,8,9,2,3,2.95,Medium
48803,17,2,2,7,2.364705882,Medium
48804,9,13,3,1,2.233333333,Medium
48806,28,4,7,7,3.771428571,Medium
48807,19,8,8,5,3.978947368,Medium
48812,8,14,7,1,4.45,Medium
48822,18,12,6,4,2.266666667,Medium
48824,21,16,9,3,2.728571429,Medium
48825,18,3,7,6,4.566666667,Medium
48826,13,4,3,5,3.007692308,Medium
48827,20,3,8,6,4.9,Medium
48828,10,10,3,6,2.5,Medium
48831,23,1,2,9,2.104347826,Medium
48832,11,9,3,9,2.427272727,Medium
48837,21,7,6,1,3.028571429,Medium
48839,8,18,5,9,2.65,Medium
48846,26,15,8,4,2.153846154,Medium
48848,13,12,8,2,3.907692308,Medium
48853,13,13,7,4,3.207692308,Medium
48857,11,8,7,3,4.627272727,Medium
48865,8,7,5,6,4.85,Medium
48874,17,2,6,3,4.364705882,Medium
48875,19,13,7,2,2.478947368,Medium
48876,15,4,2,7,2.2,Medium
48877,12,6,4,2,3.3,Medium
48880,25,3,3,7,2.1,Medium
48884,15,9,9,6,4.7,Medium
48885,24,2,5,7,3.35,Medium
48890,16,8,6,7,3.275,Medium
48892,7,6,2,7,4.085714286,Medium
48894,10,17,9,9,4.1,Medium
48897,20,17,9,2,2.6,Medium
48901,10,17,9,2,4.1,Medium
48905,8,12,4,9,3.35,Medium
48906,18,16,9,1,2.966666667,Medium
48913,11,16,7,2,3.027272727,Medium
48914,18,8,4,2,2.066666667,Medium
48917,26,9,6,4,2.353846154,Medium
48918,17,19,9,6,2.464705882,Medium
48919,10,6,1,4,2.3,Medium
48920,29,5,5,7,2.534482759,Medium
48923,5,9,1,5,4.7,Medium
48926,9,9,3,3,3.033333333,Medium
48927,28,3,5,1,2.971428571,Medium
48932,19,13,7,5,2.478947368,Medium
48937,6,10,3,4,4.5,Medium
48938,25,6,5,7,2.5,Medium
48939,29,2,6,2,3.634482759,Medium
48940,16,13,7,3,2.775,Medium
48943,23,13,9,5,3.204347826,Medium
48945,10,11,6,7,3.8,Medium
48946,27,8,6,5,2.511111111,Medium
48947,22,2,3,3,2.463636364,Medium
48954,13,1,3,3,3.607692308,Medium
48955,10,9,7,8,4.7,Medium
48957,11,5,4,7,3.727272727,Medium
48958,24,7,9,1,4.35,Medium
48959,10,7,5,4,4.1,Medium
48967,11,9,4,8,2.927272727,Medium
48974,13,16,9,5,3.607692308,Medium
48976,16,10,6,9,2.875,Medium
48978,25,6,9,7,4.5,Medium
48979,26,3,5,1,3.053846154,Medium
48981,28,3,6,8,3.471428571,Medium
48988,12,9,6,7,3.7,Medium
48989,28,10,7,7,2.571428571,Medium
48992,10,9,6,1,4.2,Medium
48996,10,10,8,3,5,Medium
49002,11,6,1,3,2.027272727,Medium
49003,17,4,4,8,2.964705882,Medium
49008,11,4,6,2,4.927272727,Medium
49010,19,8,6,3,2.978947368,Medium
49013,28,9,9,6,3.771428571,Medium
49014,12,13,9,1,4.4,Medium
49015,29,5,9,3,4.534482759,Medium
49020,29,11,9,1,3.334482759,Medium
49023,20,13,7,5,2.4,Medium
49024,8,15,6,7,3.75,Medium
49029,19,5,4,7,2.578947368,Medium
49034,11,4,2,8,2.927272727,Medium
49035,27,14,8,4,2.311111111,Medium
49036,29,6,6,8,2.834482759,Medium
49037,6,18,5,4,3.9,Medium
49038,26,9,6,2,2.353846154,Medium
49039,22,9,5,3,2.063636364,Medium
49041,24,8,5,8,2.15,Medium
49042,21,6,8,1,4.228571429,Medium
49045,17,18,8,4,2.164705882,Medium
49048,10,9,6,2,4.2,Medium
49054,24,14,8,3,2.45,Medium
49055,22,10,7,5,2.863636364,Medium
49062,11,13,5,1,2.627272727,Medium
49063,26,18,9,1,2.053846154,Medium
49064,9,19,6,2,2.533333333,Medium
49068,13,8,6,9,3.707692308,Medium
49070,9,11,7,8,4.633333333,Medium
49074,27,3,5,6,3.011111111,Medium
49075,5,11,1,5,4.3,Medium
49076,15,17,8,6,2.6,Medium
49079,14,19,8,4,2.342857143,Medium
49082,18,7,4,4,2.266666667,Medium
49084,24,2,3,9,2.35,Medium
49086,26,8,5,5,2.053846154,Medium
49087,7,11,5,1,4.585714286,Medium
49089,12,19,7,4,2.2,Medium
49090,9,8,5,4,4.233333333,Medium
49094,22,6,9,2,4.663636364,Medium
49095,24,12,8,1,2.85,Medium
49096,6,16,1,2,2.3,Medium
49102,23,9,9,6,4.004347826,Medium
49116,17,5,6,9,3.764705882,Medium
49119,14,19,9,7,2.842857143,Medium
49120,17,3,5,7,3.664705882,Medium
49121,8,18,6,2,3.15,Medium
49128,18,6,5,5,2.966666667,Medium
49131,28,12,9,7,3.171428571,Medium
49135,13,4,1,5,2.007692308,Medium
49136,13,10,8,9,4.307692308,Medium
49137,6,8,3,8,4.9,Medium
49146,16,4,7,7,4.575,Medium
49147,11,4,6,3,4.927272727,Medium
49151,20,6,7,2,3.8,Medium
49153,21,4,4,3,2.628571429,Medium
49156,15,3,4,4,3.4,Medium
49160,24,6,7,5,3.55,Medium
49163,20,8,6,7,2.9,Medium
49165,16,3,6,7,4.275,Medium
49167,27,3,4,7,2.511111111,Medium
49168,21,8,9,4,4.328571429,Medium
49169,17,6,6,2,3.564705882,Medium
49172,23,8,6,9,2.704347826,Medium
49173,18,3,7,1,4.566666667,Medium
49179,16,6,5,5,3.175,Medium
49180,16,7,5,1,2.975,Medium
49181,15,2,6,5,4.6,Medium
49186,25,2,4,8,2.8,Medium
49190,25,4,6,9,3.4,Medium
49199,15,16,8,3,2.8,Medium
49201,10,14,9,7,4.7,Medium
49203,22,13,7,5,2.263636364,Medium
49208,24,9,8,8,3.45,Medium
49210,22,8,6,2,2.763636364,Medium
49211,7,7,4,2,4.885714286,Medium
49212,11,15,9,3,4.227272727,Medium
49217,12,19,7,9,2.2,Medium
49221,8,10,1,8,2.25,Medium
49224,28,3,7,6,3.971428571,Medium
49225,22,10,8,1,3.363636364,Medium
49226,24,1,2,3,2.05,Medium
49227,22,5,8,1,4.363636364,Medium
49229,10,5,4,7,4,Medium
49237,18,14,7,1,2.366666667,Medium
49243,27,2,4,2,2.711111111,Medium
49248,19,7,8,1,4.178947368,Medium
49251,19,15,7,5,2.078947368,Medium
49252,5,16,2,2,3.8,Medium
49254,26,3,7,4,4.053846154,Medium
49261,15,16,9,3,3.3,Medium
49262,28,10,7,2,2.571428571,Medium
49263,5,16,2,3,3.8,Medium
49265,21,16,9,9,2.728571429,Medium
49267,19,10,9,2,4.078947368,Medium
49268,18,4,8,7,4.866666667,Medium
49269,18,18,9,3,2.566666667,Medium
49272,28,1,3,1,2.371428571,Medium
49274,25,8,8,2,3.6,Medium
49279,15,6,4,8,2.8,Medium
49281,26,2,7,3,4.253846154,Medium
49283,27,12,7,3,2.211111111,Medium
49285,24,15,8,4,2.25,Medium
49286,15,16,8,5,2.8,Medium
49288,20,4,7,9,4.2,Medium
49289,19,11,7,8,2.878947368,Medium
49293,15,12,9,9,4.1,Medium
49296,6,17,3,1,3.1,Medium
49297,16,3,2,9,2.275,Medium
49299,25,6,6,5,3,Medium
49300,13,15,9,7,3.807692308,Medium
49301,11,13,5,6,2.627272727,Medium
49317,22,11,8,2,3.163636364,Medium
49321,8,10,5,4,4.25,Medium
49322,21,8,7,2,3.328571429,Medium
49326,11,14,9,2,4.427272727,Medium
49334,16,1,4,5,3.675,Medium
49337,26,2,6,5,3.753846154,Medium
49341,7,8,4,7,4.685714286,Medium
49343,17,5,4,2,2.764705882,Medium
49346,12,16,9,7,3.8,Medium
49348,11,18,9,2,3.627272727,Medium
49350,12,14,6,1,2.7,Medium
49351,11,6,3,8,3.027272727,Medium
49352,17,1,6,2,4.564705882,Medium
49354,20,17,8,1,2.1,Medium
49355,18,3,4,1,3.066666667,Medium
49356,13,8,6,7,3.707692308,Medium
49357,8,10,2,4,2.75,Medium
49363,8,13,3,3,2.65,Medium
49365,6,9,3,5,4.7,Medium
49368,11,7,5,8,3.827272727,Medium
49370,28,5,6,8,3.071428571,Medium
49371,21,12,8,4,3.028571429,Medium
49378,15,11,8,2,3.8,Medium
49379,16,6,8,4,4.675,Medium
49380,7,14,3,9,2.985714286,Medium
49382,28,9,8,5,3.271428571,Medium
49389,10,7,6,6,4.6,Medium
49390,6,10,3,4,4.5,Medium
49392,19,1,7,9,4.878947368,Medium
49394,15,6,8,3,4.8,Medium
49397,20,9,6,8,2.7,Medium
49400,18,16,9,5,2.966666667,Medium
49402,22,7,6,8,2.963636364,Medium
49407,22,8,8,3,3.763636364,Medium
49408,29,10,6,2,2.034482759,Medium
49414,10,11,6,9,3.8,Medium
49416,14,12,5,6,2.242857143,Medium
49418,16,3,4,7,3.275,Medium
49422,8,5,1,6,3.25,Medium
49423,7,2,1,3,4.385714286,Medium
49424,23,4,6,3,3.504347826,Medium
49427,12,1,3,6,3.8,Medium
49428,9,18,7,3,3.233333333,Medium
49431,19,11,7,7,2.878947368,Medium
49432,9,3,2,9,3.733333333,Medium
49433,18,3,7,4,4.566666667,Medium
49435,20,9,7,7,3.2,Medium
49438,12,10,8,4,4.5,Medium
49441,16,1,6,2,4.675,Medium
49442,15,8,7,3,3.9,Medium
49443,14,7,7,6,4.242857143,Medium
49448,13,13,5,6,2.207692308,Medium
49451,16,1,1,6,2.175,Medium
49452,24,2,3,1,2.35,Medium
49454,16,6,5,9,3.175,Medium
49457,28,7,9,7,4.171428571,Medium
49459,6,18,5,7,3.9,Medium
49462,27,8,7,7,3.011111111,Medium
49463,25,3,4,5,2.6,Medium
49464,27,4,8,2,4.311111111,Medium
49466,8,9,3,8,3.45,Medium
49467,14,18,7,8,2.042857143,Medium
49469,16,15,8,3,2.875,Medium
49471,14,15,8,8,3.142857143,Medium
49473,25,17,9,4,2.3,Medium
49475,19,12,8,9,3.178947368,Medium
49477,9,15,6,7,3.333333333,Medium
49479,24,5,5,5,2.75,Medium
49481,11,6,2,4,2.527272727,Medium
49482,13,13,8,2,3.707692308,Medium
49489,8,19,6,6,2.95,Medium
49491,12,10,4,2,2.5,Medium
49493,19,12,6,5,2.178947368,Medium
49494,27,4,4,4,2.311111111,Medium
49497,19,10,7,7,3.078947368,Medium
49502,29,5,7,9,3.534482759,Medium
49505,18,8,8,2,4.066666667,Medium
49506,26,9,9,5,3.853846154,Medium
49508,11,17,9,7,3.827272727,Medium
49509,25,2,7,2,4.3,Medium
49511,11,4,3,1,3.427272727,Medium
49514,11,2,2,7,3.327272727,Medium
49515,25,9,9,9,3.9,Medium
49516,24,2,5,3,3.35,Medium
49519,27,1,7,6,4.411111111,Medium
49522,20,11,9,2,3.8,Medium
49524,24,1,5,4,3.55,Medium
49530,6,15,2,2,3,Medium
49531,24,9,9,8,3.95,Medium
49532,7,16,5,9,3.585714286,Medium
49535,25,13,8,7,2.6,Medium
49537,29,4,5,9,2.734482759,Medium
49538,21,8,8,2,3.828571429,Medium
49539,17,7,7,4,3.864705882,Medium
49543,24,5,7,8,3.75,Medium
49544,18,6,9,9,4.966666667,Medium
49545,12,9,4,4,2.7,Medium
49547,21,5,8,9,4.428571429,Medium
49549,11,9,3,8,2.427272727,Medium
49551,6,19,2,2,2.2,Medium
49552,16,2,2,5,2.475,Medium
49553,18,4,3,9,2.366666667,Medium
49554,10,15,5,4,2.5,Medium
49555,25,6,5,2,2.5,Medium
49557,8,11,2,8,2.55,Medium
49560,24,6,7,1,3.55,Medium
49562,16,9,6,5,3.075,Medium
49563,19,16,9,3,2.878947368,Medium
49564,29,9,6,5,2.234482759,Medium
49566,19,1,5,8,3.878947368,Medium
49569,16,18,9,6,2.775,Medium
49572,16,5,4,7,2.875,Medium
49573,27,2,8,5,4.711111111,Medium
49575,14,8,4,5,2.542857143,Medium
49578,13,15,7,4,2.807692308,Medium
49582,23,5,6,1,3.304347826,Medium
49583,14,6,7,5,4.442857143,Medium
49587,9,4,1,4,3.033333333,Medium
49588,6,13,2,5,3.4,Medium
49589,26,3,4,2,2.553846154,Medium
49595,11,6,1,6,2.027272727,Medium
49596,22,5,9,4,4.863636364,Medium
49601,15,11,6,3,2.8,Medium
49602,6,17,1,6,2.1,Medium
49603,16,11,8,7,3.675,Medium
49608,28,6,5,4,2.371428571,Medium
49612,20,4,3,5,2.2,Medium
49616,18,1,7,7,4.966666667,Medium
49617,9,9,2,6,2.533333333,Medium
49618,22,15,8,7,2.363636364,Medium
49619,19,2,6,6,4.178947368,Medium
49623,16,4,2,7,2.075,Medium
49626,5,18,5,5,4.9,Medium
49627,11,11,3,5,2.027272727,Medium
49629,29,10,8,3,3.034482759,Medium
49630,10,19,9,4,3.7,Medium
49633,10,4,4,3,4.2,Medium
49635,7,18,8,8,4.685714286,Medium
49636,11,10,5,4,3.227272727,Medium
49643,28,6,7,6,3.371428571,Medium
49644,14,7,8,4,4.742857143,Medium
49645,7,12,3,6,3.385714286,Medium
49646,10,14,5,8,2.7,Medium
49651,19,7,7,1,3.678947368,Medium
49655,8,9,6,7,4.95,Medium
49657,19,5,5,3,3.078947368,Medium
49660,15,15,7,3,2.5,Medium
49666,16,3,5,8,3.775,Medium
49668,22,14,8,4,2.563636364,Medium
49673,25,5,4,9,2.2,Medium
49675,26,2,7,8,4.253846154,Medium
49676,13,11,6,3,3.107692308,Medium
49679,18,2,4,1,3.266666667,Medium
49680,8,14,3,9,2.45,Medium
49682,26,2,3,7,2.253846154,Medium
49687,8,8,2,2,3.15,Medium
49689,24,5,7,7,3.75,Medium
49692,23,9,6,7,2.504347826,Medium
49693,21,4,4,8,2.628571429,Medium
49696,16,7,5,8,2.975,Medium
49697,27,8,5,3,2.011111111,Medium
49701,12,9,6,6,3.7,Medium
49702,17,3,2,1,2.164705882,Medium
49706,8,19,5,8,2.45,Medium
49709,22,2,8,4,4.963636364,Medium
49716,24,12,7,3,2.35,Medium
49719,16,1,2,1,2.675,Medium
49721,23,4,6,9,3.504347826,Medium
49722,15,15,7,1,2.5,Medium
49725,12,7,6,2,4.1,Medium
49728,9,14,8,5,4.533333333,Medium
49731,8,19,5,5,2.45,Medium
49732,9,19,6,8,2.533333333,Medium
49734,11,15,5,7,2.227272727,Medium
49735,29,8,6,6,2.434482759,Medium
49737,22,4,4,4,2.563636364,Medium
49741,19,2,7,5,4.678947368,Medium
49742,26,4,4,9,2.353846154,Medium
49745,9,11,2,2,2.133333333,Medium
49747,10,10,3,5,2.5,Medium
49748,25,1,5,1,3.5,Medium
49751,12,19,9,2,3.2,Medium
49754,10,13,5,7,2.9,Medium
49755,26,10,9,8,3.653846154,Medium
49756,8,1,1,1,4.05,Medium
49758,19,17,9,9,2.678947368,Medium
49760,17,19,9,7,2.464705882,Medium
49762,24,12,7,5,2.35,Medium
49763,27,4,8,6,4.311111111,Medium
49764,20,6,7,3,3.8,Medium
49765,10,7,4,8,3.6,Medium
49766,20,10,8,4,3.5,Medium
49767,24,8,6,4,2.65,Medium
49768,29,4,4,6,2.234482759,Medium
49770,10,3,1,7,2.9,Medium
49773,6,5,1,7,4.5,Medium
49774,5,17,4,7,4.6,Medium
49775,22,3,6,3,3.763636364,Medium
49777,16,3,6,8,4.275,Medium
49783,15,6,4,4,2.8,Medium
49784,11,9,3,1,2.427272727,Medium
49786,16,6,5,2,3.175,Medium
49787,10,8,3,5,2.9,Medium
49788,18,3,2,8,2.066666667,Medium
49796,15,13,9,5,3.9,Medium
49797,12,9,6,6,3.7,Medium
49799,24,4,8,2,4.45,Medium
49800,29,1,5,3,3.334482759,Medium
49802,6,5,2,2,5,Medium
49805,6,11,3,4,4.3,Medium
49806,7,15,4,9,3.285714286,Medium
49808,23,3,8,3,4.704347826,Medium
49811,21,8,8,4,3.828571429,Medium
49812,9,16,8,5,4.133333333,Medium
49814,25,3,8,6,4.6,Medium
49815,8,13,7,2,4.65,Medium
49819,19,2,2,3,2.178947368,Medium
49820,24,6,4,5,2.05,Medium
49821,28,3,6,6,3.471428571,Medium
49822,14,14,7,1,2.842857143,Medium
49824,22,7,9,1,4.463636364,Medium
49830,18,4,3,6,2.366666667,Medium
49834,7,8,1,9,3.185714286,Medium
49835,13,13,7,1,3.207692308,Medium
49838,8,1,1,3,4.05,Medium
49840,12,6,7,1,4.8,Medium
49842,10,1,2,1,3.8,Medium
49845,21,8,6,6,2.828571429,Medium
49847,10,17,7,5,3.1,Medium
49849,7,11,5,8,4.585714286,Medium
49851,12,7,2,2,2.1,Medium
49853,18,17,8,8,2.266666667,Medium
49857,28,1,3,7,2.371428571,Medium
49858,5,16,2,6,3.8,Medium
49861,13,8,5,2,3.207692308,Medium
49864,29,1,8,5,4.834482759,Medium
49865,13,2,5,6,4.407692308,Medium
49872,14,10,8,4,4.142857143,Medium
49873,13,7,4,2,2.907692308,Medium
49875,25,1,5,9,3.5,Medium
49882,10,19,6,2,2.2,Medium
49886,6,14,5,3,4.7,Medium
49890,20,11,7,4,2.8,Medium
49891,13,19,7,4,2.007692308,Medium
49893,16,4,7,1,4.575,Medium
49894,29,2,8,7,4.634482759,Medium
49895,23,14,9,8,3.004347826,Medium
49897,20,3,4,6,2.9,Medium
49899,24,11,8,1,3.05,Medium
49900,13,4,6,4,4.507692308,Medium
49901,6,19,7,7,4.7,Medium
49904,22,4,8,3,4.563636364,Medium
49909,5,17,2,3,3.6,Medium
49910,24,4,4,5,2.45,Medium
49911,25,7,5,7,2.3,Medium
49912,13,4,4,2,3.507692308,Medium
49915,20,3,8,6,4.9,Medium
49918,10,5,4,8,4,Medium
49919,17,1,6,9,4.564705882,Medium
49920,8,18,5,1,2.65,Medium
49922,17,3,3,1,2.664705882,Medium
49923,22,7,8,7,3.963636364,Medium
49924,22,11,9,7,3.663636364,Medium
49925,21,7,8,8,4.028571429,Medium
49929,10,6,3,4,3.3,Medium
49932,22,4,8,6,4.563636364,Medium
49940,7,12,6,8,4.885714286,Medium
49941,7,9,5,3,4.985714286,Medium
49942,16,2,4,3,3.475,Medium
49943,19,6,5,7,2.878947368,Medium
49944,17,12,7,5,2.864705882,Medium
49946,25,3,5,7,3.1,Medium
49947,17,10,6,3,2.764705882,Medium
49949,26,7,8,2,3.753846154,Medium
49951,10,15,5,8,2.5,Medium
49954,22,1,2,3,2.163636364,Medium
49957,16,3,2,7,2.275,Medium
49958,7,14,7,1,4.985714286,Medium
49962,25,9,6,8,2.4,Medium
49963,15,2,6,8,4.6,Medium
49964,6,10,2,7,4,Medium
49966,17,1,3,5,3.064705882,Medium
49968,15,11,5,1,2.3,Medium
49969,22,5,4,7,2.363636364,Medium
49973,26,5,7,6,3.653846154,Medium
49974,16,1,5,7,4.175,Medium
49975,19,13,9,1,3.478947368,Medium
49977,7,13,4,3,3.685714286,Medium
49982,24,3,7,2,4.15,Medium
49985,11,6,1,1,2.027272727,Medium
49986,28,2,8,7,4.671428571,Medium
49987,11,12,9,1,4.827272727,Medium
49996,27,13,7,4,2.011111111,Medium
